quantile,threshold_low,threshold_high,count_low,count_high,mean_low,mean_high,median_low,median_high,std_low,std_high,min_low,max_high
0.99,-0.04213302667119182,0.03902821108631426,59,59,-0.054480849899793765,0.0558078496430947,-0.04990587003199465,0.05269539470380269,0.014460902312129015,0.016485882532045894,-0.13143396029239707,0.1140195387281937
0.999,-0.07024164946078572,0.07374790233054795,6,6,-0.08773483936619764,0.09334077602599018,-0.08040954606539091,0.0909436965993703,0.020905973076935876,0.017092410598184303,-0.13143396029239707,0.1140195387281937
