regime,count,pct_of_total,mean,median,std,annualised_return
downtrend,1772,0.31603352951667557,-0.0013199746934390879,-0.0010673321138539027,0.02026219695663926,-0.31935340510204724
uptrend,3835,0.6839664704833244,0.0012076791777786986,0.001223663219565907,0.010925333222278346,0.33528965722988335
