scenario,annualised_return
all_days,0.08731728388542637
miss_best,0.0497041461857568
miss_worst,0.1271214340133986
miss_both,0.0881313670567676
