scenario,annualised_return
all_days,-0.004988198479041195
miss_best,-0.06423119659062648
miss_worst,0.06122399400453493
miss_both,-0.0019612777446815777
