quantile,threshold_low,threshold_high,count_low,count_high,mean_low,mean_high,median_low,median_high,std_low,std_high,min_low,max_high
0.99,-0.03983197349491861,0.03736059035528944,53,53,-0.05054738056167726,0.05364931473014073,-0.04592605532988214,0.04494030552098982,0.010944165168753335,0.01830861538133902,-0.09036819690773756,0.1117617278370302
0.999,-0.06703713527619956,0.08306070452570122,6,6,-0.07517991763868075,0.09686873431318255,-0.07343114672357026,0.09466112795248993,0.007501059340698915,0.007923820862968382,-0.09036819690773756,0.1117617278370302
