scenario,annualised_return
all_days,0.03619546709977617
miss_best,-0.004076526212691944
miss_worst,0.07261109846753211
miss_both,0.030923802628199937
