scenario,annualised_return
all_days,0.09755137866819674
miss_best,0.04701026174047618
miss_worst,0.17221538332419528
miss_both,0.11823606544938992
