quantile,threshold_low,threshold_high,count_low,count_high,mean_low,mean_high,median_low,median_high,std_low,std_high,min_low,max_high
0.99,"Ticker
^N225   -0.035545
^N225   -0.035545
Name: 0.010000000000000009, dtype: float64","Ticker
^N225    0.035113
^N225    0.035113
Name: 0.99, dtype: float64",10100,10100,"Ticker
^N225   -0.050623
^N225   -0.050623
dtype: float64","Ticker
^N225    0.049095
^N225    0.049095
dtype: float64","Ticker
^N225   -0.046107
^N225   -0.046107
dtype: float64","Ticker
^N225    0.043981
^N225    0.043981
dtype: float64","Ticker
^N225    0.017586
^N225    0.017586
dtype: float64","Ticker
^N225    0.017612
^N225    0.017612
dtype: float64","Ticker
^N225   -0.149009
^N225   -0.149009
dtype: float64","Ticker
^N225    0.141503
^N225    0.141503
dtype: float64"
0.999,"Ticker
^N225   -0.067713
^N225   -0.067713
Name: 0.0010000000000000009, dtype: float64","Ticker
^N225    0.062681
^N225    0.062681
Name: 0.999, dtype: float64",10100,10100,"Ticker
^N225   -0.090448
^N225   -0.090448
dtype: float64","Ticker
^N225    0.089001
^N225    0.089001
dtype: float64","Ticker
^N225   -0.086856
^N225   -0.086856
dtype: float64","Ticker
^N225    0.078433
^N225    0.078433
dtype: float64","Ticker
^N225    0.023179
^N225    0.023179
dtype: float64","Ticker
^N225    0.024854
^N225    0.024854
dtype: float64","Ticker
^N225   -0.149009
^N225   -0.149009
dtype: float64","Ticker
^N225    0.141503
^N225    0.141503
dtype: float64"
