regime,count,pct_of_total,mean,median,std,annualised_return
downtrend,3741,0.3778024641486568,"Ticker
^N225   -0.001004
^N225   -0.001004
dtype: float64","Ticker
^N225   -0.001195
^N225   -0.001195
dtype: float64","Ticker
^N225    0.017244
^N225    0.017244
dtype: float64","Ticker
^N225   -0.252296
^N225   -0.252296
dtype: float64"
uptrend,6161,0.6221975358513432,"Ticker
^N225    0.000999
^N225    0.000999
dtype: float64","Ticker
^N225    0.000996
^N225    0.000996
dtype: float64","Ticker
^N225    0.009307
^N225    0.009307
dtype: float64","Ticker
^N225    0.272096
^N225    0.272096
dtype: float64"
