scenario,annualised_return
all_days,0.036803450330376464
miss_best,0.01443246701786527
miss_worst,0.06236691509445125
miss_both,0.03944435197820284
