scenario,annualised_return
all_days,0.22280487297003626
miss_best,0.041388906052172825
miss_worst,0.4150521463826897
miss_both,0.20511427399615778
