scenario,annualised_return
all_days,0.07165474655556259
miss_best,0.039801317095026656
miss_worst,0.10798208344752536
miss_both,0.07504887501256108
