scenario,annualised_return
all_days,0.2228048657949495
miss_best,0.04138863907386603
miss_worst,0.4150521812240413
miss_both,0.2051140017875257
