scenario,annualised_return
all_days,0.05117248498867655
miss_best,0.03708710805758497
miss_worst,0.06623957772128142
miss_both,0.051952306540268944
