scenario,annualised_return
all,0.051172484988676104
miss_best,0.03708710805758475
miss_worst,0.06623957772128142
miss_both,0.05195230654026872
