scenario,annualised_return
all_days,0.06548951724390184
miss_best,0.0467474077729535
miss_worst,0.09059371035188946
miss_both,0.0714100146167922
