scenario,annualised_return
all_days,0.06834374491415929
miss_best,0.04151705746762113
miss_worst,0.09999123384979214
miss_both,0.07236986089291553
