quantile,threshold_low,threshold_high,count_low,count_high,mean_low,mean_high,median_low,median_high,std_low,std_high,min_low,max_high
0.99,-0.08210081737549689,0.08663640407950966,16,16,-0.10723523271228583,0.11880919219850491,-0.09394872719678493,0.10788270983704007,0.029474662516515256,0.026322185235391937,-0.1951370872483701,0.17006556662656358
0.999,-0.1379022649671871,0.1586586662245949,2,2,-0.16891765904039946,0.16590227977828165,-0.16891765904039946,0.16590227977828165,0.02621942820797063,0.004163286848281933,-0.1951370872483701,0.17006556662656358
