regime,count,pct_of_total,mean,median,std,annualised_return
downtrend,461,0.3347857661583152,-0.0019860383253738827,-0.003978604006931286,0.04412751985295544,-0.526002179830383
uptrend,916,0.6652142338416849,0.0018152057144231804,0.0015413245594280145,0.015568860306916345,0.5321831990433437
