scenario,annualised_return
all_days,0.07231684055380061
miss_best,-0.12248633047441704
miss_worst,0.3181592242911635
miss_both,0.07869492875757933
