scenario,annualised_return
all,0.07231684055380061
miss_best,-0.12248633047441781
miss_worst,0.3181592242911633
miss_both,0.07869492875757911
