scenario,annualised_return
all_days,0.07231688430184002
miss_best,-0.12248632354944777
miss_worst,0.31815912596832696
miss_both,0.07869481280098967
