quantile,threshold_low,threshold_high,count_low,count_high,mean_low,mean_high,median_low,median_high,std_low,std_high,min_low,max_high
0.99,-0.02976311815226556,0.025135031136700667,80,80,-0.04368726388875194,0.03741193816536463,-0.03607619646972904,0.03242644226943914,0.01675600340945487,0.013958433215281889,-0.1112655828779382,0.09823280024863279
0.999,-0.06909469208798474,0.053353163499702344,8,8,-0.08397067486279453,0.0716373599375271,-0.08129995272198792,0.07113814159334719,0.013120402812162727,0.014712336748892772,-0.1112655828779382,0.09823280024863279
