regime,count,pct_of_total,mean,median,std,annualised_return
downtrend,2454,0.3181228934404978,-0.0009153089788486959,-0.00048216494493541484,0.01329723897092516,-0.2236983577301087
uptrend,5260,0.6818771065595022,0.0008764239212993341,0.0010034237929716916,0.007740261105076137,0.23764540014356128
