scenario,annualised_return
all_days,0.0698179098893621
miss_best,0.04774901468925963
miss_worst,0.09883402683092402
miss_both,0.07616656841929004
