scenario,annualised_return
all_days,0.0698179098893621
miss_best,0.04774901198399606
miss_worst,0.09883402961271504
miss_both,0.07616656836505986
