quantile,threshold_low,threshold_high,count_low,count_high,mean_low,mean_high,median_low,median_high,std_low,std_high,min_low,max_high
0.99,-0.026512567910323435,0.024122963381246535,46,46,-0.038614074654277006,0.03556932933106277,-0.03388706211297171,0.033995902081008555,0.012717066563342315,0.009226794809723469,-0.0833622530752205,0.058914680466136016
0.999,-0.055904534147264685,0.04781727623992967,5,5,-0.06939455594121921,0.05463226141468365,-0.06786233669604202,0.05554579919024971,0.008044347029040784,0.003625729015042552,-0.0833622530752205,0.058914680466136016
