scenario,annualised_return
all,0.06773100309721869
miss_best,0.03979343034017724
miss_worst,0.1037540280025222
miss_both,0.07487389960524737
