Date,Adj Close,Close,High,Low,Open,Volume
2003-09-29,49.58769989013672,49.58769989013672,102.30000305175781,102.0999984741211,102.29000091552734,13600
2003-09-30,49.84495162963867,49.84495162963867,102.73999786376953,102.29000091552734,102.30000305175781,62600
2003-10-01,49.820674896240234,49.820674896240234,102.75,102.5999984741211,102.63999938964844,66300
2003-10-02,49.7430419921875,49.7430419921875,102.6500015258789,102.01000213623047,102.19999694824219,68900
2003-10-03,49.38386917114258,49.38386917114258,102.05000305175781,101.69999694824219,102.05000305175781,64500
2003-10-06,49.45671844482422,49.45671844482422,101.98999786376953,101.5999984741211,101.63999938964844,28700
2003-10-07,49.28684616088867,49.28684616088867,101.94000244140625,101.37999725341797,101.94000244140625,13000
2003-10-08,49.40816116333008,49.40816116333008,102.05000305175781,101.27999877929688,101.48999786376953,42700
2003-10-09,49.2334098815918,49.2334098815918,101.5,101.0999984741211,101.38999938964844,35900
2003-10-10,49.50519943237305,49.50519943237305,102.05000305175781,101.68000030517578,101.68000030517578,13500
2003-10-13,49.28684616088867,49.28684616088867,102.0999984741211,101.55000305175781,102.0,23700
2003-10-14,49.18971633911133,49.18971633911133,101.58999633789062,101.13999938964844,101.44000244140625,54300
2003-10-15,49.06837463378906,49.06837463378906,101.23999786376953,100.9000015258789,101.18000030517578,23100
2003-10-16,48.93738555908203,48.93738555908203,101.55000305175781,100.55000305175781,101.38999938964844,62300
2003-10-17,49.17030334472656,49.17030334472656,101.30999755859375,100.75,101.04000091552734,55600
2003-10-20,49.141204833984375,49.141204833984375,101.47000122070312,101.13999938964844,101.13999938964844,12900
2003-10-21,49.23826599121094,49.23826599121094,101.7300033569336,101.38999938964844,101.38999938964844,49000
2003-10-22,49.45671844482422,49.45671844482422,101.94999694824219,101.51000213623047,101.75,25400
2003-10-23,49.335350036621094,49.335350036621094,101.87000274658203,101.6500015258789,101.83999633789062,20700
2003-10-24,49.5780029296875,49.5780029296875,102.1500015258789,101.80000305175781,101.80000305175781,28200
2003-10-27,49.48093795776367,49.48093795776367,102.12000274658203,101.80000305175781,102.04000091552734,35400
2003-10-28,49.67507553100586,49.67507553100586,102.3499984741211,101.80000305175781,101.80000305175781,16600
2003-10-29,49.45671844482422,49.45671844482422,102.0999984741211,101.9000015258789,102.08000183105469,71700
2003-10-30,49.45671844482422,49.45671844482422,101.95999908447266,101.77999877929688,101.79000091552734,17300
2003-10-31,49.379032135009766,49.379032135009766,101.9000015258789,101.4000015258789,101.9000015258789,31000
2003-11-03,49.29085159301758,49.29085159301758,101.41999816894531,101.19999694824219,101.33000183105469,56700
2003-11-04,49.3882942199707,49.3882942199707,101.58000183105469,101.4000015258789,101.44999694824219,26900
2003-11-05,49.3882942199707,49.3882942199707,101.56999969482422,101.4000015258789,101.5,24600
2003-11-06,49.120384216308594,49.120384216308594,101.19000244140625,100.8499984741211,101.18000030517578,78000
2003-11-07,49.14471435546875,49.14471435546875,100.9000015258789,100.55000305175781,100.69000244140625,33400
2003-11-10,49.23727798461914,49.23727798461914,101.13999938964844,100.91000366210938,101.08000183105469,21100
2003-11-11,49.14958190917969,49.14958190917969,101.19999694824219,100.80999755859375,101.18000030517578,23700
2003-11-12,49.242122650146484,49.242122650146484,101.33999633789062,100.80999755859375,101.04000091552734,16400
2003-11-13,49.60256576538086,49.60256576538086,101.91000366210938,101.52999877929688,101.52999877929688,25400
2003-11-14,49.64155578613281,49.64155578613281,102.16000366210938,101.88999938964844,101.91999816894531,18800
2003-11-17,49.85096740722656,49.85096740722656,102.41999816894531,102.18000030517578,102.22000122070312,48800
2003-11-18,49.82660675048828,49.82660675048828,102.3499984741211,102.05000305175781,102.12999725341797,26800
2003-11-19,49.59285354614258,49.59285354614258,102.30000305175781,101.81999969482422,102.27999877929688,44900
2003-11-20,49.76328659057617,49.76328659057617,102.26000213623047,101.94000244140625,102.0,21400
2003-11-21,49.816871643066406,49.816871643066406,102.44000244140625,102.20999908447266,102.33999633789062,66500
2003-11-24,49.607425689697266,49.607425689697266,102.13999938964844,101.8499984741211,102.08999633789062,37000
2003-11-25,49.80228805541992,49.80228805541992,102.25,101.77999877929688,101.77999877929688,54000
2003-11-26,49.6220588684082,49.6220588684082,102.13999938964844,101.87999725341797,102.08000183105469,25300
2003-11-28,49.54411697387695,49.54411697387695,101.75,101.72000122070312,101.75,22900
2003-12-01,49.408348083496094,49.408348083496094,101.31999969482422,101.0,101.1500015258789,58700
2003-12-02,49.393707275390625,49.393707275390625,101.1500015258789,100.5999984741211,100.83999633789062,52100
2003-12-03,49.44256591796875,49.44256591796875,101.3499984741211,100.9000015258789,100.9000015258789,32400
2003-12-04,49.51578903198242,49.51578903198242,101.5,101.05000305175781,101.13999938964844,25200
2003-12-05,49.7648811340332,49.7648811340332,101.9000015258789,101.51000213623047,101.88999938964844,42200
2003-12-08,49.7648811340332,49.7648811340332,102.04000091552734,101.80999755859375,101.98999786376953,67200
2003-12-09,49.4864387512207,49.4864387512207,102.0999984741211,101.20999908447266,102.04000091552734,87900
2003-12-10,49.681884765625,49.681884765625,101.75,101.5999984741211,101.73999786376953,120500
2003-12-11,49.85768127441406,49.85768127441406,102.13999938964844,101.4000015258789,101.58999633789062,91600
2003-12-12,49.886966705322266,49.886966705322266,102.33999633789062,101.94999694824219,102.23999786376953,16400
2003-12-15,49.85768127441406,49.85768127441406,102.25,101.8499984741211,102.19999694824219,21100
2003-12-16,49.886966705322266,49.886966705322266,102.19000244140625,101.9000015258789,102.0999984741211,61500
2003-12-17,50.009056091308594,50.009056091308594,102.55000305175781,102.16000366210938,102.44000244140625,23100
2003-12-18,50.08229064941406,50.08229064941406,102.63999938964844,102.20999908447266,102.44999694824219,33400
2003-12-19,50.106746673583984,50.106746673583984,102.5999984741211,102.36000061035156,102.54000091552734,26500
2003-12-22,50.08229064941406,50.08229064941406,102.80000305175781,102.2699966430664,102.69000244140625,139700
2003-12-23,49.886966705322266,49.886966705322266,102.5,102.1500015258789,102.38999938964844,80300
2003-12-24,49.92607116699219,49.92607116699219,102.48999786376953,102.11000061035156,102.33999633789062,16200
2003-12-26,50.17510986328125,50.17510986328125,102.73999786376953,102.30999755859375,102.58999633789062,54500
2003-12-29,50.05301284790039,50.05301284790039,102.5999984741211,102.16000366210938,102.5,37600
2003-12-30,49.960208892822266,49.960208892822266,102.38999938964844,102.08000183105469,102.29000091552734,33800
2003-12-31,50.02927017211914,50.02927017211914,102.1500015258789,102.0,102.0,51900
2004-01-02,49.7452392578125,49.7452392578125,102.19000244140625,101.3499984741211,102.1500015258789,26100
2004-01-05,49.80398941040039,49.80398941040039,101.69000244140625,101.30000305175781,101.54000091552734,63600
2004-01-06,50.02927017211914,50.02927017211914,102.19000244140625,101.76000213623047,101.94000244140625,151800
2004-01-07,50.14191436767578,50.14191436767578,102.44999694824219,102.1500015258789,102.19999694824219,75200
2004-01-08,50.12727355957031,50.12727355957031,102.5,102.12000274658203,102.19999694824219,39800
2004-01-09,50.54350280761719,50.54350280761719,103.2699966430664,102.91000366210938,103.13999938964844,49800
2004-01-12,50.4014778137207,50.4014778137207,103.25,102.9000015258789,103.19999694824219,67600
2004-01-13,50.51906204223633,50.51906204223633,103.18000030517578,102.9000015258789,103.04000091552734,21700
2004-01-14,50.5141487121582,50.5141487121582,103.23999786376953,103.05000305175781,103.05000305175781,14100
2004-01-15,50.57780838012695,50.57780838012695,103.3499984741211,103.0,103.3499984741211,32600
2004-01-16,50.53864669799805,50.53864669799805,103.55000305175781,103.0999984741211,103.4000015258789,66800
2004-01-20,50.49454879760742,50.49454879760742,103.29000091552734,102.93000030517578,103.18000030517578,51700
2004-01-21,50.52880096435547,50.52880096435547,103.29000091552734,103.01000213623047,103.27999877929688,53800
2004-01-22,50.616973876953125,50.616973876953125,103.54000091552734,103.27999877929688,103.37999725341797,44100
2004-01-23,50.49454879760742,50.49454879760742,103.79000091552734,103.0,103.77999877929688,28700
2004-01-26,50.298648834228516,50.298648834228516,103.08999633789062,102.69999694824219,103.08000183105469,31900
2004-01-27,50.37211227416992,50.37211227416992,103.1500015258789,102.80000305175781,102.87999725341797,20200
2004-01-28,50.26924514770508,50.26924514770508,103.4000015258789,102.22000122070312,103.13999938964844,63000
2004-01-29,50.15171432495117,50.15171432495117,102.54000091552734,102.30000305175781,102.54000091552734,50600
2004-01-30,50.249671936035156,50.249671936035156,102.83000183105469,102.5,102.83000183105469,105300
2004-02-02,50.2634162902832,50.2634162902832,102.66999816894531,102.3499984741211,102.54000091552734,21300
2004-02-03,50.40090560913086,50.40090560913086,102.77999877929688,102.41000366210938,102.77999877929688,40300
2004-02-04,50.40583419799805,50.40583419799805,102.69000244140625,102.37000274658203,102.68000030517578,37600
2004-02-05,50.2634162902832,50.2634162902832,102.66000366210938,102.2300033569336,102.5999984741211,38900
2004-02-06,50.46971130371094,50.46971130371094,102.77999877929688,102.55000305175781,102.63999938964844,31600
2004-02-09,50.504058837890625,50.504058837890625,103.0,102.69999694824219,102.93000030517578,15800
2004-02-10,50.396026611328125,50.396026611328125,102.87999725341797,102.55000305175781,102.87999725341797,31300
2004-02-11,50.59241485595703,50.59241485595703,103.19000244140625,102.45999908447266,102.66999816894531,26200
2004-02-12,50.597373962402344,50.597373962402344,103.19999694824219,102.83999633789062,103.19999694824219,61400
2004-02-13,50.82323455810547,50.82323455810547,103.48999786376953,103.0,103.2300033569336,82500
2004-02-17,50.70049285888672,50.70049285888672,103.30000305175781,103.0,103.27999877929688,78300
2004-02-18,50.6612434387207,50.6612434387207,103.5,103.0999984741211,103.44999694824219,38800
2004-02-19,50.71522521972656,50.71522521972656,103.30000305175781,102.9000015258789,103.08000183105469,21500
2004-02-20,50.558048248291016,50.558048248291016,103.23999786376953,102.83999633789062,103.2300033569336,40700
2004-02-23,50.69558334350586,50.69558334350586,103.25,102.80999755859375,103.08000183105469,24300
2004-02-24,50.65140914916992,50.65140914916992,103.38999938964844,103.12000274658203,103.33000183105469,40800
2004-02-25,50.76923370361328,50.76923370361328,103.47000122070312,103.19999694824219,103.3499984741211,78800
2004-02-26,50.68574523925781,50.68574523925781,103.33999633789062,103.12000274658203,103.33000183105469,33700
2004-02-27,50.82323455810547,50.82323455810547,103.5199966430664,103.27999877929688,103.48999786376953,34100
2004-03-01,50.84589385986328,50.84589385986328,103.37999725341797,102.9000015258789,103.3499984741211,154200
2004-03-02,50.66869354248047,50.66869354248047,103.2300033569336,102.75,103.0999984741211,28500
2004-03-03,50.61458206176758,50.61458206176758,103.08000183105469,102.69999694824219,103.08000183105469,79900
2004-03-04,50.73762893676758,50.73762893676758,103.0999984741211,102.83000183105469,103.08000183105469,116500
2004-03-05,51.111751556396484,51.111751556396484,103.98999786376953,102.98999786376953,103.9000015258789,68900
2004-03-08,51.28401184082031,51.28401184082031,104.19999694824219,103.87000274658203,104.1500015258789,44100
2004-03-09,51.357826232910156,51.357826232910156,104.43000030517578,104.05000305175781,104.18000030517578,46400
2004-03-10,51.29881286621094,51.29881286621094,104.36000061035156,104.12000274658203,104.30000305175781,38800
2004-03-11,51.41200256347656,51.41200256347656,104.54000091552734,103.91000366210938,104.54000091552734,56000
2004-03-12,51.25448226928711,51.25448226928711,104.31999969482422,104.01000213623047,104.30000305175781,42300
2004-03-15,51.26435470581055,51.26435470581055,104.2699966430664,104.0,104.1500015258789,61300
2004-03-16,51.387413024902344,51.387413024902344,104.47000122070312,103.80999755859375,104.08000183105469,53200
2004-03-17,51.3628044128418,51.3628044128418,104.58000183105469,104.2300033569336,104.58000183105469,28300
2004-03-18,51.313575744628906,51.313575744628906,104.45999908447266,104.0199966430664,104.31999969482422,27000
2004-03-19,51.2593994140625,51.2593994140625,104.30000305175781,103.88999938964844,104.23999786376953,132500
2004-03-22,51.3923225402832,51.3923225402832,104.41999816894531,104.12000274658203,104.23999786376953,23300
2004-03-23,51.39724349975586,51.39724349975586,104.45999908447266,104.16999816894531,104.3499984741211,45500
2004-03-24,51.42681884765625,51.42681884765625,104.5199966430664,104.23999786376953,104.5,31300
2004-03-25,51.39724349975586,51.39724349975586,104.43000030517578,104.16999816894531,104.3499984741211,39000
2004-03-26,51.220027923583984,51.220027923583984,104.3499984741211,103.7699966430664,104.30000305175781,102300
2004-03-29,51.12648010253906,51.12648010253906,103.87000274658203,103.45999908447266,103.77999877929688,210100
2004-03-30,50.924678802490234,50.924678802490234,103.94999694824219,103.44999694824219,103.93000030517578,243200
2004-03-31,51.17081069946289,51.17081069946289,104.08000183105469,103.69999694824219,103.80000305175781,105100
2004-04-01,51.19552230834961,51.19552230834961,103.77999877929688,103.37000274658203,103.77999877929688,128500
2004-04-02,50.7266731262207,50.7266731262207,102.97000122070312,102.41000366210938,102.41000366210938,165600
2004-04-05,50.41577911376953,50.41577911376953,102.3499984741211,102.05000305175781,102.05000305175781,77500
2004-04-06,50.55887222290039,50.55887222290039,102.5,102.13999938964844,102.44999694824219,54800
2004-04-07,50.435482025146484,50.435482025146484,102.66999816894531,102.19999694824219,102.4800033569336,207600
2004-04-08,50.46507263183594,50.46507263183594,102.58999633789062,102.25,102.30000305175781,18700
2004-04-12,50.45032501220703,50.45032501220703,102.4000015258789,102.08000183105469,102.3499984741211,88400
2004-04-13,50.3614501953125,50.3614501953125,102.0999984741211,101.70999908447266,101.9800033569336,110800
2004-04-14,50.213443756103516,50.213443756103516,101.76000213623047,101.27999877929688,101.5,30400
2004-04-15,50.139400482177734,50.139400482177734,101.7699966430664,101.41999816894531,101.4800033569336,40600
2004-04-16,50.277584075927734,50.277584075927734,101.9000015258789,101.5999984741211,101.8499984741211,49000
2004-04-19,50.213443756103516,50.213443756103516,102.0,101.62000274658203,101.94999694824219,115300
2004-04-20,50.050559997558594,50.050559997558594,101.72000122070312,101.30999755859375,101.6500015258789,40000
2004-04-21,49.932106018066406,49.932106018066406,101.51000213623047,101.01000213623047,101.05000305175781,72700
2004-04-22,50.114742279052734,50.114742279052734,101.69000244140625,101.33000183105469,101.5999984741211,41100
2004-04-23,50.0160026550293,50.0160026550293,101.5,101.11000061035156,101.44999694824219,90200
2004-04-26,50.00120544433594,50.00120544433594,101.58999633789062,101.04000091552734,101.3499984741211,109900
2004-04-27,50.12458419799805,50.12458419799805,101.58999633789062,101.2300033569336,101.44999694824219,54200
2004-04-28,49.8926887512207,49.8926887512207,101.58999633789062,101.05999755859375,101.58999633789062,36400
2004-04-29,49.74953842163086,49.74953842163086,101.27999877929688,100.62000274658203,101.02999877929688,46600
2004-04-30,49.734737396240234,49.734737396240234,101.04000091552734,100.75,100.94000244140625,64200
2004-05-03,49.66048812866211,49.66048812866211,100.83000183105469,100.36000061035156,100.6500015258789,245200
2004-05-04,49.74958419799805,49.74958419799805,100.94000244140625,100.27999877929688,100.5999984741211,41200
2004-05-05,49.68524169921875,49.68524169921875,100.79000091552734,100.30000305175781,100.6500015258789,34000
2004-05-06,49.53183364868164,49.53183364868164,100.33999633789062,100.05999755859375,100.25,67900
2004-05-07,49.11126708984375,49.11126708984375,99.5,99.1500015258789,99.5,56800
2004-05-10,49.03704833984375,49.03704833984375,99.48999786376953,99.05999755859375,99.4000015258789,77000
2004-05-11,49.16075134277344,49.16075134277344,99.44999694824219,99.01000213623047,99.01000213623047,84200
2004-05-12,49.091468811035156,49.091468811035156,99.51000213623047,99.20999908447266,99.44999694824219,48900
2004-05-13,49.081546783447266,49.081546783447266,99.26000213623047,98.86000061035156,99.25,21200
2004-05-14,49.091468811035156,49.091468811035156,99.54000091552734,99.1500015258789,99.27999877929688,53300
2004-05-17,49.33888244628906,49.33888244628906,99.88999938964844,99.66000366210938,99.66000366210938,37400
2004-05-18,49.363624572753906,49.363624572753906,99.80000305175781,99.51000213623047,99.73999786376953,24000
2004-05-19,49.27949905395508,49.27949905395508,99.63999938964844,99.4000015258789,99.63999938964844,31000
2004-05-20,49.4130859375,49.4130859375,99.86000061035156,99.58000183105469,99.79000091552734,11200
2004-05-21,49.333919525146484,49.333919525146484,99.94999694824219,99.45999908447266,99.94999694824219,22300
2004-05-24,49.373470306396484,49.373470306396484,99.83999633789062,99.5999984741211,99.5999984741211,39300
2004-05-25,49.35866165161133,49.35866165161133,99.88999938964844,99.68000030517578,99.88999938964844,44600
2004-05-26,49.48240661621094,49.48240661621094,100.06999969482422,99.9000015258789,99.98999786376953,35800
2004-05-27,49.719886779785156,49.719886779785156,100.48999786376953,100.1500015258789,100.1500015258789,99600
2004-05-28,49.54664993286133,49.54664993286133,100.54000091552734,100.05000305175781,100.54000091552734,54900
2004-06-01,49.4905891418457,49.4905891418457,99.88999938964844,99.52999877929688,99.80000305175781,39500
2004-06-02,49.51045227050781,49.51045227050781,99.7699966430664,99.5,99.69000244140625,196100
2004-06-03,49.4905891418457,49.4905891418457,99.69999694824219,99.5,99.5,91900
2004-06-04,49.3863639831543,49.3863639831543,99.58999633789062,99.37999725341797,99.58999633789062,30100
2004-06-07,49.43601608276367,49.43601608276367,99.58999633789062,99.19000244140625,99.48999786376953,39300
2004-06-08,49.31684875488281,49.31684875488281,99.55000305175781,99.30000305175781,99.48999786376953,264400
2004-06-09,49.33173751831055,49.33173751831055,99.38999938964844,99.1500015258789,99.16000366210938,90200
2004-06-10,49.282161712646484,49.282161712646484,99.47000122070312,99.0999984741211,99.33999633789062,49500
2004-06-14,49.14315414428711,49.14315414428711,99.23999786376953,98.8499984741211,99.0,73500
2004-06-15,49.560115814208984,49.560115814208984,99.87999725341797,99.41999816894531,99.48999786376953,58200
2004-06-16,49.4608039855957,49.4608039855957,99.83999633789062,99.5,99.83999633789062,55600
2004-06-17,49.51543426513672,49.51543426513672,99.87000274658203,99.36000061035156,99.63999938964844,57100
2004-06-18,49.58989334106445,49.58989334106445,100.04000091552734,99.66000366210938,99.80999755859375,47700
2004-06-21,49.6544075012207,49.6544075012207,100.02999877929688,99.77999877929688,99.98999786376953,31500
2004-06-22,49.634578704833984,49.634578704833984,99.98999786376953,99.75,99.94000244140625,39900
2004-06-23,49.594852447509766,49.594852447509766,100.0,99.79000091552734,99.88999938964844,24600
2004-06-24,49.783504486083984,49.783504486083984,100.4000015258789,100.12999725341797,100.29000091552734,42100
2004-06-25,49.76859664916992,49.76859664916992,100.3499984741211,100.08999633789062,100.23999786376953,33200
2004-06-28,49.60477066040039,49.60477066040039,100.05000305175781,99.80000305175781,100.0,77500
2004-06-29,49.51543426513672,49.51543426513672,100.0999984741211,99.41000366210938,99.41000366210938,225700
2004-06-30,49.90755844116211,49.90755844116211,100.55000305175781,100.08999633789062,100.13999938964844,23300
2004-07-01,49.970821380615234,49.970821380615234,100.4000015258789,100.0199966430664,100.29000091552734,316900
2004-07-02,50.289546966552734,50.289546966552734,101.08999633789062,100.75,100.98999786376953,162500
2004-07-06,50.25464630126953,50.25464630126953,101.05000305175781,100.73999786376953,100.98999786376953,27900
2004-07-07,50.22478103637695,50.22478103637695,100.94999694824219,100.75,100.87000274658203,29700
2004-07-08,50.27954864501953,50.27954864501953,101.0199966430664,100.79000091552734,100.94000244140625,74200
2004-07-09,50.130123138427734,50.130123138427734,101.0199966430664,100.66999816894531,100.97000122070312,425600
2004-07-12,50.27954864501953,50.27954864501953,100.97000122070312,100.80000305175781,100.80000305175781,52600
2004-07-13,50.22478103637695,50.22478103637695,100.88999938964844,100.69000244140625,100.88999938964844,52800
2004-07-14,50.25464630126953,50.25464630126953,100.98999786376953,100.73999786376953,100.98999786376953,39000
2004-07-15,50.16004943847656,50.16004943847656,100.9000015258789,100.69999694824219,100.70999908447266,24600
2004-07-16,50.49367904663086,50.49367904663086,101.4000015258789,101.01000213623047,101.01000213623047,58800
2004-07-19,50.418983459472656,50.418983459472656,101.48999786376953,101.2300033569336,101.48999786376953,13000
2004-07-20,50.284549713134766,50.284549713134766,101.3499984741211,100.80000305175781,101.25,62300
2004-07-21,50.16503143310547,50.16503143310547,101.0,100.5999984741211,100.75,32900
2004-07-22,50.27452850341797,50.27452850341797,101.0,100.80000305175781,100.98999786376953,35000
2004-07-23,50.38911437988281,50.38911437988281,101.19000244140625,100.8499984741211,101.13999938964844,41200
2004-07-26,50.15504837036133,50.15504837036133,101.01000213623047,100.70999908447266,101.0,81000
2004-07-27,50.040531158447266,50.040531158447266,100.88999938964844,100.29000091552734,100.88999938964844,20500
2004-07-28,50.11521530151367,50.11521530151367,100.63999938964844,100.2699966430664,100.48999786376953,30800
2004-07-29,50.00067901611328,50.00067901611328,100.69999694824219,100.38999938964844,100.58999633789062,48200
2004-07-30,50.369232177734375,50.369232177734375,101.16999816894531,100.70999908447266,100.70999908447266,31300
2004-08-02,50.355201721191406,50.355201721191406,101.08000183105469,100.76000213623047,101.08000183105469,28200
2004-08-03,50.425140380859375,50.425140380859375,101.06999969482422,100.80000305175781,100.87999725341797,77400
2004-08-04,50.5350341796875,50.5350341796875,101.19999694824219,100.79000091552734,100.79000091552734,213200
2004-08-05,50.56999969482422,50.56999969482422,101.27999877929688,101.0999984741211,101.16000366210938,281500
2004-08-06,50.89474868774414,50.89474868774414,102.13999938964844,101.86000061035156,101.86000061035156,44800
2004-08-09,50.929683685302734,50.929683685302734,102.02999877929688,101.80000305175781,101.98999786376953,23200
2004-08-10,50.79480743408203,50.79480743408203,102.0,101.62999725341797,101.98999786376953,28400
2004-08-11,50.82979202270508,50.82979202270508,101.88999938964844,101.52999877929688,101.68000030517578,22100
2004-08-12,50.9347038269043,50.9347038269043,101.95999908447266,101.51000213623047,101.51000213623047,17600
2004-08-13,51.03458786010742,51.03458786010742,102.16000366210938,102.0,102.1500015258789,18500
2004-08-16,50.97465133666992,50.97465133666992,102.04000091552734,101.83999633789062,102.04000091552734,16400
2004-08-17,51.12452697753906,51.12452697753906,102.33999633789062,102.0,102.08999633789062,271000
2004-08-18,50.95962905883789,50.95962905883789,102.4000015258789,102.01000213623047,102.38999938964844,47400
2004-08-19,51.129486083984375,51.129486083984375,102.3499984741211,102.0,102.12000274658203,32700
2004-08-20,50.979610443115234,50.979610443115234,102.38999938964844,102.05000305175781,102.38999938964844,57900
2004-08-23,50.9946403503418,50.9946403503418,102.16000366210938,101.80999755859375,102.08999633789062,40400
2004-08-24,50.9996223449707,50.9996223449707,102.11000061035156,101.73999786376953,101.75,39400
2004-08-25,51.004581451416016,51.004581451416016,102.27999877929688,101.98999786376953,102.08999633789062,69900
2004-08-26,51.099517822265625,51.099517822265625,102.33999633789062,102.05000305175781,102.19000244140625,46800
2004-08-27,51.13449478149414,51.13449478149414,102.43000030517578,102.30999755859375,102.38999938964844,50600
2004-08-30,51.184417724609375,51.184417724609375,102.5,102.27999877929688,102.44000244140625,50000
2004-08-31,51.184417724609375,51.184417724609375,102.88999938964844,102.41000366210938,102.66000366210938,386200
2004-09-01,51.36886978149414,51.36886978149414,102.52999877929688,102.16999816894531,102.30999755859375,277800
2004-09-02,51.16339874267578,51.16339874267578,102.41999816894531,102.06999969482422,102.41999816894531,27900
2004-09-03,51.13833999633789,51.13833999633789,102.05000305175781,101.55999755859375,101.98999786376953,97700
2004-09-07,51.13336944580078,51.13336944580078,102.04000091552734,101.70999908447266,101.88999938964844,36100
2004-09-08,51.2886962890625,51.2886962890625,102.38999938964844,101.76000213623047,101.8499984741211,87700
2004-09-09,51.23861312866211,51.23861312866211,102.5199966430664,102.12000274658203,102.41999816894531,49400
2004-09-10,51.34880828857422,51.34880828857422,102.5999984741211,102.33999633789062,102.55000305175781,67200
2004-09-13,51.3989143371582,51.3989143371582,102.61000061035156,102.37000274658203,102.47000122070312,126000
2004-09-14,51.45404815673828,51.45404815673828,102.69999694824219,102.54000091552734,102.56999969482422,86300
2004-09-15,51.42399215698242,51.42399215698242,102.6500015258789,102.5,102.63999938964844,124400
2004-09-16,51.579341888427734,51.579341888427734,102.9800033569336,102.47000122070312,102.6500015258789,111700
2004-09-17,51.36385726928711,51.36385726928711,102.9000015258789,102.5,102.88999938964844,59800
2004-09-20,51.58433151245117,51.58433151245117,102.94000244140625,102.5999984741211,102.88999938964844,94600
2004-09-21,51.56928634643555,51.56928634643555,102.97000122070312,102.5999984741211,102.94000244140625,41400
2004-09-22,51.73969268798828,51.73969268798828,103.25,102.80000305175781,103.04000091552734,28600
2004-09-23,51.58433151245117,51.58433151245117,103.25,102.80000305175781,103.22000122070312,28300
2004-09-24,51.5993537902832,51.5993537902832,103.0,102.69999694824219,102.83999633789062,26400
2004-09-27,51.58433151245117,51.58433151245117,103.13999938964844,102.8499984741211,102.86000061035156,39100
2004-09-28,51.669559478759766,51.669559478759766,103.19000244140625,102.91999816894531,103.13999938964844,47600
2004-09-29,51.37386703491211,51.37386703491211,102.88999938964844,102.5,102.62000274658203,225100
2004-09-30,51.449031829833984,51.449031829833984,102.69000244140625,102.30999755859375,102.58999633789062,60700
2004-10-01,51.35702896118164,51.35702896118164,102.26000213623047,102.01000213623047,102.26000213623047,45500
2004-10-04,51.37217330932617,51.37217330932617,102.19999694824219,101.76000213623047,101.76000213623047,23400
2004-10-05,51.36711120605469,51.36711120605469,102.30999755859375,102.0,102.01000213623047,139600
2004-10-06,51.2716064453125,51.2716064453125,102.19999694824219,101.87000274658203,102.16999816894531,128000
2004-10-07,51.2716064453125,51.2716064453125,102.05000305175781,101.8499984741211,101.97000122070312,39800
2004-10-08,51.522911071777344,51.522911071777344,102.5999984741211,102.26000213623047,102.56999969482422,29200
2004-10-11,51.573219299316406,51.573219299316406,102.80000305175781,102.36000061035156,102.36000061035156,25800
2004-10-12,51.522911071777344,51.522911071777344,102.83000183105469,102.5,102.76000213623047,34100
2004-10-13,51.598365783691406,51.598365783691406,102.91999816894531,102.41000366210938,102.41000366210938,32700
2004-10-14,51.84465026855469,51.84465026855469,103.13999938964844,102.88999938964844,102.9000015258789,18900
2004-10-15,51.7491569519043,51.7491569519043,103.0,102.69000244140625,103.0,21400
2004-10-18,51.703895568847656,51.703895568847656,102.98999786376953,102.69999694824219,102.98999786376953,39700
2004-10-19,51.729042053222656,51.729042053222656,103.04000091552734,102.6500015258789,102.6500015258789,32200
2004-10-20,51.91001510620117,51.91001510620117,103.2699966430664,102.91000366210938,102.91000366210938,135800
2004-10-21,51.779293060302734,51.779293060302734,103.30000305175781,103.01000213623047,103.19999694824219,23100
2004-10-22,51.90496063232422,51.90496063232422,103.27999877929688,103.04000091552734,103.1500015258789,25800
2004-10-25,51.96527099609375,51.96527099609375,103.44000244140625,103.11000061035156,103.43000030517578,33800
2004-10-26,51.81446838378906,51.81446838378906,103.36000061035156,103.02999877929688,103.25,60200
2004-10-27,51.698848724365234,51.698848724365234,103.38999938964844,102.69000244140625,103.37000274658203,29100
2004-10-28,51.75918197631836,51.75918197631836,103.12000274658203,102.66000366210938,102.88999938964844,76000
2004-10-29,51.89491271972656,51.89491271972656,103.25,102.9800033569336,103.1500015258789,61600
2004-11-01,51.78352355957031,51.78352355957031,102.94000244140625,102.56999969482422,102.88999938964844,28900
2004-11-02,51.73817443847656,51.73817443847656,102.86000061035156,102.58999633789062,102.86000061035156,97300
2004-11-03,51.849063873291016,51.849063873291016,102.9000015258789,102.41000366210938,102.63999938964844,40700
2004-11-04,51.80373764038086,51.80373764038086,103.04000091552734,102.66000366210938,102.98999786376953,40700
2004-11-05,51.672637939453125,51.672637939453125,102.5199966430664,102.1500015258789,102.44000244140625,149600
2004-11-08,51.48615264892578,51.48615264892578,102.41999816894531,102.1500015258789,102.36000061035156,52300
2004-11-09,51.60713577270508,51.60713577270508,102.4000015258789,102.16999816894531,102.38999938964844,54700
2004-11-10,51.5466423034668,51.5466423034668,102.38999938964844,102.12000274658203,102.33000183105469,21800
2004-11-11,51.59701919555664,51.59701919555664,102.4000015258789,102.0199966430664,102.23999786376953,43000
2004-11-12,51.65753936767578,51.65753936767578,102.54000091552734,102.2699966430664,102.38999938964844,32200
2004-11-15,51.682735443115234,51.682735443115234,102.55000305175781,102.29000091552734,102.38999938964844,390500
2004-11-16,51.63234329223633,51.63234329223633,102.44999694824219,102.19999694824219,102.44000244140625,50100
2004-11-17,51.76335144042969,51.76335144042969,102.80000305175781,102.26000213623047,102.26000213623047,64600
2004-11-18,51.78352355957031,51.78352355957031,102.88999938964844,102.47000122070312,102.73999786376953,50300
2004-11-19,51.67766189575195,51.67766189575195,102.69999694824219,102.3499984741211,102.58000183105469,43500
2004-11-22,51.75833511352539,51.75833511352539,102.7300033569336,102.30000305175781,102.55999755859375,63100
2004-11-23,51.728084564208984,51.728084564208984,102.69999694824219,102.44000244140625,102.58999633789062,63600
2004-11-24,51.77846908569336,51.77846908569336,102.75,102.37000274658203,102.62999725341797,94300
2004-11-26,51.62727355957031,51.62727355957031,102.4800033569336,102.20999908447266,102.37000274658203,39400
2004-11-29,51.48615264892578,51.48615264892578,102.27999877929688,102.12000274658203,102.23999786376953,103200
2004-11-30,51.51136016845703,51.51136016845703,102.2300033569336,101.97000122070312,102.12000274658203,108000
2004-12-01,51.3182487487793,51.3182487487793,101.94999694824219,101.51000213623047,101.94999694824219,49000
2004-12-02,51.414268493652344,51.414268493652344,101.73999786376953,101.5,101.66999816894531,51500
2004-12-03,51.71255874633789,51.71255874633789,102.29000091552734,101.9800033569336,102.22000122070312,85100
2004-12-06,51.76816940307617,51.76816940307617,102.4800033569336,102.13999938964844,102.25,146500
2004-12-07,51.83892822265625,51.83892822265625,102.54000091552734,102.22000122070312,102.38999938964844,76500
2004-12-08,52.0158805847168,52.0158805847168,102.88999938964844,102.44000244140625,102.44999694824219,158200
2004-12-09,51.94511795043945,51.94511795043945,102.94999694824219,102.62999725341797,102.79000091552734,120600
2004-12-10,51.87939453125,51.87939453125,102.83999633789062,102.5999984741211,102.75,139800
2004-12-13,51.95522689819336,51.95522689819336,102.87999725341797,102.51000213623047,102.69000244140625,102400
2004-12-14,52.00578308105469,52.00578308105469,102.88999938964844,102.41000366210938,102.41000366210938,53900
2004-12-15,52.1220588684082,52.1220588684082,103.11000061035156,102.86000061035156,103.06999969482422,57400
2004-12-16,51.91983413696289,51.91983413696289,102.98999786376953,102.5999984741211,102.98999786376953,123100
2004-12-17,51.793426513671875,51.793426513671875,102.6500015258789,102.41999816894531,102.44999694824219,48100
2004-12-20,51.8440055847168,51.8440055847168,102.72000122070312,102.45999908447266,102.69000244140625,57800
2004-12-21,51.8440055847168,51.8440055847168,102.80000305175781,102.5,102.5999984741211,83100
2004-12-22,51.95522689819336,51.95522689819336,102.79000091552734,102.5,102.5,94300
2004-12-23,51.980491638183594,51.980491638183594,102.8499984741211,102.58000183105469,102.69999694824219,192700
2004-12-27,51.78331756591797,51.78331756591797,102.5,102.30000305175781,102.4000015258789,145200
2004-12-28,51.758056640625,51.758056640625,102.4000015258789,102.0,102.33999633789062,122800
2004-12-29,51.74794006347656,51.74794006347656,102.5,102.26000213623047,102.48999786376953,116800
2004-12-30,51.85410690307617,51.85410690307617,102.58999633789062,102.25,102.36000061035156,132700
2004-12-31,51.92205810546875,51.92205810546875,102.58999633789062,102.25,102.36000061035156,135300
2005-01-03,51.92205810546875,51.92205810546875,102.55000305175781,102.12000274658203,102.33999633789062,479600
2005-01-04,51.871337890625,51.871337890625,102.5,102.06999969482422,102.45999908447266,190500
2005-01-05,51.8510856628418,51.8510856628418,102.3499984741211,102.05999755859375,102.19999694824219,69900
2005-01-06,51.88654327392578,51.88654327392578,102.37000274658203,102.18000030517578,102.29000091552734,75400
2005-01-07,51.871337890625,51.871337890625,102.44000244140625,102.11000061035156,102.38999938964844,137000
2005-01-10,51.84602355957031,51.84602355957031,102.31999969482422,102.0999984741211,102.31999969482422,69500
2005-01-11,51.916988372802734,51.916988372802734,102.51000213623047,102.22000122070312,102.41999816894531,78600
2005-01-12,51.99302673339844,51.99302673339844,102.58999633789062,102.25,102.43000030517578,119100
2005-01-13,52.11982727050781,52.11982727050781,102.83999633789062,102.52999877929688,102.63999938964844,62400
2005-01-14,51.93220520019531,51.93220520019531,102.70999908447266,102.37000274658203,102.66999816894531,124200
2005-01-18,52.06913757324219,52.06913757324219,102.69999694824219,102.2699966430664,102.54000091552734,86600
2005-01-19,52.14512634277344,52.14512634277344,102.8499984741211,102.58999633789062,102.7699966430664,88300
2005-01-20,52.21614456176758,52.21614456176758,103.01000213623047,102.5999984741211,102.79000091552734,98400
2005-01-21,52.24148941040039,52.24148941040039,103.05000305175781,102.86000061035156,102.88999938964844,85200
2005-01-24,52.25165939331055,52.25165939331055,103.08000183105469,102.9000015258789,103.04000091552734,85200
2005-01-25,52.160377502441406,52.160377502441406,102.97000122070312,102.7699966430664,102.94000244140625,79600
2005-01-26,52.135009765625,52.135009765625,102.94000244140625,102.75,102.94000244140625,95100
2005-01-27,52.063995361328125,52.063995361328125,102.70999908447266,102.54000091552734,102.69000244140625,83900
2005-01-28,52.24148941040039,52.24148941040039,103.02999877929688,102.76000213623047,102.88999938964844,79400
2005-01-31,52.17558288574219,52.17558288574219,103.0199966430664,102.75,103.0199966430664,113800
2005-02-01,52.23102569580078,52.23102569580078,102.77999877929688,102.5,102.5,98400
2005-02-02,52.271766662597656,52.271766662597656,102.80000305175781,102.5999984741211,102.72000122070312,203100
2005-02-03,52.20558547973633,52.20558547973633,102.6500015258789,102.44000244140625,102.58999633789062,52500
2005-02-04,52.42424392700195,52.42424392700195,103.20999908447266,102.69999694824219,103.12000274658203,52800
2005-02-07,52.43446350097656,52.43446350097656,103.2300033569336,102.80999755859375,103.11000061035156,68900
2005-02-08,52.465003967285156,52.465003967285156,103.25,102.91999816894531,103.12999725341797,114900
2005-02-09,52.607398986816406,52.607398986816406,103.5,103.0999984741211,103.23999786376953,90600
2005-02-10,52.337799072265625,52.337799072265625,103.33000183105469,102.91000366210938,103.33000183105469,134500
2005-02-11,52.40903091430664,52.40903091430664,103.11000061035156,102.80000305175781,103.11000061035156,73700
2005-02-14,52.419189453125,52.419189453125,103.12999725341797,102.8499984741211,102.93000030517578,99200
2005-02-15,52.3175048828125,52.3175048828125,103.08000183105469,102.70999908447266,102.70999908447266,139700
2005-02-16,52.25645446777344,52.25645446777344,103.08000183105469,102.5999984741211,103.08000183105469,75000
2005-02-17,52.23102569580078,52.23102569580078,102.81999969482422,102.5,102.66000366210938,90400
2005-02-18,52.24626159667969,52.24626159667969,102.75,102.4800033569336,102.51000213623047,94000
2005-02-22,52.09879684448242,52.09879684448242,102.55000305175781,102.30000305175781,102.52999877929688,103500
2005-02-23,52.124202728271484,52.124202728271484,102.5999984741211,102.3499984741211,102.58999633789062,128300
2005-02-24,52.0733642578125,52.0733642578125,102.58000183105469,102.30999755859375,102.58000183105469,83600
2005-02-25,52.119136810302734,52.119136810302734,102.4800033569336,102.22000122070312,102.44999694824219,66800
2005-02-28,51.9818229675293,51.9818229675293,102.5,102.05999755859375,102.4800033569336,359800
2005-03-01,51.94453430175781,51.94453430175781,101.93000030517578,101.69000244140625,101.69000244140625,125000
2005-03-02,51.878265380859375,51.878265380859375,101.88999938964844,101.61000061035156,101.61000061035156,171000
2005-03-03,51.91908645629883,51.91908645629883,101.94999694824219,101.55000305175781,101.94000244140625,120700
2005-03-04,52.06697082519531,52.06697082519531,102.20999908447266,101.88999938964844,102.04000091552734,585500
2005-03-07,52.08228302001953,52.08228302001953,102.2699966430664,101.91000366210938,102.13999938964844,203000
2005-03-08,51.970096588134766,51.970096588134766,101.94999694824219,101.75,101.88999938964844,96600
2005-03-09,51.65385437011719,51.65385437011719,101.69000244140625,101.19000244140625,101.66000366210938,110600
2005-03-10,51.59268569946289,51.59268569946289,101.44999694824219,101.05999755859375,101.44999694824219,173000
2005-03-11,51.633453369140625,51.633453369140625,101.38999938964844,100.98999786376953,101.38999938964844,87600
2005-03-14,51.61305618286133,51.61305618286133,101.25,100.93000030517578,101.1500015258789,129900
2005-03-15,51.623268127441406,51.623268127441406,101.41000366210938,101.05000305175781,101.4000015258789,108000
2005-03-16,51.658973693847656,51.658973693847656,101.48999786376953,101.04000091552734,101.22000122070312,94600
2005-03-17,51.6487922668457,51.6487922668457,101.55999755859375,101.11000061035156,101.48999786376953,191700
2005-03-18,51.61305618286133,51.61305618286133,101.30000305175781,100.94999694824219,101.19999694824219,80800
2005-03-21,51.61305618286133,51.61305618286133,101.33000183105469,101.08999633789062,101.33000183105469,106700
2005-03-22,51.332576751708984,51.332576751708984,101.41999816894531,100.4800033569336,101.4000015258789,181500
2005-03-23,51.39885711669922,51.39885711669922,100.77999877929688,100.25,100.61000061035156,158800
2005-03-24,51.42946243286133,51.42946243286133,100.98999786376953,100.55000305175781,100.6500015258789,101500
2005-03-28,51.32746887207031,51.32746887207031,100.72000122070312,100.41000366210938,100.72000122070312,83100
2005-03-29,51.29685592651367,51.29685592651367,100.87000274658203,100.51000213623047,100.79000091552734,270600
2005-03-30,51.44988250732422,51.44988250732422,101.0999984741211,100.5999984741211,101.0,51600
2005-03-31,51.47536087036133,51.47536087036133,101.2699966430664,100.80000305175781,101.2300033569336,128100
2005-04-01,51.778804779052734,51.778804779052734,101.25,100.72000122070312,101.23999786376953,96200
2005-04-04,51.71739959716797,51.71739959716797,101.23999786376953,100.80000305175781,101.08999633789062,387300
2005-04-05,51.61504364013672,51.61504364013672,101.05999755859375,100.75,101.05999755859375,46500
2005-04-06,51.748138427734375,51.748138427734375,101.19000244140625,100.88999938964844,101.13999938964844,279600
2005-04-07,51.68670654296875,51.68670654296875,101.41999816894531,101.0,101.30999755859375,235900
2005-04-08,51.68670654296875,51.68670654296875,101.06999969482422,100.75,100.98999786376953,130600
2005-04-11,51.783992767333984,51.783992767333984,101.22000122070312,100.86000061035156,101.05000305175781,82200
2005-04-12,51.92725372314453,51.92725372314453,101.61000061035156,101.0,101.08999633789062,150600
2005-04-13,51.99889373779297,51.99889373779297,101.70999908447266,101.37999725341797,101.68000030517578,74600
2005-04-14,52.04494857788086,52.04494857788086,101.75,101.44000244140625,101.66000366210938,185600
2005-04-15,52.22916793823242,52.22916793823242,102.05999755859375,101.61000061035156,101.93000030517578,146900
2005-04-18,52.16776657104492,52.16776657104492,102.0999984741211,101.7300033569336,102.08999633789062,153400
2005-04-19,52.23426818847656,52.23426818847656,102.19999694824219,101.70999908447266,101.87000274658203,100600
2005-04-20,52.2701416015625,52.2701416015625,102.1500015258789,101.70999908447266,101.94000244140625,114900
2005-04-21,52.142173767089844,52.142173767089844,102.11000061035156,101.70999908447266,101.70999908447266,109500
2005-04-22,52.2496452331543,52.2496452331543,102.12000274658203,101.76000213623047,102.05000305175781,44100
2005-04-25,52.22916793823242,52.22916793823242,102.08999633789062,101.86000061035156,102.0,63400
2005-04-26,52.10121536254883,52.10121536254883,102.12000274658203,101.80999755859375,102.12000274658203,68800
2005-04-27,52.31615447998047,52.31615447998047,102.36000061035156,101.94000244140625,102.25,70500
2005-04-28,52.44919204711914,52.44919204711914,102.48999786376953,102.08999633789062,102.19999694824219,75900
2005-04-29,52.362266540527344,52.362266540527344,102.44999694824219,102.05000305175781,102.30999755859375,151000
2005-05-02,52.36427688598633,52.36427688598633,102.0999984741211,101.8499984741211,102.08999633789062,54800
2005-05-03,52.328338623046875,52.328338623046875,102.06999969482422,101.66000366210938,102.06999969482422,708100
2005-05-04,52.38483428955078,52.38483428955078,102.08999633789062,101.6500015258789,101.91999816894531,63900
2005-05-05,52.420753479003906,52.420753479003906,102.30000305175781,101.9000015258789,102.0999984741211,86400
2005-05-06,52.22570037841797,52.22570037841797,101.8499984741211,101.52999877929688,101.83000183105469,70000
2005-05-09,52.184574127197266,52.184574127197266,101.66000366210938,101.51000213623047,101.62999725341797,70300
2005-05-10,52.24103927612305,52.24103927612305,101.94999694824219,101.56999969482422,101.87000274658203,133700
2005-05-11,52.328338623046875,52.328338623046875,102.13999938964844,101.73999786376953,102.02999877929688,75900
2005-05-12,52.45158386230469,52.45158386230469,102.16999816894531,101.6500015258789,101.83999633789062,83400
2005-05-13,52.50296401977539,52.50296401977539,102.33999633789062,102.12000274658203,102.26000213623047,52900
2005-05-16,52.42587661743164,52.42587661743164,102.30999755859375,102.08000183105469,102.26000213623047,82800
2005-05-17,52.48748779296875,52.48748779296875,102.33999633789062,102.12000274658203,102.26000213623047,99400
2005-05-18,52.62611770629883,52.62611770629883,102.55000305175781,102.23999786376953,102.4000015258789,330800
2005-05-19,52.49776840209961,52.49776840209961,102.37000274658203,102.04000091552734,102.31999969482422,64200
2005-05-20,52.436126708984375,52.436126708984375,102.30999755859375,102.01000213623047,102.30999755859375,113600
2005-05-23,52.61073684692383,52.61073684692383,102.48999786376953,102.19999694824219,102.20999908447266,104300
2005-05-24,52.7031364440918,52.7031364440918,102.69999694824219,102.41000366210938,102.62999725341797,81500
2005-05-25,52.692893981933594,52.692893981933594,102.83999633789062,102.5,102.83999633789062,102500
2005-05-26,52.68771743774414,52.68771743774414,102.66000366210938,102.37000274658203,102.55000305175781,69500
2005-05-27,52.65180969238281,52.65180969238281,102.7300033569336,102.41000366210938,102.58999633789062,140400
2005-05-31,52.79558181762695,52.79558181762695,102.9000015258789,102.5999984741211,102.80000305175781,65400
2005-06-01,53.186065673828125,53.186065673828125,103.23999786376953,102.58999633789062,102.69000244140625,266900
2005-06-02,53.149993896484375,53.149993896484375,103.20999908447266,103.02999877929688,103.19999694824219,269800
2005-06-03,53.01609802246094,53.01609802246094,103.47000122070312,102.8499984741211,103.44000244140625,70700
2005-06-06,53.026371002197266,53.026371002197266,103.02999877929688,102.80000305175781,102.94000244140625,104200
2005-06-07,53.16545486450195,53.16545486450195,103.2300033569336,103.04000091552734,103.19999694824219,154400
2005-06-08,53.06758117675781,53.06758117675781,103.20999908447266,102.95999908447266,103.19000244140625,109900
2005-06-09,53.06245040893555,53.06245040893555,103.0199966430664,102.55999755859375,102.94000244140625,107400
2005-06-10,52.856380462646484,52.856380462646484,102.86000061035156,102.5199966430664,102.86000061035156,77700
2005-06-13,52.80998611450195,52.80998611450195,102.58999633789062,102.30999755859375,102.58000183105469,87900
2005-06-14,52.7430419921875,52.7430419921875,102.48999786376953,102.2699966430664,102.4800033569336,129800
2005-06-15,52.712100982666016,52.712100982666016,102.43000030517578,102.19999694824219,102.37000274658203,105800
2005-06-16,52.8718147277832,52.8718147277832,102.66000366210938,102.3499984741211,102.5,89500
2005-06-17,52.8718147277832,52.8718147277832,102.66000366210938,102.4000015258789,102.51000213623047,76100
2005-06-20,52.7532958984375,52.7532958984375,102.5999984741211,102.30999755859375,102.51000213623047,72300
2005-06-21,52.969661712646484,52.969661712646484,102.81999969482422,102.41000366210938,102.66999816894531,75100
2005-06-22,53.196353912353516,53.196353912353516,103.2699966430664,102.70999908447266,103.05000305175781,71600
2005-06-23,53.14488220214844,53.14488220214844,103.2300033569336,103.01000213623047,103.13999938964844,113400
2005-06-24,53.227230072021484,53.227230072021484,103.36000061035156,103.12000274658203,103.33999633789062,171000
2005-06-27,53.26847457885742,53.26847457885742,103.47000122070312,103.27999877929688,103.38999938964844,198400
2005-06-28,53.11396408081055,53.11396408081055,103.33999633789062,103.08999633789062,103.25,93800
2005-06-29,53.08817672729492,53.08817672729492,103.33999633789062,102.88999938964844,103.33999633789062,166800
2005-06-30,53.258174896240234,53.258174896240234,103.37999725341797,102.98999786376953,103.19000244140625,123000
2005-07-01,53.068504333496094,53.068504333496094,102.95999908447266,102.5,102.94000244140625,123100
2005-07-05,52.87214660644531,52.87214660644531,102.5,102.18000030517578,102.33999633789062,141600
2005-07-06,52.9548225402832,52.9548225402832,102.55999755859375,102.33999633789062,102.48999786376953,228700
2005-07-07,53.02198791503906,53.02198791503906,102.81999969482422,102.5,102.69000244140625,166100
2005-07-08,52.9340934753418,52.9340934753418,102.69999694824219,102.38999938964844,102.58999633789062,231100
2005-07-11,52.93929672241211,52.93929672241211,102.47000122070312,102.1500015258789,102.18000030517578,141800
2005-07-12,52.913475036621094,52.913475036621094,102.4800033569336,102.27999877929688,102.4800033569336,127900
2005-07-13,52.84108352661133,52.84108352661133,102.30000305175781,102.06999969482422,102.30000305175781,251100
2005-07-14,52.84108352661133,52.84108352661133,102.37999725341797,102.05999755859375,102.36000061035156,139100
2005-07-15,52.86698913574219,52.86698913574219,102.29000091552734,102.12999725341797,102.19000244140625,111600
2005-07-18,52.77388381958008,52.77388381958008,102.27999877929688,102.04000091552734,102.23999786376953,74300
2005-07-19,52.79975509643555,52.79975509643555,102.29000091552734,102.08999633789062,102.11000061035156,127300
2005-07-20,52.887603759765625,52.887603759765625,102.37999725341797,101.91999816894531,102.01000213623047,159200
2005-07-21,52.61371612548828,52.61371612548828,102.16000366210938,101.79000091552734,102.1500015258789,135000
2005-07-22,52.691219329833984,52.691219329833984,102.12999725341797,101.75,101.94999694824219,125100
2005-07-25,52.691219329833984,52.691219329833984,102.16999816894531,101.77999877929688,101.94999694824219,97400
2005-07-26,52.74806594848633,52.74806594848633,102.05999755859375,101.87999725341797,101.87999725341797,113000
2005-07-27,52.717041015625,52.717041015625,102.08000183105469,101.9000015258789,101.91000366210938,73000
2005-07-28,52.87214660644531,52.87214660644531,102.31999969482422,101.9800033569336,101.9800033569336,403000
2005-07-29,52.70672607421875,52.70672607421875,102.13999938964844,101.80999755859375,102.13999938964844,106000
2005-08-01,52.67607498168945,52.67607498168945,101.6500015258789,101.37999725341797,101.58999633789062,220300
2005-08-02,52.562068939208984,52.562068939208984,101.58000183105469,101.19999694824219,101.5199966430664,90200
2005-08-03,52.733177185058594,52.733177185058594,101.69999694824219,101.3499984741211,101.54000091552734,167700
2005-08-04,52.68132019042969,52.68132019042969,101.69999694824219,101.45999908447266,101.68000030517578,196200
2005-08-05,52.42201232910156,52.42201232910156,101.29000091552734,101.0999984741211,101.2300033569336,86100
2005-08-08,52.41171646118164,52.41171646118164,101.26000213623047,100.97000122070312,101.18000030517578,86400
2005-08-09,52.5050048828125,52.5050048828125,101.26000213623047,101.0,101.18000030517578,103300
2005-08-10,52.51016616821289,52.51016616821289,101.43000030517578,101.1500015258789,101.41000366210938,128400
2005-08-11,52.650211334228516,52.650211334228516,101.56999969482422,101.25,101.30999755859375,126800
2005-08-12,52.80058288574219,52.80058288574219,101.87999725341797,101.54000091552734,101.58999633789062,93400
2005-08-15,52.753936767578125,52.753936767578125,101.8499984741211,101.66999816894531,101.8499984741211,145300
2005-08-16,52.878353118896484,52.878353118896484,102.02999877929688,101.83999633789062,101.83999633789062,279600
2005-08-17,52.76948165893555,52.76948165893555,101.95999908447266,101.5,101.88999938964844,119100
2005-08-18,52.9146728515625,52.9146728515625,102.05000305175781,101.81999969482422,101.9000015258789,85600
2005-08-19,52.86279296875,52.86279296875,102.05000305175781,101.80000305175781,101.88999938964844,73700
2005-08-22,52.90950012207031,52.90950012207031,102.11000061035156,101.8499984741211,101.94999694824219,93800
2005-08-23,52.945743560791016,52.945743560791016,102.25,102.0,102.04000091552734,110900
2005-08-24,53.01316452026367,53.01316452026367,102.2699966430664,102.05999755859375,102.12999725341797,98900
2005-08-25,53.01316452026367,53.01316452026367,102.27999877929688,102.0,102.23999786376953,182200
2005-08-26,52.97169876098633,52.97169876098633,102.25,101.98999786376953,102.22000122070312,103900
2005-08-29,52.99241638183594,52.99241638183594,102.31999969482422,102.06999969482422,102.19999694824219,97700
2005-08-30,53.122074127197266,53.122074127197266,102.58000183105469,102.30000305175781,102.33999633789062,127800
2005-08-31,53.329463958740234,53.329463958740234,102.91000366210938,102.43000030517578,102.69000244140625,112200
2005-09-01,53.40229415893555,53.40229415893555,102.80999755859375,102.37999725341797,102.54000091552734,104900
2005-09-02,53.37627029418945,53.37627029418945,102.75,102.38999938964844,102.47000122070312,264800
2005-09-06,53.272274017333984,53.272274017333984,102.62000274658203,102.18000030517578,102.55000305175781,121300
2005-09-07,53.183773040771484,53.183773040771484,102.33000183105469,102.0999984741211,102.29000091552734,96300
2005-09-08,53.178619384765625,53.178619384765625,102.31999969482422,102.08000183105469,102.30000305175781,130900
2005-09-09,53.163028717041016,53.163028717041016,102.38999938964844,102.01000213623047,102.12999725341797,234600
2005-09-12,53.090171813964844,53.090171813964844,102.19000244140625,101.87999725341797,102.0,106300
2005-09-13,53.22023010253906,53.22023010253906,102.37000274658203,102.08999633789062,102.0999984741211,105900
2005-09-14,53.163028717041016,53.163028717041016,102.33000183105469,101.9000015258789,102.29000091552734,171500
2005-09-15,53.03290939331055,53.03290939331055,102.20999908447266,101.75,102.05000305175781,165800
2005-09-16,52.913238525390625,52.913238525390625,101.94999694824219,101.62999725341797,101.94000244140625,86400
2005-09-19,52.96011734008789,52.96011734008789,101.87999725341797,101.56999969482422,101.68000030517578,96000
2005-09-20,52.92367935180664,52.92367935180664,101.9000015258789,101.43000030517578,101.83999633789062,219700
2005-09-21,53.043338775634766,53.043338775634766,102.12999725341797,101.7699966430664,102.08999633789062,233300
2005-09-22,53.090171813964844,53.090171813964844,102.19999694824219,101.91999816894531,102.08999633789062,396000
2005-09-23,52.996524810791016,52.996524810791016,102.04000091552734,101.80000305175781,102.04000091552734,85200
2005-09-26,52.86644744873047,52.86644744873047,101.76000213623047,101.54000091552734,101.6500015258789,126100
2005-09-27,52.830055236816406,52.830055236816406,101.79000091552734,101.30000305175781,101.68000030517578,297900
2005-09-28,52.9757080078125,52.9757080078125,101.86000061035156,101.45999908447266,101.63999938964844,233800
2005-09-29,52.85602951049805,52.85602951049805,101.79000091552734,101.56999969482422,101.72000122070312,137100
2005-09-30,52.830055236816406,52.830055236816406,101.76000213623047,101.33999633789062,101.69000244140625,127300
2005-10-03,52.65096664428711,52.65096664428711,101.12000274658203,100.66000366210938,101.0,86200
2005-10-04,52.72407150268555,52.72407150268555,101.08000183105469,100.83000183105469,101.02999877929688,136500
2005-10-05,52.80760955810547,52.80760955810547,101.22000122070312,100.94999694824219,101.05000305175781,608800
2005-10-06,52.771080017089844,52.771080017089844,101.22000122070312,100.94999694824219,101.22000122070312,129500
2005-10-07,52.71886444091797,52.71886444091797,101.2300033569336,100.8499984741211,100.94999694824219,81100
2005-10-10,52.786712646484375,52.786712646484375,101.23999786376953,101.0,101.08999633789062,90100
2005-10-11,52.63011932373047,52.63011932373047,101.19000244140625,100.81999969482422,101.13999938964844,128600
2005-10-12,52.60923385620117,52.60923385620117,100.98999786376953,100.72000122070312,100.81999969482422,151000
2005-10-13,52.473533630371094,52.473533630371094,100.72000122070312,100.30999755859375,100.66000366210938,108000
2005-10-14,52.45787811279297,52.45787811279297,100.80999755859375,100.33000183105469,100.5999984741211,103500
2005-10-17,52.541385650634766,52.541385650634766,100.80000305175781,100.54000091552734,100.76000213623047,94600
2005-10-18,52.520503997802734,52.520503997802734,100.77999877929688,100.5199966430664,100.76000213623047,113200
2005-10-19,52.61444854736328,52.61444854736328,100.95999908447266,100.73999786376953,100.73999786376953,138100
2005-10-20,52.624881744384766,52.624881744384766,100.83000183105469,100.55000305175781,100.73999786376953,145000
2005-10-21,52.75015640258789,52.75015640258789,101.19000244140625,100.7300033569336,100.94000244140625,285800
2005-10-24,52.640560150146484,52.640560150146484,101.11000061035156,100.7300033569336,101.06999969482422,137000
2005-10-25,52.483951568603516,52.483951568603516,100.95999908447266,100.3499984741211,100.72000122070312,481600
2005-10-26,52.27519989013672,52.27519989013672,100.4000015258789,100.02999877929688,100.37999725341797,134900
2005-10-27,52.395263671875,52.395263671875,100.44999694824219,100.04000091552734,100.38999938964844,73100
2005-10-28,52.311744689941406,52.311744689941406,100.5,100.04000091552734,100.48999786376953,85700
2005-10-31,52.30647659301758,52.30647659301758,100.43000030517578,100.05999755859375,100.0999984741211,91300
2005-11-01,52.324302673339844,52.324302673339844,100.11000061035156,99.7699966430664,100.08000183105469,428000
2005-11-02,52.27716827392578,52.27716827392578,99.97000122070312,99.66000366210938,99.88999938964844,104800
2005-11-03,52.09901809692383,52.09901809692383,99.8499984741211,99.33999633789062,99.79000091552734,158100
2005-11-04,52.15144348144531,52.15144348144531,99.70999908447266,99.4000015258789,99.58999633789062,121200
2005-11-07,52.156700134277344,52.156700134277344,99.73999786376953,99.3499984741211,99.69000244140625,128300
2005-11-08,52.33479690551758,52.33479690551758,100.01000213623047,99.66999816894531,99.88999938964844,171300
2005-11-09,52.198585510253906,52.198585510253906,99.88999938964844,99.56999969482422,99.87999725341797,132600
2005-11-10,52.38191223144531,52.38191223144531,100.0199966430664,99.54000091552734,99.73999786376953,177700
2005-11-11,52.434303283691406,52.434303283691406,100.19999694824219,99.81999969482422,99.81999969482422,77800
2005-11-14,52.2562141418457,52.2562141418457,100.0,99.58000183105469,99.9800033569336,530600
2005-11-15,52.32952880859375,52.32952880859375,100.02999877929688,99.69000244140625,99.8499984741211,209100
2005-11-16,52.45006561279297,52.45006561279297,100.30999755859375,99.9000015258789,100.08999633789062,150000
2005-11-17,52.46577835083008,52.46577835083008,100.45999908447266,100.0199966430664,100.2300033569336,274600
2005-11-18,52.44482421875,52.44482421875,100.4000015258789,99.97000122070312,100.33000183105469,127300
2005-11-21,52.61246109008789,52.61246109008789,100.51000213623047,100.23999786376953,100.44000244140625,194000
2005-11-22,52.7486457824707,52.7486457824707,100.73999786376953,100.30000305175781,100.48999786376953,202700
2005-11-23,52.71196365356445,52.71196365356445,100.7699966430664,100.37000274658203,100.73999786376953,230400
2005-11-25,52.759090423583984,52.759090423583984,100.70999908447266,100.52999877929688,100.6500015258789,31200
2005-11-28,52.685787200927734,52.685787200927734,100.8499984741211,100.48999786376953,100.5,211400
2005-11-29,52.61246109008789,52.61246109008789,100.83000183105469,100.30000305175781,100.80000305175781,199900
2005-11-30,52.50246810913086,52.50246810913086,100.52999877929688,100.08000183105469,100.5199966430664,158200
2005-12-01,52.42831039428711,52.42831039428711,100.11000061035156,99.5199966430664,99.9000015258789,520700
2005-12-02,52.42831039428711,52.42831039428711,99.87999725341797,99.58999633789062,99.83999633789062,151700
2005-12-05,52.454593658447266,52.454593658447266,99.86000061035156,99.36000061035156,99.80000305175781,308600
2005-12-06,52.5439453125,52.5439453125,100.0,99.66999816894531,99.86000061035156,186000
2005-12-07,52.47561264038086,52.47561264038086,100.05999755859375,99.66999816894531,100.0,200800
2005-12-08,52.74379348754883,52.74379348754883,100.30999755859375,99.9000015258789,100.0,137100
2005-12-09,52.56497573852539,52.56497573852539,100.16999816894531,99.7300033569336,100.1500015258789,175800
2005-12-12,52.454593658447266,52.454593658447266,100.08999633789062,99.69999694824219,100.05000305175781,122400
2005-12-13,52.654380798339844,52.654380798339844,100.12999725341797,99.69000244140625,99.75,152200
2005-12-14,52.7963981628418,52.7963981628418,100.48999786376953,100.13999938964844,100.23999786376953,202200
2005-12-15,52.74379348754883,52.74379348754883,100.44000244140625,100.01000213623047,100.4000015258789,300500
2005-12-16,52.73855972290039,52.73855972290039,100.58000183105469,100.18000030517578,100.56999969482422,779300
2005-12-19,52.78056335449219,52.78056335449219,100.5999984741211,100.26000213623047,100.44000244140625,196700
2005-12-20,52.7963981628418,52.7963981628418,100.51000213623047,100.2300033569336,100.4000015258789,142200
2005-12-21,52.7963981628418,52.7963981628418,100.43000030517578,100.12999725341797,100.38999938964844,179400
2005-12-22,52.91205978393555,52.91205978393555,100.63999938964844,100.4000015258789,100.5,171200
2005-12-23,53.04879379272461,53.04879379272461,100.94000244140625,100.37000274658203,100.37000274658203,154300
2005-12-27,53.18551254272461,53.18551254272461,101.13999938964844,100.80000305175781,100.86000061035156,204100
2005-12-28,52.997615814208984,52.997615814208984,100.68000030517578,100.27999877929688,100.68000030517578,1387300
2005-12-29,53.03451919555664,53.03451919555664,100.66000366210938,100.29000091552734,100.41000366210938,185200
2005-12-30,53.09788513183594,53.09788513183594,100.76000213623047,100.27999877929688,100.55999755859375,141000
2006-01-03,53.12429428100586,53.12429428100586,100.72000122070312,100.36000061035156,100.47000122070312,170600
2006-01-04,53.2509651184082,53.2509651184082,100.87999725341797,100.61000061035156,100.69000244140625,284500
2006-01-05,53.2509651184082,53.2509651184082,100.91000366210938,100.61000061035156,100.81999969482422,203100
2006-01-06,53.12955856323242,53.12955856323242,100.88999938964844,100.5999984741211,100.87999725341797,201100
2006-01-09,53.187652587890625,53.187652587890625,100.88999938964844,100.5999984741211,100.73999786376953,170500
2006-01-10,53.0820426940918,53.0820426940918,100.83999633789062,100.55000305175781,100.81999969482422,251500
2006-01-11,53.04511642456055,53.04511642456055,100.75,100.41000366210938,100.7300033569336,111000
2006-01-12,53.18235778808594,53.18235778808594,100.80999755859375,100.3499984741211,100.5199966430664,188200
2006-01-13,53.33014678955078,53.33014678955078,101.12999725341797,100.80999755859375,100.87999725341797,108400
2006-01-17,53.35651779174805,53.35651779174805,101.12999725341797,100.79000091552734,101.05000305175781,253000
2006-01-18,53.41991424560547,53.41991424560547,101.3499984741211,101.0,101.3499984741211,142600
2006-01-19,53.34070587158203,53.34070587158203,101.11000061035156,100.80999755859375,101.04000091552734,156500
2006-01-20,53.36711883544922,53.36711883544922,101.19000244140625,100.80000305175781,101.08999633789062,134100
2006-01-23,53.36711883544922,53.36711883544922,101.19999694824219,100.9000015258789,101.0199966430664,221900
2006-01-24,53.2773551940918,53.2773551940918,101.12999725341797,100.80000305175781,101.0999984741211,209400
2006-01-25,53.14542770385742,53.14542770385742,100.93000030517578,100.4000015258789,100.93000030517578,162600
2006-01-26,52.98171615600586,52.98171615600586,100.5999984741211,100.16000366210938,100.55000305175781,183800
2006-01-27,53.05038833618164,53.05038833618164,100.58999633789062,100.25,100.58999633789062,164400
2006-01-30,53.055633544921875,53.055633544921875,100.54000091552734,100.2699966430664,100.5,130800
2006-01-31,53.06620407104492,53.06620407104492,100.5999984741211,100.25,100.51000213623047,174300
2006-02-01,52.91837692260742,52.91837692260742,100.19999694824219,99.80000305175781,100.1500015258789,459300
2006-02-02,52.95547866821289,52.95547866821289,100.11000061035156,99.80999755859375,99.98999786376953,150400
2006-02-03,53.10383605957031,53.10383605957031,100.2300033569336,99.80000305175781,99.83999633789062,145000
2006-02-06,53.093223571777344,53.093223571777344,100.29000091552734,100.01000213623047,100.06999969482422,119800
2006-02-07,53.056175231933594,53.056175231933594,100.33999633789062,99.93000030517578,100.33000183105469,122900
2006-02-08,53.029693603515625,53.029693603515625,100.23999786376953,100.02999877929688,100.19000244140625,146800
2006-02-09,53.06147003173828,53.06147003173828,100.25,99.91000366210938,100.12999725341797,144200
2006-02-10,52.950199127197266,52.950199127197266,100.2300033569336,99.81999969482422,100.13999938964844,118100
2006-02-13,52.98728942871094,52.98728942871094,100.01000213623047,99.81999969482422,99.98999786376953,109600
2006-02-14,52.902523040771484,52.902523040771484,99.9800033569336,99.75,99.8499984741211,237600
2006-02-15,52.96080780029297,52.96080780029297,100.0999984741211,99.81999969482422,100.08000183105469,199000
2006-02-16,52.907833099365234,52.907833099365234,100.05000305175781,99.8499984741211,99.94999694824219,148300
2006-02-17,53.12499237060547,53.12499237060547,100.30999755859375,99.91999816894531,99.91999816894531,155800
2006-02-21,52.928985595703125,52.928985595703125,100.29000091552734,99.87999725341797,100.2699966430664,276700
2006-02-22,53.140926361083984,53.140926361083984,100.41000366210938,100.13999938964844,100.13999938964844,79400
2006-02-23,53.10909652709961,53.10909652709961,100.33999633789062,100.04000091552734,100.33999633789062,157900
2006-02-24,53.15150451660156,53.15150451660156,100.4000015258789,100.02999877929688,100.12999725341797,150500
2006-02-27,53.04023742675781,53.04023742675781,100.41999816894531,100.02999877929688,100.38999938964844,189300
2006-02-28,53.15150451660156,53.15150451660156,100.56999969482422,100.30000305175781,100.45999908447266,169000
2006-03-01,53.15313720703125,53.15313720703125,100.1500015258789,99.77999877929688,100.12000274658203,182800
2006-03-02,53.02015686035156,53.02015686035156,99.8499984741211,99.47000122070312,99.8499984741211,134000
2006-03-03,52.91379928588867,52.91379928588867,99.62999725341797,99.41999816894531,99.62999725341797,229300
2006-03-06,52.621337890625,52.621337890625,99.45999908447266,98.91999816894531,99.4000015258789,237300
2006-03-07,52.75429916381836,52.75429916381836,99.37000274658203,99.0999984741211,99.25,211200
2006-03-08,52.78085708618164,52.78085708618164,99.3499984741211,99.0999984741211,99.3499984741211,196100
2006-03-09,52.71173858642578,52.71173858642578,99.38999938964844,99.08000183105469,99.30999755859375,105700
2006-03-10,52.7330322265625,52.7330322265625,99.31999969482422,98.97000122070312,99.2300033569336,85600
2006-03-13,52.82872009277344,52.82872009277344,99.33999633789062,99.18000030517578,99.26000213623047,198900
2006-03-14,53.004180908203125,53.004180908203125,99.66999816894531,99.30000305175781,99.41000366210938,345800
2006-03-15,52.86064529418945,52.86064529418945,99.58000183105469,99.27999877929688,99.37999725341797,181100
2006-03-16,53.08399963378906,53.08399963378906,99.87999725341797,99.52999877929688,99.61000061035156,122000
2006-03-17,52.96699523925781,52.96699523925781,99.79000091552734,99.5,99.79000091552734,253400
2006-03-20,52.94573211669922,52.94573211669922,99.75,99.54000091552734,99.69999694824219,460900
2006-03-21,52.80744552612305,52.80744552612305,99.6500015258789,99.2300033569336,99.58000183105469,165400
2006-03-22,52.90315628051758,52.90315628051758,99.72000122070312,99.44999694824219,99.62000274658203,117200
2006-03-23,52.86064529418945,52.86064529418945,99.73999786376953,99.4000015258789,99.69999694824219,168700
2006-03-24,52.95098876953125,52.95098876953125,99.9000015258789,99.5,99.58000183105469,109300
2006-03-27,52.99358367919922,52.99358367919922,99.75,99.5,99.70999908447266,190100
2006-03-28,52.86064529418945,52.86064529418945,99.63999938964844,99.30000305175781,99.5999984741211,181600
2006-03-29,52.75429916381836,52.75429916381836,99.41000366210938,99.01000213623047,99.31999969482422,370200
2006-03-30,52.51495361328125,52.51495361328125,99.2300033569336,98.69999694824219,99.11000061035156,857800
2006-03-31,52.69044494628906,52.69044494628906,99.16999816894531,98.91000366210938,98.91000366210938,154000
2006-04-03,52.63866424560547,52.63866424560547,98.68000030517578,98.41999816894531,98.52999877929688,175400
2006-04-04,52.708091735839844,52.708091735839844,98.87999725341797,98.5999984741211,98.66000366210938,499500
2006-04-05,52.74542236328125,52.74542236328125,98.95999908447266,98.69999694824219,98.95999908447266,195900
2006-04-06,52.70271682739258,52.70271682739258,98.80000305175781,98.5999984741211,98.79000091552734,282000
2006-04-07,52.5265007019043,52.5265007019043,98.56999969482422,98.16999816894531,98.56999969482422,250100
2006-04-10,52.47854995727539,52.47854995727539,98.33000183105469,98.05999755859375,98.05999755859375,267400
2006-04-11,52.58525848388672,52.58525848388672,98.58999633789062,98.26000213623047,98.48999786376953,194800
2006-04-12,52.53717803955078,52.53717803955078,98.63999938964844,98.20999908447266,98.41999816894531,171400
2006-04-13,52.430442810058594,52.430442810058594,98.3499984741211,98.05000305175781,98.19000244140625,182200
2006-04-17,52.515865325927734,52.515865325927734,98.38999938964844,98.05000305175781,98.25,109200
2006-04-18,52.47854995727539,52.47854995727539,98.5,98.2699966430664,98.37000274658203,205900
2006-04-19,52.5265007019043,52.5265007019043,98.44999694824219,98.0999984741211,98.41000366210938,233000
2006-04-20,52.446441650390625,52.446441650390625,98.44000244140625,98.05999755859375,98.41000366210938,242300
2006-04-21,52.4411506652832,52.4411506652832,98.41999816894531,98.08000183105469,98.23999786376953,396000
2006-04-24,52.63866424560547,52.63866424560547,98.6500015258789,98.31999969482422,98.48999786376953,141300
2006-04-25,52.46249008178711,52.46249008178711,98.55000305175781,98.02999877929688,98.55000305175781,110000
2006-04-26,52.37168502807617,52.37168502807617,98.19999694824219,97.94999694824219,98.12000274658203,128300
2006-04-27,52.49452209472656,52.49452209472656,98.45999908447266,97.94999694824219,98.0,143400
2006-04-28,52.611961364746094,52.611961364746094,98.55000305175781,98.20999908447266,98.44000244140625,219900
2006-05-01,52.40571594238281,52.40571594238281,98.08999633789062,97.68000030517578,98.08999633789062,163000
2006-05-02,52.45924377441406,52.45924377441406,97.95999908447266,97.69999694824219,97.83000183105469,123000
2006-05-03,52.42170333862305,52.42170333862305,97.93000030517578,97.51000213623047,97.88999938964844,128600
2006-05-04,52.394893646240234,52.394893646240234,97.86000061035156,97.33999633789062,97.33999633789062,103100
2006-05-05,52.49140548706055,52.49140548706055,98.13999938964844,97.7699966430664,98.13999938964844,128600
2006-05-08,52.52888107299805,52.52888107299805,98.05000305175781,97.86000061035156,97.98999786376953,116000
2006-05-09,52.502098083496094,52.502098083496094,98.0199966430664,97.86000061035156,97.94000244140625,172500
2006-05-10,52.44318389892578,52.44318389892578,98.19000244140625,97.22000122070312,97.97000122070312,170700
2006-05-11,52.411048889160156,52.411048889160156,97.91000366210938,97.69999694824219,97.91000366210938,186900
2006-05-12,52.298500061035156,52.298500061035156,97.80000305175781,97.37000274658203,97.72000122070312,181800
2006-05-15,52.33063507080078,52.33063507080078,97.87000274658203,97.61000061035156,97.69999694824219,126100
2006-05-16,52.587833404541016,52.587833404541016,98.16999816894531,97.6500015258789,97.6500015258789,471300
2006-05-17,52.43782424926758,52.43782424926758,97.8499984741211,97.41000366210938,97.76000213623047,163200
2006-05-18,52.65754318237305,52.65754318237305,98.26000213623047,98.04000091552734,98.06999969482422,224200
2006-05-19,52.64676284790039,52.64676284790039,98.41000366210938,98.12999725341797,98.16999816894531,316800
2006-05-22,52.65754318237305,52.65754318237305,98.55000305175781,98.16999816894531,98.43000030517578,374300
2006-05-23,52.5128059387207,52.5128059387207,98.19999694824219,97.91000366210938,98.05000305175781,246100
2006-05-24,52.52354431152344,52.52354431152344,98.41999816894531,98.01000213623047,98.19000244140625,192300
2006-05-25,52.51818084716797,52.51818084716797,98.38999938964844,97.91999816894531,98.25,189500
2006-05-26,52.74329376220703,52.74329376220703,98.52999877929688,98.01000213623047,98.29000091552734,275000
2006-05-30,52.6253547668457,52.6253547668457,98.2699966430664,98.0999984741211,98.19999694824219,203400
2006-05-31,52.50749206542969,52.50749206542969,98.30999755859375,97.91000366210938,98.30999755859375,415500
2006-06-01,52.46604919433594,52.46604919433594,97.72000122070312,97.41000366210938,97.63999938964844,461500
2006-06-02,52.869510650634766,52.869510650634766,98.27999877929688,98.0,98.1500015258789,115500
2006-06-05,52.6973991394043,52.6973991394043,98.26000213623047,97.94999694824219,97.95999908447266,356200
2006-06-06,52.83726119995117,52.83726119995117,98.25,97.87999725341797,98.08000183105469,255500
2006-06-07,52.67048645019531,52.67048645019531,98.13999938964844,97.8499984741211,98.12000274658203,320000
2006-06-08,52.847999572753906,52.847999572753906,98.44000244140625,98.01000213623047,98.18000030517578,205100
2006-06-09,52.923362731933594,52.923362731933594,98.41000366210938,98.11000061035156,98.11000061035156,166800
2006-06-12,52.7619514465332,52.7619514465332,98.36000061035156,98.05999755859375,98.36000061035156,193700
2006-06-13,52.912574768066406,52.912574768066406,98.44000244140625,98.11000061035156,98.4000015258789,258900
2006-06-14,52.713531494140625,52.713531494140625,98.25,97.8499984741211,98.19999694824219,158000
2006-06-15,52.62743377685547,52.62743377685547,97.94000244140625,96.0,97.91999816894531,114800
2006-06-16,52.595123291015625,52.595123291015625,98.0,97.55999755859375,97.97000122070312,227900
2006-06-19,52.455291748046875,52.455291748046875,97.75,97.41999816894531,97.63999938964844,164400
2006-06-20,52.487545013427734,52.487545013427734,97.62999725341797,97.41999816894531,97.61000061035156,109200
2006-06-21,52.50371551513672,52.50371551513672,97.69000244140625,97.41000366210938,97.51000213623047,95700
2006-06-22,52.27773666381836,52.27773666381836,97.58000183105469,97.08000183105469,97.58000183105469,248700
2006-06-23,52.304603576660156,52.304603576660156,97.30999755859375,97.11000061035156,97.2300033569336,331800
2006-06-26,52.15396499633789,52.15396499633789,97.27999877929688,96.91000366210938,97.01000213623047,561200
2006-06-27,52.299251556396484,52.299251556396484,97.30000305175781,97.01000213623047,97.27999877929688,746000
2006-06-28,52.2454833984375,52.2454833984375,97.36000061035156,97.0999984741211,97.36000061035156,108000
2006-06-29,52.42838668823242,52.42838668823242,97.47000122070312,97.0999984741211,97.1500015258789,248100
2006-06-30,52.422996520996094,52.422996520996094,97.62000274658203,97.4000015258789,97.55000305175781,187400
2006-07-03,52.50294876098633,52.50294876098633,97.36000061035156,96.98999786376953,96.98999786376953,88800
2006-07-05,52.346282958984375,52.346282958984375,97.22000122070312,96.70999908447266,97.22000122070312,260100
2006-07-06,52.39490509033203,52.39490509033203,97.08999633789062,96.87000274658203,97.08999633789062,137000
2006-07-07,52.5893440246582,52.5893440246582,97.54000091552734,97.11000061035156,97.12999725341797,427600
2006-07-10,52.63798522949219,52.63798522949219,97.54000091552734,97.36000061035156,97.4800033569336,92600
2006-07-11,52.72437286376953,52.72437286376953,97.69999694824219,97.45999908447266,97.5999984741211,204000
2006-07-12,52.756805419921875,52.756805419921875,97.66999816894531,97.4000015258789,97.5,173100
2006-07-13,52.80002975463867,52.80002975463867,97.80000305175781,97.52999877929688,97.52999877929688,499200
2006-07-14,52.87020492553711,52.87020492553711,97.88999938964844,97.62999725341797,97.80000305175781,738700
2006-07-17,52.756805419921875,52.756805419921875,97.83000183105469,97.6500015258789,97.79000091552734,187300
2006-07-18,52.71900939941406,52.71900939941406,97.69999694824219,97.47000122070312,97.58000183105469,223900
2006-07-19,52.924278259277344,52.924278259277344,97.9800033569336,97.41000366210938,97.47000122070312,121400
2006-07-20,52.978271484375,52.978271484375,98.16000366210938,97.80999755859375,97.83999633789062,91500
2006-07-21,52.94585418701172,52.94585418701172,98.27999877929688,98.01000213623047,98.26000213623047,139800
2006-07-24,53.02690124511719,53.02690124511719,98.20999908447266,98.05000305175781,98.08000183105469,172500
2006-07-25,52.983680725097656,52.983680725097656,98.16000366210938,97.93000030517578,98.16000366210938,86500
2006-07-26,53.016109466552734,53.016109466552734,98.33000183105469,97.94999694824219,98.05999755859375,117200
2006-07-27,53.102542877197266,53.102542877197266,98.4000015258789,98.05000305175781,98.29000091552734,135700
2006-07-28,53.21598434448242,53.21598434448242,98.58999633789062,98.36000061035156,98.52999877929688,105400
2006-07-31,53.151119232177734,53.151119232177734,98.61000061035156,98.4000015258789,98.5,491100
2006-08-01,53.28078842163086,53.28078842163086,98.25,97.91000366210938,98.18000030517578,195000
2006-08-02,53.30242156982422,53.30242156982422,98.43000030517578,98.19999694824219,98.33999633789062,127400
2006-08-03,53.313289642333984,53.313289642333984,98.44000244140625,98.1500015258789,98.38999938964844,330100
2006-08-04,53.4814453125,53.4814453125,98.70999908447266,98.55000305175781,98.55000305175781,136000
2006-08-07,53.48688888549805,53.48688888549805,98.66999816894531,98.51000213623047,98.62000274658203,209400
2006-08-08,53.48688888549805,53.48688888549805,98.7699966430664,98.51000213623047,98.58999633789062,137300
2006-08-09,53.530269622802734,53.530269622802734,98.70999908447266,98.44999694824219,98.44999694824219,131700
2006-08-10,53.50315856933594,53.50315856933594,98.69999694824219,98.3499984741211,98.69000244140625,143700
2006-08-11,53.41096496582031,53.41096496582031,98.5199966430664,98.38999938964844,98.5199966430664,109600
2006-08-14,53.35123825073242,53.35123825073242,98.44000244140625,98.23999786376953,98.41999816894531,195400
2006-08-15,53.4814453125,53.4814453125,98.73999786376953,98.52999877929688,98.66000366210938,269400
2006-08-16,53.66044235229492,53.66044235229492,99.05000305175781,98.9000015258789,99.05000305175781,188300
2006-08-17,53.6658821105957,53.6658821105957,99.13999938964844,98.91000366210938,99.13999938964844,143200
2006-08-18,53.703819274902344,53.703819274902344,99.16000366210938,98.98999786376953,99.12000274658203,449000
2006-08-21,53.834014892578125,53.834014892578125,99.26000213623047,99.06999969482422,99.19000244140625,350600
2006-08-22,53.84490966796875,53.84490966796875,99.30000305175781,99.12999725341797,99.20999908447266,432000
2006-08-23,53.82317352294922,53.82317352294922,99.30000305175781,99.05999755859375,99.19999694824219,157200
2006-08-24,53.81776809692383,53.81776809692383,99.37000274658203,99.22000122070312,99.36000061035156,199600
2006-08-25,53.87200927734375,53.87200927734375,99.44000244140625,99.22000122070312,99.31999969482422,173600
2006-08-28,53.82317352294922,53.82317352294922,99.4000015258789,99.18000030517578,99.22000122070312,294200
2006-08-29,53.84490966796875,53.84490966796875,99.30000305175781,99.05000305175781,99.26000213623047,134600
2006-08-30,53.92618179321289,53.92618179321289,99.44999694824219,99.30999755859375,99.30999755859375,146500
2006-08-31,53.996768951416016,53.996768951416016,99.72000122070312,99.45999908447266,99.48999786376953,169200
2006-09-01,54.00383377075195,54.00383377075195,99.29000091552734,99.05999755859375,99.1500015258789,125000
2006-09-05,53.93844985961914,53.93844985961914,99.29000091552734,99.04000091552734,99.19999694824219,137500
2006-09-06,53.94938278198242,53.94938278198242,99.12000274658203,98.94000244140625,99.01000213623047,142200
2006-09-07,53.93302536010742,53.93302536010742,99.23999786376953,98.95999908447266,99.05000305175781,273300
2006-09-08,54.00383377075195,54.00383377075195,99.33000183105469,99.16999816894531,99.2699966430664,120400
2006-09-11,53.96573257446289,53.96573257446289,99.30000305175781,99.05999755859375,99.26000213623047,190800
2006-09-12,54.09639358520508,54.09639358520508,99.37000274658203,99.08999633789062,99.16999816894531,126600
2006-09-13,54.13993453979492,54.13993453979492,99.52999877929688,99.31999969482422,99.48999786376953,130600
2006-09-14,54.063743591308594,54.063743591308594,99.45999908447266,99.26000213623047,99.38999938964844,172400
2006-09-15,54.04737854003906,54.04737854003906,99.44999694824219,99.25,99.44999694824219,122500
2006-09-18,54.0364990234375,54.0364990234375,99.25,98.86000061035156,98.86000061035156,237400
2006-09-19,54.1617546081543,54.1617546081543,99.56999969482422,99.4000015258789,99.47000122070312,133100
2006-09-20,54.22162628173828,54.22162628173828,99.75,99.51000213623047,99.69000244140625,215500
2006-09-21,54.45582962036133,54.45582962036133,100.02999877929688,99.5,99.69000244140625,259600
2006-09-22,54.488441467285156,54.488441467285156,100.23999786376953,100.05000305175781,100.12999725341797,271000
2006-09-25,54.59738540649414,54.59738540649414,100.41999816894531,100.22000122070312,100.26000213623047,177400
2006-09-26,54.5919189453125,54.5919189453125,100.37999725341797,100.20999908447266,100.3499984741211,340200
2006-09-27,54.57014846801758,54.57014846801758,100.52999877929688,100.20999908447266,100.4000015258789,430400
2006-09-28,54.586456298828125,54.586456298828125,100.29000091552734,100.08000183105469,100.29000091552734,155400
2006-09-29,54.54295349121094,54.54295349121094,100.3499984741211,100.08000183105469,100.22000122070312,414400
2006-10-02,54.594322204589844,54.594322204589844,99.94999694824219,99.69999694824219,99.73999786376953,174200
2006-10-03,54.58344650268555,54.58344650268555,99.9000015258789,99.61000061035156,99.88999938964844,342400
2006-10-04,54.79669952392578,54.79669952392578,100.22000122070312,99.80999755859375,99.9000015258789,252200
2006-10-05,54.627166748046875,54.627166748046875,100.11000061035156,99.9000015258789,100.11000061035156,207800
2006-10-06,54.424835205078125,54.424835205078125,99.86000061035156,99.52999877929688,99.86000061035156,328500
2006-10-09,54.53965377807617,54.53965377807617,99.75,99.58000183105469,99.62000274658203,181900
2006-10-10,54.326438903808594,54.326438903808594,99.5,99.31999969482422,99.47000122070312,336400
2006-10-11,54.2662467956543,54.2662467956543,99.51000213623047,99.1500015258789,99.4800033569336,275600
2006-10-12,54.3209342956543,54.3209342956543,99.5,99.23999786376953,99.33999633789062,261200
2006-10-13,54.1842041015625,54.1842041015625,99.22000122070312,99.05999755859375,99.19999694824219,257400
2006-10-16,54.27168655395508,54.27168655395508,99.33999633789062,99.1500015258789,99.33999633789062,192400
2006-10-17,54.3537483215332,54.3537483215332,99.5999984741211,99.31999969482422,99.58000183105469,144600
2006-10-18,54.419395446777344,54.419395446777344,99.55000305175781,99.36000061035156,99.41999816894531,304700
2006-10-19,54.39202880859375,54.39202880859375,99.4800033569336,99.29000091552734,99.38999938964844,174200
2006-10-20,54.37564468383789,54.37564468383789,99.5,99.36000061035156,99.4800033569336,143300
2006-10-23,54.217037200927734,54.217037200927734,99.25,99.11000061035156,99.19999694824219,199000
2006-10-24,54.2772216796875,54.2772216796875,99.31999969482422,99.19999694824219,99.23999786376953,209000
2006-10-25,54.40843963623047,54.40843963623047,99.58999633789062,99.19999694824219,99.19999694824219,239900
2006-10-26,54.594322204589844,54.594322204589844,99.86000061035156,99.5999984741211,99.69000244140625,185900
2006-10-27,54.70366668701172,54.70366668701172,100.12000274658203,99.81999969482422,100.12000274658203,266300
2006-10-30,54.71463394165039,54.71463394165039,100.06999969482422,99.93000030517578,100.0199966430664,175300
2006-10-31,54.916961669921875,54.916961669921875,100.43000030517578,100.0199966430664,100.05999755859375,189800
2006-11-01,55.01144027709961,55.01144027709961,100.19000244140625,99.80000305175781,100.05000305175781,773100
2006-11-02,54.950984954833984,54.950984954833984,100.08999633789062,99.9800033569336,100.0,249400
2006-11-03,54.665496826171875,54.665496826171875,99.69999694824219,99.37999725341797,99.66000366210938,172600
2006-11-06,54.665496826171875,54.665496826171875,99.62999725341797,99.41999816894531,99.5,240000
2006-11-07,54.802791595458984,54.802791595458984,100.0,99.7699966430664,99.8499984741211,225400
2006-11-08,54.950984954833984,54.950984954833984,100.08999633789062,99.86000061035156,99.86000061035156,185400
2006-11-09,54.96748733520508,54.96748733520508,100.12000274658203,99.94999694824219,100.02999877929688,127200
2006-11-10,55.08829116821289,55.08829116821289,100.33999633789062,100.12000274658203,100.25,145400
2006-11-13,55.022396087646484,55.022396087646484,100.25,100.05000305175781,100.16999816894531,187800
2006-11-14,55.09927749633789,55.09927749633789,100.4800033569336,100.29000091552734,100.44000244140625,191800
2006-11-15,54.99497985839844,54.99497985839844,100.27999877929688,100.06999969482422,100.27999877929688,213000
2006-11-16,54.945499420166016,54.945499420166016,100.37000274658203,99.9800033569336,100.36000061035156,305100
2006-11-17,55.08829116821289,55.08829116821289,100.3499984741211,100.08000183105469,100.11000061035156,534400
2006-11-20,55.1267204284668,55.1267204284668,100.43000030517578,100.23999786376953,100.3499984741211,222200
2006-11-21,55.1981201171875,55.1981201171875,100.54000091552734,100.30000305175781,100.38999938964844,251200
2006-11-22,55.27501678466797,55.27501678466797,100.68000030517578,100.44999694824219,100.47000122070312,274000
2006-11-24,55.29148864746094,55.29148864746094,100.77999877929688,100.6500015258789,100.69999694824219,176200
2006-11-27,55.263999938964844,55.263999938964844,100.7300033569336,100.41000366210938,100.5199966430664,191000
2006-11-28,55.412296295166016,55.412296295166016,100.94000244140625,100.5999984741211,100.87000274658203,269600
2006-11-29,55.329959869384766,55.329959869384766,100.94999694824219,100.69000244140625,100.94000244140625,300900
2006-11-30,55.5001335144043,55.5001335144043,101.12999725341797,100.86000061035156,100.94000244140625,210500
2006-12-01,55.603759765625,55.603759765625,100.97000122070312,100.55000305175781,100.63999938964844,354500
2006-12-04,55.65888977050781,55.65888977050781,100.98999786376953,100.72000122070312,100.86000061035156,184600
2006-12-05,55.62582778930664,55.62582778930664,101.02999877929688,100.75,101.02999877929688,348500
2006-12-06,55.58168411254883,55.58168411254883,100.88999938964844,100.75,100.81999969482422,222800
2006-12-07,55.53213119506836,55.53213119506836,100.7699966430664,100.62000274658203,100.73999786376953,169600
2006-12-08,55.41633605957031,55.41633605957031,100.7300033569336,100.48999786376953,100.68000030517578,364200
2006-12-11,55.405311584472656,55.405311584472656,100.6500015258789,100.5,100.58999633789062,249200
2006-12-12,55.559696197509766,55.559696197509766,100.80000305175781,100.5999984741211,100.69999694824219,222000
2006-12-13,55.3887825012207,55.3887825012207,100.62000274658203,100.4000015258789,100.58999633789062,215700
2006-12-14,55.311607360839844,55.311607360839844,100.4800033569336,100.26000213623047,100.4800033569336,2320000
2006-12-15,55.30057144165039,55.30057144165039,100.83000183105469,100.22000122070312,100.83000183105469,314000
2006-12-18,55.33367919921875,55.33367919921875,100.38999938964844,100.26000213623047,100.37000274658203,236000
2006-12-19,55.37228012084961,55.37228012084961,100.44999694824219,100.29000091552734,100.31999969482422,252900
2006-12-20,55.35017013549805,55.35017013549805,100.5,100.33999633789062,100.41000366210938,333500
2006-12-21,55.460418701171875,55.460418701171875,100.66000366210938,100.2300033569336,100.4800033569336,306000
2006-12-22,55.410831451416016,55.410831451416016,100.54000091552734,100.27999877929688,100.5199966430664,461300
2006-12-26,55.394283294677734,55.394283294677734,100.5,100.27999877929688,100.27999877929688,166000
2006-12-27,55.24431610107422,55.24431610107422,100.11000061035156,99.66000366210938,100.01000213623047,781500
2006-12-28,55.172401428222656,55.172401428222656,99.9800033569336,99.61000061035156,99.94999694824219,326900
2006-12-29,55.16688537597656,55.16688537597656,99.7300033569336,99.61000061035156,99.7300033569336,278800
2007-01-03,55.283042907714844,55.283042907714844,100.06999969482422,99.79000091552734,100.0,471200
2007-01-04,55.39927291870117,55.39927291870117,100.19000244140625,99.94000244140625,100.02999877929688,1745500
2007-01-05,55.36054611206055,55.36054611206055,100.08999633789062,99.9000015258789,100.0,318200
2007-01-08,55.393768310546875,55.393768310546875,100.1500015258789,100.01000213623047,100.1500015258789,281700
2007-01-09,55.393768310546875,55.393768310546875,100.16999816894531,100.04000091552734,100.16999816894531,361300
2007-01-10,55.33284378051758,55.33284378051758,100.11000061035156,99.91000366210938,100.11000061035156,697900
2007-01-11,55.22780990600586,55.22780990600586,100.08999633789062,99.73999786376953,100.04000091552734,445200
2007-01-12,55.15026092529297,55.15026092529297,99.8499984741211,99.5999984741211,99.80000305175781,232500
2007-01-16,55.222171783447266,55.222171783447266,99.91999816894531,99.66999816894531,99.81999969482422,448700
2007-01-17,55.18899154663086,55.18899154663086,99.95999908447266,99.66999816894531,99.88999938964844,258800
2007-01-18,55.2664794921875,55.2664794921875,99.91000366210938,99.6500015258789,99.73999786376953,290600
2007-01-19,55.24431610107422,55.24431610107422,99.93000030517578,99.7300033569336,99.93000030517578,309200
2007-01-22,55.27200698852539,55.27200698852539,99.91999816894531,99.79000091552734,99.91000366210938,263600
2007-01-23,55.16688537597656,55.16688537597656,99.88999938964844,99.63999938964844,99.88999938964844,334200
2007-01-24,55.15026092529297,55.15026092529297,99.83999633789062,99.6500015258789,99.83999633789062,358000
2007-01-25,55.07834243774414,55.07834243774414,99.70999908447266,99.44000244140625,99.70999908447266,296700
2007-01-26,55.07280731201172,55.07280731201172,99.56999969482422,99.3499984741211,99.45999908447266,289500
2007-01-29,55.00090408325195,55.00090408325195,99.69000244140625,99.33999633789062,99.68000030517578,388400
2007-01-30,55.08389663696289,55.08389663696289,99.55999755859375,99.37000274658203,99.55000305175781,293100
2007-01-31,55.12815856933594,55.12815856933594,99.81999969482422,99.44999694824219,99.51000213623047,386400
2007-02-01,55.157623291015625,55.157623291015625,99.76000213623047,99.22000122070312,99.76000213623047,821500
2007-02-02,55.235382080078125,55.235382080078125,99.48999786376953,99.27999877929688,99.38999938964844,445100
2007-02-05,55.32424545288086,55.32424545288086,99.61000061035156,99.47000122070312,99.56999969482422,248000
2007-02-06,55.42979431152344,55.42979431152344,99.80000305175781,99.37000274658203,99.69999694824219,236400
2007-02-07,55.496437072753906,55.496437072753906,99.94000244140625,99.72000122070312,99.86000061035156,289800
2007-02-08,55.52979278564453,55.52979278564453,100.0,99.80999755859375,99.87000274658203,353800
2007-02-09,55.40202331542969,55.40202331542969,99.83000183105469,99.5199966430664,99.80000305175781,419600
2007-02-12,55.34645080566406,55.34645080566406,99.7300033569336,99.45999908447266,99.68000030517578,304700
2007-02-13,55.34089279174805,55.34089279174805,99.70999908447266,99.37999725341797,99.52999877929688,227400
2007-02-14,55.551971435546875,55.551971435546875,100.0199966430664,99.68000030517578,99.79000091552734,269400
2007-02-15,55.6297492980957,55.6297492980957,100.22000122070312,100.05999755859375,100.16000366210938,438500
2007-02-16,55.66865158081055,55.66865158081055,100.23999786376953,100.08999633789062,100.13999938964844,309400
2007-02-20,55.6964225769043,55.6964225769043,100.29000091552734,100.05000305175781,100.16000366210938,252400
2007-02-21,55.69087219238281,55.69087219238281,100.2699966430664,100.0199966430664,100.16000366210938,223600
2007-02-22,55.57979202270508,55.57979202270508,100.18000030517578,100.01000213623047,100.18000030517578,188000
2007-02-23,55.71311569213867,55.71311569213867,100.37000274658203,100.11000061035156,100.11000061035156,360200
2007-02-26,55.835296630859375,55.835296630859375,100.54000091552734,100.3499984741211,100.41000366210938,222700
2007-02-27,56.06306457519531,56.06306457519531,101.66999816894531,100.55999755859375,100.91999816894531,379300
2007-02-28,56.02421951293945,56.02421951293945,100.95999908447266,100.62000274658203,100.91999816894531,533700
2007-03-01,56.01528549194336,56.01528549194336,100.72000122070312,100.29000091552734,100.69999694824219,662900
2007-03-02,56.132389068603516,56.132389068603516,100.68000030517578,100.38999938964844,100.54000091552734,187600
2007-03-05,56.09889602661133,56.09889602661133,100.69000244140625,100.43000030517578,100.69000244140625,264700
2007-03-06,56.059879302978516,56.059879302978516,100.5999984741211,100.41000366210938,100.41000366210938,221300
2007-03-07,56.10450744628906,56.10450744628906,100.69000244140625,100.45999908447266,100.56999969482422,296500
2007-03-08,56.054290771484375,56.054290771484375,100.66000366210938,100.45999908447266,100.5999984741211,351700
2007-03-09,55.89817810058594,55.89817810058594,100.38999938964844,100.20999908447266,100.33000183105469,309900
2007-03-12,56.071048736572266,56.071048736572266,100.55000305175781,100.31999969482422,100.47000122070312,224200
2007-03-13,56.21604919433594,56.21604919433594,100.80000305175781,100.55000305175781,100.66999816894531,344300
2007-03-14,56.149173736572266,56.149173736572266,100.87000274658203,100.61000061035156,100.72000122070312,468700
2007-03-15,56.087764739990234,56.087764739990234,100.80999755859375,100.5199966430664,100.80999755859375,201400
2007-03-16,56.09330749511719,56.09330749511719,100.63999938964844,100.44999694824219,100.55000305175781,264100
2007-03-19,56.054290771484375,56.054290771484375,100.52999877929688,100.36000061035156,100.48999786376953,181300
2007-03-20,56.11006164550781,56.11006164550781,100.69000244140625,100.5,100.68000030517578,446400
2007-03-21,56.182586669921875,56.182586669921875,100.81999969482422,100.4800033569336,100.55000305175781,664300
2007-03-22,56.07659912109375,56.07659912109375,100.70999908447266,100.4000015258789,100.69000244140625,210200
2007-03-23,55.998531341552734,55.998531341552734,100.66999816894531,100.30999755859375,100.66999816894531,226200
2007-03-26,55.96504592895508,55.96504592895508,100.6500015258789,100.27999877929688,100.4000015258789,444100
2007-03-27,55.976261138916016,55.976261138916016,100.48999786376953,100.2699966430664,100.44999694824219,275600
2007-03-28,56.00410842895508,56.00410842895508,100.6500015258789,100.33999633789062,100.55000305175781,217600
2007-03-29,55.914894104003906,55.914894104003906,100.41999816894531,100.20999908447266,100.36000061035156,223000
2007-03-30,55.914894104003906,55.914894104003906,100.43000030517578,100.06999969482422,100.41999816894531,435200
2007-04-02,55.98706817626953,55.98706817626953,100.19000244140625,99.80999755859375,100.19000244140625,1065300
2007-04-03,55.93109893798828,55.93109893798828,100.0199966430664,99.77999877929688,99.9800033569336,390600
2007-04-04,55.992679595947266,55.992679595947266,100.11000061035156,99.91000366210938,100.01000213623047,181400
2007-04-05,55.94227600097656,55.94227600097656,100.0199966430664,99.81999969482422,100.01000213623047,269600
2007-04-09,55.729549407958984,55.729549407958984,99.70999908447266,99.5,99.69999694824219,324200
2007-04-10,55.813560485839844,55.813560485839844,99.86000061035156,99.54000091552734,99.73999786376953,314700
2007-04-11,55.779937744140625,55.779937744140625,99.91000366210938,99.51000213623047,99.83999633789062,344200
2007-04-12,55.8471565246582,55.8471565246582,99.83000183105469,99.62999725341797,99.6500015258789,274100
2007-04-13,55.757564544677734,55.757564544677734,99.79000091552734,99.45999908447266,99.79000091552734,291600
2007-04-16,55.86948776245117,55.86948776245117,99.80000305175781,99.56999969482422,99.6500015258789,396400
2007-04-17,56.031890869140625,56.031890869140625,100.08000183105469,99.83999633789062,99.91000366210938,368200
2007-04-18,56.11591339111328,56.11591339111328,100.23999786376953,100.05999755859375,100.19000244140625,160100
2007-04-19,56.093448638916016,56.093448638916016,100.30000305175781,100.05000305175781,100.30000305175781,223500
2007-04-20,56.06547927856445,56.06547927856445,100.26000213623047,100.0199966430664,100.26000213623047,162100
2007-04-23,56.1214599609375,56.1214599609375,100.30000305175781,100.02999877929688,100.18000030517578,409600
2007-04-24,56.149513244628906,56.149513244628906,100.44999694824219,100.26000213623047,100.30999755859375,227500
2007-04-25,56.17185592651367,56.17185592651367,100.44999694824219,100.19999694824219,100.37000274658203,401800
2007-04-26,56.06547927856445,56.06547927856445,100.30999755859375,100.05999755859375,100.30999755859375,251900
2007-04-27,56.05426788330078,56.05426788330078,100.20999908447266,100.02999877929688,100.16000366210938,169100
2007-04-30,56.244651794433594,56.244651794433594,100.45999908447266,100.23999786376953,100.30000305175781,298600
2007-05-01,56.21208190917969,56.21208190917969,100.0999984741211,99.80000305175781,100.0,1029900
2007-05-02,56.228885650634766,56.228885650634766,100.7699966430664,99.80000305175781,100.08000183105469,255200
2007-05-03,56.16706466674805,56.16706466674805,100.05999755859375,99.80999755859375,100.01000213623047,267900
2007-05-04,56.24017333984375,56.24017333984375,100.12999725341797,99.94000244140625,100.05999755859375,233700
2007-05-07,56.29637908935547,56.29637908935547,100.16999816894531,99.97000122070312,100.05000305175781,301500
2007-05-08,56.23451614379883,56.23451614379883,100.19999694824219,100.0199966430664,100.19000244140625,291000
2007-05-09,56.16706466674805,56.16706466674805,100.19000244140625,99.93000030517578,100.19000244140625,302100
2007-05-10,56.26262283325195,56.26262283325195,100.12000274658203,99.94000244140625,100.05000305175781,218200
2007-05-11,56.15024185180664,56.15024185180664,100.2300033569336,99.83999633789062,100.22000122070312,185100
2007-05-14,56.16149139404297,56.16149139404297,100.0199966430664,99.76000213623047,100.0,247300
2007-05-15,56.139007568359375,56.139007568359375,100.0,99.75,99.98999786376953,266100
2007-05-16,56.15024185180664,56.15024185180664,99.93000030517578,99.69999694824219,99.75,238800
2007-05-17,56.054656982421875,56.054656982421875,99.83000183105469,99.66999816894531,99.79000091552734,212200
2007-05-18,55.89170455932617,55.89170455932617,99.73999786376953,99.41000366210938,99.68000030517578,431900
2007-05-21,56.00410842895508,56.00410842895508,99.6500015258789,99.41000366210938,99.52999877929688,316500
2007-05-22,55.89170455932617,55.89170455932617,99.63999938964844,99.30999755859375,99.63999938964844,353000
2007-05-23,55.84676742553711,55.84676742553711,99.5199966430664,99.16000366210938,99.4000015258789,1081300
2007-05-24,55.86924362182617,55.86924362182617,99.41000366210938,99.04000091552734,99.23999786376953,339300
2007-05-25,55.84111785888672,55.84111785888672,99.41000366210938,99.16999816894531,99.31999969482422,222200
2007-05-29,55.7849006652832,55.7849006652832,99.38999938964844,99.1500015258789,99.36000061035156,222700
2007-05-30,55.852359771728516,55.852359771728516,99.47000122070312,99.2699966430664,99.44999694824219,577600
2007-05-31,55.728736877441406,55.728736877441406,99.3499984741211,99.12000274658203,99.25,506000
2007-06-01,55.67118835449219,55.67118835449219,98.7699966430664,98.52999877929688,98.72000122070312,942500
2007-06-04,55.73887634277344,55.73887634277344,98.7699966430664,98.61000061035156,98.70999908447266,299000
2007-06-05,55.580833435058594,55.580833435058594,98.69999694824219,98.37000274658203,98.66999816894531,244800
2007-06-06,55.60340881347656,55.60340881347656,98.54000091552734,98.30000305175781,98.5199966430664,1001300
2007-06-07,55.2196044921875,55.2196044921875,98.2300033569336,97.69999694824219,98.2300033569336,319500
2007-06-08,55.15187454223633,55.15187454223633,97.86000061035156,97.56999969482422,97.5999984741211,389700
2007-06-11,55.1914176940918,55.1914176940918,97.88999938964844,97.56999969482422,97.58000183105469,261000
2007-06-12,54.864013671875,54.864013671875,97.56999969482422,97.11000061035156,97.55000305175781,380400
2007-06-13,54.948638916015625,54.948638916015625,97.5,97.0999984741211,97.11000061035156,407100
2007-06-14,55.055885314941406,55.055885314941406,97.68000030517578,97.38999938964844,97.47000122070312,230700
2007-06-15,55.253414154052734,55.253414154052734,97.91000366210938,97.54000091552734,97.66000366210938,470200
2007-06-18,55.29294967651367,55.29294967651367,97.9800033569336,97.66000366210938,97.8499984741211,242200
2007-06-19,55.46796798706055,55.46796798706055,98.33999633789062,98.0199966430664,98.12000274658203,300900
2007-06-20,55.2985954284668,55.2985954284668,98.1500015258789,97.8499984741211,98.04000091552734,298700
2007-06-21,55.23088073730469,55.23088073730469,98.05000305175781,97.77999877929688,97.94000244140625,340000
2007-06-22,55.36069869995117,55.36069869995117,98.08000183105469,97.62999725341797,97.8499984741211,357900
2007-06-25,55.41152572631836,55.41152572631836,98.29000091552734,98.04000091552734,98.23999786376953,305000
2007-06-26,55.34377670288086,55.34377670288086,98.2699966430664,98.01000213623047,98.16999816894531,639900
2007-06-27,55.45098114013672,55.45098114013672,98.45999908447266,98.12999725341797,98.36000061035156,214500
2007-06-28,55.41152572631836,55.41152572631836,98.33000183105469,98.04000091552734,98.20999908447266,293500
2007-06-29,55.518760681152344,55.518760681152344,98.45999908447266,98.18000030517578,98.30999755859375,506700
2007-07-02,55.66670227050781,55.66670227050781,98.36000061035156,97.95999908447266,97.95999908447266,2726200
2007-07-03,55.6043586730957,55.6043586730957,98.48999786376953,98.04000091552734,98.33999633789062,384200
2007-07-05,55.37192153930664,55.37192153930664,97.95999908447266,97.5,97.95999908447266,453000
2007-07-06,55.27557373046875,55.27557373046875,97.5999984741211,97.31999969482422,97.41000366210938,281300
2007-07-09,55.37192153930664,55.37192153930664,97.7300033569336,97.5199966430664,97.70999908447266,232100
2007-07-10,55.610008239746094,55.610008239746094,98.11000061035156,97.77999877929688,97.94999694824219,712600
2007-07-11,55.48532485961914,55.48532485961914,98.20999908447266,97.76000213623047,98.20999908447266,233300
2007-07-12,55.42860412597656,55.42860412597656,98.0199966430664,97.66999816894531,98.0199966430664,234100
2007-07-13,55.49662399291992,55.49662399291992,98.0,97.69999694824219,97.9800033569336,247600
2007-07-16,55.610008239746094,55.610008239746094,98.22000122070312,97.87000274658203,97.97000122070312,279500
2007-07-17,55.507991790771484,55.507991790771484,98.12999725341797,97.8499984741211,98.04000091552734,221300
2007-07-18,55.64970016479492,55.64970016479492,98.31999969482422,97.93000030517578,97.94999694824219,226700
2007-07-19,55.64970016479492,55.64970016479492,98.22000122070312,98.0,98.05999755859375,321200
2007-07-20,55.78008270263672,55.78008270263672,98.58000183105469,98.12000274658203,98.1500015258789,316300
2007-07-23,55.746063232421875,55.746063232421875,98.4800033569336,98.22000122070312,98.23999786376953,255600
2007-07-24,55.859413146972656,55.859413146972656,98.55999755859375,98.3499984741211,98.38999938964844,208800
2007-07-25,55.825416564941406,55.825416564941406,98.6500015258789,98.2300033569336,98.2300033569336,580900
2007-07-26,56.02383041381836,56.02383041381836,99.0,98.55000305175781,98.56999969482422,324600
2007-07-27,55.9671630859375,55.9671630859375,98.88999938964844,98.58000183105469,98.70999908447266,329000
2007-07-30,55.93878173828125,55.93878173828125,98.87000274658203,98.61000061035156,98.80999755859375,389300
2007-07-31,56.11452102661133,56.11452102661133,99.01000213623047,98.5999984741211,98.62999725341797,529100
2007-08-01,55.98411560058594,55.98411560058594,98.5999984741211,98.33000183105469,98.5199966430664,814500
2007-08-02,55.95568084716797,55.95568084716797,98.4800033569336,98.16000366210938,98.31999969482422,566300
2007-08-03,56.20054244995117,56.20054244995117,98.70999908447266,98.38999938964844,98.5199966430664,371600
2007-08-06,56.10939407348633,56.10939407348633,98.86000061035156,98.44999694824219,98.86000061035156,231000
2007-08-07,56.06956100463867,56.06956100463867,98.77999877929688,98.41000366210938,98.5999984741211,280300
2007-08-08,56.001220703125,56.001220703125,98.48999786376953,98.16999816894531,98.4800033569336,277200
2007-08-09,56.06956100463867,56.06956100463867,98.56999969482422,98.31999969482422,98.45999908447266,271600
2007-08-10,55.881690979003906,55.881690979003906,98.68000030517578,98.12000274658203,98.68000030517578,398700
2007-08-13,55.98411560058594,55.98411560058594,98.48999786376953,98.04000091552734,98.04000091552734,220200
2007-08-14,56.137855529785156,56.137855529785156,98.68000030517578,98.29000091552734,98.29000091552734,250900
2007-08-15,56.211883544921875,56.211883544921875,98.80000305175781,98.47000122070312,98.79000091552734,224900
2007-08-16,56.17774200439453,56.17774200439453,98.9800033569336,98.43000030517578,98.72000122070312,541400
2007-08-17,56.30301284790039,56.30301284790039,98.97000122070312,98.41999816894531,98.66999816894531,311800
2007-08-20,56.25175857543945,56.25175857543945,99.0199966430664,98.79000091552734,98.9000015258789,252400
2007-08-21,56.51362228393555,56.51362228393555,99.37999725341797,99.11000061035156,99.30999755859375,224600
2007-08-22,56.46806335449219,56.46806335449219,99.26000213623047,98.95999908447266,99.1500015258789,545300
2007-08-23,56.536441802978516,56.536441802978516,99.31999969482422,99.01000213623047,99.16000366210938,522300
2007-08-24,56.39408874511719,56.39408874511719,99.30999755859375,99.02999877929688,99.2699966430664,293700
2007-08-27,56.564876556396484,56.564876556396484,99.44000244140625,99.16999816894531,99.23999786376953,301600
2007-08-28,56.79259490966797,56.79259490966797,99.7699966430664,99.37000274658203,99.41000366210938,187700
2007-08-29,56.67877960205078,56.67877960205078,99.8499984741211,99.54000091552734,99.7699966430664,201400
2007-08-30,56.79831314086914,56.79831314086914,99.83000183105469,99.63999938964844,99.73999786376953,186400
2007-08-31,56.83250427246094,56.83250427246094,100.08999633789062,99.5199966430664,99.69999694824219,201000
2007-09-04,56.76901626586914,56.76901626586914,101.0,99.0999984741211,99.9800033569336,554500
2007-09-05,56.95198440551758,56.95198440551758,99.73999786376953,99.08999633789062,99.08999633789062,294600
2007-09-06,56.94062042236328,56.94062042236328,99.7300033569336,99.51000213623047,99.63999938964844,761000
2007-09-07,57.2950553894043,57.2950553894043,100.2300033569336,99.75,99.93000030517578,353400
2007-09-10,57.43229675292969,57.43229675292969,100.54000091552734,100.12999725341797,100.29000091552734,285900
2007-09-11,57.32943344116211,57.32943344116211,100.41000366210938,100.02999877929688,100.02999877929688,687000
2007-09-12,57.24937438964844,57.24937438964844,100.26000213623047,100.0199966430664,100.20999908447266,2039700
2007-09-13,57.08348083496094,57.08348083496094,99.94000244140625,99.62999725341797,99.80000305175781,790400
2007-09-14,57.123477935791016,57.123477935791016,100.12999725341797,99.69999694824219,100.0999984741211,320600
2007-09-17,57.14642333984375,57.14642333984375,99.95999908447266,99.7699966430664,99.86000061035156,278000
2007-09-18,57.26646041870117,57.26646041870117,100.3499984741211,99.5999984741211,99.83000183105469,628000
2007-09-19,57.25505065917969,57.25505065917969,100.19000244140625,99.83000183105469,100.0999984741211,441200
2007-09-20,56.84901428222656,56.84901428222656,99.95999908447266,99.3499984741211,99.94000244140625,282100
2007-09-21,57.01490783691406,57.01490783691406,99.73999786376953,99.33000183105469,99.5999984741211,465700
2007-09-24,57.02060317993164,57.02060317993164,99.73999786376953,99.5,99.7300033569336,274000
2007-09-25,57.06634521484375,57.06634521484375,100.01000213623047,99.76000213623047,99.95999908447266,260000
2007-09-26,57.00918960571289,57.00918960571289,99.83999633789062,99.44999694824219,99.66999816894531,702100
2007-09-27,57.10638427734375,57.10638427734375,100.0,99.6500015258789,99.6500015258789,380900
2007-09-28,57.192169189453125,57.192169189453125,100.26000213623047,99.80999755859375,99.9800033569336,336100
2007-10-01,56.999210357666016,56.999210357666016,99.83000183105469,99.2699966430664,99.81999969482422,3538500
2007-10-02,57.2173957824707,57.2173957824707,99.73999786376953,99.18000030517578,99.18000030517578,282100
2007-10-03,57.246150970458984,57.246150970458984,99.9000015258789,99.51000213623047,99.86000061035156,327100
2007-10-04,57.2231330871582,57.2231330871582,99.9000015258789,99.51000213623047,99.79000091552734,445000
2007-10-05,56.769569396972656,56.769569396972656,99.6500015258789,98.23999786376953,99.31999969482422,750200
2007-10-08,57.2173957824707,57.2173957824707,99.94999694824219,99.08000183105469,99.36000061035156,367700
2007-10-09,57.09684753417969,57.09684753417969,99.58999633789062,99.16000366210938,99.52999877929688,182700
2007-10-10,57.17147445678711,57.17147445678711,99.6500015258789,99.19000244140625,99.45999908447266,711600
2007-10-11,57.211673736572266,57.211673736572266,99.63999938964844,99.23999786376953,99.38999938964844,258000
2007-10-12,57.10258483886719,57.10258483886719,99.6500015258789,99.31999969482422,99.55000305175781,470400
2007-10-15,57.11979293823242,57.11979293823242,99.5,99.25,99.43000030517578,200800
2007-10-16,57.211673736572266,57.211673736572266,99.72000122070312,99.44999694824219,99.66000366210938,266400
2007-10-17,57.40690231323242,57.40690231323242,100.02999877929688,99.62000274658203,99.66000366210938,243600
2007-10-18,57.573402404785156,57.573402404785156,100.30000305175781,100.06999969482422,100.27999877929688,270000
2007-10-19,57.83755111694336,57.83755111694336,100.7300033569336,100.33999633789062,100.5,732700
2007-10-22,57.82030487060547,57.82030487060547,100.80999755859375,100.5,100.80999755859375,284500
2007-10-23,57.80309295654297,57.80309295654297,100.66999816894531,100.44999694824219,100.63999938964844,328900
2007-10-24,58.05568313598633,58.05568313598633,101.19999694824219,100.69999694824219,100.87000274658203,1018400
2007-10-25,57.90642547607422,57.90642547607422,101.13999938964844,100.83000183105469,101.12999725341797,236200
2007-10-26,57.8547248840332,57.8547248840332,101.0,100.61000061035156,100.76000213623047,348000
2007-10-29,57.8547248840332,57.8547248840332,100.88999938964844,100.5999984741211,100.77999877929688,261000
2007-10-30,57.92938232421875,57.92938232421875,100.88999938964844,100.69999694824219,100.8499984741211,252400
2007-10-31,57.768646240234375,57.768646240234375,100.86000061035156,100.41000366210938,100.55999755859375,767000
2007-11-01,57.91106033325195,57.91106033325195,100.66000366210938,100.26000213623047,100.30000305175781,251200
2007-11-02,57.974483489990234,57.974483489990234,100.9000015258789,100.43000030517578,100.45999908447266,401100
2007-11-05,57.92255401611328,57.92255401611328,100.7699966430664,100.45999908447266,100.7699966430664,509700
2007-11-06,57.8476448059082,57.8476448059082,100.51000213623047,100.16999816894531,100.4000015258789,418000
2007-11-07,57.859153747558594,57.859153747558594,100.41999816894531,100.12000274658203,100.4000015258789,716100
2007-11-08,57.916744232177734,57.916744232177734,100.56999969482422,100.27999877929688,100.51000213623047,469700
2007-11-09,58.11861038208008,58.11861038208008,100.83999633789062,100.55000305175781,100.66999816894531,184600
2007-11-12,58.03791809082031,58.03791809082031,100.83999633789062,100.5,100.5,224000
2007-11-13,58.04365539550781,58.04365539550781,100.80999755859375,100.55000305175781,100.75,276100
2007-11-14,58.020599365234375,58.020599365234375,100.6500015258789,100.4000015258789,100.54000091552734,336000
2007-11-15,58.26852035522461,58.26852035522461,101.11000061035156,100.62999725341797,100.80999755859375,493500
2007-11-16,58.228145599365234,58.228145599365234,101.0999984741211,100.8499984741211,101.0,1810900
2007-11-19,58.355010986328125,58.355010986328125,101.37999725341797,100.80999755859375,100.80999755859375,416800
2007-11-20,58.233943939208984,58.233943939208984,101.25,100.88999938964844,101.2300033569336,332100
2007-11-21,58.67789077758789,58.67789077758789,101.7699966430664,101.18000030517578,101.41000366210938,789200
2007-11-23,58.3780517578125,58.3780517578125,101.77999877929688,101.25,101.54000091552734,137700
2007-11-26,58.90854263305664,58.90854263305664,102.41999816894531,101.41000366210938,101.52999877929688,441900
2007-11-27,58.666343688964844,58.666343688964844,102.20999908447266,101.43000030517578,102.20999908447266,933000
2007-11-28,58.52220916748047,58.52220916748047,101.76000213623047,101.41999816894531,101.62000274658203,536500
2007-11-29,58.689430236816406,58.689430236816406,102.08000183105469,101.51000213623047,101.86000061035156,1496800
2007-11-30,58.810508728027344,58.810508728027344,102.11000061035156,101.27999877929688,101.5199966430664,1734300
2007-12-03,59.121337890625,59.121337890625,102.58000183105469,101.73999786376953,101.9000015258789,630100
2007-12-04,58.89556884765625,58.89556884765625,102.2300033569336,101.66000366210938,102.16999816894531,580800
2007-12-05,58.78558349609375,58.78558349609375,101.81999969482422,101.54000091552734,101.80000305175781,442400
2007-12-06,58.721893310546875,58.721893310546875,101.69999694824219,101.13999938964844,101.37000274658203,805900
2007-12-07,58.38622283935547,58.38622283935547,101.26000213623047,100.58999633789062,101.26000213623047,406200
2007-12-10,58.27042007446289,58.27042007446289,100.87999725341797,100.31999969482422,100.87999725341797,916400
2007-12-11,58.554073333740234,58.554073333740234,101.41000366210938,100.6500015258789,100.88999938964844,1153500
2007-12-12,58.49615478515625,58.49615478515625,101.2300033569336,100.5199966430664,100.7699966430664,500900
2007-12-13,58.27042007446289,58.27042007446289,100.94000244140625,100.55999755859375,100.94000244140625,425500
2007-12-14,58.108360290527344,58.108360290527344,100.62000274658203,100.23999786376953,100.5999984741211,515300
2007-12-17,58.195125579833984,58.195125579833984,100.7699966430664,100.36000061035156,100.68000030517578,550800
2007-12-18,58.501949310302734,58.501949310302734,101.0999984741211,100.68000030517578,100.93000030517578,402300
2007-12-19,58.623531341552734,58.623531341552734,101.55999755859375,100.88999938964844,101.13999938964844,634800
2007-12-20,58.57143783569336,58.57143783569336,101.66000366210938,101.18000030517578,101.55000305175781,489200
2007-12-21,58.31672668457031,58.31672668457031,101.26000213623047,100.73999786376953,101.26000213623047,411900
2007-12-24,58.3340950012207,58.3340950012207,100.83999633789062,100.62000274658203,100.75,190700
2007-12-26,58.154598236083984,58.154598236083984,100.94000244140625,100.3499984741211,100.75,259200
2007-12-27,58.473724365234375,58.473724365234375,100.5999984741211,100.19999694824219,100.52999877929688,427200
2007-12-28,58.787574768066406,58.787574768066406,101.20999908447266,100.69000244140625,100.81999969482422,442500
2007-12-31,58.805023193359375,58.805023193359375,101.37999725341797,100.8499984741211,101.31999969482422,708000
2008-01-02,59.08405685424805,59.08405685424805,102.61000061035156,101.05999755859375,101.36000061035156,888900
2008-01-03,59.24095153808594,59.24095153808594,101.91999816894531,101.37000274658203,101.62000274658203,370600
2008-01-04,59.36302185058594,59.36302185058594,102.37000274658203,101.80999755859375,101.80999755859375,497700
2008-01-07,59.43859100341797,59.43859100341797,102.36000061035156,101.83000183105469,102.20999908447266,693600
2008-01-08,59.58974838256836,59.58974838256836,102.5199966430664,101.94000244140625,102.16000366210938,1544400
2008-01-09,59.45021057128906,59.45021057128906,102.5,102.11000061035156,102.44000244140625,437700
2008-01-10,59.32819366455078,59.32819366455078,102.29000091552734,101.80000305175781,102.23999786376953,291900
2008-01-11,59.58390426635742,59.58390426635742,102.5199966430664,102.18000030517578,102.19999694824219,315700
2008-01-14,59.63037872314453,59.63037872314453,102.6500015258789,102.37999725341797,102.51000213623047,290400
2008-01-15,59.8454704284668,59.8454704284668,102.95999908447266,102.62000274658203,102.80999755859375,361400
2008-01-16,59.6652946472168,59.6652946472168,103.06999969482422,102.5999984741211,102.95999908447266,620900
2008-01-17,60.025630950927734,60.025630950927734,103.2699966430664,102.58000183105469,102.7699966430664,807500
2008-01-18,60.01401901245117,60.01401901245117,103.25,102.80000305175781,102.95999908447266,809400
2008-01-22,60.10704040527344,60.10704040527344,105.48999786376953,102.87999725341797,103.97000122070312,793000
2008-01-23,59.92684555053711,59.92684555053711,104.38999938964844,103.05000305175781,104.38999938964844,911200
2008-01-24,59.7757682800293,59.7757682800293,103.44999694824219,102.70999908447266,103.44999694824219,469200
2008-01-25,59.88035202026367,59.88035202026367,103.26000213623047,102.22000122070312,102.58000183105469,585400
2008-01-28,59.99665451049805,59.99665451049805,103.36000061035156,102.97000122070312,103.01000213623047,484000
2008-01-29,59.81062316894531,59.81062316894531,103.2300033569336,102.83000183105469,103.1500015258789,450900
2008-01-30,59.90354537963867,59.90354537963867,103.18000030517578,102.7699966430664,103.0199966430664,557800
2008-01-31,60.16517639160156,60.16517639160156,103.62000274658203,103.06999969482422,103.4800033569336,649200
2008-02-01,60.1038932800293,60.1038932800293,103.31999969482422,102.98999786376953,103.2699966430664,610300
2008-02-04,60.06891632080078,60.06891632080078,103.01000213623047,102.66000366210938,102.8499984741211,336200
2008-02-05,60.2556037902832,60.2556037902832,103.43000030517578,102.91999816894531,103.3499984741211,622800
2008-02-06,60.208927154541016,60.208927154541016,103.23999786376953,102.91999816894531,103.23999786376953,698600
2008-02-07,59.6778564453125,59.6778564453125,103.1500015258789,102.05000305175781,103.12999725341797,622300
2008-02-08,59.96378707885742,59.96378707885742,102.9000015258789,102.4800033569336,102.63999938964844,543400
2008-02-11,60.092227935791016,60.092227935791016,103.16999816894531,102.7699966430664,102.87999725341797,746300
2008-02-12,60.06891632080078,60.06891632080078,102.97000122070312,102.45999908447266,102.68000030517578,653400
2008-02-13,59.71286392211914,59.71286392211914,102.83000183105469,102.31999969482422,102.6500015258789,510400
2008-02-14,59.52610397338867,59.52610397338867,102.33000183105469,101.73999786376953,102.13999938964844,578800
2008-02-15,59.496952056884766,59.496952056884766,102.12999725341797,101.87999725341797,102.12999725341797,455300
2008-02-19,59.21097946166992,59.21097946166992,101.9800033569336,101.30999755859375,101.86000061035156,597200
2008-02-20,59.11761474609375,59.11761474609375,101.5999984741211,101.08999633789062,101.22000122070312,405300
2008-02-21,59.601985931396484,59.601985931396484,102.19000244140625,101.51000213623047,101.76000213623047,486400
2008-02-22,59.28684997558594,59.28684997558594,102.25,101.55000305175781,101.86000061035156,987700
2008-02-25,59.07673263549805,59.07673263549805,101.73999786376953,101.08999633789062,101.68000030517578,557900
2008-02-26,59.36268997192383,59.36268997192383,101.72000122070312,101.30000305175781,101.41000366210938,638400
2008-02-27,59.48527908325195,59.48527908325195,101.97000122070312,101.66000366210938,101.91999816894531,633000
2008-02-28,59.84128952026367,59.84128952026367,102.62999725341797,102.18000030517578,102.3499984741211,434500
2008-02-29,60.06891632080078,60.06891632080078,103.30000305175781,102.48999786376953,102.9000015258789,922900
2008-03-03,60.058902740478516,60.058902740478516,102.79000091552734,102.3499984741211,102.38999938964844,388300
2008-03-04,59.80111312866211,59.80111312866211,102.56999969482422,101.77999877929688,102.41000366210938,385300
2008-03-05,59.4204216003418,59.4204216003418,102.12000274658203,101.37000274658203,102.08999633789062,432100
2008-03-06,59.33256530761719,59.33256530761719,101.70999908447266,101.2699966430664,101.55999755859375,1161200
2008-03-07,59.5141716003418,59.5141716003418,101.93000030517578,101.22000122070312,101.87999725341797,1087600
2008-03-10,59.83042526245117,59.83042526245117,102.19999694824219,101.73999786376953,101.88999938964844,444500
2008-03-11,59.46728515625,59.46728515625,101.70999908447266,101.2699966430664,101.54000091552734,564200
2008-03-12,60.07652282714844,60.07652282714844,102.62000274658203,101.62000274658203,101.88999938964844,429500
2008-03-13,59.81880187988281,59.81880187988281,102.5199966430664,101.72000122070312,102.3499984741211,417500
2008-03-14,60.07065963745117,60.07065963745117,102.83999633789062,102.1500015258789,102.45999908447266,490900
2008-03-17,60.32833480834961,60.32833480834961,103.26000213623047,102.13999938964844,102.41999816894531,722200
2008-03-18,60.18779373168945,60.18779373168945,103.31999969482422,102.55000305175781,103.02999877929688,398200
2008-03-19,60.369384765625,60.369384765625,103.37000274658203,102.7300033569336,102.7699966430664,403300
2008-03-20,60.58028030395508,60.58028030395508,103.47000122070312,102.87000274658203,103.30000305175781,315600
2008-03-24,60.13504409790039,60.13504409790039,102.87999725341797,102.3499984741211,102.87999725341797,423000
2008-03-25,60.24635314941406,60.24635314941406,102.97000122070312,102.55999755859375,102.75,490500
2008-03-26,60.07065963745117,60.07065963745117,103.1500015258789,102.5199966430664,102.8499984741211,341300
2008-03-27,60.094051361083984,60.094051361083984,102.7699966430664,102.30000305175781,102.5,371300
2008-03-28,60.24052047729492,60.24052047729492,102.86000061035156,102.5199966430664,102.62000274658203,466000
2008-03-31,60.14676284790039,60.14676284790039,103.1500015258789,102.68000030517578,102.94000244140625,555900
2008-04-01,59.73801040649414,59.73801040649414,102.29000091552734,101.55000305175781,102.13999938964844,1209100
2008-04-02,59.76742172241211,59.76742172241211,101.97000122070312,101.41999816894531,101.77999877929688,499400
2008-04-03,59.95566177368164,59.95566177368164,102.08000183105469,101.5999984741211,101.88999938964844,480900
2008-04-04,60.261444091796875,60.261444091796875,102.7300033569336,102.27999877929688,102.44999694824219,431000
2008-04-07,60.25563049316406,60.25563049316406,102.4800033569336,102.04000091552734,102.25,417000
2008-04-08,60.249755859375,60.249755859375,102.83000183105469,102.38999938964844,102.51000213623047,408800
2008-04-09,60.51435852050781,60.51435852050781,103.0,102.45999908447266,102.61000061035156,492700
2008-04-10,60.326141357421875,60.326141357421875,102.88999938964844,102.27999877929688,102.68000030517578,456500
2008-04-11,60.45558547973633,60.45558547973633,102.93000030517578,102.55999755859375,102.77999877929688,263600
2008-04-14,60.38495635986328,60.38495635986328,102.83999633789062,102.47000122070312,102.55000305175781,683200
2008-04-15,60.061546325683594,60.061546325683594,102.4800033569336,102.06999969482422,102.2699966430664,635600
2008-04-16,59.84386444091797,59.84386444091797,102.25,101.56999969482422,102.02999877929688,386500
2008-04-17,59.832122802734375,59.832122802734375,101.79000091552734,101.3499984741211,101.7699966430664,487200
2008-04-18,59.990901947021484,59.990901947021484,102.0199966430664,101.18000030517578,101.4000015258789,620000
2008-04-21,59.99681091308594,59.99681091308594,102.05999755859375,101.72000122070312,101.94999694824219,438600
2008-04-22,60.08504867553711,60.08504867553711,102.27999877929688,101.80000305175781,102.0,569100
2008-04-23,60.0262336730957,60.0262336730957,102.08999633789062,101.80999755859375,102.02999877929688,496300
2008-04-24,59.80272674560547,59.80272674560547,101.80000305175781,101.41000366210938,101.6500015258789,364000
2008-04-25,59.743892669677734,59.743892669677734,101.66999816894531,101.33999633789062,101.5199966430664,507900
2008-04-28,59.89095687866211,59.89095687866211,101.86000061035156,101.43000030517578,101.54000091552734,513500
2008-04-29,59.97917175292969,59.97917175292969,102.12999725341797,101.7300033569336,102.0199966430664,697500
2008-04-30,60.343841552734375,60.343841552734375,102.5999984741211,101.4800033569336,101.97000122070312,813300
2008-05-01,60.24113464355469,60.24113464355469,102.37000274658203,101.91999816894531,102.36000061035156,503200
2008-05-02,60.14084243774414,60.14084243774414,102.08999633789062,101.52999877929688,101.5999984741211,462100
2008-05-05,60.16444778442383,60.16444778442383,102.05999755859375,101.69999694824219,102.01000213623047,541600
2008-05-06,59.9697380065918,59.9697380065918,102.13999938964844,101.55000305175781,102.13999938964844,930100
2008-05-07,60.14084243774414,60.14084243774414,101.94000244140625,101.41000366210938,101.56999969482422,299200
2008-05-08,60.294273376464844,60.294273376464844,102.87999725341797,101.81999969482422,102.0,731300
2008-05-09,60.31785583496094,60.31785583496094,102.5999984741211,102.08000183105469,102.44000244140625,433600
2008-05-12,60.21161651611328,60.21161651611328,102.38999938964844,102.0,102.16999816894531,579400
2008-05-13,59.86944580078125,59.86944580078125,101.9000015258789,101.41000366210938,101.80999755859375,482700
2008-05-14,59.95792770385742,59.95792770385742,101.83000183105469,101.31999969482422,101.81999969482422,292000
2008-05-15,60.276554107666016,60.276554107666016,102.16000366210938,101.58000183105469,101.69999694824219,350600
2008-05-16,60.12904357910156,60.12904357910156,102.30999755859375,101.77999877929688,101.87000274658203,387200
2008-05-19,60.22935485839844,60.22935485839844,102.19000244140625,101.80000305175781,102.1500015258789,630400
2008-05-20,60.35915756225586,60.35915756225586,102.33000183105469,102.0999984741211,102.30000305175781,670700
2008-05-21,60.276554107666016,60.276554107666016,102.2699966430664,101.97000122070312,102.16000366210938,540800
2008-05-22,59.9166259765625,59.9166259765625,101.91000366210938,101.30000305175781,101.91000366210938,509300
2008-05-23,60.146759033203125,60.146759033203125,101.94999694824219,101.5999984741211,101.73999786376953,584000
2008-05-27,59.810420989990234,59.810420989990234,101.69000244140625,101.3499984741211,101.5,865300
2008-05-28,59.533138275146484,59.533138275146484,101.38999938964844,100.73999786376953,101.2699966430664,371500
2008-05-29,59.36790466308594,59.36790466308594,100.87000274658203,100.44000244140625,100.87000274658203,621300
2008-05-30,59.58029556274414,59.58029556274414,101.2699966430664,100.8499984741211,100.95999908447266,1132500
2008-06-02,59.80184555053711,59.80184555053711,101.2300033569336,100.55999755859375,100.76000213623047,601800
2008-06-03,59.91441345214844,59.91441345214844,101.18000030517578,100.51000213623047,100.68000030517578,476200
2008-06-04,59.70116424560547,59.70116424560547,101.30000305175781,100.62999725341797,101.29000091552734,390900
2008-06-05,59.48198318481445,59.48198318481445,100.69999694824219,100.33999633789062,100.5199966430664,378000
2008-06-06,59.81365966796875,59.81365966796875,101.05999755859375,100.69999694824219,100.91000366210938,434800
2008-06-09,59.511653900146484,59.511653900146484,100.73999786376953,100.36000061035156,100.5,555500
2008-06-10,59.19767379760742,59.19767379760742,100.37999725341797,99.8499984741211,100.25,557200
2008-06-11,59.27467727661133,59.27467727661133,100.43000030517578,99.91000366210938,100.18000030517578,508600
2008-06-12,58.9074592590332,58.9074592590332,99.91000366210938,99.41000366210938,99.88999938964844,513700
2008-06-13,58.759334564208984,58.759334564208984,99.87000274658203,99.19000244140625,99.56999969482422,799000
2008-06-16,58.824493408203125,58.824493408203125,99.5999984741211,99.19000244140625,99.56999969482422,460400
2008-06-17,59.02593231201172,59.02593231201172,99.72000122070312,99.45999908447266,99.69999694824219,407200
2008-06-18,59.27467727661133,59.27467727661133,100.08999633789062,99.7300033569336,99.86000061035156,345900
2008-06-19,58.97258758544922,58.97258758544922,99.98999786376953,99.55999755859375,99.91000366210938,435900
2008-06-20,59.15030288696289,59.15030288696289,100.12999725341797,99.76000213623047,100.11000061035156,419000
2008-06-23,59.07329559326172,59.07329559326172,99.9800033569336,99.5999984741211,99.93000030517578,515600
2008-06-24,59.191741943359375,59.191741943359375,100.06999969482422,99.69999694824219,99.93000030517578,514300
2008-06-25,59.22136688232422,59.22136688232422,100.05000305175781,99.38999938964844,100.04000091552734,487100
2008-06-26,59.298397064208984,59.298397064208984,100.37000274658203,99.98999786376953,100.25,540200
2008-06-27,59.44057083129883,59.44057083129883,100.54000091552734,99.98999786376953,99.98999786376953,466000
2008-06-30,59.47016143798828,59.47016143798828,100.76000213623047,100.36000061035156,100.66000366210938,639600
2008-07-01,59.264434814453125,59.264434814453125,100.62000274658203,99.66999816894531,100.62000274658203,854500
2008-07-02,59.19307327270508,59.19307327270508,100.04000091552734,99.55000305175781,100.01000213623047,812400
2008-07-03,59.21089553833008,59.21089553833008,99.97000122070312,99.55999755859375,99.87000274658203,281300
2008-07-07,59.41898727416992,59.41898727416992,100.08999633789062,99.33999633789062,99.58999633789062,603100
2008-07-08,59.650917053222656,59.650917053222656,100.4000015258789,99.83000183105469,100.0,327300
2008-07-09,59.882816314697266,59.882816314697266,100.80000305175781,100.2699966430664,100.5,392000
2008-07-10,59.93632125854492,59.93632125854492,100.87999725341797,100.44999694824219,100.7699966430664,577200
2008-07-11,59.597434997558594,59.597434997558594,101.05999755859375,100.13999938964844,101.05999755859375,478200
2008-07-14,59.686561584472656,59.686561584472656,100.83999633789062,100.22000122070312,100.22000122070312,366000
2008-07-15,59.91850280761719,59.91850280761719,100.9800033569336,100.61000061035156,100.63999938964844,433400
2008-07-16,59.46061706542969,59.46061706542969,100.5199966430664,100.0,100.51000213623047,487400
2008-07-17,59.199005126953125,59.199005126953125,100.0999984741211,99.38999938964844,100.0,503300
2008-07-18,58.854129791259766,58.854129791259766,99.68000030517578,98.9800033569336,99.33999633789062,438400
2008-07-21,59.16332244873047,59.16332244873047,99.5,99.12000274658203,99.33000183105469,317500
2008-07-22,58.961185455322266,58.961185455322266,99.44000244140625,99.0199966430664,99.41999816894531,302900
2008-07-23,59.032535552978516,59.032535552978516,99.30000305175781,99.02999877929688,99.19999694824219,405700
2008-07-24,59.44282531738281,59.44282531738281,100.01000213623047,99.3499984741211,99.41000366210938,320200
2008-07-25,59.1395378112793,59.1395378112793,99.81999969482422,99.30999755859375,99.80000305175781,394300
2008-07-28,59.407135009765625,59.407135009765625,100.01000213623047,99.70999908447266,99.94999694824219,458500
2008-07-29,59.33576965332031,59.33576965332031,99.88999938964844,99.54000091552734,99.80000305175781,279200
2008-07-30,59.40115737915039,59.40115737915039,99.9800033569336,99.4800033569336,99.87000274658203,403800
2008-07-31,59.70445251464844,59.70445251464844,100.6500015258789,100.11000061035156,100.37000274658203,559600
2008-08-01,59.63396072387695,59.63396072387695,100.19000244140625,99.6500015258789,100.19000244140625,331500
2008-08-04,59.46082305908203,59.46082305908203,100.0199966430664,99.56999969482422,99.80999755859375,391600
2008-08-05,59.359378814697266,59.359378814697266,99.80000305175781,99.41000366210938,99.80000305175781,489500
2008-08-06,59.29368209838867,59.29368209838867,99.44999694824219,98.9800033569336,99.44999694824219,463000
2008-08-07,59.604164123535156,59.604164123535156,99.9000015258789,99.30999755859375,99.44999694824219,391300
2008-08-08,59.51464080810547,59.51464080810547,99.91999816894531,99.62000274658203,99.80000305175781,359600
2008-08-11,59.36532974243164,59.36532974243164,99.81999969482422,99.3499984741211,99.51000213623047,460700
2008-08-12,59.61604309082031,59.61604309082031,99.87999725341797,99.63999938964844,99.69000244140625,392600
2008-08-13,59.51464080810547,59.51464080810547,99.9800033569336,99.5199966430664,99.86000061035156,301000
2008-08-14,59.657875061035156,59.657875061035156,100.0,99.69000244140625,99.87999725341797,417900
2008-08-15,59.831016540527344,59.831016540527344,100.23999786376953,100.0,100.2300033569336,333200
2008-08-18,59.9324836730957,59.9324836730957,100.41999816894531,100.12999725341797,100.25,526500
2008-08-19,59.88473892211914,59.88473892211914,100.37999725341797,100.0999984741211,100.37999725341797,284400
2008-08-20,59.98025894165039,59.98025894165039,100.72000122070312,100.2699966430664,100.45999908447266,277400
2008-08-21,59.99216079711914,59.99216079711914,100.56999969482422,100.2300033569336,100.44999694824219,361800
2008-08-22,59.92649459838867,59.92649459838867,100.41000366210938,100.11000061035156,100.19000244140625,497800
2008-08-25,60.11156463623047,60.11156463623047,100.76000213623047,100.52999877929688,100.76000213623047,267900
2008-08-26,60.0399284362793,60.0399284362793,100.7300033569336,100.44000244140625,100.5199966430664,634400
2008-08-27,60.11156463623047,60.11156463623047,100.87999725341797,100.38999938964844,100.58000183105469,334400
2008-08-28,60.1652717590332,60.1652717590332,100.97000122070312,100.62999725341797,100.80999755859375,372600
2008-08-29,60.147377014160156,60.147377014160156,101.26000213623047,100.41999816894531,101.26000213623047,701500
2008-09-02,60.34755325317383,60.34755325317383,100.72000122070312,100.04000091552734,100.30999755859375,1275500
2008-09-03,60.335594177246094,60.335594177246094,100.87000274658203,100.5,100.69999694824219,419800
2008-09-04,60.55733871459961,60.55733871459961,101.19000244140625,100.81999969482422,100.98999786376953,338800
2008-09-05,60.3775749206543,60.3775749206543,101.37999725341797,100.73999786376953,101.23999786376953,667100
2008-09-08,60.75516128540039,60.75516128540039,101.51000213623047,100.83999633789062,100.95999908447266,873300
2008-09-09,61.02481460571289,61.02481460571289,101.87999725341797,101.30999755859375,101.47000122070312,540400
2008-09-10,60.98294448852539,60.98294448852539,101.81999969482422,101.4000015258789,101.4000015258789,515400
2008-09-11,60.90495300292969,60.90495300292969,101.9000015258789,101.5,101.9000015258789,371800
2008-09-12,60.659244537353516,60.659244537353516,101.72000122070312,101.0,101.69999694824219,514800
2008-09-15,60.89898681640625,60.89898681640625,101.8499984741211,101.25,101.3499984741211,386900
2008-09-16,60.28163528442383,60.28163528442383,102.08000183105469,100.58000183105469,102.0199966430664,676000
2008-09-17,60.43150329589844,60.43150329589844,101.2699966430664,100.5999984741211,100.7699966430664,707900
2008-09-18,60.2636604309082,60.2636604309082,101.19000244140625,100.25,100.5,1016900
2008-09-19,60.53337097167969,60.53337097167969,101.48999786376953,99.7699966430664,100.0,1985000
2008-09-22,59.58638381958008,59.58638381958008,100.72000122070312,99.0,99.87999725341797,1719500
2008-09-23,59.496490478515625,59.496490478515625,99.5999984741211,99.0,99.31999969482422,435500
2008-09-24,59.568458557128906,59.568458557128906,99.44999694824219,98.75,99.0,2371500
2008-09-25,59.460567474365234,59.460567474365234,99.5,98.5999984741211,99.5,633200
2008-09-26,59.160884857177734,59.160884857177734,99.30000305175781,98.1500015258789,98.66000366210938,473200
2008-09-29,58.89117431640625,58.89117431640625,99.22000122070312,97.0,98.55000305175781,751500
2008-09-30,59.08896255493164,59.08896255493164,99.29000091552734,97.02999877929688,98.25,655400
2008-10-01,58.66775894165039,58.66775894165039,98.77999877929688,94.5,97.9000015258789,800000
2008-10-02,58.896427154541016,58.896427154541016,98.41999816894531,96.91999816894531,97.44999694824219,400400
2008-10-03,59.341670989990234,59.341670989990234,98.62000274658203,96.86000061035156,98.22000122070312,501200
2008-10-06,59.3597297668457,59.3597297668457,99.44999694824219,95.55000305175781,98.62000274658203,798300
2008-10-07,58.13222122192383,58.13222122192383,98.5999984741211,96.5199966430664,98.41000366210938,818000
2008-10-08,56.96491622924805,56.96491622924805,96.95999908447266,93.05000305175781,96.16999816894531,835000
2008-10-09,57.09726333618164,57.09726333618164,95.37000274658203,92.9000015258789,94.5199966430664,946600
2008-10-10,53.192100524902344,53.192100524902344,91.98999786376953,86.80000305175781,91.30000305175781,1559700
2008-10-13,55.249977111816406,55.249977111816406,93.55999755859375,90.0,90.38999938964844,911000
2008-10-14,56.411319732666016,56.411319732666016,95.25,92.5999984741211,92.62999725341797,773100
2008-10-15,57.31391525268555,57.31391525268555,95.80000305175781,92.79000091552734,94.41999816894531,678200
2008-10-16,56.411319732666016,56.411319732666016,95.79000091552734,93.48999786376953,95.25,482900
2008-10-17,56.61587905883789,56.61587905883789,95.95999908447266,92.51000213623047,93.37999725341797,588500
2008-10-20,57.62678527832031,57.62678527832031,96.16000366210938,94.41000366210938,94.88999938964844,537600
2008-10-21,58.13222122192383,58.13222122192383,97.22000122070312,94.5999984741211,96.41000366210938,571000
2008-10-22,58.806129455566406,58.806129455566406,98.0,96.75,97.2699966430664,666800
2008-10-23,57.771175384521484,57.771175384521484,97.97000122070312,95.51000213623047,97.97000122070312,855400
2008-10-24,57.28379821777344,57.28379821777344,96.3499984741211,94.88999938964844,96.1500015258789,400100
2008-10-27,56.712162017822266,56.712162017822266,95.8499984741211,93.69999694824219,94.69999694824219,675400
2008-10-28,56.91073989868164,56.91073989868164,95.23999786376953,93.75,94.69999694824219,602700
2008-10-29,57.993839263916016,57.993839263916016,96.5,94.68000030517578,95.20999908447266,597800
2008-10-30,57.921630859375,57.921630859375,96.3499984741211,95.37000274658203,96.3499984741211,386400
2008-10-31,57.74110794067383,57.74110794067383,96.30000305175781,95.11000061035156,95.54000091552734,732700
2008-11-03,56.82263946533203,56.82263946533203,95.98999786376953,93.51000213623047,95.98999786376953,613700
2008-11-04,57.73506546020508,57.73506546020508,95.77999877929688,94.52999877929688,95.16000366210938,531100
2008-11-05,58.611202239990234,58.611202239990234,97.0,96.19000244140625,96.83000183105469,612600
2008-11-06,58.36955261230469,58.36955261230469,97.48999786376953,96.30999755859375,97.48999786376953,516000
2008-11-07,58.66557312011719,58.66557312011719,97.13999938964844,95.2300033569336,96.87000274658203,878500
2008-11-10,58.29096603393555,58.29096603393555,97.41000366210938,95.91000366210938,97.29000091552734,424400
2008-11-11,58.73207473754883,58.73207473754883,97.37999725341797,95.94999694824219,95.94999694824219,402500
2008-11-12,58.224544525146484,58.224544525146484,97.61000061035156,96.02999877929688,97.58000183105469,823300
2008-11-13,58.423912048339844,58.423912048339844,97.16000366210938,96.16000366210938,96.68000030517578,523800
2008-11-14,58.599178314208984,58.599178314208984,97.0,96.31999969482422,97.0,546100
2008-11-17,58.75625991821289,58.75625991821289,97.23999786376953,96.62000274658203,96.91000366210938,407500
2008-11-18,58.67161560058594,58.67161560058594,97.4000015258789,96.95999908447266,97.06999969482422,415000
2008-11-19,58.84080123901367,58.84080123901367,97.88999938964844,97.30000305175781,97.45999908447266,546500
2008-11-20,58.85293197631836,58.85293197631836,97.94000244140625,97.16000366210938,97.9000015258789,826200
2008-11-21,58.38165283203125,58.38165283203125,97.86000061035156,96.41999816894531,97.4000015258789,1015200
2008-11-24,58.37554931640625,58.37554931640625,97.76000213623047,96.04000091552734,97.11000061035156,1524000
2008-11-25,59.8317756652832,59.8317756652832,99.12000274658203,97.66999816894531,97.73999786376953,1049800
2008-11-26,59.602142333984375,59.602142333984375,99.7699966430664,98.29000091552734,99.19999694824219,859500
2008-11-28,59.48732376098633,59.48732376098633,99.26000213623047,98.0999984741211,98.93000030517578,294800
2008-12-01,60.32645797729492,60.32645797729492,99.4800033569336,98.43000030517578,98.9800033569336,604100
2008-12-02,60.38713073730469,60.38713073730469,99.68000030517578,98.86000061035156,99.01000213623047,641600
2008-12-03,60.393192291259766,60.393192291259766,99.5999984741211,98.9000015258789,99.5999984741211,583300
2008-12-04,60.593421936035156,60.593421936035156,99.87000274658203,99.0199966430664,99.62000274658203,713900
2008-12-05,60.25970458984375,60.25970458984375,99.97000122070312,97.87999725341797,99.51000213623047,616400
2008-12-08,60.180850982666016,60.180850982666016,99.81999969482422,99.0,99.81999969482422,653600
2008-12-09,60.745052337646484,60.745052337646484,100.12000274658203,99.20999908447266,99.75,762100
2008-12-10,60.635887145996094,60.635887145996094,100.1500015258789,99.62000274658203,99.6500015258789,810100
2008-12-11,60.951412200927734,60.951412200927734,100.45999908447266,99.73999786376953,100.19999694824219,682100
2008-12-12,60.969566345214844,60.969566345214844,100.6500015258789,99.69999694824219,100.5999984741211,679800
2008-12-15,61.11518859863281,61.11518859863281,100.7300033569336,100.18000030517578,100.43000030517578,501000
2008-12-16,61.35794448852539,61.35794448852539,101.12999725341797,100.30000305175781,101.12999725341797,670800
2008-12-17,61.685508728027344,61.685508728027344,102.08999633789062,101.01000213623047,101.76000213623047,934200
2008-12-18,62.07379913330078,62.07379913330078,102.45999908447266,101.12000274658203,101.91000366210938,931100
2008-12-19,61.87362289428711,61.87362289428711,102.30999755859375,101.5,101.93000030517578,829700
2008-12-22,62.20730972290039,62.20730972290039,102.54000091552734,101.9800033569336,102.30000305175781,1490200
2008-12-23,62.81399917602539,62.81399917602539,103.54000091552734,102.13999938964844,102.29000091552734,774200
2008-12-24,63.111358642578125,63.111358642578125,104.19000244140625,103.16999816894531,103.27999877929688,491500
2008-12-26,62.898948669433594,62.898948669433594,104.22000122070312,103.4800033569336,104.0999984741211,467300
2008-12-29,63.383670806884766,63.383670806884766,104.19000244140625,103.02999877929688,103.02999877929688,614000
2008-12-30,63.40803146362305,63.40803146362305,104.3499984741211,103.55000305175781,103.66000366210938,570300
2008-12-31,63.450714111328125,63.450714111328125,104.33000183105469,103.54000091552734,104.23999786376953,611900
2009-01-02,63.05486297607422,63.05486297607422,104.38999938964844,103.5,103.75,484600
2009-01-05,64.05960845947266,64.05960845947266,105.31999969482422,103.0999984741211,103.5,3306400
2009-01-06,63.70033264160156,63.70033264160156,104.87000274658203,103.41000366210938,104.73999786376953,670200
2009-01-07,63.11578369140625,63.11578369140625,104.27999877929688,103.26000213623047,104.20999908447266,1222800
2009-01-08,62.63465118408203,62.63465118408203,104.05999755859375,102.5999984741211,103.91000366210938,1616300
2009-01-09,62.42156219482422,62.42156219482422,103.30999755859375,102.33999633789062,102.70999908447266,1137600
2009-01-12,62.750370025634766,62.750370025634766,103.27999877929688,102.37000274658203,102.5,774400
2009-01-13,62.8538932800293,62.8538932800293,103.30999755859375,102.79000091552734,103.30000305175781,585600
2009-01-14,62.76866149902344,62.76866149902344,103.44999694824219,102.61000061035156,103.44999694824219,951900
2009-01-15,62.762550354003906,62.762550354003906,103.5199966430664,102.6500015258789,102.8499984741211,1047400
2009-01-16,63.08523941040039,63.08523941040039,103.86000061035156,102.80999755859375,102.97000122070312,608700
2009-01-20,62.75642395019531,62.75642395019531,103.19000244140625,102.63999938964844,102.70999908447266,663100
2009-01-21,62.42763137817383,62.42763137817383,103.2300033569336,102.51000213623047,103.2300033569336,621200
2009-01-22,62.15970230102539,62.15970230102539,102.69000244140625,101.80000305175781,102.69000244140625,446800
2009-01-23,62.062294006347656,62.062294006347656,102.38999938964844,101.63999938964844,102.0199966430664,578000
2009-01-26,62.00144958496094,62.00144958496094,102.06999969482422,100.87999725341797,101.7300033569336,550800
2009-01-27,62.31807327270508,62.31807327270508,102.5,101.44999694824219,101.62999725341797,541200
2009-01-28,62.35455322265625,62.35455322265625,102.7699966430664,102.12999725341797,102.73999786376953,478400
2009-01-29,61.80048370361328,61.80048370361328,102.54000091552734,101.4000015258789,102.2699966430664,869600
2009-01-30,62.19014358520508,62.19014358520508,102.33000183105469,101.62999725341797,101.6500015258789,608300
2009-02-02,62.083763122558594,62.083763122558594,102.16000366210938,101.56999969482422,101.72000122070312,592000
2009-02-03,61.8088493347168,61.8088493347168,102.0,101.13999938964844,101.76000213623047,575200
2009-02-04,61.723262786865234,61.723262786865234,101.45999908447266,100.87000274658203,101.30000305175781,673400
2009-02-05,61.5276985168457,61.5276985168457,101.47000122070312,100.61000061035156,101.2699966430664,702200
2009-02-06,61.692718505859375,61.692718505859375,101.18000030517578,99.97000122070312,100.91999816894531,1936800
2009-02-09,61.69881820678711,61.69881820678711,101.23999786376953,100.7300033569336,101.1500015258789,588300
2009-02-10,62.07772445678711,62.07772445678711,101.80000305175781,100.8499984741211,101.1500015258789,524800
2009-02-11,62.065486907958984,62.065486907958984,102.1500015258789,101.4000015258789,101.4800033569336,518800
2009-02-12,62.39547348022461,62.39547348022461,102.19999694824219,101.6500015258789,101.9000015258789,366900
2009-02-13,62.20608139038086,62.20608139038086,102.02999877929688,101.38999938964844,101.38999938964844,851900
2009-02-17,62.25493621826172,62.25493621826172,102.26000213623047,101.63999938964844,102.1500015258789,436100
2009-02-18,62.1265869140625,62.1265869140625,102.0999984741211,101.58999633789062,101.88999938964844,495800
2009-02-19,62.02882385253906,62.02882385253906,101.69999694824219,101.26000213623047,101.5999984741211,532400
2009-02-20,61.71104431152344,61.71104431152344,101.91000366210938,100.7699966430664,101.68000030517578,656300
2009-02-23,62.02882385253906,62.02882385253906,101.6500015258789,100.9000015258789,101.6500015258789,621500
2009-02-24,61.90657043457031,61.90657043457031,101.8499984741211,101.11000061035156,101.33999633789062,605600
2009-02-25,61.85164260864258,61.85164260864258,101.41999816894531,101.04000091552734,101.25,485800
2009-02-26,61.5276985168457,61.5276985168457,101.0999984741211,100.61000061035156,100.7699966430664,509300
2009-02-27,61.533843994140625,61.533843994140625,100.94999694824219,100.5,100.62000274658203,463800
2009-03-02,61.740482330322266,61.740482330322266,100.81999969482422,100.30000305175781,100.69999694824219,627400
2009-03-03,61.66074752807617,61.66074752807617,100.68000030517578,100.08999633789062,100.55000305175781,970700
2009-03-04,61.37257385253906,61.37257385253906,100.37999725341797,99.7699966430664,100.37999725341797,548900
2009-03-05,61.57492446899414,61.57492446899414,100.66999816894531,100.05000305175781,100.29000091552734,685000
2009-03-06,61.740482330322266,61.740482330322266,100.70999908447266,100.1500015258789,100.55999755859375,701200
2009-03-09,61.317420959472656,61.317420959472656,100.70999908447266,100.01000213623047,100.70999908447266,645300
2009-03-10,61.4583625793457,61.4583625793457,100.25,99.81999969482422,99.9000015258789,507500
2009-03-11,61.60555648803711,61.60555648803711,100.56999969482422,99.8499984741211,100.33000183105469,607500
2009-03-12,61.66074752807617,61.66074752807617,100.7300033569336,100.25,100.43000030517578,603500
2009-03-13,61.72207260131836,61.72207260131836,100.73999786376953,100.3499984741211,100.4000015258789,561400
2009-03-16,61.532012939453125,61.532012939453125,100.47000122070312,100.16999816894531,100.23999786376953,644000
2009-03-17,61.34807586669922,61.34807586669922,100.5999984741211,100.02999877929688,100.5199966430664,644200
2009-03-18,62.322879791259766,62.322879791259766,101.87999725341797,100.12000274658203,100.19999694824219,493700
2009-03-19,62.47618865966797,62.47618865966797,102.88999938964844,101.41000366210938,101.73999786376953,738500
2009-03-20,62.126678466796875,62.126678466796875,102.02999877929688,101.26000213623047,101.88999938964844,513100
2009-03-23,62.126678466796875,62.126678466796875,101.48999786376953,101.16999816894531,101.44000244140625,518100
2009-03-24,61.70365524291992,61.70365524291992,101.18000030517578,100.63999938964844,100.83000183105469,934100
2009-03-25,61.43388748168945,61.43388748168945,101.0,100.08999633789062,100.66000366210938,1241000
2009-03-26,61.5565185546875,61.5565185546875,100.47000122070312,100.05000305175781,100.37999725341797,1187900
2009-03-27,61.60555648803711,61.60555648803711,100.88999938964844,100.13999938964844,100.62000274658203,1303900
2009-03-30,61.89368438720703,61.89368438720703,101.08999633789062,100.41000366210938,100.41000366210938,616300
2009-03-31,62.21253967285156,62.21253967285156,101.47000122070312,100.7300033569336,101.0,638100
2009-04-01,62.182437896728516,62.182437896728516,101.27999877929688,100.61000061035156,101.19000244140625,579100
2009-04-02,61.98550033569336,61.98550033569336,101.12000274658203,100.54000091552734,101.11000061035156,960500
2009-04-03,61.782493591308594,61.782493591308594,100.9000015258789,100.01000213623047,100.9000015258789,3081500
2009-04-06,61.77016830444336,61.77016830444336,100.68000030517578,100.0999984741211,100.66000366210938,495100
2009-04-07,61.67176055908203,61.67176055908203,100.47000122070312,100.01000213623047,100.41999816894531,807100
2009-04-08,61.87480926513672,61.87480926513672,100.72000122070312,100.30000305175781,100.43000030517578,528400
2009-04-09,61.782493591308594,61.782493591308594,100.70999908447266,100.20999908447266,100.27999877929688,564100
2009-04-13,62.23162078857422,62.23162078857422,101.1500015258789,100.33000183105469,100.81999969482422,475800
2009-04-14,62.21937561035156,62.21937561035156,101.13999938964844,100.62999725341797,100.69999694824219,594200
2009-04-15,62.39158248901367,62.39158248901367,101.41000366210938,101.0,101.20999908447266,534500
2009-04-16,62.28081512451172,62.28081512451172,101.31999969482422,101.0199966430664,101.26000213623047,457700
2009-04-17,61.93632507324219,61.93632507324219,101.11000061035156,100.66999816894531,101.05000305175781,486900
2009-04-20,62.293113708496094,62.293113708496094,101.25,100.77999877929688,101.11000061035156,705600
2009-04-21,62.096256256103516,62.096256256103516,101.41999816894531,100.86000061035156,101.41000366210938,702100
2009-04-22,62.262325286865234,62.262325286865234,101.26000213623047,100.8499984741211,101.0199966430664,448500
2009-04-23,62.342323303222656,62.342323303222656,101.36000061035156,100.95999908447266,101.19999694824219,318700
2009-04-24,62.41006851196289,62.41006851196289,101.44000244140625,101.0,101.37000274658203,533400
2009-04-27,62.50849914550781,62.50849914550781,101.83000183105469,101.25,101.58000183105469,614400
2009-04-28,62.489990234375,62.489990234375,101.91000366210938,101.41000366210938,101.91000366210938,397800
2009-04-29,62.23162078857422,62.23162078857422,101.69000244140625,101.0999984741211,101.69000244140625,488000
2009-04-30,62.5330696105957,62.5330696105957,101.63999938964844,100.95999908447266,101.33000183105469,760700
2009-05-01,62.291748046875,62.291748046875,101.16000366210938,100.75,101.08000183105469,536100
2009-05-04,62.34115982055664,62.34115982055664,101.41000366210938,100.77999877929688,101.30999755859375,690600
2009-05-05,62.47074890136719,62.47074890136719,101.58000183105469,101.01000213623047,101.31999969482422,886600
2009-05-06,62.612709045410156,62.612709045410156,101.69999694824219,101.29000091552734,101.37999725341797,833700
2009-05-07,62.33494567871094,62.33494567871094,101.66999816894531,100.80000305175781,101.5,1418800
2009-05-08,62.45220184326172,62.45220184326172,101.41999816894531,100.83999633789062,101.08000183105469,706000
2009-05-11,62.49543762207031,62.49543762207031,101.56999969482422,101.13999938964844,101.13999938964844,431900
2009-05-12,62.841060638427734,62.841060638427734,101.83999633789062,101.2699966430664,101.30000305175781,786700
2009-05-13,62.896629333496094,62.896629333496094,102.13999938964844,101.5999984741211,101.94999694824219,430700
2009-05-14,62.93368148803711,62.93368148803711,102.08000183105469,101.69000244140625,102.05000305175781,453900
2009-05-15,63.07563018798828,63.07563018798828,102.19000244140625,101.83999633789062,101.83999633789062,616200
2009-05-18,62.89048767089844,62.89048767089844,102.22000122070312,101.80000305175781,102.19000244140625,420900
2009-05-19,62.9460334777832,62.9460334777832,102.05000305175781,101.80000305175781,101.8499984741211,586100
2009-05-20,63.137393951416016,63.137393951416016,102.5,101.91999816894531,101.94999694824219,543600
2009-05-21,62.93978500366211,62.93978500366211,102.44000244140625,101.75,102.30000305175781,393400
2009-05-22,62.77320861816406,62.77320861816406,101.95999908447266,101.5999984741211,101.88999938964844,433400
2009-05-26,62.63124084472656,62.63124084472656,101.88999938964844,101.3499984741211,101.87000274658203,469300
2009-05-27,62.28553771972656,62.28553771972656,101.55999755859375,100.75,101.44999694824219,636200
2009-05-28,62.31022644042969,62.31022644042969,101.06999969482422,100.41999816894531,100.83999633789062,634200
2009-05-29,62.97687530517578,62.97687530517578,102.1500015258789,100.80000305175781,100.80000305175781,1142100
2009-06-01,62.195587158203125,62.195587158203125,101.3499984741211,100.38999938964844,101.2300033569336,1111000
2009-06-02,62.62272644042969,62.62272644042969,101.2300033569336,100.55999755859375,101.05999755859375,618100
2009-06-03,62.79609298706055,62.79609298706055,101.4800033569336,101.0,101.0,797700
2009-06-04,62.276039123535156,62.276039123535156,101.29000091552734,100.54000091552734,101.29000091552734,591900
2009-06-05,61.9540901184082,61.9540901184082,100.56999969482422,100.06999969482422,100.5,479100
2009-06-08,61.786964416503906,61.786964416503906,100.30000305175781,99.80000305175781,100.05000305175781,648800
2009-06-09,62.065555572509766,62.065555572509766,100.37000274658203,99.9800033569336,100.13999938964844,442300
2009-06-10,61.89223098754883,61.89223098754883,100.54000091552734,99.97000122070312,100.01000213623047,772600
2009-06-11,62.10894012451172,62.10894012451172,100.66999816894531,99.55999755859375,99.9000015258789,481900
2009-06-12,62.412269592285156,62.412269592285156,100.91000366210938,100.33000183105469,100.33000183105469,358000
2009-06-15,62.64748001098633,62.64748001098633,101.19000244140625,100.77999877929688,101.0999984741211,491000
2009-06-16,62.734214782714844,62.734214782714844,101.43000030517578,100.94999694824219,101.12999725341797,430900
2009-06-17,62.8580207824707,62.8580207824707,101.7699966430664,101.33999633789062,101.5,454900
2009-06-18,62.44938278198242,62.44938278198242,101.36000061035156,100.8499984741211,101.3499984741211,550300
2009-06-19,62.678443908691406,62.678443908691406,101.25,100.66000366210938,100.66000366210938,584400
2009-06-22,62.77132034301758,62.77132034301758,101.63999938964844,101.25,101.55999755859375,516800
2009-06-23,62.97560119628906,62.97560119628906,101.80000305175781,101.29000091552734,101.44000244140625,524300
2009-06-24,62.8084716796875,62.8084716796875,101.98999786376953,101.44999694824219,101.6500015258789,525700
2009-06-25,63.09947967529297,63.09947967529297,102.12000274658203,101.44000244140625,101.58000183105469,575200
2009-06-26,63.28516387939453,63.28516387939453,102.22000122070312,101.91999816894531,102.08999633789062,471300
2009-06-29,63.229461669921875,63.229461669921875,102.37000274658203,102.02999877929688,102.02999877929688,398400
2009-06-30,63.241844177246094,63.241844177246094,102.30000305175781,101.91999816894531,101.9800033569336,805500
2009-07-01,63.21826171875,63.21826171875,101.87000274658203,101.55999755859375,101.62000274658203,450600
2009-07-02,63.36732864379883,63.36732864379883,102.16000366210938,101.75,101.75,533000
2009-07-06,63.317626953125,63.317626953125,102.0999984741211,101.8499984741211,101.88999938964844,436600
2009-07-07,63.52257537841797,63.52257537841797,102.30000305175781,101.97000122070312,101.98999786376953,518600
2009-07-08,63.87051010131836,63.87051010131836,102.81999969482422,102.2300033569336,102.2300033569336,790000
2009-07-09,63.69028091430664,63.69028091430664,102.69000244140625,102.30999755859375,102.45999908447266,600100
2009-07-10,63.907737731933594,63.907737731933594,103.0,102.62999725341797,102.72000122070312,504600
2009-07-13,63.87672805786133,63.87672805786133,103.12000274658203,102.7699966430664,102.9000015258789,397800
2009-07-14,63.684139251708984,63.684139251708984,102.7699966430664,102.41000366210938,102.5999984741211,529700
2009-07-15,63.2679443359375,63.2679443359375,102.38999938964844,101.8499984741211,102.20999908447266,849600
2009-07-16,63.4666862487793,63.4666862487793,102.36000061035156,102.01000213623047,102.01000213623047,410800
2009-07-17,63.4666862487793,63.4666862487793,102.2699966430664,101.9800033569336,102.01000213623047,437300
2009-07-20,63.54124450683594,63.54124450683594,102.48999786376953,101.97000122070312,102.01000213623047,675400
2009-07-21,63.98226547241211,63.98226547241211,103.01000213623047,102.08999633789062,102.08999633789062,812700
2009-07-22,63.764888763427734,63.764888763427734,102.95999908447266,102.52999877929688,102.88999938964844,450600
2009-07-23,63.60338592529297,63.60338592529297,102.73999786376953,102.23999786376953,102.73999786376953,564500
2009-07-24,63.60338592529297,63.60338592529297,102.55000305175781,102.11000061035156,102.19999694824219,579900
2009-07-27,63.41084289550781,63.41084289550781,102.37000274658203,101.8499984741211,102.0,883400
2009-07-28,63.52882766723633,63.52882766723633,102.52999877929688,102.01000213623047,102.01000213623047,674500
2009-07-29,63.64067077636719,63.64067077636719,102.68000030517578,102.16000366210938,102.55999755859375,451400
2009-07-30,63.721412658691406,63.721412658691406,102.69999694824219,102.20999908447266,102.27999877929688,1108700
2009-07-31,64.04441833496094,64.04441833496094,103.33000183105469,102.75,102.94999694824219,1058900
2009-08-03,63.90983200073242,63.90983200073242,102.79000091552734,102.30999755859375,102.77999877929688,716600
2009-08-04,63.71662139892578,63.71662139892578,102.86000061035156,102.13999938964844,102.79000091552734,629900
2009-08-05,63.66054153442383,63.66054153442383,102.33000183105469,102.0,102.33000183105469,608200
2009-08-06,63.691715240478516,63.691715240478516,102.3499984741211,102.02999877929688,102.19999694824219,564300
2009-08-07,63.311527252197266,63.311527252197266,102.08999633789062,101.36000061035156,101.70999908447266,1076900
2009-08-10,63.80387878417969,63.80387878417969,102.43000030517578,101.66000366210938,102.04000091552734,920700
2009-08-11,64.02825927734375,64.02825927734375,102.75,102.44000244140625,102.62999725341797,741400
2009-08-12,63.99708557128906,63.99708557128906,102.81999969482422,102.31999969482422,102.77999877929688,672100
2009-08-13,64.15907287597656,64.15907287597656,103.16999816894531,102.62000274658203,102.76000213623047,523700
2009-08-14,64.27127075195312,64.27127075195312,103.44000244140625,103.0199966430664,103.16999816894531,453600
2009-08-17,64.53922271728516,64.53922271728516,103.58999633789062,103.04000091552734,103.33000183105469,631300
2009-08-18,64.32736206054688,64.32736206054688,103.55000305175781,103.22000122070312,103.41999816894531,442400
2009-08-19,64.45825958251953,64.45825958251953,103.5999984741211,103.20999908447266,103.33000183105469,486900
2009-08-20,64.56414031982422,64.56414031982422,103.61000061035156,100.22000122070312,103.5199966430664,596600
2009-08-21,64.19023895263672,64.19023895263672,103.66000366210938,103.0,103.62999725341797,504900
2009-08-24,64.45204162597656,64.45204162597656,103.55999755859375,102.94999694824219,103.0999984741211,434400
2009-08-25,64.55799102783203,64.55799102783203,103.69999694824219,103.22000122070312,103.22000122070312,477400
2009-08-26,64.6513671875,64.6513671875,103.83999633789062,103.61000061035156,103.68000030517578,692400
2009-08-27,64.60155487060547,64.60155487060547,103.7300033569336,103.41999816894531,103.5,487300
2009-08-28,64.55799102783203,64.55799102783203,103.87000274658203,103.43000030517578,103.48999786376953,503600
2009-08-31,64.82593536376953,64.82593536376953,104.0199966430664,103.69999694824219,103.75,809600
2009-09-01,64.71465301513672,64.71465301513672,103.80999755859375,103.36000061035156,103.55999755859375,816200
2009-09-02,65.05850982666016,65.05850982666016,104.18000030517578,103.51000213623047,103.66000366210938,843200
2009-09-03,64.93965148925781,64.93965148925781,104.02999877929688,103.66000366210938,103.83000183105469,750900
2009-09-04,64.81473541259766,64.81473541259766,103.95999908447266,103.58999633789062,103.8499984741211,542300
2009-09-08,64.72091674804688,64.72091674804688,103.79000091552734,103.5199966430664,103.55000305175781,473500
2009-09-09,64.8459243774414,64.8459243774414,103.79000091552734,103.41000366210938,103.4800033569336,605800
2009-09-10,65.17727661132812,65.17727661132812,104.33999633789062,103.72000122070312,103.87000274658203,567200
2009-09-11,65.17103576660156,65.17103576660156,104.47000122070312,104.13999938964844,104.30999755859375,447500
2009-09-14,65.07726287841797,65.07726287841797,104.37999725341797,104.0,104.0,375400
2009-09-15,64.97721099853516,64.97721099853516,104.16000366210938,103.9000015258789,103.95999908447266,471600
2009-09-16,65.02725982666016,65.02725982666016,104.13999938964844,103.88999938964844,104.11000061035156,594600
2009-09-17,65.33358001708984,65.33358001708984,104.5,103.98999786376953,104.06999969482422,468400
2009-09-18,65.17103576660156,65.17103576660156,104.38999938964844,104.12000274658203,104.25,470300
2009-09-21,65.12100982666016,65.12100982666016,104.38999938964844,104.08999633789062,104.19999694824219,433600
2009-09-22,65.07726287841797,65.07726287841797,104.31999969482422,104.02999877929688,104.02999877929688,567000
2009-09-23,65.23977661132812,65.23977661132812,104.38999938964844,104.0,104.13999938964844,616700
2009-09-24,65.32109069824219,65.32109069824219,104.58999633789062,104.33000183105469,104.38999938964844,459200
2009-09-25,65.51490020751953,65.51490020751953,104.79000091552734,104.47000122070312,104.55999755859375,512100
2009-09-28,65.5086669921875,65.5086669921875,104.83000183105469,104.58999633789062,104.7300033569336,610400
2009-09-29,65.47740173339844,65.47740173339844,104.8499984741211,104.52999877929688,104.66999816894531,937700
2009-09-30,65.5961685180664,65.5961685180664,104.91999816894531,104.63999938964844,104.6500015258789,818800
2009-10-01,65.74790954589844,65.74790954589844,104.83999633789062,104.4000015258789,104.63999938964844,784700
2009-10-02,65.62252044677734,65.62252044677734,107.94999694824219,104.52999877929688,105.01000213623047,683700
2009-10-05,65.66644287109375,65.66644287109375,104.94999694824219,104.6500015258789,104.81999969482422,666900
2009-10-06,65.57231903076172,65.57231903076172,104.81999969482422,104.54000091552734,104.79000091552734,509000
2009-10-07,65.83580780029297,65.83580780029297,105.05999755859375,104.77999877929688,104.86000061035156,531500
2009-10-08,65.79192352294922,65.79192352294922,105.12000274658203,104.68000030517578,105.0999984741211,512000
2009-10-09,65.33399200439453,65.33399200439453,104.70999908447266,104.1500015258789,104.68000030517578,567500
2009-10-12,65.4845962524414,65.4845962524414,104.45999908447266,104.19999694824219,104.43000030517578,417000
2009-10-13,65.6476058959961,65.6476058959961,104.68000030517578,104.45999908447266,104.55999755859375,380200
2009-10-14,65.49081420898438,65.49081420898438,104.54000091552734,104.29000091552734,104.29000091552734,491400
2009-10-15,65.39042663574219,65.39042663574219,104.31999969482422,104.02999877929688,104.2300033569336,727700
2009-10-16,65.3841781616211,65.3841781616211,104.33000183105469,104.08000183105469,104.18000030517578,458700
2009-10-19,65.51587677001953,65.51587677001953,104.44999694824219,104.02999877929688,104.30999755859375,455500
2009-10-20,65.6727066040039,65.6727066040039,104.69999694824219,104.51000213623047,104.55999755859375,473300
2009-10-21,65.62882232666016,65.62882232666016,104.62999725341797,104.27999877929688,104.52999877929688,460500
2009-10-22,65.52845764160156,65.52845764160156,104.54000091552734,104.30000305175781,104.4000015258789,518700
2009-10-23,65.44686889648438,65.44686889648438,104.44999694824219,104.23999786376953,104.33000183105469,677300
2009-10-26,65.27123260498047,65.27123260498047,104.47000122070312,104.02999877929688,104.27999877929688,470500
2009-10-27,65.52845764160156,65.52845764160156,104.52999877929688,104.0999984741211,104.20999908447266,420100
2009-10-28,65.62252044677734,65.62252044677734,104.66000366210938,104.33000183105469,104.4800033569336,651700
2009-10-29,65.49081420898438,65.49081420898438,104.56999969482422,104.29000091552734,104.52999877929688,590400
2009-10-30,65.74169921875,65.74169921875,104.83999633789062,104.45999908447266,104.5,515200
2009-11-02,65.63724517822266,65.63724517822266,104.5999984741211,104.23999786376953,104.55000305175781,1036700
2009-11-03,65.5491943359375,65.5491943359375,104.51000213623047,104.16999816894531,104.4000015258789,684600
2009-11-04,65.44216918945312,65.44216918945312,104.41000366210938,104.01000213623047,104.23999786376953,490700
2009-11-05,65.61212921142578,65.61212921142578,104.33000183105469,103.69999694824219,104.0,899100
2009-11-06,65.668701171875,65.668701171875,104.45999908447266,104.18000030517578,104.23999786376953,435500
2009-11-09,65.7568359375,65.7568359375,104.56999969482422,104.3499984741211,104.44999694824219,509400
2009-11-10,65.77568817138672,65.77568817138672,104.68000030517578,104.41000366210938,104.5999984741211,464500
2009-11-11,65.80084228515625,65.80084228515625,104.80999755859375,104.45999908447266,104.5,509800
2009-11-12,65.9330062866211,65.9330062866211,104.79000091552734,104.33999633789062,104.5199966430664,507000
2009-11-13,66.00218963623047,66.00218963623047,104.9000015258789,104.58000183105469,104.7699966430664,408000
2009-11-16,66.1595230102539,66.1595230102539,105.29000091552734,104.81999969482422,104.81999969482422,479900
2009-11-17,66.21614074707031,66.21614074707031,105.23999786376953,105.0,105.05999755859375,681400
2009-11-18,66.07772064208984,66.07772064208984,105.36000061035156,104.9000015258789,105.19000244140625,528100
2009-11-19,66.1468505859375,66.1468505859375,105.23999786376953,104.98999786376953,105.18000030517578,393600
2009-11-20,66.17207336425781,66.17207336425781,105.19999694824219,105.02999877929688,105.16000366210938,422500
2009-11-23,66.1595230102539,66.1595230102539,105.16999816894531,104.91999816894531,105.05000305175781,470600
2009-11-24,66.35452270507812,66.35452270507812,105.45999908447266,105.02999877929688,105.26000213623047,508000
2009-11-25,66.41748809814453,66.41748809814453,105.55999755859375,105.29000091552734,105.41000366210938,418200
2009-11-27,66.47402954101562,66.47402954101562,105.6500015258789,105.30000305175781,105.30999755859375,182500
2009-11-30,66.58731842041016,66.58731842041016,105.83000183105469,105.33999633789062,105.62999725341797,632700
2009-12-01,66.42511749267578,66.42511749267578,105.41999816894531,105.16999816894531,105.3499984741211,788800
2009-12-02,66.29883575439453,66.29883575439453,105.30000305175781,104.94000244140625,105.19000244140625,480300
2009-12-03,66.30514526367188,66.30514526367188,105.02999877929688,104.7699966430664,104.94999694824219,744800
2009-12-04,66.17251586914062,66.17251586914062,104.9000015258789,104.47000122070312,104.66999816894531,1243100
2009-12-07,66.23564910888672,66.23564910888672,105.0,104.75,104.86000061035156,558200
2009-12-08,66.32408905029297,66.32408905029297,105.27999877929688,105.02999877929688,105.1500015258789,708300
2009-12-09,66.25464630126953,66.25464630126953,105.19999694824219,104.9000015258789,105.0999984741211,455200
2009-12-10,66.20417022705078,66.20417022705078,104.94999694824219,104.70999908447266,104.87000274658203,533100
2009-12-11,66.0462875366211,66.0462875366211,104.76000213623047,104.55999755859375,104.73999786376953,517200
2009-12-14,66.08415985107422,66.08415985107422,104.83000183105469,104.63999938964844,104.81999969482422,423300
2009-12-15,65.90113067626953,65.90113067626953,104.55999755859375,104.36000061035156,104.44999694824219,475200
2009-12-16,66.02108001708984,66.02108001708984,104.72000122070312,104.5,104.51000213623047,519000
2009-12-17,66.12833404541016,66.12833404541016,104.8499984741211,104.62000274658203,104.80000305175781,481700
2009-12-18,66.12833404541016,66.12833404541016,105.0,104.73999786376953,104.81999969482422,525900
2009-12-21,65.85060119628906,65.85060119628906,104.69999694824219,104.29000091552734,104.66999816894531,628500
2009-12-22,65.66121673583984,65.66121673583984,104.16999816894531,103.87999725341797,104.12999725341797,609400
2009-12-23,65.68643188476562,65.68643188476562,104.19999694824219,104.0,104.08000183105469,589100
2009-12-24,65.57279968261719,65.57279968261719,103.98999786376953,103.7300033569336,103.87999725341797,388700
2009-12-28,65.17513275146484,65.17513275146484,103.9000015258789,103.19999694824219,103.7699966430664,3458400
2009-12-29,65.25234985351562,65.25234985351562,103.19999694824219,103.0,103.11000061035156,833800
2009-12-30,65.41702270507812,65.41702270507812,103.31999969482422,103.08000183105469,103.30000305175781,532000
2009-12-31,65.33464813232422,65.33464813232422,103.30000305175781,102.77999877929688,103.04000091552734,651800
2010-01-04,65.4106674194336,65.4106674194336,103.41000366210938,103.1500015258789,103.2699966430664,987900
2010-01-05,65.70819854736328,65.70819854736328,103.81999969482422,103.5199966430664,103.62000274658203,500500
2010-01-06,65.67024993896484,65.67024993896484,103.81999969482422,103.41000366210938,103.81999969482422,714300
2010-01-07,65.5942611694336,65.5942611694336,103.70999908447266,103.47000122070312,103.66000366210938,705700
2010-01-08,65.6322250366211,65.6322250366211,103.87000274658203,103.54000091552734,103.87000274658203,412300
2010-01-11,65.58158111572266,65.58158111572266,103.72000122070312,103.51000213623047,103.6500015258789,684400
2010-01-12,65.99952697753906,65.99952697753906,104.23999786376953,103.81999969482422,103.87000274658203,1818500
2010-01-13,65.72096252441406,65.72096252441406,104.16999816894531,103.79000091552734,104.08999633789062,530900
2010-01-14,65.8918228149414,65.8918228149414,104.18000030517578,103.87000274658203,103.97000122070312,498600
2010-01-15,66.0184555053711,66.0184555053711,104.4000015258789,104.18000030517578,104.30000305175781,575300
2010-01-19,65.91083526611328,65.91083526611328,104.26000213623047,104.0,104.19999694824219,754800
2010-01-20,66.08177185058594,66.08177185058594,104.4000015258789,104.19999694824219,104.2699966430664,614200
2010-01-21,66.10079956054688,66.10079956054688,104.6500015258789,104.2699966430664,104.37000274658203,540200
2010-01-22,66.13871765136719,66.13871765136719,104.63999938964844,104.3499984741211,104.37999725341797,426600
2010-01-25,66.1324234008789,66.1324234008789,104.48999786376953,104.26000213623047,104.48999786376953,514200
2010-01-26,66.21475982666016,66.21475982666016,104.70999908447266,104.47000122070312,104.6500015258789,1288200
2010-01-27,66.16410827636719,66.16410827636719,104.70999908447266,104.43000030517578,104.47000122070312,618300
2010-01-28,66.10713958740234,66.10713958740234,104.55999755859375,104.33999633789062,104.4000015258789,640300
2010-01-29,66.25909423828125,66.25909423828125,104.72000122070312,104.31999969482422,104.33999633789062,748600
2010-02-01,66.16825103759766,66.16825103759766,104.4000015258789,104.12999725341797,104.36000061035156,501300
2010-02-02,66.24445343017578,66.24445343017578,104.33000183105469,104.19000244140625,104.19999694824219,619000
2010-02-03,66.12378692626953,66.12378692626953,104.25,103.88999938964844,104.13999938964844,2040600
2010-02-04,66.28257751464844,66.28257751464844,104.5199966430664,104.22000122070312,104.27999877929688,595300
2010-02-05,66.3079833984375,66.3079833984375,104.73999786376953,104.27999877929688,104.43000030517578,777600
2010-02-08,66.43496704101562,66.43496704101562,104.5999984741211,104.33000183105469,104.51000213623047,658400
2010-02-09,66.31436920166016,66.31436920166016,104.63999938964844,104.3499984741211,104.41000366210938,707100
2010-02-10,66.16191101074219,66.16191101074219,104.47000122070312,104.04000091552734,104.41999816894531,458300
2010-02-11,66.05389404296875,66.05389404296875,104.0999984741211,103.81999969482422,104.04000091552734,547400
2010-02-12,66.066650390625,66.066650390625,104.26000213623047,104.0199966430664,104.23999786376953,506100
2010-02-16,66.23174285888672,66.23174285888672,104.33000183105469,103.97000122070312,104.02999877929688,592800
2010-02-17,66.02854919433594,66.02854919433594,104.26000213623047,103.91000366210938,104.23999786376953,509200
2010-02-18,66.00309753417969,66.00309753417969,104.0999984741211,103.75,103.98999786376953,400100
2010-02-19,66.05389404296875,66.05389404296875,104.0,103.69000244140625,103.75,501500
2010-02-22,65.93955993652344,65.93955993652344,104.01000213623047,103.77999877929688,103.87999725341797,1120700
2010-02-23,66.17459106445312,66.17459106445312,104.25,103.91999816894531,103.91999816894531,539400
2010-02-24,66.24445343017578,66.24445343017578,104.41000366210938,104.16999816894531,104.30999755859375,542100
2010-02-25,66.3778076171875,66.3778076171875,104.51000213623047,104.2300033569336,104.45999908447266,658800
2010-02-26,66.39051818847656,66.39051818847656,104.6500015258789,104.5,104.5,658600
2010-03-01,66.488037109375,66.488037109375,104.4800033569336,104.25,104.3499984741211,618000
2010-03-02,66.51351165771484,66.51351165771484,104.44999694824219,104.29000091552734,104.29000091552734,661200
2010-03-03,66.51351165771484,66.51351165771484,104.44999694824219,104.29000091552734,104.30000305175781,492600
2010-03-04,66.6345443725586,66.6345443725586,104.62999725341797,104.33999633789062,104.33999633789062,782700
2010-03-05,66.50714111328125,66.50714111328125,104.5,104.25,104.5,1057500
2010-03-08,66.55168914794922,66.55168914794922,104.47000122070312,104.30000305175781,104.38999938964844,1827100
2010-03-09,66.628173828125,66.628173828125,104.63999938964844,104.4800033569336,104.62000274658203,1140200
2010-03-10,66.58363342285156,66.58363342285156,104.51000213623047,104.37999725341797,104.37999725341797,512000
2010-03-11,66.58363342285156,66.58363342285156,104.5999984741211,104.41999816894531,104.47000122070312,540000
2010-03-12,66.58993530273438,66.58993530273438,104.62999725341797,104.4000015258789,104.48999786376953,854200
2010-03-15,66.67276000976562,66.67276000976562,104.66000366210938,104.5,104.62000274658203,832600
2010-03-16,66.7938232421875,66.7938232421875,104.88999938964844,104.58999633789062,104.63999938964844,507700
2010-03-17,66.84480285644531,66.84480285644531,104.97000122070312,104.80000305175781,104.80000305175781,662100
2010-03-18,66.78746795654297,66.78746795654297,104.91999816894531,104.79000091552734,104.91000366210938,618200
2010-03-19,66.73648071289062,66.73648071289062,104.8499984741211,104.69999694824219,104.75,388600
2010-03-22,66.78746795654297,66.78746795654297,104.91000366210938,104.75,104.87000274658203,526700
2010-03-23,66.80020141601562,66.80020141601562,104.94000244140625,104.79000091552734,104.79000091552734,725700
2010-03-24,66.46253967285156,66.46253967285156,104.66999816894531,104.22000122070312,104.66999816894531,602700
2010-03-25,66.29052734375,66.29052734375,104.23999786376953,103.86000061035156,104.2300033569336,1416700
2010-03-26,66.39883422851562,66.39883422851562,104.25,103.95999908447266,103.97000122070312,1251100
2010-03-29,66.3223876953125,66.3223876953125,104.25,104.04000091552734,104.25,480000
2010-03-30,66.34786987304688,66.34786987304688,104.19999694824219,104.0199966430664,104.12000274658203,460500
2010-03-31,66.3860855102539,66.3860855102539,104.33999633789062,104.1500015258789,104.16999816894531,808300
2010-04-01,66.36112976074219,66.36112976074219,103.93000030517578,103.72000122070312,103.81999969482422,1386100
2010-04-05,65.9521713256836,65.9521713256836,103.58999633789062,103.12999725341797,103.58999633789062,849300
2010-04-06,66.03522491455078,66.03522491455078,103.47000122070312,103.27999877929688,103.27999877929688,934800
2010-04-07,66.31643676757812,66.31643676757812,103.7699966430664,103.4000015258789,103.4000015258789,746600
2010-04-08,66.25254821777344,66.25254821777344,103.94000244140625,103.63999938964844,103.91000366210938,406700
2010-04-09,66.32279205322266,66.32279205322266,103.81999969482422,103.5999984741211,103.70999908447266,414200
2010-04-12,66.4761734008789,66.4761734008789,104.04000091552734,103.80000305175781,103.91000366210938,476500
2010-04-13,66.58485412597656,66.58485412597656,104.22000122070312,104.05000305175781,104.12000274658203,680900
2010-04-14,66.5081558227539,66.5081558227539,104.25,103.97000122070312,104.1500015258789,513500
2010-04-15,66.62958526611328,66.62958526611328,104.2699966430664,103.88999938964844,104.04000091552734,837700
2010-04-16,66.73185729980469,66.73185729980469,104.5,104.22000122070312,104.30000305175781,479300
2010-04-19,66.61038970947266,66.61038970947266,104.5,104.20999908447266,104.41000366210938,769500
2010-04-20,66.71905517578125,66.71905517578125,104.4000015258789,104.19999694824219,104.2300033569336,652200
2010-04-21,66.83405303955078,66.83405303955078,104.58000183105469,104.31999969482422,104.4000015258789,747600
2010-04-22,66.69987487792969,66.69987487792969,104.6500015258789,104.29000091552734,104.55000305175781,221600
2010-04-23,66.6167984008789,66.6167984008789,104.29000091552734,104.12999725341797,104.19999694824219,481000
2010-04-26,66.61038970947266,66.61038970947266,104.37999725341797,104.19999694824219,104.30000305175781,587100
2010-04-27,66.8212661743164,66.8212661743164,104.72000122070312,104.3499984741211,104.37000274658203,950900
2010-04-28,66.71905517578125,66.71905517578125,104.55999755859375,104.30000305175781,104.41000366210938,929600
2010-04-29,66.74459838867188,66.74459838867188,104.52999877929688,104.33000183105469,104.41999816894531,662300
2010-04-30,67.03221893310547,67.03221893310547,104.94999694824219,104.48999786376953,104.48999786376953,920200
2010-05-03,66.90532684326172,66.90532684326172,104.48999786376953,104.25,104.4000015258789,638600
2010-05-04,67.17450714111328,67.17450714111328,104.81999969482422,104.55999755859375,104.73999786376953,690200
2010-05-05,67.12324523925781,67.12324523925781,105.0,104.72000122070312,104.88999938964844,662400
2010-05-06,67.21934509277344,67.21934509277344,105.58999633789062,104.72000122070312,104.91000366210938,1366600
2010-05-07,66.9245376586914,66.9245376586914,105.5,104.4000015258789,105.0999984741211,1415400
2010-05-10,66.9181137084961,66.9181137084961,104.62000274658203,104.33999633789062,104.41999816894531,1173600
2010-05-11,67.1680679321289,67.1680679321289,104.80000305175781,104.44999694824219,104.80000305175781,417500
2010-05-12,67.09756469726562,67.09756469726562,104.79000091552734,104.56999969482422,104.66999816894531,426600
2010-05-13,67.19367980957031,67.19367980957031,104.91999816894531,104.66000366210938,104.87999725341797,352700
2010-05-14,67.4372329711914,67.4372329711914,105.36000061035156,104.9800033569336,105.16999816894531,585600
2010-05-17,67.38597869873047,67.38597869873047,105.48999786376953,105.05000305175781,105.12999725341797,312900
2010-05-18,67.6167221069336,67.6167221069336,105.54000091552734,105.16000366210938,105.27999877929688,572400
2010-05-19,67.64883422851562,67.64883422851562,105.62999725341797,105.33999633789062,105.5199966430664,577300
2010-05-20,67.59112548828125,67.59112548828125,105.83000183105469,105.30000305175781,105.76000213623047,876900
2010-05-21,67.8795394897461,67.8795394897461,105.97000122070312,105.55999755859375,105.76000213623047,1048200
2010-05-24,67.84111022949219,67.84111022949219,106.0,105.81999969482422,105.9000015258789,1322700
2010-05-25,67.9244384765625,67.9244384765625,106.2699966430664,105.93000030517578,106.0999984741211,1154700
2010-05-26,67.84748840332031,67.84748840332031,105.94000244140625,105.69999694824219,105.91000366210938,886400
2010-05-27,67.6872329711914,67.6872329711914,105.66999816894531,105.37000274658203,105.66999816894531,1072500
2010-05-28,67.75774383544922,67.75774383544922,105.80999755859375,105.56999969482422,105.58000183105469,658900
2010-06-01,67.86966705322266,67.86966705322266,105.61000061035156,105.29000091552734,105.33000183105469,1717500
2010-06-02,67.79891967773438,67.79891967773438,105.62999725341797,105.44000244140625,105.58999633789062,1241600
2010-06-03,67.76683044433594,67.76683044433594,105.51000213623047,105.2300033569336,105.31999969482422,1231300
2010-06-04,67.9404067993164,67.9404067993164,105.81999969482422,105.51000213623047,105.66999816894531,1365400
2010-06-07,68.13969421386719,68.13969421386719,105.98999786376953,105.56999969482422,105.56999969482422,417100
2010-06-08,68.06251525878906,68.06251525878906,106.04000091552734,105.86000061035156,105.95999908447266,636400
2010-06-09,68.10108947753906,68.10108947753906,105.95999908447266,105.66999816894531,105.80000305175781,539000
2010-06-10,67.89533996582031,67.89533996582031,105.83000183105469,105.55000305175781,105.76000213623047,649200
2010-06-11,67.9339370727539,67.9339370727539,105.88999938964844,105.56999969482422,105.63999938964844,442000
2010-06-14,68.0303955078125,68.0303955078125,105.80999755859375,105.45999908447266,105.63999938964844,600200
2010-06-15,68.0303955078125,68.0303955078125,105.94999694824219,105.6500015258789,105.86000061035156,882800
2010-06-16,68.13323211669922,68.13323211669922,105.98999786376953,105.72000122070312,105.72000122070312,654100
2010-06-17,68.2939682006836,68.2939682006836,106.3499984741211,105.94999694824219,105.94999694824219,776100
2010-06-18,68.1846694946289,68.1846694946289,106.33999633789062,106.02999877929688,106.33999633789062,634000
2010-06-21,68.3325424194336,68.3325424194336,106.27999877929688,105.81999969482422,105.97000122070312,696100
2010-06-22,68.40325164794922,68.40325164794922,106.45999908447266,106.12999725341797,106.27999877929688,560100
2010-06-23,68.57688903808594,68.57688903808594,106.73999786376953,106.3499984741211,106.3499984741211,334200
2010-06-24,68.51900482177734,68.51900482177734,106.87999725341797,106.48999786376953,106.80000305175781,812300
2010-06-25,68.615478515625,68.615478515625,106.79000091552734,106.47000122070312,106.47000122070312,513800
2010-06-28,68.74407958984375,68.74407958984375,107.0,106.80999755859375,106.97000122070312,529600
2010-06-29,68.9498062133789,68.9498062133789,107.26000213623047,106.9800033569336,107.16999816894531,469000
2010-06-30,68.95622253417969,68.95622253417969,107.3499984741211,107.04000091552734,107.31999969482422,1050800
2010-07-01,68.92013549804688,68.92013549804688,107.12000274658203,106.79000091552734,107.01000213623047,744800
2010-07-02,68.82341766357422,68.82341766357422,106.88999938964844,106.68000030517578,106.69000244140625,586100
2010-07-06,69.03618621826172,69.03618621826172,107.0999984741211,106.75,106.8499984741211,553200
2010-07-07,68.9459228515625,68.9459228515625,107.1500015258789,106.9000015258789,107.12999725341797,1011200
2010-07-08,68.93302154541016,68.93302154541016,106.9800033569336,106.66999816894531,106.81999969482422,622100
2010-07-09,68.82984924316406,68.82984924316406,106.91000366210938,106.66999816894531,106.66999816894531,490600
2010-07-12,68.90721893310547,68.90721893310547,107.0,106.80000305175781,106.9000015258789,323500
2010-07-13,68.73310852050781,68.73310852050781,106.87000274658203,106.58000183105469,106.86000061035156,402300
2010-07-14,68.96526336669922,68.96526336669922,106.9800033569336,106.7300033569336,106.73999786376953,786900
2010-07-15,69.06201171875,69.06201171875,107.23999786376953,106.97000122070312,107.05999755859375,1254100
2010-07-16,69.27477264404297,69.27477264404297,107.48999786376953,107.19999694824219,107.29000091552734,386100
2010-07-19,69.21029663085938,69.21029663085938,107.47000122070312,107.26000213623047,107.37999725341797,425600
2010-07-20,69.15869903564453,69.15869903564453,107.5,107.23999786376953,107.4000015258789,616900
2010-07-21,69.46179962158203,69.46179962158203,107.75,107.26000213623047,107.26000213623047,518400
2010-07-22,69.39727020263672,69.39727020263672,107.62999725341797,107.48999786376953,107.62999725341797,920000
2010-07-23,69.27477264404297,69.27477264404297,107.63999938964844,107.29000091552734,107.63999938964844,708800
2010-07-26,69.26189422607422,69.26189422607422,107.47000122070312,107.23999786376953,107.47000122070312,836300
2010-07-27,69.23611450195312,69.23611450195312,107.48999786376953,107.31999969482422,107.38999938964844,516900
2010-07-28,69.36503601074219,69.36503601074219,107.61000061035156,107.36000061035156,107.37000274658203,495000
2010-07-29,69.42957305908203,69.42957305908203,107.66999816894531,107.4000015258789,107.44000244140625,444800
2010-07-30,69.54557800292969,69.54557800292969,107.95999908447266,107.72000122070312,107.94000244140625,937100
2010-08-02,69.45122528076172,69.45122528076172,107.55999755859375,107.31999969482422,107.48999786376953,1532400
2010-08-03,69.49646759033203,69.49646759033203,107.62999725341797,107.41999816894531,107.55999755859375,1150000
2010-08-04,69.3736572265625,69.3736572265625,107.58000183105469,107.1500015258789,107.4800033569336,981700
2010-08-05,69.45767211914062,69.45767211914062,107.48999786376953,107.27999877929688,107.43000030517578,972200
2010-08-06,69.59345245361328,69.59345245361328,107.73999786376953,107.4800033569336,107.66999816894531,809200
2010-08-09,69.59345245361328,69.59345245361328,107.68000030517578,107.52999877929688,107.66000366210938,506900
2010-08-10,69.7098617553711,69.7098617553711,107.91999816894531,107.55999755859375,107.62999725341797,571900
2010-08-11,69.77452087402344,69.77452087402344,107.95999908447266,107.79000091552734,107.91000366210938,682300
2010-08-12,69.66458129882812,69.66458129882812,107.9800033569336,107.66999816894531,107.93000030517578,671600
2010-08-13,69.82621765136719,69.82621765136719,108.0,107.66999816894531,107.7699966430664,580300
2010-08-16,70.05900573730469,70.05900573730469,108.37000274658203,108.20999908447266,108.33000183105469,773200
2010-08-17,69.97492980957031,69.97492980957031,108.26000213623047,108.11000061035156,108.23999786376953,513500
2010-08-18,69.8973617553711,69.8973617553711,108.33999633789062,108.05000305175781,108.33999633789062,558300
2010-08-19,70.12368774414062,70.12368774414062,108.5,108.08000183105469,108.11000061035156,469500
2010-08-20,70.02669525146484,70.02669525146484,108.43000030517578,108.19000244140625,108.41000366210938,665300
2010-08-23,70.09782409667969,70.09782409667969,108.41000366210938,108.19999694824219,108.30999755859375,479900
2010-08-24,70.3758316040039,70.3758316040039,108.86000061035156,108.37999725341797,108.56999969482422,834000
2010-08-25,70.21419525146484,70.21419525146484,109.08999633789062,108.55000305175781,108.95999908447266,486000
2010-08-26,70.30472564697266,70.30472564697266,108.94000244140625,108.55999755859375,108.62999725341797,1177900
2010-08-27,69.9167709350586,69.9167709350586,108.83000183105469,108.12000274658203,108.5999984741211,475500
2010-08-30,70.38878631591797,70.38878631591797,108.86000061035156,108.33000183105469,108.4800033569336,429900
2010-08-31,70.44049835205078,70.44049835205078,108.98999786376953,108.73999786376953,108.8499984741211,737700
2010-09-01,70.29009246826172,70.29009246826172,108.55000305175781,108.06999969482422,108.41999816894531,976100
2010-09-02,70.19927978515625,70.19927978515625,108.27999877929688,108.0999984741211,108.25,1217500
2010-09-03,70.03720092773438,70.03720092773438,108.08000183105469,107.77999877929688,107.9000015258789,856000
2010-09-07,70.23818969726562,70.23818969726562,108.43000030517578,108.08999633789062,108.13999938964844,512400
2010-09-08,70.1863784790039,70.1863784790039,108.33999633789062,108.13999938964844,108.19999694824219,819800
2010-09-09,69.84920501708984,69.84920501708984,108.08000183105469,107.69999694824219,108.0,769800
2010-09-10,69.70008087158203,69.70008087158203,107.72000122070312,107.4800033569336,107.62000274658203,770900
2010-09-13,69.85565185546875,69.85565185546875,107.83000183105469,107.47000122070312,107.5199966430664,1044100
2010-09-14,70.10850524902344,70.10850524902344,108.13999938964844,107.7699966430664,107.81999969482422,792300
2010-09-15,69.97888946533203,69.97888946533203,108.16999816894531,107.87999725341797,108.0,813500
2010-09-16,69.86216735839844,69.86216735839844,107.88999938964844,107.55999755859375,107.79000091552734,691600
2010-09-17,69.95291137695312,69.95291137695312,108.0,107.73999786376953,107.73999786376953,719400
2010-09-20,69.97888946533203,69.97888946533203,108.0,107.7699966430664,107.8499984741211,717000
2010-09-21,70.27710723876953,70.27710723876953,108.45999908447266,107.98999786376953,108.01000213623047,497200
2010-09-22,70.29656982421875,70.29656982421875,108.62000274658203,108.36000061035156,108.47000122070312,652900
2010-09-23,70.3743667602539,70.3743667602539,108.66000366210938,108.4000015258789,108.66000366210938,837200
2010-09-24,70.1149673461914,70.1149673461914,108.4000015258789,108.12999725341797,108.36000061035156,1116600
2010-09-27,70.35492706298828,70.35492706298828,108.58000183105469,108.30000305175781,108.38999938964844,956800
2010-09-28,70.52346801757812,70.52346801757812,108.87000274658203,108.48999786376953,108.48999786376953,980300
2010-09-29,70.47161102294922,70.47161102294922,108.80000305175781,108.5999984741211,108.72000122070312,833500
2010-09-30,70.44569396972656,70.44569396972656,108.69999694824219,108.29000091552734,108.63999938964844,2628600
2010-10-01,70.36444091796875,70.36444091796875,108.37000274658203,108.13999938964844,108.26000213623047,1366700
2010-10-04,70.4814453125,70.4814453125,108.51000213623047,108.26000213623047,108.29000091552734,772100
2010-10-05,70.4814453125,70.4814453125,108.61000061035156,108.37999725341797,108.61000061035156,758500
2010-10-06,70.55294799804688,70.55294799804688,108.7699966430664,108.54000091552734,108.66999816894531,1041900
2010-10-07,70.58544158935547,70.58544158935547,108.7300033569336,108.55999755859375,108.69000244140625,962900
2010-10-08,70.72843170166016,70.72843170166016,108.93000030517578,108.76000213623047,108.91000366210938,604500
2010-10-11,70.6894302368164,70.6894302368164,108.8499984741211,108.72000122070312,108.81999969482422,434600
2010-10-12,70.6179428100586,70.6179428100586,108.9000015258789,108.5999984741211,108.81999969482422,573300
2010-10-13,70.61144256591797,70.61144256591797,108.72000122070312,108.44999694824219,108.69999694824219,984200
2010-10-14,70.35143280029297,70.35143280029297,108.66999816894531,108.19999694824219,108.62000274658203,1091800
2010-10-15,70.20843505859375,70.20843505859375,108.2300033569336,107.97000122070312,108.20999908447266,882600
2010-10-18,70.45545959472656,70.45545959472656,108.47000122070312,108.16999816894531,108.25,755700
2010-10-19,70.51394653320312,70.51394653320312,108.62000274658203,108.25,108.30000305175781,607200
2010-10-20,70.59843444824219,70.59843444824219,108.72000122070312,108.41000366210938,108.48999786376953,849500
2010-10-21,70.48794555664062,70.48794555664062,108.66000366210938,108.44999694824219,108.58000183105469,507100
2010-10-22,70.52035522460938,70.52035522460938,108.56999969482422,108.41000366210938,108.44999694824219,551400
2010-10-25,70.52690124511719,70.52690124511719,108.80000305175781,108.48999786376953,108.80000305175781,723500
2010-10-26,70.36444091796875,70.36444091796875,108.41000366210938,108.19999694824219,108.37999725341797,433200
2010-10-27,70.22791290283203,70.22791290283203,108.3499984741211,108.0199966430664,108.1500015258789,587900
2010-10-28,70.4034194946289,70.4034194946289,108.3499984741211,108.1500015258789,108.1500015258789,505300
2010-10-29,70.55294799804688,70.55294799804688,108.55000305175781,108.36000061035156,108.44999694824219,963600
2010-11-01,70.52425384521484,70.52425384521484,108.48999786376953,108.12000274658203,108.37999725341797,737100
2010-11-02,70.6480712890625,70.6480712890625,108.47000122070312,108.33000183105469,108.47000122070312,1052600
2010-11-03,70.6350326538086,70.6350326538086,108.81999969482422,108.29000091552734,108.61000061035156,462600
2010-11-04,70.97389221191406,70.97389221191406,108.98999786376953,108.66999816894531,108.75,626100
2010-11-05,70.77835845947266,70.77835845947266,108.75,108.5199966430664,108.62000274658203,1150200
2010-11-08,70.74583435058594,70.74583435058594,108.75,108.54000091552734,108.61000061035156,370500
2010-11-09,70.40043640136719,70.40043640136719,108.5999984741211,108.0,108.55000305175781,686800
2010-11-10,70.34184265136719,70.34184265136719,108.13999938964844,107.62000274658203,108.02999877929688,910100
2010-11-11,70.33528900146484,70.33528900146484,108.0,107.80999755859375,107.94999694824219,425100
2010-11-12,70.05503845214844,70.05503845214844,107.94000244140625,107.51000213623047,107.80000305175781,759500
2010-11-15,69.67063903808594,69.67063903808594,107.4000015258789,106.88999938964844,107.30000305175781,2020300
2010-11-16,69.84004211425781,69.84004211425781,107.20999908447266,106.68000030517578,107.01000213623047,1459500
2010-11-17,69.8595962524414,69.8595962524414,107.47000122070312,107.1500015258789,107.33000183105469,822500
2010-11-18,69.84004211425781,69.84004211425781,107.19999694824219,106.93000030517578,107.08000183105469,916100
2010-11-19,69.91825866699219,69.91825866699219,107.37000274658203,107.19000244140625,107.22000122070312,658200
2010-11-22,70.08772277832031,70.08772277832031,107.61000061035156,107.44000244140625,107.44000244140625,512200
2010-11-23,70.15936279296875,70.15936279296875,107.88999938964844,107.66999816894531,107.83999633789062,412300
2010-11-24,69.8205337524414,69.8205337524414,107.5199966430664,107.13999938964844,107.5,740700
2010-11-26,69.96387481689453,69.96387481689453,107.41999816894531,107.22000122070312,107.2300033569336,134200
2010-11-29,70.009521484375,70.009521484375,107.58999633789062,107.3499984741211,107.58999633789062,658900
2010-11-30,69.96387481689453,69.96387481689453,107.73999786376953,107.33000183105469,107.73999786376953,767900
2010-12-01,69.59898376464844,69.59898376464844,106.55999755859375,106.25,106.55999755859375,950600
2010-12-02,69.46147918701172,69.46147918701172,106.3499984741211,106.04000091552734,106.31999969482422,1124900
2010-12-03,69.59898376464844,69.59898376464844,106.5,106.12000274658203,106.44000244140625,660000
2010-12-06,69.85447692871094,69.85447692871094,106.6500015258789,106.4000015258789,106.44999694824219,2606200
2010-12-07,69.31084442138672,69.31084442138672,106.33000183105469,105.68000030517578,106.26000213623047,1214600
2010-12-08,68.97679138183594,68.97679138183594,105.55000305175781,104.93000030517578,105.55000305175781,1856200
2010-12-09,69.10126495361328,69.10126495361328,105.62999725341797,105.2699966430664,105.4800033569336,805800
2010-12-10,68.97024536132812,68.97024536132812,105.48999786376953,105.20999908447266,105.48999786376953,1217500
2010-12-13,69.01612091064453,69.01612091064453,105.4800033569336,104.97000122070312,105.06999969482422,1813000
2010-12-14,68.62967681884766,68.62967681884766,105.27999877929688,104.5999984741211,105.16000366210938,941200
2010-12-15,68.51178741455078,68.51178741455078,104.98999786376953,104.36000061035156,104.86000061035156,1357500
2010-12-16,68.64276885986328,68.64276885986328,104.83999633789062,104.30000305175781,104.5,1647800
2010-12-17,69.01612091064453,69.01612091064453,105.41000366210938,104.83000183105469,104.83000183105469,1579300
2010-12-20,69.06195831298828,69.06195831298828,105.66999816894531,105.26000213623047,105.41000366210938,930100
2010-12-21,69.19294738769531,69.19294738769531,105.6500015258789,105.37999725341797,105.48999786376953,1520300
2010-12-22,69.11432647705078,69.11432647705078,105.70999908447266,105.4000015258789,105.70999908447266,669500
2010-12-23,68.98336029052734,68.98336029052734,105.44000244140625,105.25,105.41000366210938,1285800
2010-12-27,69.17987060546875,69.17987060546875,105.68000030517578,105.16000366210938,105.36000061035156,686600
2010-12-28,68.77508544921875,68.77508544921875,105.27999877929688,104.66000366210938,105.16000366210938,709000
2010-12-29,69.26128387451172,69.26128387451172,105.47000122070312,104.68000030517578,104.70999908447266,487100
2010-12-30,69.20877075195312,69.20877075195312,105.38999938964844,105.0999984741211,105.27999877929688,780500
2010-12-31,69.4913101196289,69.4913101196289,105.75,105.37000274658203,105.37999725341797,551600
2011-01-03,69.41246795654297,69.41246795654297,105.68000030517578,105.30000305175781,105.4000015258789,739700
2011-01-04,69.43216705322266,69.43216705322266,105.7699966430664,105.5,105.68000030517578,625500
2011-01-05,69.0970230102539,69.0970230102539,105.36000061035156,104.94000244140625,105.27999877929688,864200
2011-01-06,69.11021423339844,69.11021423339844,105.30999755859375,105.11000061035156,105.30999755859375,2032600
2011-01-07,69.3336181640625,69.3336181640625,105.61000061035156,105.18000030517578,105.30999755859375,968500
2011-01-10,69.51757049560547,69.51757049560547,105.79000091552734,105.55000305175781,105.58999633789062,566000
2011-01-11,69.37960052490234,69.37960052490234,105.80999755859375,105.44000244140625,105.80999755859375,620800
2011-01-12,69.37303924560547,69.37303924560547,105.5999984741211,105.30999755859375,105.48999786376953,562400
2011-01-13,69.62276458740234,69.62276458740234,105.94999694824219,105.41999816894531,105.43000030517578,943500
2011-01-14,69.47818756103516,69.47818756103516,106.0,105.7300033569336,105.98999786376953,751900
2011-01-18,69.43216705322266,69.43216705322266,105.73999786376953,105.45999908447266,105.69000244140625,445200
2011-01-19,69.44535064697266,69.44535064697266,105.76000213623047,105.52999877929688,105.55999755859375,912100
2011-01-20,69.1824951171875,69.1824951171875,105.58000183105469,105.19999694824219,105.51000213623047,846300
2011-01-21,69.39933013916016,69.39933013916016,105.61000061035156,105.23999786376953,105.25,578200
2011-01-24,69.35987854003906,69.35987854003906,105.69000244140625,105.48999786376953,105.48999786376953,535300
2011-01-25,69.57674407958984,69.57674407958984,105.93000030517578,105.4800033569336,105.56999969482422,483400
2011-01-26,69.34679412841797,69.34679412841797,105.77999877929688,105.51000213623047,105.73999786376953,568400
2011-01-27,69.46501159667969,69.46501159667969,105.75,105.5199966430664,105.63999938964844,598500
2011-01-28,69.5636215209961,69.5636215209961,105.97000122070312,105.58000183105469,105.5999984741211,783100
2011-01-31,69.43216705322266,69.43216705322266,105.94000244140625,105.58999633789062,105.8499984741211,1691500
2011-02-01,69.28459167480469,69.28459167480469,105.26000213623047,105.02999877929688,105.25,700500
2011-02-02,69.20551300048828,69.20551300048828,105.2300033569336,104.87999725341797,105.1500015258789,513000
2011-02-03,68.94841003417969,68.94841003417969,104.87000274658203,104.61000061035156,104.79000091552734,912300
2011-02-04,68.71774291992188,68.71774291992188,104.62999725341797,104.19999694824219,104.47000122070312,1116600
2011-02-07,68.74411010742188,68.74411010742188,104.33000183105469,104.11000061035156,104.16999816894531,604700
2011-02-08,68.54634094238281,68.54634094238281,104.31999969482422,103.91000366210938,104.30999755859375,741000
2011-02-09,68.67153930664062,68.67153930664062,104.31999969482422,103.93000030517578,104.04000091552734,518100
2011-02-10,68.47383880615234,68.47383880615234,104.16999816894531,103.8499984741211,104.11000061035156,520800
2011-02-11,68.74411010742188,68.74411010742188,104.36000061035156,104.06999969482422,104.30999755859375,797200
2011-02-14,68.77704620361328,68.77704620361328,104.44999694824219,104.20999908447266,104.20999908447266,1024900
2011-02-15,68.86272430419922,68.86272430419922,104.48999786376953,104.31999969482422,104.3499984741211,513500
2011-02-16,68.86272430419922,68.86272430419922,104.6500015258789,104.4000015258789,104.4800033569336,474800
2011-02-17,69.0274887084961,69.0274887084961,104.81999969482422,104.66000366210938,104.69999694824219,606300
2011-02-18,69.0011215209961,69.0011215209961,104.72000122070312,104.5,104.56999969482422,694400
2011-02-22,69.2516098022461,69.2516098022461,105.13999938964844,104.80000305175781,104.80999755859375,1033400
2011-02-23,69.3043212890625,69.3043212890625,105.29000091552734,105.04000091552734,105.19999694824219,707000
2011-02-24,69.31751251220703,69.31751251220703,105.33999633789062,105.16000366210938,105.23999786376953,1135300
2011-02-25,69.50200653076172,69.50200653076172,105.47000122070312,105.25,105.2699966430664,542000
2011-02-28,69.63386535644531,69.63386535644531,105.6500015258789,105.45999908447266,105.52999877929688,558200
2011-03-01,69.57767486572266,69.57767486572266,105.37999725341797,105.05000305175781,105.0999984741211,735700
2011-03-02,69.46536254882812,69.46536254882812,105.38999938964844,105.08999633789062,105.30999755859375,506200
2011-03-03,69.2208251953125,69.2208251953125,104.91999816894531,104.68000030517578,104.91000366210938,618700
2011-03-04,69.40587615966797,69.40587615966797,105.11000061035156,104.8499984741211,104.88999938964844,761700
2011-03-07,69.43892669677734,69.43892669677734,105.22000122070312,104.80999755859375,104.94000244140625,621200
2011-03-08,69.38599395751953,69.38599395751953,105.06999969482422,104.9000015258789,104.94999694824219,527200
2011-03-09,69.55126953125,69.55126953125,105.37000274658203,104.95999908447266,105.05000305175781,590600
2011-03-10,69.79581451416016,69.79581451416016,105.66000366210938,105.27999877929688,105.41000366210938,467900
2011-03-11,69.80902862548828,69.80902862548828,105.73999786376953,105.51000213623047,105.63999938964844,473800
2011-03-14,69.84864807128906,69.84864807128906,105.9800033569336,105.69000244140625,105.81999969482422,415900
2011-03-15,69.87510681152344,69.87510681152344,106.05999755859375,105.70999908447266,106.0,672500
2011-03-16,70.0733642578125,70.0733642578125,106.54000091552734,105.86000061035156,105.95999908447266,1012200
2011-03-17,70.02709197998047,70.02709197998047,106.08000183105469,105.73999786376953,105.87000274658203,584800
2011-03-18,70.00071716308594,70.00071716308594,105.95999908447266,105.7300033569336,105.80999755859375,382900
2011-03-21,69.83544158935547,69.83544158935547,105.87999725341797,105.55000305175781,105.87000274658203,460900
2011-03-22,69.84203338623047,69.84203338623047,105.7300033569336,105.54000091552734,105.55999755859375,604800
2011-03-23,69.80902862548828,69.80902862548828,105.8499984741211,105.58000183105469,105.83000183105469,472300
2011-03-24,69.6173324584961,69.6173324584961,105.52999877929688,105.27999877929688,105.45999908447266,1570000
2011-03-25,69.55789184570312,69.55789184570312,105.52999877929688,105.18000030517578,105.52999877929688,811200
2011-03-28,69.52484893798828,69.52484893798828,105.26000213623047,105.08000183105469,105.12999725341797,1443600
2011-03-29,69.43892669677734,69.43892669677734,105.30999755859375,105.02999877929688,105.12000274658203,538100
2011-03-30,69.55789184570312,69.55789184570312,105.30000305175781,105.0999984741211,105.16999816894531,791500
2011-03-31,69.47856903076172,69.47856903076172,105.4000015258789,105.12999725341797,105.37000274658203,1014400
2011-04-01,69.57337951660156,69.57337951660156,105.02999877929688,104.68000030517578,104.70999908447266,983700
2011-04-04,69.68601989746094,69.68601989746094,105.25,105.0199966430664,105.02999877929688,517500
2011-04-05,69.54019927978516,69.54019927978516,105.11000061035156,104.8499984741211,105.08999633789062,801900
2011-04-06,69.3347396850586,69.3347396850586,104.91000366210938,104.5999984741211,104.9000015258789,980400
2011-04-07,69.4407958984375,69.4407958984375,104.91999816894531,104.66000366210938,104.69000244140625,681700
2011-04-08,69.30824279785156,69.30824279785156,104.69000244140625,104.52999877929688,104.62000274658203,392900
2011-04-11,69.37446594238281,69.37446594238281,104.75,104.55000305175781,104.5999984741211,387000
2011-04-12,69.63964080810547,69.63964080810547,105.12000274658203,104.83000183105469,104.83000183105469,563000
2011-04-13,69.71257781982422,69.71257781982422,105.2300033569336,104.88999938964844,104.88999938964844,531500
2011-04-14,69.64627075195312,69.64627075195312,105.26000213623047,105.06999969482422,105.19000244140625,654100
2011-04-15,69.89813232421875,69.89813232421875,105.51000213623047,105.30999755859375,105.30999755859375,391100
2011-04-18,70.0174789428711,70.0174789428711,105.76000213623047,105.43000030517578,105.48999786376953,720400
2011-04-19,70.1566390991211,70.1566390991211,105.87999725341797,105.75,105.80999755859375,470800
2011-04-20,70.05724334716797,70.05724334716797,105.83000183105469,105.63999938964844,105.75,388800
2011-04-21,70.10364532470703,70.10364532470703,105.83000183105469,105.66999816894531,105.69999694824219,447800
2011-04-25,70.14338684082031,70.14338684082031,105.91999816894531,105.69999694824219,105.75,541700
2011-04-26,70.40188598632812,70.40188598632812,106.20999908447266,105.91000366210938,105.91000366210938,569700
2011-04-27,70.34227752685547,70.34227752685547,106.1500015258789,105.87000274658203,106.0199966430664,473300
2011-04-28,70.50804138183594,70.50804138183594,106.38999938964844,106.16999816894531,106.27999877929688,573100
2011-04-29,70.5676040649414,70.5676040649414,106.48999786376953,106.23999786376953,106.23999786376953,499000
2011-05-02,70.6048583984375,70.6048583984375,106.23999786376953,106.04000091552734,106.20999908447266,613500
2011-05-03,70.62487030029297,70.62487030029297,106.33999633789062,106.1500015258789,106.26000213623047,485900
2011-05-04,70.75774383544922,70.75774383544922,106.44000244140625,106.22000122070312,106.22000122070312,659200
2011-05-05,70.91731262207031,70.91731262207031,106.72000122070312,106.47000122070312,106.47000122070312,800700
2011-05-06,70.9106674194336,70.9106674194336,106.83000183105469,106.43000030517578,106.55999755859375,1020900
2011-05-09,70.99048614501953,70.99048614501953,106.81999969482422,106.69000244140625,106.69000244140625,502200
2011-05-10,70.86418151855469,70.86418151855469,106.7300033569336,106.54000091552734,106.6500015258789,536100
2011-05-11,70.99048614501953,70.99048614501953,106.80999755859375,106.5,106.5,538800
2011-05-12,70.88406372070312,70.88406372070312,106.80999755859375,106.52999877929688,106.72000122070312,767000
2011-05-13,70.99710083007812,70.99710083007812,106.98999786376953,106.69999694824219,106.73999786376953,312700
2011-05-16,71.14996337890625,71.14996337890625,107.06999969482422,106.77999877929688,106.80000305175781,678100
2011-05-17,71.22981262207031,71.22981262207031,107.20999908447266,107.05999755859375,107.11000061035156,683500
2011-05-18,71.11677551269531,71.11677551269531,107.1500015258789,106.9000015258789,107.0999984741211,618600
2011-05-19,71.06360626220703,71.06360626220703,106.94999694824219,106.63999938964844,106.68000030517578,632800
2011-05-20,71.13011932373047,71.13011932373047,107.04000091552734,106.91000366210938,106.94000244140625,938500
2011-05-23,71.18993377685547,71.18993377685547,107.2300033569336,107.06999969482422,107.19000244140625,804100
2011-05-24,71.216552734375,71.216552734375,107.16999816894531,106.9800033569336,107.02999877929688,579400
2011-05-25,71.20318603515625,71.20318603515625,107.23999786376953,107.05999755859375,107.0999984741211,543400
2011-05-26,71.3561019897461,71.3561019897461,107.38999938964844,107.11000061035156,107.16000366210938,861600
2011-05-27,71.42261505126953,71.42261505126953,107.51000213623047,107.33000183105469,107.38999938964844,509700
2011-05-31,71.44256591796875,71.44256591796875,107.62000274658203,107.27999877929688,107.31999969482422,1047300
2011-06-01,71.75125885009766,71.75125885009766,107.62999725341797,107.30999755859375,107.30999755859375,1139400
2011-06-02,71.46453857421875,71.46453857421875,107.47000122070312,107.16999816894531,107.30999755859375,666600
2011-06-03,71.55790710449219,71.55790710449219,107.52999877929688,107.16999816894531,107.52999877929688,522300
2011-06-06,71.57121276855469,71.57121276855469,107.43000030517578,107.18000030517578,107.2300033569336,1477400
2011-06-07,71.71790313720703,71.71790313720703,107.55999755859375,107.18000030517578,107.23999786376953,1737600
2011-06-08,71.77798461914062,71.77798461914062,107.80000305175781,107.54000091552734,107.54000091552734,1085200
2011-06-09,71.67125701904297,71.67125701904297,107.66000366210938,107.38999938964844,107.5999984741211,646500
2011-06-10,71.66461181640625,71.66461181640625,107.6500015258789,107.38999938964844,107.52999877929688,1160500
2011-06-13,71.57121276855469,71.57121276855469,107.61000061035156,107.30999755859375,107.36000061035156,956000
2011-06-14,71.3778305053711,71.3778305053711,107.18000030517578,107.0199966430664,107.1500015258789,1199000
2011-06-15,71.55790710449219,71.55790710449219,107.47000122070312,107.05999755859375,107.08000183105469,1395500
2011-06-16,71.6046142578125,71.6046142578125,107.56999969482422,107.37000274658203,107.4000015258789,1211900
2011-06-17,71.67125701904297,71.67125701904297,107.51000213623047,107.33999633789062,107.44000244140625,871300
2011-06-20,71.5779037475586,71.5779037475586,107.5199966430664,107.29000091552734,107.5199966430664,731900
2011-06-21,71.64459228515625,71.64459228515625,107.47000122070312,107.2300033569336,107.25,803600
2011-06-22,71.59790802001953,71.59790802001953,107.55999755859375,107.23999786376953,107.5,897800
2011-06-23,71.83128356933594,71.83128356933594,107.80000305175781,107.52999877929688,107.55000305175781,2735300
2011-06-24,71.7646255493164,71.7646255493164,107.87999725341797,107.62000274658203,107.62999725341797,1084100
2011-06-27,71.63789367675781,71.63789367675781,107.69999694824219,107.36000061035156,107.69999694824219,730600
2011-06-28,71.35121154785156,71.35121154785156,107.37999725341797,106.94999694824219,107.33999633789062,1038500
2011-06-29,71.13783264160156,71.13783264160156,107.08999633789062,106.68000030517578,107.02999877929688,2533800
2011-06-30,71.12445831298828,71.12445831298828,106.91000366210938,106.4000015258789,106.87000274658203,1295600
2011-07-01,71.14723205566406,71.14723205566406,106.54000091552734,106.2699966430664,106.5,1970000
2011-07-05,71.42134857177734,71.42134857177734,106.81999969482422,106.56999969482422,106.56999969482422,799200
2011-07-06,71.46150207519531,71.46150207519531,106.93000030517578,106.76000213623047,106.79000091552734,774600
2011-07-07,71.26092529296875,71.26092529296875,106.66999816894531,106.44999694824219,106.62999725341797,1291600
2011-07-08,71.62871551513672,71.62871551513672,107.19999694824219,106.93000030517578,106.9800033569336,682800
2011-07-11,71.82260131835938,71.82260131835938,107.54000091552734,107.25,107.33999633789062,615000
2011-07-12,71.88280487060547,71.88280487060547,107.61000061035156,107.33000183105469,107.51000213623047,681500
2011-07-13,72.023193359375,72.023193359375,107.72000122070312,107.4000015258789,107.43000030517578,508400
2011-07-14,71.84265899658203,71.84265899658203,107.70999908447266,107.41999816894531,107.56999969482422,1724900
2011-07-15,71.94300842285156,71.94300842285156,107.69000244140625,107.31999969482422,107.38999938964844,638300
2011-07-18,71.83601379394531,71.83601379394531,107.6500015258789,107.37999725341797,107.56999969482422,641600
2011-07-19,71.98976135253906,71.98976135253906,107.66000366210938,107.33000183105469,107.37000274658203,780100
2011-07-20,71.8760986328125,71.8760986328125,107.80000305175781,107.47000122070312,107.55000305175781,627300
2011-07-21,71.76241302490234,71.76241302490234,107.47000122070312,107.16999816894531,107.36000061035156,839200
2011-07-22,71.91620635986328,71.91620635986328,107.56999969482422,107.38999938964844,107.41000366210938,458000
2011-07-25,71.70893859863281,71.70893859863281,107.55999755859375,107.20999908447266,107.29000091552734,1154600
2011-07-26,71.8760986328125,71.8760986328125,107.58999633789062,107.30999755859375,107.3499984741211,832200
2011-07-27,71.75575256347656,71.75575256347656,107.51000213623047,107.25,107.33999633789062,662700
2011-07-28,71.89615631103516,71.89615631103516,107.62999725341797,107.41000366210938,107.51000213623047,823600
2011-07-29,72.32408905029297,72.32408905029297,108.19999694824219,107.69999694824219,107.80000305175781,1400700
2011-08-01,72.49844360351562,72.49844360351562,108.2300033569336,107.81999969482422,107.83999633789062,1300600
2011-08-02,72.80692291259766,72.80692291259766,108.66999816894531,108.13999938964844,108.29000091552734,1010600
2011-08-03,72.88065338134766,72.88065338134766,108.94999694824219,108.61000061035156,108.69000244140625,1237500
2011-08-04,73.26953125,73.26953125,109.37000274658203,108.76000213623047,108.80000305175781,1585700
2011-08-05,72.78678894042969,72.78678894042969,109.26000213623047,108.41999816894531,108.97000122070312,2184400
2011-08-08,72.8203353881836,72.8203353881836,108.80000305175781,108.51000213623047,108.68000030517578,2068500
2011-08-09,73.2493896484375,73.2493896484375,109.97000122070312,108.44999694824219,108.5999984741211,1642600
2011-08-10,73.8462142944336,73.8462142944336,110.16999816894531,109.63999938964844,109.75,1102400
2011-08-11,72.92757415771484,72.92757415771484,109.94000244140625,108.7300033569336,109.94000244140625,2596300
2011-08-12,73.2493896484375,73.2493896484375,109.55999755859375,108.93000030517578,109.16000366210938,2472300
2011-08-15,73.36346435546875,73.36346435546875,109.56999969482422,109.25,109.52999877929688,1034200
2011-08-16,73.5176773071289,73.5176773071289,109.76000213623047,109.29000091552734,109.29000091552734,900100
2011-08-17,73.63838195800781,73.63838195800781,109.97000122070312,109.5,109.7300033569336,1119500
2011-08-18,73.74565124511719,73.74565124511719,110.5,109.9000015258789,110.23999786376953,954300
2011-08-19,73.7791748046875,73.7791748046875,110.05999755859375,109.80999755859375,109.9800033569336,1271800
2011-08-22,73.685302734375,73.685302734375,109.9800033569336,109.72000122070312,109.81999969482422,761800
2011-08-23,73.51092529296875,73.51092529296875,109.72000122070312,109.5,109.72000122070312,757100
2011-08-24,73.0952377319336,73.0952377319336,109.51000213623047,108.93000030517578,109.5,663300
2011-08-25,73.24274444580078,73.24274444580078,109.33000183105469,109.02999877929688,109.13999938964844,647100
2011-08-26,73.34333801269531,73.34333801269531,109.58000183105469,109.19000244140625,109.5199966430664,674700
2011-08-29,73.26287841796875,73.26287841796875,109.2699966430664,109.08000183105469,109.16000366210938,1150700
2011-08-30,73.49083709716797,73.49083709716797,109.7699966430664,109.41999816894531,109.55000305175781,1108200
2011-08-31,73.42382049560547,73.42382049560547,109.87999725341797,109.48999786376953,109.77999877929688,2444400
2011-09-01,73.66029357910156,73.66029357910156,109.69000244140625,109.16000366210938,109.47000122070312,1541600
2011-09-02,73.88204956054688,73.88204956054688,110.16000366210938,109.80000305175781,109.97000122070312,923900
2011-09-06,74.07691955566406,74.07691955566406,110.41000366210938,110.19000244140625,110.41000366210938,1104100
2011-09-07,73.90223693847656,73.90223693847656,110.12000274658203,109.8499984741211,110.05999755859375,919500
2011-09-08,73.92243194580078,73.92243194580078,110.16999816894531,109.86000061035156,110.16000366210938,1169400
2011-09-09,74.023193359375,74.023193359375,110.2699966430664,109.9800033569336,110.05999755859375,809700
2011-09-12,73.87537384033203,73.87537384033203,110.19000244140625,109.83999633789062,110.19000244140625,1038000
2011-09-13,73.90223693847656,73.90223693847656,110.05999755859375,109.8499984741211,110.04000091552734,701400
2011-09-14,73.91566467285156,73.91566467285156,110.11000061035156,109.86000061035156,109.9000015258789,1065300
2011-09-15,73.70065307617188,73.70065307617188,109.91999816894531,109.68000030517578,109.83999633789062,1046700
2011-09-16,73.80813598632812,73.80813598632812,109.83999633789062,109.54000091552734,109.66999816894531,885700
2011-09-19,73.96942901611328,73.96942901611328,110.25,110.05000305175781,110.18000030517578,786500
2011-09-20,74.1172866821289,74.1172866821289,110.30000305175781,110.08000183105469,110.25,701600
2011-09-21,74.23820495605469,74.23820495605469,110.52999877929688,110.08000183105469,110.2699966430664,1242900
2011-09-22,74.45323181152344,74.45323181152344,111.02999877929688,110.63999938964844,110.79000091552734,875000
2011-09-23,74.07026672363281,74.07026672363281,110.93000030517578,110.20999908447266,110.93000030517578,1113400
2011-09-26,73.90223693847656,73.90223693847656,110.27999877929688,109.91000366210938,110.13999938964844,1158800
2011-09-27,73.80145263671875,73.80145263671875,109.8499984741211,109.61000061035156,109.72000122070312,1287400
2011-09-28,73.74092102050781,73.74092102050781,109.80000305175781,109.5199966430664,109.79000091552734,850400
2011-09-29,73.71405792236328,73.71405792236328,109.87000274658203,109.55999755859375,109.63999938964844,825000
2011-09-30,73.9896011352539,73.9896011352539,110.22000122070312,109.86000061035156,110.0,1020700
2011-10-03,74.2918701171875,74.2918701171875,110.38999938964844,109.94000244140625,110.11000061035156,2372400
2011-10-04,74.06299591064453,74.06299591064453,110.52999877929688,109.98999786376953,110.43000030517578,1351400
2011-10-05,73.8138427734375,73.8138427734375,109.93000030517578,109.5999984741211,109.9000015258789,1499100
2011-10-06,73.69267272949219,73.69267272949219,109.7300033569336,109.38999938964844,109.62000274658203,1022500
2011-10-07,73.54450225830078,73.54450225830078,109.37000274658203,109.02999877929688,109.2300033569336,1513800
2011-10-10,73.3963851928711,73.3963851928711,109.2300033569336,108.69999694824219,109.16000366210938,711500
2011-10-11,73.57144927978516,73.57144927978516,109.29000091552734,108.95999908447266,109.08000183105469,2155000
2011-10-12,73.43009185791016,73.43009185791016,109.16000366210938,108.81999969482422,108.88999938964844,1120800
2011-10-13,73.470458984375,73.470458984375,109.31999969482422,108.93000030517578,109.16999816894531,939600
2011-10-14,73.34927368164062,73.34927368164062,109.0999984741211,108.77999877929688,108.77999877929688,587500
2011-10-17,73.6388168334961,73.6388168334961,109.37000274658203,109.0,109.01000213623047,826700
2011-10-18,73.55799102783203,73.55799102783203,109.54000091552734,109.12000274658203,109.31999969482422,958800
2011-10-19,73.66572570800781,73.66572570800781,109.56999969482422,109.16000366210938,109.2699966430664,780200
2011-10-20,73.62532806396484,73.62532806396484,109.62999725341797,109.20999908447266,109.37999725341797,860800
2011-10-21,73.66572570800781,73.66572570800781,109.52999877929688,109.23999786376953,109.45999908447266,555300
2011-10-24,73.55123901367188,73.55123901367188,109.45999908447266,109.16000366210938,109.45999908447266,867600
2011-10-25,73.92832946777344,73.92832946777344,109.80999755859375,109.26000213623047,109.33000183105469,1478200
2011-10-26,73.72634887695312,73.72634887695312,109.7699966430664,109.38999938964844,109.58999633789062,664200
2011-10-27,73.44351959228516,73.44351959228516,109.41999816894531,108.91000366210938,109.38999938964844,960200
2011-10-28,73.7330551147461,73.7330551147461,109.54000091552734,109.1500015258789,109.16999816894531,979100
2011-10-31,74.08320617675781,74.08320617675781,110.02999877929688,109.7300033569336,109.83000183105469,1747000
2011-11-01,74.43891143798828,74.43891143798828,110.29000091552734,109.8499984741211,109.9000015258789,1443700
2011-11-02,74.43891143798828,74.43891143798828,110.33999633789062,109.91999816894531,109.97000122070312,732400
2011-11-03,74.27693939208984,74.27693939208984,110.18000030517578,109.87999725341797,109.97000122070312,1116000
2011-11-04,74.25668334960938,74.25668334960938,110.19999694824219,109.95999908447266,110.02999877929688,2040100
2011-11-07,74.3174057006836,74.3174057006836,110.33999633789062,109.97000122070312,109.98999786376953,745300
2011-11-08,74.21613311767578,74.21613311767578,110.18000030517578,109.8499984741211,109.94999694824219,949300
2011-11-09,74.34442138671875,74.34442138671875,110.33999633789062,110.0199966430664,110.16999816894531,780000
2011-11-10,74.20262908935547,74.20262908935547,110.16000366210938,109.66999816894531,109.9000015258789,1307800
2011-11-11,74.11489868164062,74.11489868164062,109.87000274658203,109.69000244140625,109.80000305175781,1803400
2011-11-14,74.1756362915039,74.1756362915039,110.01000213623047,109.75,109.95999908447266,1189600
2011-11-15,74.08111572265625,74.08111572265625,109.93000030517578,109.58999633789062,109.86000061035156,787800
2011-11-16,74.05409240722656,74.05409240722656,109.98999786376953,109.5999984741211,109.9800033569336,1213100
2011-11-17,74.01361846923828,74.01361846923828,109.8499984741211,109.5,109.66000366210938,1670000
2011-11-18,74.00015258789062,74.00015258789062,109.7300033569336,109.44000244140625,109.7300033569336,805700
2011-11-21,73.98664093017578,73.98664093017578,109.77999877929688,109.56999969482422,109.76000213623047,838800
2011-11-22,74.0406265258789,74.0406265258789,109.75,109.43000030517578,109.55999755859375,1051000
2011-11-23,74.1081771850586,74.1081771850586,109.94000244140625,109.54000091552734,109.5999984741211,865500
2011-11-25,74.00687408447266,74.00687408447266,109.86000061035156,109.58000183105469,109.79000091552734,764800
2011-11-28,74.00015258789062,74.00015258789062,109.66999816894531,109.23999786376953,109.37000274658203,1726100
2011-11-29,74.02713012695312,74.02713012695312,109.70999908447266,109.2699966430664,109.48999786376953,1718500
2011-11-30,73.8381118774414,73.8381118774414,109.61000061035156,109.2699966430664,109.58999633789062,1280300
2011-12-01,73.86388397216797,73.86388397216797,108.97000122070312,108.5999984741211,108.80000305175781,1831000
2011-12-02,74.05394744873047,74.05394744873047,109.20999908447266,108.76000213623047,108.80999755859375,917500
2011-12-05,74.13534545898438,74.13534545898438,109.23999786376953,108.9000015258789,108.98999786376953,1063700
2011-12-06,74.06751251220703,74.06751251220703,109.20999908447266,108.86000061035156,109.11000061035156,1105300
2011-12-07,74.2032241821289,74.2032241821289,109.43000030517578,109.05999755859375,109.22000122070312,691000
2011-12-08,74.27790832519531,74.27790832519531,109.58000183105469,109.2699966430664,109.30000305175781,1228900
2011-12-09,74.23715209960938,74.23715209960938,109.58000183105469,109.26000213623047,109.43000030517578,934900
2011-12-12,74.25751495361328,74.25751495361328,109.62999725341797,109.41000366210938,109.47000122070312,1220900
2011-12-13,74.40682220458984,74.40682220458984,109.77999877929688,109.37999725341797,109.43000030517578,1468000
2011-12-14,74.59004974365234,74.59004974365234,110.04000091552734,109.7300033569336,109.79000091552734,928500
2011-12-15,74.4339599609375,74.4339599609375,109.95999908447266,109.58999633789062,109.86000061035156,3769300
2011-12-16,74.68509674072266,74.68509674072266,110.12000274658203,109.83999633789062,109.87999725341797,1182000
2011-12-19,74.75973510742188,74.75973510742188,110.2300033569336,109.95999908447266,110.05000305175781,1123700
2011-12-20,74.65792846679688,74.65792846679688,110.19999694824219,109.97000122070312,110.05999755859375,2779500
2011-12-21,74.4678955078125,74.4678955078125,110.02999877929688,109.69000244140625,109.98999786376953,930000
2011-12-22,74.58325958251953,74.58325958251953,109.94000244140625,109.77999877929688,109.9000015258789,1465900
2011-12-23,74.49501037597656,74.49501037597656,109.83000183105469,109.45999908447266,109.70999908447266,679700
2011-12-27,74.62947082519531,74.62947082519531,109.94000244140625,109.66999816894531,109.69999694824219,1090600
2011-12-28,74.75846862792969,74.75846862792969,110.2300033569336,109.91000366210938,109.98999786376953,873800
2011-12-29,74.9349365234375,74.9349365234375,110.44000244140625,110.08000183105469,110.23999786376953,985400
2011-12-30,74.83988189697266,74.83988189697266,110.63999938964844,110.23999786376953,110.51000213623047,1098300
2012-01-03,74.6905746459961,74.6905746459961,110.19999694824219,109.91999816894531,110.19999694824219,1994600
2012-01-04,74.58873748779297,74.58873748779297,110.06999969482422,109.7699966430664,110.06999969482422,1299200
2012-01-05,74.6905746459961,74.6905746459961,110.05000305175781,109.8499984741211,109.91000366210938,856500
2012-01-06,74.75164031982422,74.75164031982422,110.25,110.0199966430664,110.02999877929688,897900
2012-01-09,74.6905746459961,74.6905746459961,110.31999969482422,110.0,110.12999725341797,976200
2012-01-10,74.67019653320312,74.67019653320312,110.16999816894531,109.94000244140625,110.02999877929688,1002100
2012-01-11,74.9349365234375,74.9349365234375,110.38999938964844,110.05999755859375,110.12999725341797,789900
2012-01-12,74.87383270263672,74.87383270263672,110.37999725341797,110.16999816894531,110.33000183105469,844200
2012-01-13,75.04352569580078,75.04352569580078,110.6500015258789,110.41000366210938,110.41000366210938,765000
2012-01-17,75.06391143798828,75.06391143798828,110.75,110.52999877929688,110.68000030517578,1272900
2012-01-18,74.96886444091797,74.96886444091797,110.68000030517578,110.4000015258789,110.55999755859375,1216900
2012-01-19,74.84667205810547,74.84667205810547,110.47000122070312,110.16999816894531,110.43000030517578,1032300
2012-01-20,74.65660095214844,74.65660095214844,110.31999969482422,109.9000015258789,110.31999969482422,1032600
2012-01-23,74.59548950195312,74.59548950195312,109.98999786376953,109.7699966430664,109.7699966430664,819600
2012-01-24,74.65660095214844,74.65660095214844,109.98999786376953,109.83999633789062,109.97000122070312,791600
2012-01-25,74.76522827148438,74.76522827148438,110.4800033569336,109.8499984741211,109.9800033569336,1559600
2012-01-26,74.91460418701172,74.91460418701172,110.5,110.33000183105469,110.38999938964844,1231700
2012-01-27,75.0367202758789,75.0367202758789,110.62000274658203,110.37000274658203,110.52999877929688,778100
2012-01-30,75.25399780273438,75.25399780273438,110.94000244140625,110.69000244140625,110.75,1490300
2012-01-31,75.38292694091797,75.38292694091797,111.06999969482422,110.72000122070312,110.83999633789062,3255900
2012-02-01,75.25025177001953,75.25025177001953,110.72000122070312,110.44999694824219,110.61000061035156,1965000
2012-02-02,75.27066040039062,75.27066040039062,110.68000030517578,110.47000122070312,110.55000305175781,1182200
2012-02-03,75.23661041259766,75.23661041259766,110.5999984741211,110.22000122070312,110.30000305175781,1142400
2012-02-06,75.29106140136719,75.29106140136719,110.63999938964844,110.4000015258789,110.5199966430664,1854400
2012-02-07,75.21620178222656,75.21620178222656,110.56999969482422,110.33999633789062,110.45999908447266,966600
2012-02-08,75.15497589111328,75.15497589111328,110.55000305175781,110.33000183105469,110.47000122070312,1479600
2012-02-09,75.0324935913086,75.0324935913086,110.41999816894531,110.18000030517578,110.37000274658203,1068400
2012-02-10,75.13458251953125,75.13458251953125,110.52999877929688,110.33999633789062,110.3499984741211,714900
2012-02-13,75.16182708740234,75.16182708740234,110.55000305175781,110.38999938964844,110.4800033569336,914800
2012-02-14,75.22303771972656,75.22303771972656,110.72000122070312,110.5199966430664,110.55999755859375,876200
2012-02-15,75.19580841064453,75.19580841064453,110.68000030517578,110.48999786376953,110.6500015258789,875500
2012-02-16,75.1822509765625,75.1822509765625,110.58000183105469,110.37999725341797,110.5,918800
2012-02-17,75.08688354492188,75.08688354492188,110.37000274658203,110.19999694824219,110.31999969482422,853700
2012-02-21,74.97125244140625,74.97125244140625,110.31999969482422,110.16000366210938,110.2699966430664,1043800
2012-02-22,75.1822509765625,75.1822509765625,110.4800033569336,110.27999877929688,110.33999633789062,975200
2012-02-23,75.24343872070312,75.24343872070312,110.5999984741211,110.37000274658203,110.41999816894531,788400
2012-02-24,75.26385498046875,75.26385498046875,110.79000091552734,110.58000183105469,110.63999938964844,1364300
2012-02-27,75.50204467773438,75.50204467773438,110.94999694824219,110.76000213623047,110.83000183105469,712000
2012-02-28,75.44758605957031,75.44758605957031,111.05000305175781,110.80999755859375,111.0199966430664,795300
2012-02-29,75.37275695800781,75.37275695800781,110.94000244140625,110.5999984741211,110.94000244140625,1993600
2012-03-01,75.22062683105469,75.22062683105469,110.30999755859375,110.08000183105469,110.2300033569336,1242600
2012-03-02,75.38432312011719,75.38432312011719,110.51000213623047,110.30000305175781,110.31999969482422,863900
2012-03-05,75.2751693725586,75.2751693725586,110.5199966430664,110.31999969482422,110.4800033569336,1098100
2012-03-06,75.42523193359375,75.42523193359375,110.62000274658203,110.44999694824219,110.55000305175781,1056500
2012-03-07,75.35706329345703,75.35706329345703,110.55999755859375,110.41999816894531,110.55000305175781,836100
2012-03-08,75.18655395507812,75.18655395507812,110.4800033569336,110.18000030517578,110.44999694824219,971300
2012-03-09,75.17284393310547,75.17284393310547,110.2300033569336,110.12999725341797,110.2300033569336,710900
2012-03-12,75.24102020263672,75.24102020263672,110.44999694824219,110.25,110.38999938964844,1096600
2012-03-13,74.9886474609375,74.9886474609375,110.2300033569336,109.9000015258789,110.22000122070312,1444700
2012-03-14,74.57931518554688,74.57931518554688,109.83999633789062,109.25,109.76000213623047,1119800
2012-03-15,74.54524230957031,74.54524230957031,109.45999908447266,109.25,109.26000213623047,800500
2012-03-16,74.55204772949219,74.55204772949219,109.31999969482422,109.05999755859375,109.1500015258789,933900
2012-03-19,74.31327819824219,74.31327819824219,109.30000305175781,108.88999938964844,109.30000305175781,1146800
2012-03-20,74.42243194580078,74.42243194580078,109.08999633789062,108.83999633789062,108.91999816894531,960400
2012-03-21,74.59976959228516,74.59976959228516,109.38999938964844,109.12999725341797,109.2300033569336,590700
2012-03-22,74.66802215576172,74.66802215576172,109.47000122070312,109.3499984741211,109.3499984741211,666900
2012-03-23,74.83854675292969,74.83854675292969,109.69999694824219,109.44000244140625,109.47000122070312,758400
2012-03-26,74.78398895263672,74.78398895263672,109.68000030517578,109.44000244140625,109.6500015258789,867800
2012-03-27,74.8658218383789,74.8658218383789,109.80000305175781,109.61000061035156,109.69000244140625,2551700
2012-03-28,74.85218811035156,74.85218811035156,109.87999725341797,109.68000030517578,109.7300033569336,812700
2012-03-29,75.05686950683594,75.05686950683594,110.05999755859375,109.83999633789062,109.94999694824219,1208100
2012-03-30,74.94085693359375,74.94085693359375,110.11000061035156,109.69000244140625,110.11000061035156,1121300
2012-04-02,74.94979858398438,74.94979858398438,109.87999725341797,109.45999908447266,109.87999725341797,2398400
2012-04-03,74.62837219238281,74.62837219238281,109.79000091552734,109.06999969482422,109.70999908447266,767100
2012-04-04,74.78565216064453,74.78565216064453,109.41000366210938,109.20999908447266,109.3499984741211,1137200
2012-04-05,74.95660400390625,74.95660400390625,109.62999725341797,109.41000366210938,109.5999984741211,749100
2012-04-09,75.28483581542969,75.28483581542969,110.19000244140625,110.04000091552734,110.18000030517578,575600
2012-04-10,75.29166412353516,75.29166412353516,110.33999633789062,110.06999969482422,110.19000244140625,1893900
2012-04-11,75.29852294921875,75.29852294921875,110.12999725341797,109.88999938964844,110.05000305175781,1203100
2012-04-12,75.22330474853516,75.22330474853516,110.13999938964844,110.0,110.0999984741211,505900
2012-04-13,75.45573425292969,75.45573425292969,110.37999725341797,110.20999908447266,110.30000305175781,1103900
2012-04-16,75.46940612792969,75.46940612792969,110.48999786376953,110.23999786376953,110.23999786376953,1121200
2012-04-17,75.48308563232422,75.48308563232422,110.4000015258789,110.25,110.30000305175781,737600
2012-04-18,75.57878112792969,75.57878112792969,110.54000091552734,110.3499984741211,110.44000244140625,884300
2012-04-19,75.52411651611328,75.52411651611328,110.58000183105469,110.45999908447266,110.5,618700
2012-04-20,75.53782653808594,75.53782653808594,110.5199966430664,110.37000274658203,110.4800033569336,1530200
2012-04-23,75.61299896240234,75.61299896240234,110.73999786376953,110.52999877929688,110.73999786376953,787100
2012-04-24,75.50360107421875,75.50360107421875,110.58000183105469,110.41000366210938,110.52999877929688,627500
2012-04-25,75.53782653808594,75.53782653808594,110.5,110.23999786376953,110.41000366210938,982300
2012-04-26,75.65402221679688,75.65402221679688,110.69000244140625,110.54000091552734,110.63999938964844,1021600
2012-04-27,75.64720916748047,75.64720916748047,110.66999816894531,110.55000305175781,110.61000061035156,656600
2012-04-30,75.61980438232422,75.61980438232422,110.7300033569336,110.58999633789062,110.7300033569336,881900
2012-05-01,75.5923843383789,75.5923843383789,110.5,110.26000213623047,110.45999908447266,772800
2012-05-02,75.66777038574219,75.66777038574219,110.51000213623047,110.36000061035156,110.45999908447266,1298500
2012-05-03,75.75006103515625,75.75006103515625,110.55999755859375,110.41000366210938,110.43000030517578,575400
2012-05-04,75.82537841796875,75.82537841796875,110.69999694824219,110.56999969482422,110.66000366210938,611500
2012-05-07,75.85275268554688,75.85275268554688,110.7699966430664,110.66999816894531,110.73999786376953,646100
2012-05-08,75.90756225585938,75.90756225585938,110.94999694824219,110.77999877929688,110.83999633789062,580200
2012-05-09,75.92816925048828,75.92816925048828,110.91999816894531,110.72000122070312,110.91999816894531,930000
2012-05-10,75.85275268554688,75.85275268554688,110.76000213623047,110.62999725341797,110.72000122070312,527000
2012-05-11,75.90756225585938,75.90756225585938,110.93000030517578,110.75,110.91999816894531,446300
2012-05-14,76.07887268066406,76.07887268066406,111.05999755859375,110.93000030517578,111.0,763300
2012-05-15,76.03777313232422,76.03777313232422,111.0999984741211,110.87999725341797,111.0999984741211,1187200
2012-05-16,76.02405548095703,76.02405548095703,111.08999633789062,110.83000183105469,110.87000274658203,986400
2012-05-17,76.07202911376953,76.07202911376953,111.12999725341797,110.83000183105469,110.87999725341797,1420700
2012-05-18,76.05148315429688,76.05148315429688,111.08000183105469,110.9000015258789,110.98999786376953,1184700
2012-05-21,76.03777313232422,76.03777313232422,111.05000305175781,110.97000122070312,111.0199966430664,1208500
2012-05-22,75.85275268554688,75.85275268554688,110.91999816894531,110.70999908447266,110.81999969482422,1007400
2012-05-23,75.94190216064453,75.94190216064453,111.01000213623047,110.81999969482422,110.94999694824219,696000
2012-05-24,75.88019561767578,75.88019561767578,110.87999725341797,110.70999908447266,110.87999725341797,938900
2012-05-25,75.99667358398438,75.99667358398438,110.94999694824219,110.80999755859375,110.83999633789062,454300
2012-05-29,75.95557403564453,75.95557403564453,110.98999786376953,110.83000183105469,110.94999694824219,1192100
2012-05-30,76.20905303955078,76.20905303955078,111.30000305175781,111.11000061035156,111.19999694824219,547100
2012-05-31,76.43515014648438,76.43515014648438,111.62000274658203,111.3499984741211,111.44999694824219,2984100
2012-06-01,76.6260757446289,76.6260757446289,111.66999816894531,111.41000366210938,111.5,1851600
2012-06-04,76.44747924804688,76.44747924804688,111.87000274658203,111.31999969482422,111.31999969482422,1046100
2012-06-05,76.28959655761719,76.28959655761719,111.33000183105469,111.0999984741211,111.16999816894531,951100
2012-06-06,76.06300354003906,76.06300354003906,111.2300033569336,110.77999877929688,111.2300033569336,1864400
2012-06-07,76.17971801757812,76.17971801757812,110.94999694824219,110.77999877929688,110.81999969482422,751800
2012-06-08,76.14542388916016,76.14542388916016,111.18000030517578,110.83999633789062,111.16999816894531,710200
2012-06-11,76.21407318115234,76.21407318115234,111.08999633789062,110.80999755859375,110.87000274658203,516100
2012-06-12,76.15229034423828,76.15229034423828,111.04000091552734,110.83000183105469,110.9800033569336,482000
2012-06-13,76.35138702392578,76.35138702392578,111.22000122070312,110.8499984741211,110.98999786376953,2650900
2012-06-14,76.29647827148438,76.29647827148438,111.18000030517578,111.02999877929688,111.0999984741211,559200
2012-06-15,76.4749984741211,76.4749984741211,111.38999938964844,111.2300033569336,111.3499984741211,1030800
2012-06-18,76.454345703125,76.454345703125,111.43000030517578,111.2300033569336,111.33000183105469,696000
2012-06-19,76.3651123046875,76.3651123046875,111.30000305175781,111.11000061035156,111.30000305175781,605500
2012-06-20,76.24838256835938,76.24838256835938,111.20999908447266,110.87999725341797,111.06999969482422,1256100
2012-06-21,76.35138702392578,76.35138702392578,111.31999969482422,111.05999755859375,111.18000030517578,939900
2012-06-22,76.24153137207031,76.24153137207031,111.19999694824219,111.04000091552734,111.16999816894531,600200
2012-06-25,76.48186492919922,76.48186492919922,111.4000015258789,111.22000122070312,111.25,2321900
2012-06-26,76.39946746826172,76.39946746826172,111.37000274658203,111.23999786376953,111.2699966430664,789100
2012-06-27,76.43382263183594,76.43382263183594,111.38999938964844,111.23999786376953,111.3499984741211,1552600
2012-06-28,76.52306365966797,76.52306365966797,111.55999755859375,111.41999816894531,111.52999877929688,1180400
2012-06-29,76.4200210571289,76.4200210571289,111.33000183105469,111.19999694824219,111.25,2052800
2012-07-02,76.56661987304688,76.56661987304688,111.31999969482422,111.08000183105469,111.16999816894531,1994500
2012-07-03,76.51154327392578,76.51154327392578,111.29000091552734,111.18000030517578,111.20999908447266,1002900
2012-07-05,76.71109008789062,76.71109008789062,111.5,111.23999786376953,111.23999786376953,740700
2012-07-06,76.7660903930664,76.7660903930664,111.68000030517578,111.5,111.51000213623047,1520200
2012-07-09,76.91751098632812,76.91751098632812,111.81999969482422,111.6500015258789,111.66999816894531,472600
2012-07-10,76.9518814086914,76.9518814086914,111.91000366210938,111.7300033569336,111.76000213623047,521600
2012-07-11,76.94500732421875,76.94500732421875,112.0,111.80999755859375,111.86000061035156,566400
2012-07-12,77.08261108398438,77.08261108398438,112.04000091552734,111.93000030517578,112.0,382700
2012-07-13,77.11009216308594,77.11009216308594,112.08999633789062,111.94000244140625,112.06999969482422,435300
2012-07-16,77.17200469970703,77.17200469970703,112.31999969482422,112.16000366210938,112.20999908447266,480800
2012-07-17,77.14449310302734,77.14449310302734,112.23999786376953,112.12000274658203,112.20999908447266,600200
2012-07-18,77.29584503173828,77.29584503173828,112.36000061035156,112.23999786376953,112.23999786376953,470300
2012-07-19,77.23396301269531,77.23396301269531,112.43000030517578,112.2300033569336,112.30000305175781,901600
2012-07-20,77.34406280517578,77.34406280517578,112.55000305175781,112.38999938964844,112.38999938964844,602200
2012-07-23,77.41281127929688,77.41281127929688,112.62000274658203,112.48999786376953,112.62000274658203,498200
2012-07-24,77.5091552734375,77.5091552734375,112.68000030517578,112.43000030517578,112.47000122070312,521200
2012-07-25,77.53668975830078,77.53668975830078,112.70999908447266,112.61000061035156,112.62999725341797,874700
2012-07-26,77.48849487304688,77.48849487304688,112.69000244140625,112.62000274658203,112.66000366210938,857900
2012-07-27,77.25458526611328,77.25458526611328,112.45999908447266,112.1500015258789,112.44999694824219,1010200
2012-07-30,77.38532257080078,77.38532257080078,112.5199966430664,112.2699966430664,112.30999755859375,618400
2012-07-31,77.46098327636719,77.46098327636719,112.6500015258789,112.43000030517578,112.58000183105469,983600
2012-08-01,77.37138366699219,77.37138366699219,112.38999938964844,111.98999786376953,112.25,2480600
2012-08-02,77.38516998291016,77.38516998291016,112.5,112.26000213623047,112.33000183105469,846300
2012-08-03,77.19901275634766,77.19901275634766,112.16000366210938,111.95999908447266,112.0999984741211,1832400
2012-08-06,77.31623840332031,77.31623840332031,112.2300033569336,112.04000091552734,112.12000274658203,1832500
2012-08-07,77.10943603515625,77.10943603515625,111.91000366210938,111.80999755859375,111.83999633789062,1733100
2012-08-08,77.01293182373047,77.01293182373047,111.94000244140625,111.69999694824219,111.94000244140625,550400
2012-08-09,76.99223327636719,76.99223327636719,111.77999877929688,111.55000305175781,111.62999725341797,835900
2012-08-10,77.11632537841797,77.11632537841797,111.9800033569336,111.79000091552734,111.9800033569336,627400
2012-08-13,77.10943603515625,77.10943603515625,111.98999786376953,111.86000061035156,111.91999816894531,570500
2012-08-14,76.93023681640625,76.93023681640625,111.68000030517578,111.54000091552734,111.58999633789062,567100
2012-08-15,76.68204498291016,76.68204498291016,111.44999694824219,111.19000244140625,111.44999694824219,550000
2012-08-16,76.58551788330078,76.58551788330078,111.31999969482422,110.97000122070312,111.30000305175781,668300
2012-08-17,76.67510223388672,76.67510223388672,111.29000091552734,111.1500015258789,111.19000244140625,505700
2012-08-20,76.64756774902344,76.64756774902344,111.2699966430664,111.13999938964844,111.1500015258789,419000
2012-08-21,76.75094604492188,76.75094604492188,111.3499984741211,111.04000091552734,111.18000030517578,738600
2012-08-22,77.08182525634766,77.08182525634766,111.81999969482422,111.51000213623047,111.5999984741211,405500
2012-08-23,77.13693237304688,77.13693237304688,111.94000244140625,111.83000183105469,111.83999633789062,421500
2012-08-24,77.08182525634766,77.08182525634766,111.9800033569336,111.79000091552734,111.9800033569336,649600
2012-08-27,77.18522644042969,77.18522644042969,112.0,111.88999938964844,111.9000015258789,493100
2012-08-28,77.24727630615234,77.24727630615234,112.11000061035156,111.9800033569336,112.04000091552734,699200
2012-08-29,77.17146301269531,77.17146301269531,112.04000091552734,111.9000015258789,112.01000213623047,717100
2012-08-30,77.2197036743164,77.2197036743164,112.13999938964844,112.0199966430664,112.0199966430664,436200
2012-08-31,77.46102905273438,77.46102905273438,112.43000030517578,112.06999969482422,112.0999984741211,1203400
2012-09-04,77.44650268554688,77.44650268554688,112.1500015258789,111.95999908447266,112.13999938964844,1596700
2012-09-05,77.44650268554688,77.44650268554688,112.16999816894531,112.02999877929688,112.05000305175781,503000
2012-09-06,77.26692199707031,77.26692199707031,111.88999938964844,111.76000213623047,111.88999938964844,1805200
2012-09-07,77.28076171875,77.28076171875,112.19999694824219,111.8499984741211,112.1500015258789,1554400
2012-09-10,77.29457092285156,77.29457092285156,111.93000030517578,111.7699966430664,111.9000015258789,1303000
2012-09-11,77.20475769042969,77.20475769042969,111.87999725341797,111.75,111.7699966430664,3037100
2012-09-12,77.05970001220703,77.05970001220703,111.69000244140625,111.5199966430664,111.66000366210938,1679500
2012-09-13,77.23927307128906,77.23927307128906,111.88999938964844,111.37000274658203,111.75,2165200
2012-09-14,76.92156982421875,76.92156982421875,111.61000061035156,111.33000183105469,111.61000061035156,1011200
2012-09-17,77.04586791992188,77.04586791992188,111.62000274658203,111.43000030517578,111.51000213623047,1063800
2012-09-18,77.09424591064453,77.09424591064453,111.80999755859375,111.61000061035156,111.72000122070312,1133600
2012-09-19,77.24613952636719,77.24613952636719,111.91000366210938,111.76000213623047,111.87000274658203,732200
2012-09-20,77.19783020019531,77.19783020019531,111.95999908447266,111.75,111.94999694824219,2518600
2012-09-21,77.32212829589844,77.32212829589844,111.94999694824219,111.75,111.7699966430664,829200
2012-09-24,77.40504455566406,77.40504455566406,112.08999633789062,111.94000244140625,111.94000244140625,1220800
2012-09-25,77.52937316894531,77.52937316894531,112.25,112.01000213623047,112.12000274658203,836400
2012-09-26,77.60538482666016,77.60538482666016,112.4000015258789,112.26000213623047,112.36000061035156,793500
2012-09-27,77.55701446533203,77.55701446533203,112.37999725341797,112.2699966430664,112.30000305175781,1127100
2012-09-28,77.66751861572266,77.66751861572266,112.45999908447266,112.25,112.38999938964844,2745500
2012-10-01,77.63777160644531,77.63777160644531,112.25,112.06999969482422,112.16999816894531,1674400
2012-10-02,77.7000503540039,77.7000503540039,112.29000091552734,112.11000061035156,112.16000366210938,903300
2012-10-03,77.67235565185547,77.67235565185547,112.30999755859375,112.18000030517578,112.18000030517578,1187500
2012-10-04,77.56163024902344,77.56163024902344,112.25,112.06999969482422,112.16000366210938,459200
2012-10-05,77.4024887084961,77.4024887084961,111.98999786376953,111.83999633789062,111.94000244140625,580200
2012-10-08,77.52013397216797,77.52013397216797,112.05000305175781,111.9000015258789,111.9000015258789,524800
2012-10-09,77.43708801269531,77.43708801269531,112.06999969482422,111.86000061035156,111.94000244140625,2316400
2012-10-10,77.56163024902344,77.56163024902344,112.16000366210938,111.87999725341797,111.9000015258789,555400
2012-10-11,77.65847778320312,77.65847778320312,112.25,111.97000122070312,111.97000122070312,523400
2012-10-12,77.72080993652344,77.72080993652344,112.41000366210938,112.26000213623047,112.31999969482422,1646900
2012-10-15,77.76232147216797,77.76232147216797,112.37999725341797,112.25,112.30000305175781,1646300
2012-10-16,77.63777160644531,77.63777160644531,112.36000061035156,112.16999816894531,112.30999755859375,978500
2012-10-17,77.3955307006836,77.3955307006836,112.05000305175781,111.81999969482422,112.04000091552734,1199200
2012-10-18,77.36788177490234,77.36788177490234,111.93000030517578,111.70999908447266,111.93000030517578,1249500
2012-10-19,77.46476745605469,77.46476745605469,112.02999877929688,111.79000091552734,111.79000091552734,683700
2012-10-22,77.3609848022461,77.3609848022461,111.95999908447266,111.80000305175781,111.9000015258789,438100
2012-10-23,77.533935546875,77.533935546875,112.06999969482422,111.87000274658203,111.87000274658203,628100
2012-10-24,77.47856140136719,77.47856140136719,112.05999755859375,111.9000015258789,111.94999694824219,604900
2012-10-25,77.31253051757812,77.31253051757812,111.94999694824219,111.70999908447266,111.77999877929688,970700
2012-10-26,77.52013397216797,77.52013397216797,112.08000183105469,111.87999725341797,111.88999938964844,908900
2012-10-31,77.63081359863281,77.63081359863281,112.23999786376953,112.0,112.04000091552734,2200200
2012-11-01,77.5289306640625,77.5289306640625,112.05000305175781,111.77999877929688,112.05000305175781,1350800
2012-11-02,77.5774154663086,77.5774154663086,111.91999816894531,111.66999816894531,111.83000183105469,961700
2012-11-05,77.7092056274414,77.7092056274414,112.08999633789062,111.94999694824219,112.0,2684000
2012-11-06,77.48726654052734,77.48726654052734,112.01000213623047,111.72000122070312,112.0,589600
2012-11-07,77.66758728027344,77.66758728027344,112.20999908447266,112.0,112.16000366210938,1563100
2012-11-08,77.7646713256836,77.7646713256836,112.20999908447266,111.94999694824219,111.9800033569336,1411400
2012-11-09,77.7230224609375,77.7230224609375,112.11000061035156,111.91999816894531,112.01000213623047,1295200
2012-11-12,77.7022476196289,77.7022476196289,112.1500015258789,112.0199966430664,112.12999725341797,612700
2012-11-13,77.8409423828125,77.8409423828125,112.33000183105469,112.11000061035156,112.27999877929688,3355800
2012-11-14,77.86174011230469,77.86174011230469,112.27999877929688,112.04000091552734,112.05000305175781,1242700
2012-11-15,77.78551483154297,77.78551483154297,112.2300033569336,112.11000061035156,112.19000244140625,1532600
2012-11-16,77.81320190429688,77.81320190429688,112.30000305175781,112.1500015258789,112.19999694824219,981700
2012-11-19,77.86868286132812,77.86868286132812,112.29000091552734,112.05999755859375,112.08999633789062,917000
2012-11-20,77.7230224609375,77.7230224609375,112.23999786376953,112.05999755859375,112.19000244140625,666800
2012-11-21,77.59130096435547,77.59130096435547,112.05999755859375,111.87999725341797,111.97000122070312,1160800
2012-11-23,77.63985443115234,77.63985443115234,111.9800033569336,111.88999938964844,111.95999908447266,220300
2012-11-26,77.66758728027344,77.66758728027344,112.08999633789062,111.94999694824219,112.0199966430664,629500
2012-11-27,77.77161407470703,77.77161407470703,112.16999816894531,112.01000213623047,112.01000213623047,571900
2012-11-28,77.78551483154297,77.78551483154297,112.26000213623047,112.16000366210938,112.19999694824219,458700
2012-11-29,77.88253021240234,77.88253021240234,112.30999755859375,112.13999938964844,112.13999938964844,661800
2012-11-30,77.8409423828125,77.8409423828125,112.31999969482422,112.19000244140625,112.26000213623047,908600
2012-12-03,77.85216522216797,77.85216522216797,111.61000061035156,111.36000061035156,111.44999694824219,809900
2012-12-04,77.90098571777344,77.90098571777344,111.69000244140625,111.51000213623047,111.5999984741211,871900
2012-12-05,77.9706802368164,77.9706802368164,111.79000091552734,111.68000030517578,111.69000244140625,538200
2012-12-06,77.9637222290039,77.9637222290039,111.83999633789062,111.7300033569336,111.7699966430664,519400
2012-12-07,77.89396667480469,77.89396667480469,111.70999908447266,111.55000305175781,111.61000061035156,966200
2012-12-10,77.90789031982422,77.90789031982422,111.70999908447266,111.61000061035156,111.63999938964844,843500
2012-12-11,77.87999725341797,77.87999725341797,111.6500015258789,111.55000305175781,111.5999984741211,814100
2012-12-12,77.66368103027344,77.66368103027344,111.66000366210938,111.33000183105469,111.58999633789062,1448600
2012-12-13,77.53817749023438,77.53817749023438,111.33999633789062,111.13999938964844,111.30000305175781,1209700
2012-12-14,77.67768096923828,77.67768096923828,111.41999816894531,111.27999877929688,111.33999633789062,1678800
2012-12-17,77.48937225341797,77.48937225341797,111.36000061035156,111.04000091552734,111.3499984741211,1464100
2012-12-18,77.30797576904297,77.30797576904297,111.06999969482422,110.73999786376953,111.0,1411500
2012-12-19,77.44049835205078,77.44049835205078,111.0999984741211,110.91999816894531,110.91999816894531,1114000
2012-12-20,77.447509765625,77.447509765625,111.16000366210938,110.9800033569336,111.0999984741211,1122600
2012-12-21,77.51727294921875,77.51727294921875,111.2300033569336,111.08999633789062,111.19000244140625,973700
2012-12-24,77.52420043945312,77.52420043945312,111.16000366210938,111.08000183105469,111.08999633789062,329200
2012-12-26,77.62910461425781,77.62910461425781,111.06999969482422,110.95999908447266,110.95999908447266,575800
2012-12-27,77.67105102539062,77.67105102539062,111.25,110.98999786376953,111.05000305175781,722100
2012-12-28,77.7898178100586,77.7898178100586,111.30000305175781,111.1500015258789,111.29000091552734,1295800
2012-12-31,77.6500473022461,77.6500473022461,111.26000213623047,111.0199966430664,111.25,905400
2013-01-02,77.55917358398438,77.55917358398438,111.0,110.81999969482422,110.81999969482422,1137300
2013-01-03,77.3635025024414,77.3635025024414,111.08000183105469,110.63999938964844,111.01000213623047,1762900
2013-01-04,77.4473648071289,77.4473648071289,110.80000305175781,110.55000305175781,110.58999633789062,1286800
2013-01-07,77.4054183959961,77.4054183959961,110.81999969482422,110.68000030517578,110.79000091552734,1854400
2013-01-08,77.47526550292969,77.47526550292969,110.88999938964844,110.75,110.79000091552734,1784500
2013-01-09,77.41938781738281,77.41938781738281,110.8499984741211,110.70999908447266,110.8499984741211,1346900
2013-01-10,77.41239166259766,77.41239166259766,110.80999755859375,110.6500015258789,110.69999694824219,1128700
2013-01-11,77.48931121826172,77.48931121826172,110.91000366210938,110.62000274658203,110.63999938964844,1120000
2013-01-14,77.55917358398438,77.55917358398438,111.01000213623047,110.87000274658203,110.94000244140625,870200
2013-01-15,77.58016204833984,77.58016204833984,111.06999969482422,110.94999694824219,111.01000213623047,2561100
2013-01-16,77.62213897705078,77.62213897705078,111.0999984741211,110.91999816894531,111.0199966430664,1232000
2013-01-17,77.45433044433594,77.45433044433594,110.91000366210938,110.70999908447266,110.77999877929688,1281000
2013-01-18,77.54522705078125,77.54522705078125,110.94000244140625,110.83000183105469,110.87999725341797,654700
2013-01-22,77.5032730102539,77.5032730102539,110.94999694824219,110.75,110.75,1459000
2013-01-23,77.58718872070312,77.58718872070312,111.01000213623047,110.5,110.95999908447266,1393800
2013-01-24,77.48228454589844,77.48228454589844,110.94999694824219,110.81999969482422,110.88999938964844,659800
2013-01-25,77.29351806640625,77.29351806640625,110.69000244140625,110.48999786376953,110.5999984741211,877800
2013-01-28,77.18169403076172,77.18169403076172,110.41999816894531,110.2699966430664,110.27999877929688,1067500
2013-01-29,77.13278198242188,77.13278198242188,110.48999786376953,110.26000213623047,110.41000366210938,837700
2013-01-30,77.09782409667969,77.09782409667969,110.30000305175781,110.1500015258789,110.20999908447266,1362200
2013-01-31,77.1677017211914,77.1677017211914,110.38999938964844,110.26000213623047,110.30000305175781,1970000
2013-02-01,77.00039672851562,77.00039672851562,110.38999938964844,109.91999816894531,110.37999725341797,1340000
2013-02-04,77.21744537353516,77.21744537353516,110.27999877929688,110.08999633789062,110.08999633789062,805400
2013-02-05,77.05632781982422,77.05632781982422,110.11000061035156,110.0199966430664,110.04000091552734,1905900
2013-02-06,77.18948364257812,77.18948364257812,110.26000213623047,110.11000061035156,110.12000274658203,1229600
2013-02-07,77.21744537353516,77.21744537353516,110.33999633789062,110.16000366210938,110.18000030517578,1147900
2013-02-08,77.23847961425781,77.23847961425781,110.27999877929688,110.05000305175781,110.16999816894531,681400
2013-02-11,77.16142272949219,77.16142272949219,110.25,110.13999938964844,110.25,1384100
2013-02-12,77.14741516113281,77.14741516113281,110.18000030517578,110.08000183105469,110.0999984741211,666800
2013-02-13,77.07035827636719,77.07035827636719,110.08999633789062,109.94000244140625,109.94000244140625,902200
2013-02-14,77.21041870117188,77.21041870117188,110.23999786376953,110.01000213623047,110.01000213623047,731900
2013-02-15,77.21744537353516,77.21744537353516,110.25,110.05999755859375,110.19000244140625,1864700
2013-02-19,77.12641143798828,77.12641143798828,110.29000091552734,110.06999969482422,110.26000213623047,1391300
2013-02-20,77.17542266845703,77.17542266845703,110.25,110.02999877929688,110.08999633789062,2028900
2013-02-21,77.21744537353516,77.21744537353516,110.37000274658203,110.23999786376953,110.26000213623047,829600
2013-02-22,77.25946044921875,77.25946044921875,110.3499984741211,110.29000091552734,110.30999755859375,955700
2013-02-25,77.55365753173828,77.55365753173828,110.77999877929688,110.19999694824219,110.29000091552734,1181500
2013-02-26,77.53263092041016,77.53263092041016,110.83000183105469,110.63999938964844,110.63999938964844,801300
2013-02-27,77.55365753173828,77.55365753173828,110.83999633789062,110.62000274658203,110.83000183105469,520300
2013-02-28,77.6236572265625,77.6236572265625,110.83000183105469,110.69000244140625,110.69000244140625,1211900
2013-03-01,77.65104675292969,77.65104675292969,110.72000122070312,110.56999969482422,110.63999938964844,1076800
2013-03-04,77.5948486328125,77.5948486328125,110.66000366210938,110.56999969482422,110.6500015258789,782100
2013-03-05,77.53176879882812,77.53176879882812,110.56999969482422,110.4800033569336,110.54000091552734,804400
2013-03-06,77.44754028320312,77.44754028320312,110.44999694824219,110.33000183105469,110.4000015258789,974300
2013-03-07,77.2861557006836,77.2861557006836,110.26000213623047,109.97000122070312,110.26000213623047,1047000
2013-03-08,77.0616226196289,77.0616226196289,109.95999908447266,109.77999877929688,109.86000061035156,2006800
2013-03-11,77.10369110107422,77.10369110107422,109.91999816894531,109.81999969482422,109.83999633789062,1163500
2013-03-12,77.24403381347656,77.24403381347656,110.08000183105469,109.93000030517578,109.94000244140625,1656200
2013-03-13,77.18087768554688,77.18087768554688,110.08000183105469,109.91999816894531,109.91999816894531,1137000
2013-03-14,77.26510620117188,77.26510620117188,110.1500015258789,109.9000015258789,109.9000015258789,1090700
2013-03-15,77.33527374267578,77.33527374267578,110.25,110.06999969482422,110.06999969482422,661500
2013-03-18,77.40544128417969,77.40544128417969,110.37999725341797,110.27999877929688,110.36000061035156,1231900
2013-03-19,77.51769256591797,77.51769256591797,110.61000061035156,110.38999938964844,110.41999816894531,1104800
2013-03-20,77.43353271484375,77.43353271484375,110.4800033569336,110.31999969482422,110.38999938964844,1275100
2013-03-21,77.44754028320312,77.44754028320312,110.45999908447266,110.3499984741211,110.43000030517578,906400
2013-03-22,77.4756088256836,77.4756088256836,110.5199966430664,110.3499984741211,110.5199966430664,776000
2013-03-25,77.44754028320312,77.44754028320312,110.5199966430664,110.36000061035156,110.4000015258789,981100
2013-03-26,77.53878784179688,77.53878784179688,110.5199966430664,110.30999755859375,110.30999755859375,964700
2013-03-27,77.7002182006836,77.7002182006836,110.75,110.56999969482422,110.62000274658203,1028800
2013-03-28,77.7002182006836,77.7002182006836,110.77999877929688,110.6500015258789,110.68000030517578,2343300
2013-04-01,77.7705078125,77.7705078125,110.58000183105469,110.38999938964844,110.44000244140625,1580800
2013-04-02,77.68611907958984,77.68611907958984,110.5199966430664,110.41000366210938,110.51000213623047,875300
2013-04-03,77.7705078125,77.7705078125,110.69000244140625,110.48999786376953,110.54000091552734,1260300
2013-04-04,77.9885482788086,77.9885482788086,110.87999725341797,110.70999908447266,110.72000122070312,1263800
2013-04-05,78.21358489990234,78.21358489990234,111.26000213623047,111.11000061035156,111.16999816894531,1013800
2013-04-08,78.08000183105469,78.08000183105469,111.2300033569336,111.01000213623047,111.1500015258789,1027000
2013-04-09,78.10812377929688,78.10812377929688,111.12999725341797,110.94999694824219,111.0999984741211,1286600
2013-04-10,77.94634246826172,77.94634246826172,110.91000366210938,110.7699966430664,110.9000015258789,1281600
2013-04-11,77.96038818359375,77.96038818359375,110.91000366210938,110.81999969482422,110.83999633789062,1037400
2013-04-12,78.21358489990234,78.21358489990234,111.20999908447266,110.97000122070312,111.0199966430664,873700
2013-04-15,78.24880981445312,78.24880981445312,111.29000091552734,111.12999725341797,111.16000366210938,1521700
2013-04-16,78.24880981445312,78.24880981445312,111.27999877929688,111.16000366210938,111.22000122070312,593000
2013-04-17,78.24880981445312,78.24880981445312,111.44000244140625,111.19999694824219,111.19999694824219,1078500
2013-04-18,78.23469543457031,78.23469543457031,111.3499984741211,111.20999908447266,111.29000091552734,1153800
2013-04-19,78.24177551269531,78.24177551269531,111.27999877929688,111.19999694824219,111.25,373600
2013-04-22,78.34024810791016,78.34024810791016,111.38999938964844,111.25,111.2699966430664,1113800
2013-04-23,78.30503845214844,78.30503845214844,111.51000213623047,111.29000091552734,111.44999694824219,747900
2013-04-24,78.29097747802734,78.29097747802734,111.37999725341797,111.26000213623047,111.27999877929688,743900
2013-04-25,78.25582122802734,78.25582122802734,111.30000305175781,111.20999908447266,111.27999877929688,848700
2013-04-26,78.4176025390625,78.4176025390625,111.52999877929688,111.3499984741211,111.37000274658203,678500
2013-04-29,78.46683502197266,78.46683502197266,111.56999969482422,111.47000122070312,111.48999786376953,869400
2013-04-30,78.45279693603516,78.45279693603516,111.68000030517578,111.4800033569336,111.58999633789062,1853100
2013-05-01,78.4894027709961,78.4894027709961,111.5,111.36000061035156,111.4800033569336,1741300
2013-05-02,78.49642944335938,78.49642944335938,111.4800033569336,111.36000061035156,111.37000274658203,875500
2013-05-03,78.20753479003906,78.20753479003906,111.19999694824219,110.94000244140625,111.19999694824219,580000
2013-05-06,78.08070373535156,78.08070373535156,111.0,110.80999755859375,110.94000244140625,686300
2013-05-07,78.03845977783203,78.03845977783203,110.8499984741211,110.75,110.79000091552734,931600
2013-05-08,78.10890197753906,78.10890197753906,110.9000015258789,110.76000213623047,110.83000183105469,1032600
2013-05-09,78.00321197509766,78.00321197509766,110.94999694824219,110.69999694824219,110.8499984741211,537900
2013-05-10,77.8481674194336,77.8481674194336,110.73999786376953,110.3499984741211,110.69000244140625,423100
2013-05-13,77.77771759033203,77.77771759033203,110.38999938964844,110.29000091552734,110.3499984741211,563400
2013-05-14,77.59453582763672,77.59453582763672,110.44999694824219,110.12000274658203,110.37999725341797,994500
2013-05-15,77.70731353759766,77.70731353759766,110.31999969482422,110.0999984741211,110.2699966430664,926800
2013-05-16,77.9186019897461,77.9186019897461,110.58000183105469,110.36000061035156,110.36000061035156,1965700
2013-05-17,77.72837829589844,77.72837829589844,110.51000213623047,110.25,110.5,621800
2013-05-20,77.65087127685547,77.65087127685547,110.37999725341797,110.11000061035156,110.31999969482422,1710100
2013-05-21,77.71429443359375,77.71429443359375,110.31999969482422,110.06999969482422,110.12999725341797,992300
2013-05-22,77.45355987548828,77.45355987548828,110.4800033569336,109.83000183105469,110.36000061035156,1134400
2013-05-23,77.42540740966797,77.42540740966797,110.05000305175781,109.80000305175781,110.02999877929688,1107200
2013-05-24,77.42540740966797,77.42540740966797,110.05000305175781,109.83000183105469,109.94000244140625,640100
2013-05-28,76.94623565673828,76.94623565673828,109.77999877929688,109.16999816894531,109.7699966430664,1082800
2013-05-29,77.05192565917969,77.05192565917969,109.37999725341797,109.18000030517578,109.26000213623047,1369400
2013-05-30,77.03079986572266,77.03079986572266,109.4800033569336,109.29000091552734,109.36000061035156,1301000
2013-05-31,76.88287353515625,76.88287353515625,109.47000122070312,108.87999725341797,109.4000015258789,1616800
2013-06-03,76.92166900634766,76.92166900634766,109.08000183105469,108.7300033569336,108.79000091552734,2110400
2013-06-04,76.75222778320312,76.75222778320312,108.88999938964844,108.68000030517578,108.83000183105469,980500
2013-06-05,76.70993041992188,76.70993041992188,108.9000015258789,108.66999816894531,108.8499984741211,1160600
2013-06-06,76.90750885009766,76.90750885009766,109.08999633789062,108.61000061035156,108.66000366210938,1142500
2013-06-07,76.66751098632812,76.66751098632812,108.91000366210938,108.54000091552734,108.66999816894531,1337400
2013-06-10,76.51226806640625,76.51226806640625,108.51000213623047,108.33000183105469,108.3499984741211,1173300
2013-06-11,76.519287109375,76.519287109375,108.44999694824219,108.0,108.19000244140625,1118700
2013-06-12,76.39221954345703,76.39221954345703,108.5,108.19999694824219,108.33000183105469,1469500
2013-06-13,76.76634979248047,76.76634979248047,108.75,108.23999786376953,108.23999786376953,999000
2013-06-14,76.78753662109375,76.78753662109375,109.0,108.77999877929688,108.81999969482422,1219800
2013-06-17,76.73102569580078,76.73102569580078,108.94000244140625,108.68000030517578,108.8499984741211,1694700
2013-06-18,76.70283508300781,76.70283508300781,108.7300033569336,108.5199966430664,108.62999725341797,1067500
2013-06-19,76.18753051757812,76.18753051757812,108.81999969482422,107.80000305175781,108.81999969482422,975800
2013-06-20,75.67929077148438,75.67929077148438,107.52999877929688,107.12000274658203,107.33000183105469,3057100
2013-06-21,75.2557601928711,75.2557601928711,107.30999755859375,106.52999877929688,107.11000061035156,1979500
2013-06-24,74.95218658447266,74.95218658447266,106.5999984741211,105.81999969482422,106.01000213623047,2270900
2013-06-25,75.03684997558594,75.03684997558594,106.5999984741211,106.20999908447266,106.47000122070312,1687400
2013-06-26,75.35456848144531,75.35456848144531,106.87999725341797,106.55000305175781,106.72000122070312,995800
2013-06-27,75.67223358154297,75.67223358154297,107.19999694824219,106.9000015258789,106.9800033569336,1333700
2013-06-28,75.67929077148438,75.67929077148438,107.3499984741211,106.8499984741211,106.93000030517578,2674000
2013-07-01,75.78392791748047,75.78392791748047,107.20999908447266,106.91999816894531,106.91999816894531,950300
2013-07-02,75.78392791748047,75.78392791748047,107.30999755859375,107.12999725341797,107.23999786376953,636900
2013-07-03,75.67790985107422,75.67790985107422,107.27999877929688,107.01000213623047,107.22000122070312,442600
2013-07-05,74.8504409790039,74.8504409790039,106.2699966430664,105.81999969482422,106.16999816894531,1476400
2013-07-08,75.23941802978516,75.23941802978516,106.44000244140625,106.11000061035156,106.11000061035156,641800
2013-07-09,75.31718444824219,75.31718444824219,106.56999969482422,106.43000030517578,106.56999969482422,1726000
2013-07-10,75.11921691894531,75.11921691894531,106.58999633789062,106.22000122070312,106.58999633789062,717100
2013-07-11,75.62129974365234,75.62129974365234,106.94000244140625,106.62000274658203,106.7699966430664,1044200
2013-07-12,75.53643798828125,75.53643798828125,107.13999938964844,106.68000030517578,107.13999938964844,616300
2013-07-15,75.69906616210938,75.69906616210938,107.04000091552734,106.83000183105469,106.91999816894531,757500
2013-07-16,75.81930541992188,75.81930541992188,107.22000122070312,107.06999969482422,107.13999938964844,585900
2013-07-17,75.98197174072266,75.98197174072266,107.55000305175781,107.30000305175781,107.44000244140625,693500
2013-07-18,75.84054565429688,75.84054565429688,107.44000244140625,107.18000030517578,107.37000274658203,576900
2013-07-19,76.03852081298828,76.03852081298828,107.55000305175781,107.29000091552734,107.38999938964844,563200
2013-07-22,76.13754272460938,76.13754272460938,107.69000244140625,107.5199966430664,107.52999877929688,684100
2013-07-23,76.09508514404297,76.09508514404297,107.62000274658203,107.43000030517578,107.51000213623047,502200
2013-07-24,75.8475570678711,75.8475570678711,107.33000183105469,107.02999877929688,107.23999786376953,956800
2013-07-25,75.87588500976562,75.87588500976562,107.30000305175781,106.94999694824219,107.0199966430664,917100
2013-07-26,75.85466766357422,75.85466766357422,107.37000274658203,107.22000122070312,107.3499984741211,771600
2013-07-29,75.85466766357422,75.85466766357422,107.2699966430664,107.12999725341797,107.26000213623047,459600
2013-07-30,75.82634735107422,75.82634735107422,107.33999633789062,107.0999984741211,107.26000213623047,662400
2013-07-31,75.8829574584961,75.8829574584961,107.31999969482422,106.7699966430664,106.80999755859375,1361900
2013-08-01,75.45426940917969,75.45426940917969,106.8499984741211,106.4000015258789,106.83999633789062,1162600
2013-08-02,75.70934295654297,75.70934295654297,106.95999908447266,106.70999908447266,106.80000305175781,841800
2013-08-05,75.74478149414062,75.74478149414062,106.94999694824219,106.73999786376953,106.93000030517578,1166600
2013-08-06,75.6668472290039,75.6668472290039,106.9000015258789,106.75,106.8499984741211,595700
2013-08-07,75.76605987548828,75.76605987548828,107.02999877929688,106.87000274658203,106.91999816894531,460600
2013-08-08,75.87232208251953,75.87232208251953,107.20999908447266,107.0199966430664,107.0999984741211,848700
2013-08-09,75.92193603515625,75.92193603515625,107.19000244140625,106.97000122070312,107.05999755859375,389800
2013-08-12,75.87232208251953,75.87232208251953,107.2699966430664,107.0,107.2699966430664,713400
2013-08-13,75.567626953125,75.567626953125,106.75,106.5199966430664,106.68000030517578,525100
2013-08-14,75.46844482421875,75.46844482421875,106.6500015258789,106.5,106.55000305175781,756200
2013-08-15,75.19918823242188,75.19918823242188,106.33999633789062,106.05999755859375,106.2300033569336,765600
2013-08-16,74.98657989501953,74.98657989501953,106.20999908447266,105.7300033569336,106.20999908447266,777300
2013-08-19,74.75282287597656,74.75282287597656,105.79000091552734,105.47000122070312,105.79000091552734,734000
2013-08-20,74.97248077392578,74.97248077392578,105.83999633789062,105.69999694824219,105.75,984600
2013-08-21,74.69612121582031,74.69612121582031,105.8499984741211,105.41999816894531,105.70999908447266,656300
2013-08-22,74.78823852539062,74.78823852539062,105.5999984741211,105.33000183105469,105.5199966430664,821600
2013-08-23,75.03620147705078,75.03620147705078,105.93000030517578,105.44999694824219,105.54000091552734,653100
2013-08-26,75.1708984375,75.1708984375,106.11000061035156,106.0,106.11000061035156,922400
2013-08-27,75.3692398071289,75.3692398071289,106.44999694824219,106.16000366210938,106.30999755859375,676400
2013-08-28,75.22754669189453,75.22754669189453,106.31999969482422,106.12999725341797,106.31999969482422,648500
2013-08-29,75.37629699707031,75.37629699707031,106.43000030517578,106.0,106.08000183105469,476200
2013-08-30,75.25589752197266,75.25589752197266,106.5199966430664,106.20999908447266,106.4000015258789,1670400
2013-09-03,75.06989288330078,75.06989288330078,105.95999908447266,105.52999877929688,105.62999725341797,1345200
2013-09-04,74.96337127685547,74.96337127685547,105.8499984741211,105.54000091552734,105.8499984741211,546100
2013-09-05,74.45936584472656,74.45936584472656,105.33999633789062,104.87999725341797,105.33999633789062,1058500
2013-09-06,74.73623657226562,74.73623657226562,105.4800033569336,105.2300033569336,105.33000183105469,639500
2013-09-09,74.88530731201172,74.88530731201172,105.61000061035156,105.41000366210938,105.5999984741211,897200
2013-09-10,74.75045776367188,74.75045776367188,105.4800033569336,105.25,105.33999633789062,628400
2013-09-11,75.00603485107422,75.00603485107422,105.66000366210938,105.38999938964844,105.44000244140625,2315600
2013-09-12,74.92082214355469,74.92082214355469,105.83000183105469,105.54000091552734,105.80000305175781,846400
2013-09-13,75.02728271484375,75.02728271484375,105.76000213623047,105.61000061035156,105.63999938964844,655300
2013-09-16,75.18343353271484,75.18343353271484,106.27999877929688,105.86000061035156,106.27999877929688,866200
2013-09-17,75.25447845458984,75.25447845458984,106.05999755859375,105.9000015258789,106.0,865400
2013-09-18,75.8862533569336,75.8862533569336,106.98999786376953,105.80000305175781,105.93000030517578,1113400
2013-09-19,75.7939453125,75.7939453125,106.94000244140625,106.69999694824219,106.86000061035156,661800
2013-09-20,75.7939453125,75.7939453125,106.87000274658203,106.69000244140625,106.83999633789062,482800
2013-09-23,75.85074615478516,75.85074615478516,106.91999816894531,106.72000122070312,106.80000305175781,855800
2013-09-24,76.02818298339844,76.02818298339844,107.16000366210938,106.94000244140625,106.98999786376953,718200
2013-09-25,76.13468933105469,76.13468933105469,107.31999969482422,107.05999755859375,107.08000183105469,647700
2013-09-26,76.1205062866211,76.1205062866211,107.2300033569336,107.0999984741211,107.19999694824219,588100
2013-09-27,76.16313171386719,76.16313171386719,107.36000061035156,107.16999816894531,107.19999694824219,427900
2013-09-30,76.09923553466797,76.09923553466797,107.33000183105469,107.1500015258789,107.29000091552734,1439500
2013-10-01,76.04307556152344,76.04307556152344,107.0999984741211,106.86000061035156,107.08000183105469,2278900
2013-10-02,76.14259338378906,76.14259338378906,107.19000244140625,106.98999786376953,107.08999633789062,576900
2013-10-03,76.19951629638672,76.19951629638672,107.22000122070312,106.95999908447266,106.95999908447266,905000
2013-10-04,76.13545227050781,76.13545227050781,107.0999984741211,106.95999908447266,107.05999755859375,558700
2013-10-07,76.12126159667969,76.12126159667969,107.25,107.0199966430664,107.2300033569336,559600
2013-10-08,76.08570861816406,76.08570861816406,107.1500015258789,106.97000122070312,107.06999969482422,407000
2013-10-09,76.02882385253906,76.02882385253906,107.0999984741211,106.87999725341797,107.0999984741211,771500
2013-10-10,76.11416625976562,76.11416625976562,107.08000183105469,106.75,106.83999633789062,2191900
2013-10-11,76.14259338378906,76.14259338378906,107.2699966430664,107.04000091552734,107.22000122070312,1032200
2013-10-14,76.0003662109375,76.0003662109375,107.12000274658203,106.8499984741211,107.0999984741211,412900
2013-10-15,75.96479034423828,75.96479034423828,107.08999633789062,106.79000091552734,107.05999755859375,946900
2013-10-16,76.29193115234375,76.29193115234375,107.27999877929688,106.73999786376953,106.77999877929688,774700
2013-10-17,76.50529479980469,76.50529479980469,107.68000030517578,107.44000244140625,107.5,1027300
2013-10-18,76.63326263427734,76.63326263427734,107.81999969482422,107.68000030517578,107.75,632400
2013-10-21,76.56214904785156,76.56214904785156,107.7300033569336,107.58000183105469,107.70999908447266,734700
2013-10-22,76.8324203491211,76.8324203491211,108.06999969482422,107.91999816894531,107.9800033569336,1572300
2013-10-23,76.8110580444336,76.8110580444336,108.16000366210938,108.0,108.06999969482422,694300
2013-10-24,76.7825927734375,76.7825927734375,108.13999938964844,107.94000244140625,108.13999938964844,532800
2013-10-25,76.8110580444336,76.8110580444336,108.0999984741211,107.95999908447266,108.01000213623047,484300
2013-10-28,76.7755126953125,76.7755126953125,108.08999633789062,107.94000244140625,108.0,936200
2013-10-29,76.86798858642578,76.86798858642578,108.08999633789062,107.87000274658203,107.91999816894531,521400
2013-10-30,76.72574615478516,76.72574615478516,108.20999908447266,107.81999969482422,108.11000061035156,492100
2013-10-31,76.73284149169922,76.73284149169922,108.12000274658203,107.80000305175781,108.11000061035156,1793600
2013-11-01,76.5475845336914,76.5475845336914,107.6500015258789,107.41000366210938,107.63999938964844,1262300
2013-11-04,76.6259765625,76.6259765625,107.5999984741211,107.4800033569336,107.55000305175781,421700
2013-11-05,76.3980941772461,76.3980941772461,107.43000030517578,107.22000122070312,107.4000015258789,873100
2013-11-06,76.51908874511719,76.51908874511719,107.45999908447266,107.3499984741211,107.38999938964844,557300
2013-11-07,76.57611083984375,76.57611083984375,107.58999633789062,107.43000030517578,107.5,804300
2013-11-08,76.09880065917969,76.09880065917969,106.94000244140625,106.76000213623047,106.88999938964844,796600
2013-11-11,76.05606842041016,76.05606842041016,106.83000183105469,106.68000030517578,106.81999969482422,1281400
2013-11-12,76.0275650024414,76.0275650024414,106.79000091552734,106.66999816894531,106.70999908447266,1130600
2013-11-13,76.22702026367188,76.22702026367188,107.04000091552734,106.87000274658203,106.94000244140625,673300
2013-11-14,76.46214294433594,76.46214294433594,107.33000183105469,107.0999984741211,107.12000274658203,1437800
2013-11-15,76.48348999023438,76.48348999023438,107.38999938964844,107.27999877929688,107.37000274658203,1853400
2013-11-18,76.63311767578125,76.63311767578125,107.56999969482422,107.41999816894531,107.43000030517578,856100
2013-11-19,76.42654418945312,76.42654418945312,107.5,107.26000213623047,107.4800033569336,1703100
2013-11-20,76.2127914428711,76.2127914428711,107.45999908447266,106.94000244140625,107.33999633789062,984800
2013-11-21,76.29114532470703,76.29114532470703,107.11000061035156,106.80000305175781,106.91999816894531,1362900
2013-11-22,76.3980941772461,76.3980941772461,107.2699966430664,107.12000274658203,107.12999725341797,919400
2013-11-25,76.45499420166016,76.45499420166016,107.38999938964844,107.2300033569336,107.25,692300
2013-11-26,76.47639465332031,76.47639465332031,107.5199966430664,107.33000183105469,107.33999633789062,1625600
2013-11-27,76.51197814941406,76.51197814941406,107.4800033569336,107.20999908447266,107.44000244140625,932800
2013-11-29,76.54048919677734,76.54048919677734,107.48999786376953,107.20999908447266,107.30000305175781,956500
2013-12-02,76.24996948242188,76.24996948242188,107.12000274658203,106.83000183105469,107.0999984741211,1518700
2013-12-03,76.34276580810547,76.34276580810547,107.0199966430664,106.9000015258789,106.97000122070312,1478600
2013-12-04,76.14291381835938,76.14291381835938,106.7699966430664,106.58999633789062,106.61000061035156,1205300
2013-12-05,75.97879028320312,75.97879028320312,106.69999694824219,106.44999694824219,106.62000274658203,1882800
2013-12-06,76.10723876953125,76.10723876953125,106.70999908447266,106.4800033569336,106.52999877929688,2883600
2013-12-09,76.20004272460938,76.20004272460938,106.80999755859375,106.66000366210938,106.69999694824219,1379500
2013-12-10,76.32135772705078,76.32135772705078,107.06999969482422,106.88999938964844,107.05000305175781,2986900
2013-12-11,76.20004272460938,76.20004272460938,106.94999694824219,106.76000213623047,106.93000030517578,4010300
2013-12-12,76.08586120605469,76.08586120605469,106.72000122070312,106.56999969482422,106.72000122070312,2260000
2013-12-13,76.12154388427734,76.12154388427734,106.8499984741211,106.62000274658203,106.8499984741211,3461600
2013-12-16,76.17865753173828,76.17865753173828,106.91999816894531,106.66999816894531,106.91999816894531,804900
2013-12-17,76.30712127685547,76.30712127685547,106.95999908447266,106.7300033569336,106.7699966430664,1381500
2013-12-18,76.27143859863281,76.27143859863281,107.0999984741211,106.5,106.80000305175781,1446100
2013-12-19,76.14291381835938,76.14291381835938,106.75,106.47000122070312,106.58000183105469,2011400
2013-12-20,76.27143859863281,76.27143859863281,106.93000030517578,106.69000244140625,106.86000061035156,1378300
2013-12-23,76.23573303222656,76.23573303222656,106.97000122070312,106.7699966430664,106.86000061035156,1926700
2013-12-24,76.12869262695312,76.12869262695312,106.76000213623047,106.62999725341797,106.72000122070312,688500
2013-12-26,76.0857925415039,76.0857925415039,106.41999816894531,105.3499984741211,106.3499984741211,750800
2013-12-27,76.11432647705078,76.11432647705078,106.45999908447266,106.29000091552734,106.37999725341797,1320400
2013-12-30,76.18587493896484,76.18587493896484,106.58999633789062,106.44000244140625,106.51000213623047,1226500
2013-12-31,76.11432647705078,76.11432647705078,106.58000183105469,106.37000274658203,106.4800033569336,3280300
2014-01-02,76.16442108154297,76.16442108154297,106.56999969482422,106.43000030517578,106.44999694824219,1346600
2014-01-03,76.19303131103516,76.19303131103516,106.62999725341797,106.38999938964844,106.44999694824219,2293500
2014-01-06,76.29313659667969,76.29313659667969,106.68000030517578,106.52999877929688,106.52999877929688,4413900
2014-01-07,76.32891845703125,76.32891845703125,106.77999877929688,106.66999816894531,106.73999786376953,1255700
2014-01-08,76.10002136230469,76.10002136230469,106.62000274658203,106.4000015258789,106.56999969482422,1090800
2014-01-09,76.20735168457031,76.20735168457031,106.58000183105469,106.41999816894531,106.55999755859375,829400
2014-01-10,76.59349822998047,76.59349822998047,107.0999984741211,106.83999633789062,106.91999816894531,1484400
2014-01-13,76.6650619506836,76.6650619506836,107.30999755859375,107.13999938964844,107.1500015258789,1139500
2014-01-14,76.55060577392578,76.55060577392578,107.25,106.9800033569336,107.18000030517578,987500
2014-01-15,76.4862289428711,76.4862289428711,106.9800033569336,106.81999969482422,106.87999725341797,1664800
2014-01-16,76.6650619506836,76.6650619506836,107.20999908447266,107.06999969482422,107.12999725341797,3113700
2014-01-17,76.70082092285156,76.70082092285156,107.30000305175781,107.0999984741211,107.18000030517578,588700
2014-01-21,76.73654174804688,76.73654174804688,107.33999633789062,107.16999816894531,107.20999908447266,1777100
2014-01-22,76.57203674316406,76.57203674316406,107.23999786376953,107.0199966430664,107.11000061035156,892900
2014-01-23,76.77227020263672,76.77227020263672,107.5199966430664,107.26000213623047,107.2699966430664,1901200
2014-01-24,76.93679809570312,76.93679809570312,107.6500015258789,107.45999908447266,107.4800033569336,783200
2014-01-27,76.77227020263672,76.77227020263672,107.63999938964844,107.33999633789062,107.52999877929688,1335000
2014-01-28,76.90103149414062,76.90103149414062,107.55999755859375,107.38999938964844,107.45999908447266,1306400
2014-01-29,77.12989044189453,77.12989044189453,107.91999816894531,107.68000030517578,107.68000030517578,1116200
2014-01-30,77.14420318603516,77.14420318603516,107.87999725341797,107.70999908447266,107.76000213623047,3074400
2014-01-31,77.28722381591797,77.28722381591797,108.06999969482422,107.91000366210938,108.0,3195200
2014-02-03,77.54949188232422,77.54949188232422,108.2300033569336,107.70999908447266,107.77999877929688,1976100
2014-02-04,77.36321258544922,77.36321258544922,108.08000183105469,107.87999725341797,107.95999908447266,2289000
2014-02-05,77.16975402832031,77.16975402832031,107.91999816894531,107.69000244140625,107.87999725341797,1162000
2014-02-06,77.1338882446289,77.1338882446289,107.66999816894531,107.55000305175781,107.62000274658203,1127700
2014-02-07,77.25566101074219,77.25566101074219,107.9000015258789,107.6500015258789,107.68000030517578,611700
2014-02-10,77.33451080322266,77.33451080322266,107.97000122070312,107.80999755859375,107.86000061035156,1097200
2014-02-11,77.18407440185547,77.18407440185547,107.77999877929688,107.62999725341797,107.69999694824219,1493200
2014-02-12,77.05506134033203,77.05506134033203,107.61000061035156,107.44999694824219,107.58000183105469,714100
2014-02-13,77.2198715209961,77.2198715209961,107.81999969482422,107.69000244140625,107.75,777400
2014-02-14,77.2198715209961,77.2198715209961,107.77999877929688,107.66000366210938,107.75,708800
2014-02-18,77.27003479003906,77.27003479003906,107.94000244140625,107.73999786376953,107.76000213623047,940900
2014-02-19,77.21268463134766,77.21268463134766,108.05999755859375,107.7300033569336,107.97000122070312,902600
2014-02-20,77.16975402832031,77.16975402832031,107.76000213623047,107.56999969482422,107.70999908447266,894000
2014-02-21,77.24138641357422,77.24138641357422,107.80000305175781,107.61000061035156,107.62000274658203,395300
2014-02-24,77.16975402832031,77.16975402832031,107.80000305175781,107.68000030517578,107.80000305175781,838500
2014-02-25,77.37751770019531,77.37751770019531,108.0199966430664,107.8499984741211,107.8499984741211,542100
2014-02-26,77.54232025146484,77.54232025146484,108.22000122070312,108.0,108.04000091552734,617000
2014-02-27,77.62110900878906,77.62110900878906,108.37000274658203,108.2300033569336,108.25,628900
2014-02-28,77.578125,77.578125,108.31999969482422,108.12000274658203,108.23999786376953,1589500
2014-03-03,77.7790756225586,77.7790756225586,108.37999725341797,108.1500015258789,108.20999908447266,2533900
2014-03-04,77.49197387695312,77.49197387695312,108.25,107.91999816894531,108.25,953700
2014-03-05,77.53507232666016,77.53507232666016,108.0199966430664,107.80999755859375,107.83000183105469,2852300
2014-03-06,77.36276245117188,77.36276245117188,107.83000183105469,107.69000244140625,107.76000213623047,689200
2014-03-07,77.14738464355469,77.14738464355469,107.55999755859375,107.41999816894531,107.45999908447266,701700
2014-03-10,77.14738464355469,77.14738464355469,107.55999755859375,107.45999908447266,107.5,877800
2014-03-11,77.14022827148438,77.14022827148438,107.55999755859375,107.44000244140625,107.52999877929688,2060700
2014-03-12,77.31256866455078,77.31256866455078,107.72000122070312,107.5999984741211,107.66999816894531,943300
2014-03-13,77.51353454589844,77.51353454589844,108.05999755859375,107.55000305175781,107.56999969482422,660900
2014-03-14,77.47763061523438,77.47763061523438,108.16999816894531,107.93000030517578,108.12999725341797,741800
2014-03-17,77.43460083007812,77.43460083007812,107.9800033569336,107.83000183105469,107.91000366210938,590800
2014-03-18,77.52791595458984,77.52791595458984,108.0,107.8499984741211,107.87999725341797,568500
2014-03-19,77.18331909179688,77.18331909179688,107.9800033569336,107.41000366210938,107.9800033569336,702000
2014-03-20,77.12590789794922,77.12590789794922,107.52999877929688,107.38999938964844,107.44999694824219,1100600
2014-03-21,77.23355102539062,77.23355102539062,107.6500015258789,107.45999908447266,107.5199966430664,756600
2014-03-24,77.3484115600586,77.3484115600586,107.7699966430664,107.5,107.58000183105469,712800
2014-03-25,77.2694091796875,77.2694091796875,107.83000183105469,107.62999725341797,107.69000244140625,1377600
2014-03-26,77.51353454589844,77.51353454589844,107.9800033569336,107.72000122070312,107.75,593900
2014-03-27,77.5709457397461,77.5709457397461,108.08000183105469,107.8499984741211,107.87000274658203,1299200
2014-03-28,77.45610809326172,77.45610809326172,108.0999984741211,107.83999633789062,108.0999984741211,865600
2014-03-31,77.46326446533203,77.46326446533203,107.9800033569336,107.73999786376953,107.83000183105469,1452200
2014-04-01,77.3445816040039,77.3445816040039,107.66999816894531,107.54000091552734,107.66000366210938,760000
2014-04-02,77.21512603759766,77.21512603759766,107.48999786376953,107.33000183105469,107.3499984741211,1550700
2014-04-03,77.27271270751953,77.27271270751953,107.54000091552734,107.38999938964844,107.45999908447266,1126700
2014-04-04,77.51724243164062,77.51724243164062,107.8499984741211,107.6500015258789,107.66000366210938,1043600
2014-04-07,77.63231658935547,77.63231658935547,108.05999755859375,107.88999938964844,107.94000244140625,679500
2014-04-08,77.72577667236328,77.72577667236328,108.1500015258789,107.93000030517578,107.9800033569336,1435700
2014-04-09,77.73297882080078,77.73297882080078,108.20999908447266,107.93000030517578,108.0,1167100
2014-04-10,77.91278839111328,77.91278839111328,108.48999786376953,108.1500015258789,108.16999816894531,1033300
2014-04-11,77.98468017578125,77.98468017578125,108.58000183105469,108.41000366210938,108.58000183105469,1168700
2014-04-14,78.01348114013672,78.01348114013672,108.5,108.4000015258789,108.43000030517578,1002800
2014-04-15,78.02067565917969,78.02067565917969,108.62000274658203,108.38999938964844,108.44000244140625,1442100
2014-04-16,78.06382751464844,78.06382751464844,108.54000091552734,108.33999633789062,108.41000366210938,2245600
2014-04-17,77.81208038330078,77.81208038330078,108.52999877929688,108.0999984741211,108.52999877929688,1262900
2014-04-21,77.80487823486328,77.80487823486328,108.29000091552734,108.12999725341797,108.2699966430664,1018200
2014-04-22,77.79051971435547,77.79051971435547,108.16000366210938,108.05000305175781,108.0999984741211,1034800
2014-04-23,77.86965942382812,77.86965942382812,108.36000061035156,108.20999908447266,108.23999786376953,746000
2014-04-24,77.94151306152344,77.94151306152344,108.37000274658203,108.18000030517578,108.22000122070312,494000
2014-04-25,77.9559326171875,77.9559326171875,108.55000305175781,108.37999725341797,108.43000030517578,489700
2014-04-28,77.90559387207031,77.90559387207031,108.45999908447266,108.26000213623047,108.38999938964844,523300
2014-04-29,77.94151306152344,77.94151306152344,108.4000015258789,108.23999786376953,108.26000213623047,858600
2014-04-30,78.0997314453125,78.0997314453125,108.61000061035156,108.37999725341797,108.45999908447266,1313000
2014-05-01,78.2136001586914,78.2136001586914,108.69999694824219,108.37999725341797,108.37999725341797,1727500
2014-05-02,78.30726623535156,78.30726623535156,108.77999877929688,108.3499984741211,108.44999694824219,1075300
2014-05-05,78.27851867675781,78.27851867675781,108.73999786376953,108.55999755859375,108.72000122070312,1261100
2014-05-06,78.3361587524414,78.3361587524414,108.7300033569336,108.62000274658203,108.69000244140625,786800
2014-05-07,78.3361587524414,78.3361587524414,108.80000305175781,108.62000274658203,108.69999694824219,664900
2014-05-08,78.38653564453125,78.38653564453125,108.9000015258789,108.68000030517578,108.77999877929688,2023400
2014-05-09,78.314453125,78.314453125,108.81999969482422,108.66000366210938,108.75,812800
2014-05-12,78.2496566772461,78.2496566772461,108.6500015258789,108.54000091552734,108.63999938964844,472900
2014-05-13,78.37932586669922,78.37932586669922,108.80000305175781,108.72000122070312,108.76000213623047,577500
2014-05-14,78.60271453857422,78.60271453857422,109.1500015258789,108.91000366210938,108.91000366210938,1321600
2014-05-15,78.76844024658203,78.76844024658203,109.44999694824219,109.2300033569336,109.30000305175781,2408900
2014-05-16,78.68194580078125,78.68194580078125,109.3499984741211,109.16999816894531,109.22000122070312,558700
2014-05-19,78.65312194824219,78.65312194824219,109.38999938964844,109.1500015258789,109.33999633789062,945900
2014-05-20,78.68916320800781,78.68916320800781,109.30999755859375,109.16000366210938,109.16000366210938,1102200
2014-05-21,78.66033935546875,78.66033935546875,109.18000030517578,109.08000183105469,109.1500015258789,804400
2014-05-22,78.62435913085938,78.62435913085938,109.18000030517578,109.05999755859375,109.13999938964844,633900
2014-05-23,78.70356750488281,78.70356750488281,109.25,109.13999938964844,109.18000030517578,435500
2014-05-27,78.775634765625,78.775634765625,109.33000183105469,109.0999984741211,109.25,762600
2014-05-28,78.9917984008789,78.9917984008789,109.69000244140625,109.43000030517578,109.48999786376953,692300
2014-05-29,78.94854736328125,78.94854736328125,109.83000183105469,109.54000091552734,109.73999786376953,981400
2014-05-30,79.02061462402344,79.02061462402344,109.66999816894531,109.44999694824219,109.5199966430664,5554700
2014-06-02,78.7802505493164,78.7802505493164,109.36000061035156,109.08999633789062,109.29000091552734,2822900
2014-06-03,78.5708999633789,78.5708999633789,109.04000091552734,108.77999877929688,109.0199966430664,864600
2014-06-04,78.54203033447266,78.54203033447266,108.87999725341797,108.7300033569336,108.87999725341797,1445700
2014-06-05,78.64308166503906,78.64308166503906,108.9800033569336,108.7699966430664,108.81999969482422,643500
2014-06-06,78.59976959228516,78.59976959228516,109.12000274658203,108.87999725341797,109.0999984741211,839500
2014-06-09,78.52755737304688,78.52755737304688,108.87000274658203,108.76000213623047,108.83999633789062,1133400
2014-06-10,78.412109375,78.412109375,108.73999786376953,108.62000274658203,108.66000366210938,823300
2014-06-11,78.46983337402344,78.46983337402344,108.77999877929688,108.63999938964844,108.7300033569336,1171200
2014-06-12,78.62142181396484,78.62142181396484,109.0,108.68000030517578,108.73999786376953,1224200
2014-06-13,78.59976959228516,78.59976959228516,108.91000366210938,108.70999908447266,108.75,1040900
2014-06-16,78.55645751953125,78.55645751953125,108.95999908447266,108.80000305175781,108.87000274658203,1308900
2014-06-17,78.412109375,78.412109375,108.79000091552734,108.61000061035156,108.76000213623047,842300
2014-06-18,78.62142181396484,78.62142181396484,108.91000366210938,108.63999938964844,108.7300033569336,504400
2014-06-19,78.50590515136719,78.50590515136719,109.02999877929688,108.68000030517578,109.0,690000
2014-06-20,78.64308166503906,78.64308166503906,108.94000244140625,108.7300033569336,108.7300033569336,690600
2014-06-23,78.5708999633789,78.5708999633789,109.0199966430664,108.83999633789062,108.98999786376953,559700
2014-06-24,78.7080307006836,78.7080307006836,109.05000305175781,108.87999725341797,108.95999908447266,740800
2014-06-25,78.81636047363281,78.81636047363281,109.27999877929688,109.11000061035156,109.19999694824219,713700
2014-06-26,78.9679183959961,78.9679183959961,109.41000366210938,109.25,109.25,673700
2014-06-27,78.9679183959961,78.9679183959961,109.5,109.3499984741211,109.44999694824219,668200
2014-06-30,78.97513580322266,78.97513580322266,109.5,109.36000061035156,109.47000122070312,1046900
2014-07-01,78.8782958984375,78.8782958984375,109.18000030517578,109.05000305175781,109.11000061035156,1038500
2014-07-02,78.6033935546875,78.6033935546875,108.94000244140625,108.69000244140625,108.94000244140625,1381400
2014-07-03,78.55284118652344,78.55284118652344,108.66000366210938,108.47000122070312,108.55000305175781,634500
2014-07-07,78.57447814941406,78.57447814941406,108.75,108.62000274658203,108.68000030517578,1253300
2014-07-08,78.73365020751953,78.73365020751953,108.9800033569336,108.83999633789062,108.83999633789062,2024000
2014-07-09,78.79869079589844,78.79869079589844,109.04000091552734,108.77999877929688,108.87999725341797,785500
2014-07-10,78.8348617553711,78.8348617553711,109.19000244140625,109.01000213623047,109.18000030517578,791500
2014-07-11,78.94332122802734,78.94332122802734,109.2699966430664,109.13999938964844,109.16000366210938,606800
2014-07-14,78.8782958984375,78.8782958984375,109.12999725341797,109.0,109.11000061035156,710400
2014-07-15,78.77696990966797,78.77696990966797,109.16000366210938,108.9000015258789,108.98999786376953,660200
2014-07-16,78.842041015625,78.842041015625,109.05000305175781,108.95999908447266,109.01000213623047,725600
2014-07-17,79.07347106933594,79.07347106933594,109.37999725341797,109.12000274658203,109.22000122070312,1158400
2014-07-18,78.9866943359375,78.9866943359375,109.33000183105469,109.18000030517578,109.27999877929688,543600
2014-07-21,79.01563262939453,79.01563262939453,109.44999694824219,109.26000213623047,109.3499984741211,585700
2014-07-22,79.14581298828125,79.14581298828125,109.44999694824219,109.27999877929688,109.37999725341797,724700
2014-07-23,79.16029357910156,79.16029357910156,109.55000305175781,109.41000366210938,109.5,711800
2014-07-24,78.9144058227539,78.9144058227539,109.31999969482422,109.12000274658203,109.31999969482422,853400
2014-07-25,79.06623840332031,79.06623840332031,109.38999938964844,109.26000213623047,109.36000061035156,506200
2014-07-28,79.08073425292969,79.08073425292969,109.43000030517578,109.2699966430664,109.37000274658203,673000
2014-07-29,79.16029357910156,79.16029357910156,109.5199966430664,109.33999633789062,109.44999694824219,2977100
2014-07-30,78.8782958984375,78.8782958984375,109.29000091552734,109.0199966430664,109.25,1245000
2014-07-31,78.77696990966797,78.77696990966797,109.08999633789062,108.87999725341797,108.9000015258789,1066400
2014-08-01,79.07404327392578,79.07404327392578,109.19000244140625,108.76000213623047,108.88999938964844,1064400
2014-08-04,79.05955505371094,79.05955505371094,109.27999877929688,109.12000274658203,109.19999694824219,1496900
2014-08-05,79.05955505371094,79.05955505371094,109.19999694824219,108.94999694824219,109.12000274658203,1875100
2014-08-06,79.06681060791016,79.06681060791016,109.2699966430664,109.11000061035156,109.2699966430664,708800
2014-08-07,79.21894836425781,79.21894836425781,109.4000015258789,109.0999984741211,109.19000244140625,1246500
2014-08-08,79.24791717529297,79.24791717529297,109.62999725341797,109.3499984741211,109.47000122070312,1339200
2014-08-11,79.25521087646484,79.25521087646484,109.48999786376953,109.3499984741211,109.4000015258789,1632900
2014-08-12,79.21894836425781,79.21894836425781,109.44000244140625,109.30999755859375,109.44000244140625,876000
2014-08-13,79.37830352783203,79.37830352783203,109.56999969482422,109.38999938964844,109.44000244140625,3471700
2014-08-14,79.42181396484375,79.42181396484375,109.68000030517578,109.54000091552734,109.6500015258789,1072900
2014-08-15,79.61739349365234,79.61739349365234,110.12000274658203,109.5999984741211,109.69999694824219,2593200
2014-08-18,79.45083618164062,79.45083618164062,109.81999969482422,109.62000274658203,109.79000091552734,1424400
2014-08-19,79.34210205078125,79.34210205078125,109.80000305175781,109.48999786376953,109.76000213623047,1820700
2014-08-20,79.25521087646484,79.25521087646484,109.54000091552734,109.36000061035156,109.54000091552734,929500
2014-08-21,79.39283752441406,79.39283752441406,109.5999984741211,109.44999694824219,109.4800033569336,775600
2014-08-22,79.37830352783203,79.37830352783203,109.61000061035156,109.3499984741211,109.52999877929688,801900
2014-08-25,79.44353485107422,79.44353485107422,109.69000244140625,109.5199966430664,109.69000244140625,3473800
2014-08-26,79.45083618164062,79.45083618164062,109.7300033569336,109.61000061035156,109.7300033569336,543400
2014-08-27,79.55220794677734,79.55220794677734,109.8499984741211,109.69999694824219,109.7300033569336,866100
2014-08-28,79.71159362792969,79.71159362792969,110.05000305175781,109.88999938964844,109.95999908447266,1123700
2014-08-29,79.6826400756836,79.6826400756836,110.08999633789062,109.94000244140625,110.0,1473300
2014-09-02,79.43948364257812,79.43948364257812,109.62999725341797,109.44999694824219,109.55000305175781,1029300
2014-09-03,79.52655029296875,79.52655029296875,109.58000183105469,109.37000274658203,109.38999938964844,1311700
2014-09-04,79.42497253417969,79.42497253417969,109.54000091552734,109.30999755859375,109.44000244140625,1308900
2014-09-05,79.38143157958984,79.38143157958984,109.54000091552734,109.29000091552734,109.44000244140625,798500
2014-09-08,79.30159759521484,79.30159759521484,109.54000091552734,109.26000213623047,109.48999786376953,895300
2014-09-09,79.19269561767578,79.19269561767578,109.2300033569336,109.08999633789062,109.16999816894531,689500
2014-09-10,79.08385467529297,79.08385467529297,109.01000213623047,108.91000366210938,108.9800033569336,974400
2014-09-11,79.00399017333984,79.00399017333984,109.05999755859375,108.83000183105469,109.01000213623047,753500
2014-09-12,78.84431457519531,78.84431457519531,108.73999786376953,108.5999984741211,108.69000244140625,1327600
2014-09-15,78.829833984375,78.829833984375,108.76000213623047,108.58999633789062,108.7300033569336,1210800
2014-09-16,78.829833984375,78.829833984375,108.7699966430664,108.61000061035156,108.69999694824219,851000
2014-09-17,78.74270629882812,78.74270629882812,108.83999633789062,108.4800033569336,108.73999786376953,707200
2014-09-18,78.74996948242188,78.74996948242188,108.55000305175781,108.44999694824219,108.5,707600
2014-09-19,78.880615234375,78.880615234375,108.7300033569336,108.51000213623047,108.55999755859375,929900
2014-09-22,78.98951721191406,78.98951721191406,108.91000366210938,108.76000213623047,108.86000061035156,592400
2014-09-23,79.06205749511719,79.06205749511719,108.94999694824219,108.83000183105469,108.91000366210938,705200
2014-09-24,79.01127624511719,79.01127624511719,109.08000183105469,108.83999633789062,109.08000183105469,836700
2014-09-25,79.16370391845703,79.16370391845703,109.0999984741211,108.9800033569336,108.9800033569336,1161900
2014-09-26,79.15640258789062,79.15640258789062,109.08999633789062,108.87999725341797,109.05999755859375,1729500
2014-09-29,79.24356079101562,79.24356079101562,109.23999786376953,109.05999755859375,109.16000366210938,7243700
2014-09-30,79.19269561767578,79.19269561767578,109.27999877929688,109.08999633789062,109.19000244140625,2335400
2014-10-01,79.6355209350586,79.6355209350586,109.54000091552734,109.19999694824219,109.19999694824219,6605200
2014-10-02,79.50460052490234,79.50460052490234,109.62999725341797,109.3499984741211,109.55999755859375,4826800
2014-10-03,79.4682846069336,79.4682846069336,109.36000061035156,109.19999694824219,109.30999755859375,2928900
2014-10-06,79.54098510742188,79.54098510742188,109.55000305175781,109.30999755859375,109.4000015258789,2145800
2014-10-07,79.84632873535156,79.84632873535156,109.8499984741211,109.55999755859375,109.61000061035156,2328400
2014-10-08,80.07173156738281,80.07173156738281,110.13999938964844,109.68000030517578,109.9000015258789,2477900
2014-10-09,79.91180419921875,79.91180419921875,110.06999969482422,109.87000274658203,110.06999969482422,1502800
2014-10-10,79.96990966796875,79.96990966796875,110.02999877929688,109.87000274658203,109.95999908447266,1734400
2014-10-13,80.2026138305664,80.2026138305664,110.33999633789062,110.04000091552734,110.1500015258789,1098500
2014-10-14,80.38435363769531,80.38435363769531,110.58000183105469,110.27999877929688,110.5,3518500
2014-10-15,80.52978515625,80.52978515625,112.08000183105469,110.62999725341797,111.19999694824219,2275400
2014-10-16,80.46434020996094,80.46434020996094,111.1500015258789,110.54000091552734,111.0,1792900
2014-10-17,80.35526275634766,80.35526275634766,110.6500015258789,110.4000015258789,110.51000213623047,2065800
2014-10-20,80.44984436035156,80.44984436035156,110.7300033569336,110.56999969482422,110.69000244140625,1518300
2014-10-21,80.37710571289062,80.37710571289062,110.68000030517578,110.48999786376953,110.55000305175781,2625000
2014-10-22,80.33349609375,80.33349609375,110.54000091552734,110.4000015258789,110.5,3179200
2014-10-23,80.14442443847656,80.14442443847656,110.36000061035156,110.12999725341797,110.36000061035156,1863100
2014-10-24,80.17353057861328,80.17353057861328,110.3499984741211,110.1500015258789,110.2699966430664,1188900
2014-10-27,80.2026138305664,80.2026138305664,110.33000183105469,110.19000244140625,110.27999877929688,1073100
2014-10-28,80.07901000976562,80.07901000976562,110.25,110.0999984741211,110.20999908447266,1128600
2014-10-29,79.90451049804688,79.90451049804688,110.16000366210938,109.8499984741211,110.02999877929688,1591000
2014-10-30,80.0353775024414,80.0353775024414,110.19000244140625,110.02999877929688,110.05000305175781,2479500
2014-10-31,80.0353775024414,80.0353775024414,110.08000183105469,109.9000015258789,109.93000030517578,3145100
2014-11-03,79.88392639160156,79.88392639160156,109.8499984741211,109.55999755859375,109.83000183105469,2282400
2014-11-04,79.89115142822266,79.89115142822266,109.86000061035156,109.66999816894531,109.69999694824219,2346300
2014-11-05,79.92031860351562,79.92031860351562,109.73999786376953,109.58999633789062,109.6500015258789,2699600
2014-11-06,79.78192901611328,79.78192901611328,109.66999816894531,109.5,109.5199966430664,1391400
2014-11-07,80.05142974853516,80.05142974853516,109.91999816894531,109.5999984741211,109.61000061035156,1661400
2014-11-10,79.8620376586914,79.8620376586914,109.91000366210938,109.6500015258789,109.9000015258789,846900
2014-11-11,79.89849090576172,79.89849090576172,109.70999908447266,109.58999633789062,109.66000366210938,1138500
2014-11-12,79.90575408935547,79.90575408935547,109.87999725341797,109.66000366210938,109.73999786376953,1123700
2014-11-13,79.94217681884766,79.94217681884766,109.80000305175781,109.66000366210938,109.75,860800
2014-11-14,80.01496887207031,80.01496887207031,109.94000244140625,109.63999938964844,109.68000030517578,1073000
2014-11-17,79.92031860351562,79.92031860351562,109.95999908447266,109.72000122070312,109.95999908447266,1403000
2014-11-18,79.9931869506836,79.9931869506836,109.87999725341797,109.7699966430664,109.81999969482422,1318400
2014-11-19,79.80375671386719,79.80375671386719,109.83999633789062,109.55999755859375,109.68000030517578,1361800
2014-11-20,79.94941711425781,79.94941711425781,109.93000030517578,109.69000244140625,109.87000274658203,1155800
2014-11-21,80.04409790039062,80.04409790039062,109.95999908447266,109.83999633789062,109.91999816894531,1295000
2014-11-24,80.07324981689453,80.07324981689453,110.04000091552734,109.83999633789062,109.8499984741211,1355100
2014-11-25,80.2480239868164,80.2480239868164,110.22000122070312,109.95999908447266,109.95999908447266,3187700
2014-11-26,80.31358337402344,80.31358337402344,110.33999633789062,110.23999786376953,110.33000183105469,1205700
2014-11-28,80.56127166748047,80.56127166748047,110.62000274658203,110.4000015258789,110.43000030517578,2072800
2014-12-01,80.3801498413086,80.3801498413086,110.5999984741211,110.08000183105469,110.5999984741211,2811700
2014-12-02,80.21949005126953,80.21949005126953,109.98999786376953,109.80999755859375,109.98999786376953,1469400
2014-12-03,80.14649200439453,80.14649200439453,109.87000274658203,109.7300033569336,109.83000183105469,1998000
2014-12-04,80.38744354248047,80.38744354248047,110.11000061035156,109.77999877929688,109.8499984741211,3001700
2014-12-05,80.04424285888672,80.04424285888672,109.94000244140625,109.61000061035156,109.87000274658203,3477700
2014-12-08,80.2414321899414,80.2414321899414,110.0,109.55999755859375,109.80999755859375,984100
2014-12-09,80.36553192138672,80.36553192138672,110.2300033569336,109.94999694824219,110.13999938964844,1203000
2014-12-10,80.50431060791016,80.50431060791016,110.30999755859375,109.9800033569336,110.0,1208000
2014-12-11,80.4750747680664,80.4750747680664,110.2300033569336,110.0199966430664,110.1500015258789,1447700
2014-12-12,80.73063659667969,80.73063659667969,110.66000366210938,110.30999755859375,110.5,1714100
2014-12-15,80.51158905029297,80.51158905029297,110.54000091552734,110.25,110.37999725341797,2540700
2014-12-16,80.708740234375,80.708740234375,110.5999984741211,110.31999969482422,110.5999984741211,1411700
2014-12-17,80.60650634765625,80.60650634765625,110.68000030517578,110.27999877929688,110.5,2167500
2014-12-18,80.394775390625,80.394775390625,110.22000122070312,110.05999755859375,110.16999816894531,1865800
2014-12-19,80.52619934082031,80.52619934082031,110.37999725341797,110.08000183105469,110.08000183105469,1865000
2014-12-22,80.6502914428711,80.6502914428711,110.45999908447266,110.2699966430664,110.3499984741211,3827800
2014-12-23,80.27793884277344,80.27793884277344,110.38999938964844,109.9000015258789,110.30000305175781,2790800
2014-12-24,80.3650894165039,80.3650894165039,109.70999908447266,109.45999908447266,109.62999725341797,922100
2014-12-26,80.4017333984375,80.4017333984375,109.87000274658203,109.62000274658203,109.72000122070312,1124900
2014-12-29,80.57025146484375,80.57025146484375,110.05000305175781,109.83000183105469,109.94000244140625,2199200
2014-12-30,80.65819549560547,80.65819549560547,110.26000213623047,110.01000213623047,110.19999694824219,2069600
2014-12-31,80.68016815185547,80.68016815185547,110.26000213623047,110.0999984741211,110.13999938964844,2493900
2015-01-02,80.90729522705078,80.90729522705078,110.5,110.18000030517578,110.18000030517578,2090200
2015-01-05,81.08312225341797,81.08312225341797,110.76000213623047,110.4800033569336,110.55999755859375,3446200
2015-01-06,81.28823852539062,81.28823852539062,111.3499984741211,110.88999938964844,110.95999908447266,3688100
2015-01-07,81.27356719970703,81.27356719970703,111.04000091552734,110.73999786376953,111.0,3984400
2015-01-08,81.14905548095703,81.14905548095703,110.83999633789062,110.62999725341797,110.83999633789062,2212200
2015-01-09,81.34683227539062,81.34683227539062,111.13999938964844,110.7300033569336,110.88999938964844,1322600
2015-01-12,81.41283416748047,81.41283416748047,111.26000213623047,111.08000183105469,111.16000366210938,2185700
2015-01-13,81.43479919433594,81.43479919433594,111.33000183105469,111.02999877929688,111.1500015258789,5537000
2015-01-14,81.63264465332031,81.63264465332031,111.6500015258789,111.4000015258789,111.63999938964844,3043600
2015-01-15,82.00628662109375,82.00628662109375,111.94000244140625,111.48999786376953,111.48999786376953,2084000
2015-01-16,81.69120788574219,81.69120788574219,111.83000183105469,111.41999816894531,111.68000030517578,2744500
2015-01-20,81.8304443359375,81.8304443359375,111.83999633789062,111.55000305175781,111.75,2059400
2015-01-21,81.68389892578125,81.68389892578125,111.80999755859375,111.38999938964844,111.68000030517578,2020200
2015-01-22,81.63993072509766,81.63993072509766,111.72000122070312,111.29000091552734,111.72000122070312,2030400
2015-01-23,81.8450927734375,81.8450927734375,111.80999755859375,111.54000091552734,111.6500015258789,1535000
2015-01-26,81.80845642089844,81.80845642089844,111.79000091552734,111.44999694824219,111.79000091552734,2705200
2015-01-27,81.7645034790039,81.7645034790039,111.97000122070312,111.55000305175781,111.97000122070312,1635900
2015-01-28,82.10880279541016,82.10880279541016,112.22000122070312,111.66999816894531,111.69999694824219,1327800
2015-01-29,82.04290008544922,82.04290008544922,112.05999755859375,111.81999969482422,111.93000030517578,1752600
2015-01-30,82.33599090576172,82.33599090576172,112.5199966430664,112.23999786376953,112.3499984741211,6252800
2015-02-02,82.33300018310547,82.33300018310547,112.2300033569336,112.0,112.05999755859375,2792100
2015-02-03,82.01751708984375,82.01751708984375,112.0999984741211,111.76000213623047,112.0999984741211,1815400
2015-02-04,82.14224243164062,82.14224243164062,111.94999694824219,111.5,111.63999938964844,1953000
2015-02-05,81.97348022460938,81.97348022460938,111.8499984741211,111.56999969482422,111.79000091552734,2409600
2015-02-06,81.49644470214844,81.49644470214844,111.41000366210938,111.02999877929688,111.41000366210938,2531300
2015-02-09,81.48177337646484,81.48177337646484,111.30999755859375,111.04000091552734,111.30999755859375,1724900
2015-02-10,81.39375305175781,81.39375305175781,111.05999755859375,110.81999969482422,110.95999908447266,1272500
2015-02-11,81.35706329345703,81.35706329345703,110.98999786376953,110.73999786376953,110.87999725341797,1803400
2015-02-12,81.37173461914062,81.37173461914062,111.12000274658203,110.87000274658203,110.91000366210938,2123700
2015-02-13,81.2763671875,81.2763671875,110.97000122070312,110.70999908447266,110.94999694824219,1706200
2015-02-17,80.94607543945312,80.94607543945312,110.7300033569336,110.23999786376953,110.66999816894531,2043000
2015-02-18,81.17361450195312,81.17361450195312,110.75,110.30999755859375,110.38999938964844,1442400
2015-02-19,81.10752868652344,81.10752868652344,110.76000213623047,110.4800033569336,110.62000274658203,1443000
2015-02-20,81.12226867675781,81.12226867675781,110.87999725341797,110.37000274658203,110.68000030517578,2280700
2015-02-23,81.26899719238281,81.26899719238281,110.80999755859375,110.66000366210938,110.69000244140625,1688200
2015-02-24,81.62857055664062,81.62857055664062,111.2699966430664,110.55000305175781,110.73999786376953,1736700
2015-02-25,81.68726348876953,81.68726348876953,111.31999969482422,111.06999969482422,111.19999694824219,2319300
2015-02-26,81.39375305175781,81.39375305175781,111.27999877929688,110.86000061035156,111.20999908447266,1837300
2015-02-27,81.59918212890625,81.59918212890625,111.22000122070312,110.88999938964844,111.13999938964844,3816400
2015-03-02,81.18465423583984,81.18465423583984,110.98999786376953,110.44999694824219,110.98999786376953,7881900
2015-03-03,81.0817642211914,81.0817642211914,110.56999969482422,110.30999755859375,110.44000244140625,4228400
2015-03-04,81.12583923339844,81.12583923339844,110.51000213623047,110.27999877929688,110.44000244140625,1477100
2015-03-05,81.16256713867188,81.16256713867188,110.54000091552734,110.30000305175781,110.43000030517578,1053000
2015-03-06,80.63340759277344,80.63340759277344,110.08999633789062,109.5999984741211,110.08000183105469,1872900
2015-03-09,80.83916473388672,80.83916473388672,110.16999816894531,109.91000366210938,110.16999816894531,2724700
2015-03-10,81.03034973144531,81.03034973144531,110.36000061035156,110.1500015258789,110.2300033569336,1708100
2015-03-11,81.1920394897461,81.1920394897461,110.52999877929688,110.20999908447266,110.20999908447266,1171600
2015-03-12,81.25812530517578,81.25812530517578,110.72000122070312,110.41999816894531,110.69000244140625,1416600
2015-03-13,81.10382080078125,81.10382080078125,110.62999725341797,110.25,110.44000244140625,3235500
2015-03-16,81.28022766113281,81.28022766113281,110.66999816894531,110.41999816894531,110.62000274658203,1305800
2015-03-17,81.2655258178711,81.2655258178711,110.68000030517578,110.54000091552734,110.63999938964844,1423700
2015-03-18,81.86088562011719,81.86088562011719,111.38999938964844,110.58000183105469,110.79000091552734,1997800
2015-03-19,81.57422637939453,81.57422637939453,111.30000305175781,110.94000244140625,111.23999786376953,1929700
2015-03-20,81.82412719726562,81.82412719726562,111.33999633789062,111.18000030517578,111.2300033569336,3833600
2015-03-23,81.83885192871094,81.83885192871094,111.4000015258789,111.2300033569336,111.37000274658203,1120900
2015-03-24,82.05937194824219,82.05937194824219,111.66999816894531,111.37000274658203,111.4800033569336,2647300
2015-03-25,81.90499114990234,81.90499114990234,111.75,111.43000030517578,111.75,1612300
2015-03-26,81.61097717285156,81.61097717285156,111.36000061035156,111.0,111.30999755859375,1377600
2015-03-27,81.72858428955078,81.72858428955078,111.33999633789062,111.16000366210938,111.18000030517578,5610200
2015-03-30,81.76531219482422,81.76531219482422,111.33999633789062,111.16000366210938,111.33999633789062,1310700
2015-03-31,81.90499114990234,81.90499114990234,111.44999694824219,111.18000030517578,111.2699966430664,2958100
2015-04-01,82.1707992553711,82.1707992553711,111.62999725341797,111.30999755859375,111.41999816894531,1927300
2015-04-02,82.06035614013672,82.06035614013672,111.56999969482422,111.37999725341797,111.56999969482422,1761700
2015-04-06,82.11195373535156,82.11195373535156,111.77999877929688,111.37000274658203,111.77999877929688,1431000
2015-04-07,82.12667083740234,82.12667083740234,111.56999969482422,111.27999877929688,111.44999694824219,1415200
2015-04-08,82.134033203125,82.134033203125,111.58999633789062,111.36000061035156,111.55999755859375,903000
2015-04-09,81.9278335571289,81.9278335571289,111.55999755859375,111.16999816894531,111.55999755859375,1728500
2015-04-10,81.9278335571289,81.9278335571289,111.45999908447266,111.19999694824219,111.43000030517578,2055600
2015-04-13,82.01617431640625,82.01617431640625,111.37000274658203,111.25,111.25,951000
2015-04-14,82.10455322265625,82.10455322265625,111.79000091552734,111.48999786376953,111.69999694824219,1157400
2015-04-15,82.21504211425781,82.21504211425781,111.70999908447266,111.55000305175781,111.66000366210938,1296800
2015-04-16,82.1707992553711,82.1707992553711,111.69999694824219,111.4000015258789,111.69999694824219,1000800
2015-04-17,82.23712921142578,82.23712921142578,111.80000305175781,111.45999908447266,111.52999877929688,1274300
2015-04-20,82.1781997680664,82.1781997680664,111.7300033569336,111.47000122070312,111.66999816894531,1289400
2015-04-21,82.08985900878906,82.08985900878906,111.5999984741211,111.44000244140625,111.56999969482422,1522700
2015-04-22,81.84684753417969,81.84684753417969,111.44000244140625,111.0999984741211,111.44000244140625,916400
2015-04-23,81.97200012207031,81.97200012207031,111.41999816894531,111.13999938964844,111.1500015258789,1483900
2015-04-24,82.11195373535156,82.11195373535156,111.56999969482422,111.41000366210938,111.4800033569336,837700
2015-04-27,82.14140319824219,82.14140319824219,111.55999755859375,111.33999633789062,111.51000213623047,1595600
2015-04-28,81.82472229003906,81.82472229003906,111.44000244140625,111.11000061035156,111.33999633789062,1602000
2015-04-29,81.640625,81.640625,110.97000122070312,110.69999694824219,110.88999938964844,1313200
2015-04-30,81.640625,81.640625,110.91999816894531,110.51000213623047,110.69000244140625,3328600
2015-05-01,81.408935546875,81.408935546875,110.52999877929688,110.25,110.5199966430664,1357200
2015-05-04,81.25397491455078,81.25397491455078,110.47000122070312,110.12000274658203,110.41999816894531,1651900
2015-05-05,81.18021392822266,81.18021392822266,110.22000122070312,109.83999633789062,110.19000244140625,1481200
2015-05-06,80.90724182128906,80.90724182128906,109.97000122070312,109.61000061035156,109.94999694824219,1566000
2015-05-07,81.10646057128906,81.10646057128906,110.04000091552734,109.76000213623047,109.8499984741211,1986200
2015-05-08,81.37200164794922,81.37200164794922,110.43000030517578,110.20999908447266,110.36000061035156,1933600
2015-05-11,80.85558319091797,80.85558319091797,110.05999755859375,109.56999969482422,110.0199966430664,2984900
2015-05-12,80.84822082519531,80.84822082519531,109.76000213623047,109.37999725341797,109.5,1394900
2015-05-13,80.84082794189453,80.84082794189453,109.91999816894531,109.44999694824219,109.91000366210938,2441600
2015-05-14,80.96627044677734,80.96627044677734,109.79000091552734,109.58000183105469,109.6500015258789,1796900
2015-05-15,81.30564880371094,81.30564880371094,110.22000122070312,109.87999725341797,109.95999908447266,1047500
2015-05-18,80.99581146240234,80.99581146240234,110.01000213623047,109.76000213623047,109.93000030517578,863900
2015-05-19,80.71542358398438,80.71542358398438,109.70999908447266,109.38999938964844,109.45999908447266,1664400
2015-05-20,80.84082794189453,80.84082794189453,109.69000244140625,109.45999908447266,109.58000183105469,1584100
2015-05-21,81.09165954589844,81.09165954589844,109.93000030517578,109.6500015258789,109.6500015258789,2652600
2015-05-22,81.00316619873047,81.00316619873047,109.86000061035156,109.62000274658203,109.8499984741211,1087000
2015-05-26,81.20233154296875,81.20233154296875,110.0999984741211,109.75,109.80000305175781,2775000
2015-05-27,81.28353881835938,81.28353881835938,110.19000244140625,109.9000015258789,110.05999755859375,888700
2015-05-28,81.25397491455078,81.25397491455078,110.22000122070312,110.05000305175781,110.13999938964844,1298900
2015-05-29,81.28353881835938,81.28353881835938,110.30000305175781,110.08000183105469,110.18000030517578,2780300
2015-06-01,81.05883026123047,81.05883026123047,109.98999786376953,109.55999755859375,109.94999694824219,4327300
2015-06-02,80.74099731445312,80.74099731445312,109.44999694824219,109.16999816894531,109.43000030517578,1830400
2015-06-03,80.42311096191406,80.42311096191406,109.01000213623047,108.66999816894531,108.9800033569336,3413100
2015-06-04,80.59308624267578,80.59308624267578,109.16999816894531,108.88999938964844,108.88999938964844,1907900
2015-06-05,80.23831176757812,80.23831176757812,108.79000091552734,108.51000213623047,108.62999725341797,1619000
2015-06-08,80.35657501220703,80.35657501220703,108.80000305175781,108.66000366210938,108.76000213623047,1289700
2015-06-09,80.12743377685547,80.12743377685547,108.6500015258789,108.31999969482422,108.6500015258789,1206700
2015-06-10,79.92786407470703,79.92786407470703,108.30000305175781,108.04000091552734,108.23999786376953,1491200
2015-06-11,80.35657501220703,80.35657501220703,108.70999908447266,108.27999877929688,108.33000183105469,1539600
2015-06-12,80.2604751586914,80.2604751586914,108.9000015258789,108.5199966430664,108.68000030517578,1365900
2015-06-15,80.35657501220703,80.35657501220703,108.95999908447266,108.62999725341797,108.95999908447266,1666600
2015-06-16,80.48963165283203,80.48963165283203,108.88999938964844,108.68000030517578,108.83000183105469,1309900
2015-06-17,80.49703216552734,80.49703216552734,108.9000015258789,108.44000244140625,108.83999633789062,1895700
2015-06-18,80.47486877441406,80.47486877441406,108.87000274658203,108.62000274658203,108.80999755859375,2917400
2015-06-19,80.72620391845703,80.72620391845703,109.26000213623047,109.04000091552734,109.0999984741211,2048500
2015-06-22,80.3270034790039,80.3270034790039,109.0,108.63999938964844,108.94999694824219,1173800
2015-06-23,80.14221954345703,80.14221954345703,108.63999938964844,108.3499984741211,108.41000366210938,1339000
2015-06-24,80.26790618896484,80.26790618896484,108.68000030517578,108.44999694824219,108.55000305175781,1527800
2015-06-25,80.17919158935547,80.17919158935547,108.5999984741211,108.38999938964844,108.58000183105469,1222000
2015-06-26,79.98702239990234,79.98702239990234,108.30999755859375,108.11000061035156,108.29000091552734,1054900
2015-06-29,80.4600601196289,80.4600601196289,108.94000244140625,108.37999725341797,108.5999984741211,3278900
2015-06-30,80.40831756591797,80.40831756591797,109.0,108.61000061035156,108.72000122070312,2159500
2015-07-01,80.20539093017578,80.20539093017578,108.37999725341797,108.1500015258789,108.33000183105469,6010300
2015-07-02,80.31649780273438,80.31649780273438,108.5999984741211,108.43000030517578,108.4800033569336,994600
2015-07-06,80.60533905029297,80.60533905029297,108.98999786376953,108.62999725341797,108.87999725341797,1108000
2015-07-07,80.71641540527344,80.71641540527344,109.37999725341797,108.95999908447266,109.12000274658203,2502500
2015-07-08,80.90902709960938,80.90902709960938,109.36000061035156,109.02999877929688,109.16000366210938,2892900
2015-07-09,80.61275482177734,80.61275482177734,109.08999633789062,108.81999969482422,109.08999633789062,1932800
2015-07-10,80.27205657958984,80.27205657958984,108.58000183105469,108.27999877929688,108.47000122070312,2163700
2015-07-13,80.15353393554688,80.15353393554688,108.37000274658203,108.13999938964844,108.23999786376953,1938300
2015-07-14,80.28685760498047,80.28685760498047,108.5,108.31999969482422,108.43000030517578,1441400
2015-07-15,80.5016860961914,80.5016860961914,108.72000122070312,108.36000061035156,108.36000061035156,1781400
2015-07-16,80.56829833984375,80.56829833984375,108.79000091552734,108.5,108.54000091552734,1294800
2015-07-17,80.57569122314453,80.57569122314453,108.86000061035156,108.72000122070312,108.7300033569336,897600
2015-07-20,80.43500518798828,80.43500518798828,108.72000122070312,108.55000305175781,108.66999816894531,1245100
2015-07-21,80.56829833984375,80.56829833984375,108.8499984741211,108.51000213623047,108.54000091552734,1191500
2015-07-22,80.60533905029297,80.60533905029297,108.98999786376953,108.81999969482422,108.83000183105469,1100000
2015-07-23,80.8349380493164,80.8349380493164,109.1500015258789,108.80999755859375,108.83999633789062,1021400
2015-07-24,80.82008361816406,80.82008361816406,109.23999786376953,109.05999755859375,109.2300033569336,1192500
2015-07-27,80.923828125,80.923828125,109.3499984741211,109.20999908447266,109.25,2666000
2015-07-28,80.84234619140625,80.84234619140625,109.22000122070312,109.08999633789062,109.12999725341797,1873200
2015-07-29,80.77569580078125,80.77569580078125,109.12000274658203,108.94000244140625,109.08999633789062,2273500
2015-07-30,80.78311157226562,80.78311157226562,109.1500015258789,108.97000122070312,109.08000183105469,1959000
2015-07-31,81.10157775878906,81.10157775878906,109.51000213623047,109.3499984741211,109.44000244140625,2084300
2015-08-03,81.1854476928711,81.1854476928711,109.54000091552734,109.19000244140625,109.29000091552734,2563900
2015-08-04,80.94796752929688,80.94796752929688,109.43000030517578,109.06999969482422,109.3499984741211,1659900
2015-08-05,80.79952239990234,80.79952239990234,109.08000183105469,108.72000122070312,108.94000244140625,2346600
2015-08-06,80.8960189819336,80.8960189819336,109.0999984741211,108.9000015258789,108.93000030517578,1038100
2015-08-07,81.03701782226562,81.03701782226562,109.27999877929688,109.04000091552734,109.13999938964844,2154700
2015-08-10,80.93312072753906,80.93312072753906,109.16999816894531,108.8499984741211,109.1500015258789,1280200
2015-08-11,81.20030212402344,81.20030212402344,109.58000183105469,109.27999877929688,109.41999816894531,1537300
2015-08-12,81.14830780029297,81.14830780029297,109.70999908447266,109.3499984741211,109.55000305175781,1563900
2015-08-13,80.97760772705078,80.97760772705078,109.37000274658203,109.11000061035156,109.36000061035156,1571700
2015-08-14,80.94054412841797,80.94054412841797,109.23999786376953,109.0199966430664,109.12000274658203,1890500
2015-08-17,81.08155059814453,81.08155059814453,109.4000015258789,109.19999694824219,109.33000183105469,1387100
2015-08-18,80.93312072753906,80.93312072753906,109.23999786376953,109.04000091552734,109.19000244140625,785400
2015-08-19,81.1854476928711,81.1854476928711,109.4800033569336,108.95999908447266,109.04000091552734,2184900
2015-08-20,81.31160736083984,81.31160736083984,109.63999938964844,109.44999694824219,109.58000183105469,1075600
2015-08-21,81.45259094238281,81.45259094238281,109.87000274658203,109.56999969482422,109.68000030517578,2443400
2015-08-24,81.42292785644531,81.42292785644531,110.33999633789062,109.56999969482422,110.0,5440200
2015-08-25,81.22997283935547,81.22997283935547,109.69999694824219,109.12999725341797,109.69999694824219,4070000
2015-08-26,80.85149383544922,80.85149383544922,109.41000366210938,108.87999725341797,109.08000183105469,3994200
2015-08-27,80.96283721923828,80.96283721923828,109.19999694824219,108.93000030517578,108.94999694824219,4040500
2015-08-28,80.88858795166016,80.88858795166016,109.37000274658203,108.93000030517578,109.33999633789062,4774600
2015-08-31,80.82921600341797,80.82921600341797,109.37000274658203,108.9000015258789,109.27999877929688,4145600
2015-09-01,81.06864166259766,81.06864166259766,109.11000061035156,108.7699966430664,108.88999938964844,3386000
2015-09-02,80.96453857421875,80.96453857421875,109.05000305175781,108.80999755859375,108.91999816894531,3442000
2015-09-03,81.08353424072266,81.08353424072266,109.12000274658203,108.87000274658203,109.05999755859375,1935100
2015-09-04,81.2546157836914,81.2546157836914,109.33000183105469,109.0199966430664,109.19000244140625,1748100
2015-09-08,81.06126403808594,81.06126403808594,109.04000091552734,108.91000366210938,108.95999908447266,2130400
2015-09-09,81.0909652709961,81.0909652709961,109.08000183105469,108.69999694824219,108.77999877929688,2891400
2015-09-10,81.00173950195312,81.00173950195312,109.01000213623047,108.80999755859375,109.0,2564400
2015-09-11,81.0984115600586,81.0984115600586,109.16999816894531,109.01000213623047,109.05000305175781,2001600
2015-09-14,81.12074279785156,81.12074279785156,109.19999694824219,109.04000091552734,109.18000030517578,1543600
2015-09-15,80.75635528564453,80.75635528564453,109.0,108.5,109.0,1541200
2015-09-16,80.68943786621094,80.68943786621094,108.66000366210938,108.41000366210938,108.58999633789062,1810100
2015-09-17,81.195068359375,81.195068359375,109.19000244140625,108.4000015258789,108.4800033569336,1955400
2015-09-18,81.26199340820312,81.26199340820312,109.38999938964844,109.1500015258789,109.26000213623047,4510600
2015-09-21,81.04635620117188,81.04635620117188,109.16999816894531,108.87999725341797,109.16999816894531,2325800
2015-09-22,81.23967742919922,81.23967742919922,109.38999938964844,109.12000274658203,109.19000244140625,2044800
2015-09-23,81.1727523803711,81.1727523803711,109.29000091552734,109.0999984741211,109.29000091552734,1562100
2015-09-24,81.27687072753906,81.27687072753906,109.51000213623047,109.23999786376953,109.48999786376953,2700000
2015-09-25,81.1355972290039,81.1355972290039,109.2300033569336,109.02999877929688,109.16000366210938,1225500
2015-09-28,81.32893371582031,81.32893371582031,109.41000366210938,109.11000061035156,109.19000244140625,1884400
2015-09-29,81.45535278320312,81.45535278320312,109.5999984741211,109.37000274658203,109.44000244140625,1506800
2015-09-30,81.48506927490234,81.48506927490234,109.62999725341797,109.44000244140625,109.47000122070312,3121600
2015-10-01,81.5484390258789,81.5484390258789,109.6500015258789,109.44999694824219,109.4800033569336,4274900
2015-10-02,81.79427337646484,81.79427337646484,110.1500015258789,109.69999694824219,109.8499984741211,3553300
2015-10-05,81.48880004882812,81.48880004882812,109.68000030517578,109.37000274658203,109.62999725341797,4604500
2015-10-06,81.6899642944336,81.6899642944336,109.69000244140625,109.37000274658203,109.47000122070312,5013800
2015-10-07,81.63038635253906,81.63038635253906,109.68000030517578,109.4800033569336,109.55000305175781,1983200
2015-10-08,81.51862335205078,81.51862335205078,109.69999694824219,109.30000305175781,109.69999694824219,2038700
2015-10-09,81.45158386230469,81.45158386230469,109.47000122070312,109.23999786376953,109.31999969482422,3235500
2015-10-12,81.66016387939453,81.66016387939453,109.6500015258789,109.33000183105469,109.4800033569336,1268800
2015-10-13,81.66763305664062,81.66763305664062,109.75,109.48999786376953,109.75,1500200
2015-10-14,81.97310638427734,81.97310638427734,110.05000305175781,109.7300033569336,109.83000183105469,3912000
2015-10-15,81.861328125,81.861328125,110.05000305175781,109.79000091552734,109.93000030517578,2044800
2015-10-16,81.77937316894531,81.77937316894531,109.94000244140625,109.7699966430664,109.9000015258789,1630000
2015-10-19,81.861328125,81.861328125,109.9000015258789,109.6500015258789,109.77999877929688,1534900
2015-10-20,81.69744873046875,81.69744873046875,109.77999877929688,109.55000305175781,109.77999877929688,1805400
2015-10-21,81.89111328125,81.89111328125,109.94999694824219,109.7300033569336,109.7300033569336,1278200
2015-10-22,81.90603637695312,81.90603637695312,110.05000305175781,109.83000183105469,109.9000015258789,2276300
2015-10-23,81.76447296142578,81.76447296142578,109.79000091552734,109.69000244140625,109.79000091552734,2237400
2015-10-26,81.8017349243164,81.8017349243164,109.9000015258789,109.73999786376953,109.8499984741211,1541300
2015-10-27,81.92091369628906,81.92091369628906,110.02999877929688,109.87999725341797,110.02999877929688,2021900
2015-10-28,81.67505645751953,81.67505645751953,110.05000305175781,109.56999969482422,109.9800033569336,1661300
2015-10-29,81.32488250732422,81.32488250732422,109.41999816894531,109.12999725341797,109.33999633789062,2333200
2015-10-30,81.54096221923828,81.54096221923828,109.45999908447266,109.1500015258789,109.19000244140625,10577000
2015-11-02,81.38047790527344,81.38047790527344,109.19000244140625,108.9800033569336,109.08000183105469,8049400
2015-11-03,81.2311782836914,81.2311782836914,109.0,108.79000091552734,108.94999694824219,3033400
2015-11-04,81.2311782836914,81.2311782836914,108.98999786376953,108.70999908447266,108.91000366210938,3542500
2015-11-05,81.19384765625,81.19384765625,108.88999938964844,108.5999984741211,108.87000274658203,2185900
2015-11-06,80.80571746826172,80.80571746826172,108.38999938964844,108.19000244140625,108.36000061035156,1829500
2015-11-09,80.75341796875,80.75341796875,108.36000061035156,108.04000091552734,108.05999755859375,12843200
2015-11-10,80.9027099609375,80.9027099609375,108.4800033569336,108.19999694824219,108.29000091552734,5233200
2015-11-11,80.79822540283203,80.79822540283203,108.37000274658203,108.23999786376953,108.31999969482422,1603400
2015-11-12,80.87283325195312,80.87283325195312,108.44999694824219,108.20999908447266,108.3499984741211,3448700
2015-11-13,81.02963256835938,81.02963256835938,108.58999633789062,108.44999694824219,108.4800033569336,3784100
2015-11-16,81.09683990478516,81.09683990478516,108.69999694824219,108.55999755859375,108.62999725341797,3326000
2015-11-17,81.15658569335938,81.15658569335938,108.77999877929688,108.41999816894531,108.48999786376953,2461300
2015-11-18,81.09683990478516,81.09683990478516,108.70999908447266,108.54000091552734,108.6500015258789,1952100
2015-11-19,81.1341781616211,81.1341781616211,108.9000015258789,108.68000030517578,108.9000015258789,4232700
2015-11-20,81.08191680908203,81.08191680908203,108.81999969482422,108.5999984741211,108.7699966430664,2034400
2015-11-23,81.10427856445312,81.10427856445312,108.76000213623047,108.56999969482422,108.6500015258789,1976000
2015-11-24,81.17897033691406,81.17897033691406,108.80000305175781,108.66000366210938,108.75,1335300
2015-11-25,81.2162857055664,81.2162857055664,108.83999633789062,108.69000244140625,108.7699966430664,1169300
2015-11-27,81.19384765625,81.19384765625,108.87000274658203,108.7699966430664,108.8499984741211,946100
2015-11-30,81.22373962402344,81.22373962402344,108.87000274658203,108.7699966430664,108.83000183105469,2397000
2015-12-01,81.50833892822266,81.50833892822266,108.83999633789062,108.43000030517578,108.54000091552734,4260000
2015-12-02,81.4110107421875,81.4110107421875,108.77999877929688,108.61000061035156,108.7300033569336,2462800
2015-12-03,80.81178283691406,80.81178283691406,108.41000366210938,107.80999755859375,108.41000366210938,4634100
2015-12-04,81.07391357421875,81.07391357421875,108.30000305175781,108.0,108.05000305175781,2181300
2015-12-07,81.1937484741211,81.1937484741211,108.58000183105469,108.2300033569336,108.30000305175781,2143800
2015-12-08,81.22372436523438,81.22372436523438,108.5999984741211,108.37000274658203,108.58999633789062,2311800
2015-12-09,81.22372436523438,81.22372436523438,108.58000183105469,108.20999908447266,108.33999633789062,2791000
2015-12-10,81.20873260498047,81.20873260498047,108.51000213623047,108.36000061035156,108.51000213623047,2001500
2015-12-11,81.4110107421875,81.4110107421875,108.86000061035156,108.56999969482422,108.69999694824219,2321400
2015-12-14,81.02897644042969,81.02897644042969,108.58000183105469,108.16999816894531,108.52999877929688,3351900
2015-12-15,81.03646087646484,81.03646087646484,108.19000244140625,107.91000366210938,108.08000183105469,2955900
2015-12-16,80.89413452148438,80.89413452148438,108.2699966430664,107.93000030517578,108.12000274658203,2946800
2015-12-17,81.00651550292969,81.00651550292969,108.30000305175781,108.0199966430664,108.23999786376953,5407800
2015-12-18,81.17875671386719,81.17875671386719,108.45999908447266,108.25,108.3499984741211,4006400
2015-12-21,81.1039047241211,81.1039047241211,108.54000091552734,108.23999786376953,108.48999786376953,3233500
2015-12-22,81.04393768310547,81.04393768310547,108.27999877929688,108.12000274658203,108.2699966430664,4507600
2015-12-23,81.02897644042969,81.02897644042969,108.19000244140625,108.0,108.01000213623047,3599600
2015-12-24,81.06802368164062,81.06802368164062,108.05000305175781,107.91999816894531,107.94999694824219,1248800
2015-12-28,81.06802368164062,81.06802368164062,108.12999725341797,107.98999786376953,108.02999877929688,3736400
2015-12-29,80.8653564453125,80.8653564453125,107.9800033569336,107.62000274658203,107.91999816894531,3094500
2015-12-30,80.8503646850586,80.8503646850586,107.77999877929688,107.5999984741211,107.63999938964844,3731400
2015-12-31,81.06802368164062,81.06802368164062,108.02999877929688,107.81999969482422,107.87000274658203,3406100
2016-01-04,81.0379867553711,81.0379867553711,108.29000091552734,107.93000030517578,108.08999633789062,3691000
2016-01-05,81.07552337646484,81.07552337646484,108.12000274658203,107.87000274658203,107.87000274658203,2732900
2016-01-06,81.38324737548828,81.38324737548828,108.45999908447266,108.22000122070312,108.33999633789062,2915800
2016-01-07,81.375732421875,81.375732421875,108.47000122070312,108.20999908447266,108.4000015258789,2469000
2016-01-08,81.55587768554688,81.55587768554688,108.70999908447266,108.3499984741211,108.56999969482422,4016900
2016-01-11,81.32319641113281,81.32319641113281,108.58999633789062,108.33999633789062,108.38999938964844,2820200
2016-01-12,81.50334930419922,81.50334930419922,108.81999969482422,108.36000061035156,108.44000244140625,3318400
2016-01-13,81.69095611572266,81.69095611572266,108.93000030517578,108.55000305175781,108.5999984741211,3011500
2016-01-14,81.66095733642578,81.66095733642578,108.88999938964844,108.58000183105469,108.79000091552734,5322700
2016-01-15,81.75852966308594,81.75852966308594,109.12000274658203,108.83000183105469,109.08000183105469,3348900
2016-01-19,81.67598724365234,81.67598724365234,108.95999908447266,108.72000122070312,108.8499984741211,4209800
2016-01-20,81.74353790283203,81.74353790283203,109.18000030517578,108.87000274658203,109.0999984741211,4349900
2016-01-21,81.63093566894531,81.63093566894531,109.08000183105469,108.73999786376953,109.08000183105469,7256000
2016-01-22,81.69095611572266,81.69095611572266,108.8499984741211,108.58999633789062,108.72000122070312,3258700
2016-01-25,81.64594268798828,81.64594268798828,108.9800033569336,108.7699966430664,108.94999694824219,3285000
2016-01-26,81.75102996826172,81.75102996826172,109.0,108.7699966430664,108.9000015258789,2604100
2016-01-27,81.76600646972656,81.76600646972656,109.01000213623047,108.72000122070312,108.91000366210938,1645300
2016-01-28,81.83358001708984,81.83358001708984,109.0999984741211,108.81999969482422,108.98999786376953,2390600
2016-01-29,82.07376098632812,82.07376098632812,109.4800033569336,109.25,109.41000366210938,8633000
2016-02-01,81.97447204589844,81.97447204589844,109.25,108.83999633789062,109.0999984741211,4512300
2016-02-02,82.22270965576172,82.22270965576172,109.37999725341797,109.12999725341797,109.2300033569336,4835100
2016-02-03,82.21516418457031,82.21516418457031,109.63999938964844,109.19999694824219,109.26000213623047,3700300
2016-02-04,82.29790496826172,82.29790496826172,109.45999908447266,109.23999786376953,109.33999633789062,1880300
2016-02-05,82.22270965576172,82.22270965576172,109.44000244140625,109.1500015258789,109.23999786376953,2155500
2016-02-08,82.53857421875,82.53857421875,109.87000274658203,109.5,109.58999633789062,2818600
2016-02-09,82.53104400634766,82.53104400634766,109.93000030517578,109.66000366210938,109.91999816894531,3023800
2016-02-10,82.73412322998047,82.73412322998047,110.0,109.5999984741211,109.81999969482422,2319000
2016-02-11,82.78680419921875,82.78680419921875,110.5,110.01000213623047,110.41000366210938,2928000
2016-02-12,82.56111145019531,82.56111145019531,109.95999908447266,109.55000305175781,109.91999816894531,2968800
2016-02-16,82.35811614990234,82.35811614990234,109.61000061035156,109.43000030517578,109.54000091552734,2356200
2016-02-17,82.31294250488281,82.31294250488281,109.45999908447266,109.22000122070312,109.43000030517578,2446600
2016-02-18,82.56111145019531,82.56111145019531,109.80999755859375,109.44999694824219,109.5,2844400
2016-02-19,82.576171875,82.576171875,109.8499984741211,109.63999938964844,109.80000305175781,2278800
2016-02-22,82.59874725341797,82.59874725341797,109.87999725341797,109.72000122070312,109.7699966430664,2421800
2016-02-23,82.61381530761719,82.61381530761719,110.0,109.5199966430664,109.62999725341797,2337800
2016-02-24,82.6438980102539,82.6438980102539,110.31999969482422,109.83999633789062,110.12000274658203,2473200
2016-02-25,82.85446166992188,82.85446166992188,110.30999755859375,110.0,110.08999633789062,2335700
2016-02-26,82.70405578613281,82.70405578613281,109.97000122070312,109.80000305175781,109.9000015258789,2068100
2016-02-29,82.80177307128906,82.80177307128906,110.0999984741211,109.91000366210938,109.94000244140625,3694200
2016-03-01,82.5538330078125,82.5538330078125,110.05000305175781,109.4000015258789,109.93000030517578,3984500
2016-03-02,82.46344757080078,82.46344757080078,109.4800033569336,109.31999969482422,109.44999694824219,2624500
2016-03-03,82.56141662597656,82.56141662597656,109.61000061035156,109.37000274658203,109.47000122070312,3632800
2016-03-04,82.4332504272461,82.4332504272461,109.58000183105469,109.27999877929688,109.5,4461100
2016-03-07,82.41068267822266,82.41068267822266,109.38999938964844,109.20999908447266,109.38999938964844,2823200
2016-03-08,82.61412811279297,82.61412811279297,109.83000183105469,109.55999755859375,109.7300033569336,1984400
2016-03-09,82.57649230957031,82.57649230957031,109.66000366210938,109.44999694824219,109.55999755859375,1468700
2016-03-10,82.61412811279297,82.61412811279297,109.73999786376953,109.37999725341797,109.6500015258789,2828700
2016-03-11,82.46344757080078,82.46344757080078,109.70999908447266,109.38999938964844,109.6500015258789,2065000
2016-03-14,82.50865936279297,82.50865936279297,109.5999984741211,109.44999694824219,109.48999786376953,2186900
2016-03-15,82.4332504272461,82.4332504272461,109.69999694824219,109.37999725341797,109.68000030517578,1746100
2016-03-16,82.78746032714844,82.78746032714844,109.86000061035156,109.29000091552734,109.38999938964844,1888200
2016-03-17,82.96085357666016,82.96085357666016,110.12999725341797,109.9000015258789,109.94999694824219,4116500
2016-03-18,83.02864837646484,83.02864837646484,110.29000091552734,110.12000274658203,110.19000244140625,1909600
2016-03-21,82.84777069091797,82.84777069091797,110.12999725341797,109.91000366210938,110.05999755859375,2152300
2016-03-22,82.7950210571289,82.7950210571289,110.2699966430664,109.83000183105469,110.2699966430664,2023000
2016-03-23,82.9759292602539,82.9759292602539,110.13999938964844,109.86000061035156,109.95999908447266,2885000
2016-03-24,82.98344421386719,82.98344421386719,110.29000091552734,110.02999877929688,110.29000091552734,2846400
2016-03-28,83.0437240600586,83.0437240600586,110.30000305175781,110.08000183105469,110.1500015258789,2918100
2016-03-29,83.29241943359375,83.29241943359375,110.56999969482422,110.20999908447266,110.3499984741211,1885900
2016-03-30,83.26227569580078,83.26227569580078,110.55999755859375,110.30999755859375,110.48999786376953,2764500
2016-03-31,83.52603912353516,83.52603912353516,110.8499984741211,110.5199966430664,110.5199966430664,7003600
2016-04-01,83.45205688476562,83.45205688476562,110.66000366210938,110.3499984741211,110.52999877929688,5374200
2016-04-04,83.53516387939453,83.53516387939453,110.66999816894531,110.51000213623047,110.5999984741211,3176200
2016-04-05,83.64839172363281,83.64839172363281,110.9800033569336,110.70999908447266,110.94999694824219,2954100
2016-04-06,83.63331604003906,83.63331604003906,110.80000305175781,110.62000274658203,110.80000305175781,2027400
2016-04-07,83.81454467773438,83.81454467773438,111.05000305175781,110.7699966430664,110.9800033569336,1876100
2016-04-08,83.73148345947266,83.73148345947266,111.0,110.80999755859375,111.0,2318300
2016-04-11,83.79191589355469,83.79191589355469,110.95999908447266,110.76000213623047,110.87000274658203,1718400
2016-04-12,83.65596771240234,83.65596771240234,110.86000061035156,110.6500015258789,110.8499984741211,1984500
2016-04-13,83.69367980957031,83.69367980957031,110.91999816894531,110.68000030517578,110.73999786376953,1769000
2016-04-14,83.55023193359375,83.55023193359375,110.80999755859375,110.63999938964844,110.76000213623047,3596400
2016-04-15,83.78433990478516,83.78433990478516,110.9800033569336,110.75,110.80000305175781,1579500
2016-04-18,83.77678680419922,83.77678680419922,110.94999694824219,110.79000091552734,110.91000366210938,2146600
2016-04-19,83.76924896240234,83.76924896240234,111.0,110.7699966430664,110.94000244140625,2019200
2016-04-20,83.56536865234375,83.56536865234375,111.02999877929688,110.5999984741211,111.0199966430664,2376000
2016-04-21,83.45205688476562,83.45205688476562,110.62000274658203,110.44999694824219,110.5199966430664,2692800
2016-04-22,83.4595718383789,83.4595718383789,110.72000122070312,110.5199966430664,110.6500015258789,3795600
2016-04-25,83.36902618408203,83.36902618408203,110.58999633789062,110.38999938964844,110.5199966430664,3118800
2016-04-26,83.33123016357422,83.33123016357422,110.4800033569336,110.2300033569336,110.4800033569336,2326100
2016-04-27,83.58040618896484,83.58040618896484,110.69000244140625,110.33000183105469,110.52999877929688,2337100
2016-04-28,83.74661254882812,83.74661254882812,110.94999694824219,110.58999633789062,110.68000030517578,9405200
2016-04-29,83.73896789550781,83.73896789550781,110.93000030517578,110.75,110.81999969482422,5112900
2016-05-02,83.68224334716797,83.68224334716797,110.73999786376953,110.5199966430664,110.73999786376953,3553900
2016-05-03,83.83356475830078,83.83356475830078,110.94999694824219,110.75,110.88999938964844,3044900
2016-05-04,83.87142944335938,83.87142944335938,110.93000030517578,110.76000213623047,110.91000366210938,2920200
2016-05-05,84.08323669433594,84.08323669433594,111.16000366210938,110.80000305175781,110.91999816894531,3008100
2016-05-06,83.95465850830078,83.95465850830078,111.12000274658203,110.97000122070312,111.12000274658203,2718500
2016-05-09,84.00762939453125,84.00762939453125,111.13999938964844,111.01000213623047,111.11000061035156,2173500
2016-05-10,84.04542541503906,84.04542541503906,111.0999984741211,110.98999786376953,111.05999755859375,2103800
2016-05-11,84.04542541503906,84.04542541503906,111.26000213623047,111.0199966430664,111.05999755859375,2507000
2016-05-12,83.96976470947266,83.96976470947266,111.0999984741211,110.91999816894531,110.91999816894531,1938800
2016-05-13,84.12865447998047,84.12865447998047,111.2300033569336,111.02999877929688,111.08000183105469,1511400
2016-05-16,83.98489379882812,83.98489379882812,111.19000244140625,110.9800033569336,111.19000244140625,3134400
2016-05-17,83.87142944335938,83.87142944335938,111.05000305175781,110.86000061035156,111.02999877929688,1769700
2016-05-18,83.52337646484375,83.52337646484375,110.80000305175781,110.31999969482422,110.77999877929688,1900800
2016-05-19,83.57636260986328,83.57636260986328,110.55999755859375,110.4000015258789,110.47000122070312,3461900
2016-05-20,83.62933349609375,83.62933349609375,110.62000274658203,110.44000244140625,110.54000091552734,2655700
2016-05-23,83.61417388916016,83.61417388916016,110.5999984741211,110.43000030517578,110.54000091552734,2244300
2016-05-24,83.56879425048828,83.56879425048828,110.55999755859375,110.33999633789062,110.55999755859375,1759800
2016-05-25,83.58389282226562,83.58389282226562,110.55000305175781,110.38999938964844,110.54000091552734,2735700
2016-05-26,83.71256256103516,83.71256256103516,110.7300033569336,110.55999755859375,110.63999938964844,1614800
2016-05-27,83.69739532470703,83.69739532470703,110.69999694824219,110.4800033569336,110.68000030517578,2164800
2016-05-31,83.75041961669922,83.75041961669922,110.76000213623047,110.36000061035156,110.41000366210938,3368800
2016-06-01,83.7033462524414,83.7033462524414,110.6500015258789,110.41000366210938,110.58999633789062,2941300
2016-06-02,83.9156723022461,83.9156723022461,110.73999786376953,110.55999755859375,110.55999755859375,2013900
2016-06-03,84.37042236328125,84.37042236328125,111.30000305175781,111.12000274658203,111.1500015258789,2210500
2016-06-06,84.25672149658203,84.25672149658203,111.2300033569336,111.06999969482422,111.16999816894531,3278900
2016-06-07,84.33255767822266,84.33255767822266,111.30999755859375,111.19999694824219,111.23999786376953,2157100
2016-06-08,84.36286926269531,84.36286926269531,111.33999633789062,111.22000122070312,111.30000305175781,2148000
2016-06-09,84.42351531982422,84.42351531982422,111.5,111.36000061035156,111.5,1543600
2016-06-10,84.53726196289062,84.53726196289062,111.66000366210938,111.44999694824219,111.54000091552734,1368300
2016-06-13,84.60543060302734,84.60543060302734,111.66999816894531,111.52999877929688,111.56999969482422,1661400
2016-06-14,84.56751251220703,84.56751251220703,111.7300033569336,111.55000305175781,111.68000030517578,1871500
2016-06-15,84.74947357177734,84.74947357177734,111.93000030517578,111.63999938964844,111.66999816894531,1732100
2016-06-16,84.80255889892578,84.80255889892578,112.06999969482422,111.77999877929688,111.91999816894531,2533000
2016-06-17,84.74190521240234,84.74190521240234,111.87000274658203,111.66000366210938,111.86000061035156,2730900
2016-06-20,84.50688934326172,84.50688934326172,111.58000183105469,111.44999694824219,111.56999969482422,2043800
2016-06-21,84.44627380371094,84.44627380371094,111.56999969482422,111.3499984741211,111.55000305175781,1882500
2016-06-22,84.49932861328125,84.49932861328125,111.51000213623047,111.3499984741211,111.44000244140625,1734300
2016-06-23,84.3552474975586,84.3552474975586,111.43000030517578,111.25,111.33000183105469,1721100
2016-06-24,84.81008911132812,84.81008911132812,112.1500015258789,111.79000091552734,112.11000061035156,4081200
2016-06-27,85.15122985839844,85.15122985839844,112.48999786376953,112.30999755859375,112.33000183105469,3018800
2016-06-28,85.25736236572266,85.25736236572266,112.54000091552734,112.37000274658203,112.54000091552734,2951700
2016-06-29,85.19670104980469,85.19670104980469,112.5999984741211,112.33999633789062,112.52999877929688,2745800
2016-06-30,85.37104797363281,85.37104797363281,112.69000244140625,112.4000015258789,112.51000213623047,4154300
2016-07-01,85.55486297607422,85.55486297607422,112.7699966430664,112.5199966430664,112.72000122070312,5235200
2016-07-05,85.78268432617188,85.78268432617188,113.12000274658203,112.87000274658203,113.02999877929688,4740000
2016-07-06,85.94216918945312,85.94216918945312,113.16999816894531,112.94000244140625,113.08999633789062,3150500
2016-07-07,85.88145446777344,85.88145446777344,113.16999816894531,112.91999816894531,113.0,3122200
2016-07-08,86.01055908203125,86.01055908203125,113.2699966430664,113.0,113.08000183105469,2910500
2016-07-11,85.78268432617188,85.78268432617188,113.23999786376953,112.93000030517578,113.19000244140625,4424000
2016-07-12,85.52448272705078,85.52448272705078,112.80999755859375,112.48999786376953,112.80999755859375,1970600
2016-07-13,85.64595031738281,85.64595031738281,112.87999725341797,112.73999786376953,112.81999969482422,2363300
2016-07-14,85.56999969482422,85.56999969482422,112.69999694824219,112.5,112.51000213623047,3345200
2016-07-15,85.25869750976562,85.25869750976562,112.58000183105469,112.22000122070312,112.58000183105469,3612200
2016-07-18,85.27386474609375,85.27386474609375,112.48999786376953,112.19999694824219,112.48999786376953,1547300
2016-07-19,85.44853973388672,85.44853973388672,112.5199966430664,112.37000274658203,112.4800033569336,1786900
2016-07-20,85.37261199951172,85.37261199951172,112.44000244140625,112.30000305175781,112.41999816894531,1808800
2016-07-21,85.44853973388672,85.44853973388672,112.54000091552734,112.19999694824219,112.2699966430664,3043500
2016-07-22,85.46369171142578,85.46369171142578,112.61000061035156,112.3499984741211,112.37999725341797,2315900
2016-07-25,85.36497497558594,85.36497497558594,112.58000183105469,112.4000015258789,112.58000183105469,1680800
2016-07-26,85.36497497558594,85.36497497558594,112.58000183105469,112.30999755859375,112.58000183105469,3540000
2016-07-27,85.61563110351562,85.61563110351562,112.73999786376953,112.44000244140625,112.5199966430664,3047200
2016-07-28,85.60802459716797,85.60802459716797,112.76000213623047,112.55999755859375,112.63999938964844,2640600
2016-07-29,85.83585357666016,85.83585357666016,113.02999877929688,112.76000213623047,112.87999725341797,3671000
2016-08-01,85.6357650756836,85.6357650756836,112.68000030517578,112.47000122070312,112.5,3149300
2016-08-02,85.38465118408203,85.38465118408203,112.45999908447266,112.19000244140625,112.36000061035156,3643900
2016-08-03,85.47595977783203,85.47595977783203,112.36000061035156,112.0999984741211,112.30999755859375,3777800
2016-08-04,85.6357650756836,85.6357650756836,112.66000366210938,112.5,112.54000091552734,2002800
2016-08-05,85.34657287597656,85.34657287597656,112.54000091552734,112.13999938964844,112.54000091552734,2474600
2016-08-08,85.39986419677734,85.39986419677734,112.31999969482422,112.02999877929688,112.16000366210938,2604000
2016-08-09,85.62049102783203,85.62049102783203,112.54000091552734,112.30000305175781,112.4000015258789,2981100
2016-08-10,85.71943664550781,85.71943664550781,112.7300033569336,112.54000091552734,112.61000061035156,3185800
2016-08-11,85.49116516113281,85.49116516113281,112.7300033569336,112.30999755859375,112.7300033569336,1807200
2016-08-12,85.69657897949219,85.69657897949219,112.83000183105469,112.62999725341797,112.72000122070312,1889600
2016-08-15,85.54441833496094,85.54441833496094,112.62000274658203,112.41999816894531,112.56999969482422,1950500
2016-08-16,85.49116516113281,85.49116516113281,112.5199966430664,112.36000061035156,112.48999786376953,6250200
2016-08-17,85.65095520019531,85.65095520019531,112.66000366210938,112.36000061035156,112.44999694824219,5210700
2016-08-18,85.7727279663086,85.7727279663086,112.77999877929688,112.54000091552734,112.63999938964844,1962900
2016-08-19,85.58251190185547,85.58251190185547,112.62000274658203,112.38999938964844,112.52999877929688,3287600
2016-08-22,85.71185302734375,85.71185302734375,112.73999786376953,112.55999755859375,112.66000366210938,1808500
2016-08-23,85.73468017578125,85.73468017578125,112.83000183105469,112.62999725341797,112.77999877929688,2583000
2016-08-24,85.70421600341797,85.70421600341797,112.80000305175781,112.62999725341797,112.79000091552734,2312800
2016-08-25,85.6129379272461,85.6129379272461,112.66999816894531,112.5199966430664,112.55000305175781,1613500
2016-08-26,85.47595977783203,85.47595977783203,112.86000061035156,112.27999877929688,112.69000244140625,2513700
2016-08-29,85.71185302734375,85.71185302734375,112.68000030517578,112.45999908447266,112.55000305175781,2156400
2016-08-30,85.66618347167969,85.66618347167969,112.70999908447266,112.55000305175781,112.70999908447266,1712300
2016-08-31,85.65095520019531,85.65095520019531,112.70999908447266,112.51000213623047,112.63999938964844,3025000
2016-09-01,85.72566986083984,85.72566986083984,112.5,112.05000305175781,112.0999984741211,3777100
2016-09-02,85.6113052368164,85.6113052368164,112.44000244140625,112.18000030517578,112.44000244140625,1730900
2016-09-06,85.7943115234375,85.7943115234375,112.68000030517578,112.29000091552734,112.36000061035156,3745800
2016-09-07,85.83999633789062,85.83999633789062,112.76000213623047,112.58999633789062,112.76000213623047,1839600
2016-09-08,85.542724609375,85.542724609375,112.55999755859375,112.13999938964844,112.5,2605500
2016-09-09,85.16921997070312,85.16921997070312,111.98999786376953,111.7300033569336,111.95999908447266,2763900
2016-09-12,85.23779296875,85.23779296875,111.88999938964844,111.6500015258789,111.76000213623047,2358200
2016-09-13,85.00153350830078,85.00153350830078,111.93000030517578,111.33999633789062,111.93000030517578,3005400
2016-09-14,85.10821533203125,85.10821533203125,111.75,111.47000122070312,111.47000122070312,2089700
2016-09-15,85.16159057617188,85.16159057617188,111.76000213623047,111.48999786376953,111.5999984741211,2253800
2016-09-16,85.22257995605469,85.22257995605469,111.87000274658203,111.69999694824219,111.75,1701000
2016-09-19,85.15399169921875,85.15399169921875,111.8499984741211,111.69000244140625,111.7300033569336,2026900
2016-09-20,85.18443298339844,85.18443298339844,111.94000244140625,111.73999786376953,111.9000015258789,2078500
2016-09-21,85.3979263305664,85.3979263305664,112.02999877929688,111.6500015258789,111.69000244140625,1899500
2016-09-22,85.57323455810547,85.57323455810547,112.3499984741211,112.0999984741211,112.0999984741211,2017200
2016-09-23,85.55034637451172,85.55034637451172,112.3499984741211,112.20999908447266,112.30999755859375,3415700
2016-09-26,85.65707397460938,85.65707397460938,112.44999694824219,112.27999877929688,112.27999877929688,2326900
2016-09-27,85.7637939453125,85.7637939453125,112.61000061035156,112.41000366210938,112.56999969482422,2881300
2016-09-28,85.78666687011719,85.78666687011719,112.61000061035156,112.47000122070312,112.58000183105469,2853900
2016-09-29,85.78666687011719,85.78666687011719,112.63999938964844,112.37000274658203,112.41000366210938,1668000
2016-09-30,85.69520568847656,85.69520568847656,112.6500015258789,112.2699966430664,112.56999969482422,3679800
2016-10-03,85.59819030761719,85.59819030761719,112.25,112.06999969482422,112.20999908447266,9372900
2016-10-04,85.30796813964844,85.30796813964844,112.08999633789062,111.69999694824219,112.08999633789062,5022400
2016-10-05,85.19343566894531,85.19343566894531,111.73999786376953,111.51000213623047,111.69000244140625,3368700
2016-10-06,85.19343566894531,85.19343566894531,111.66999816894531,111.44999694824219,111.56999969482422,2059400
2016-10-07,85.20874786376953,85.20874786376953,111.66999816894531,111.41000366210938,111.63999938964844,1867600
2016-10-10,85.17053985595703,85.17053985595703,111.58000183105469,111.38999938964844,111.58000183105469,1295400
2016-10-11,85.04071807861328,85.04071807861328,111.54000091552734,111.3499984741211,111.48999786376953,2753300
2016-10-12,85.07127380371094,85.07127380371094,111.43000030517578,111.26000213623047,111.38999938964844,1668500
2016-10-13,85.19343566894531,85.19343566894531,111.68000030517578,111.52999877929688,111.5999984741211,1964600
2016-10-14,85.04835510253906,85.04835510253906,111.61000061035156,111.33000183105469,111.47000122070312,2471500
2016-10-17,85.19343566894531,85.19343566894531,111.61000061035156,111.38999938964844,111.44999694824219,1556800
2016-10-18,85.33094024658203,85.33094024658203,111.73999786376953,111.47000122070312,111.54000091552734,1582900
2016-10-19,85.37675476074219,85.37675476074219,111.83000183105469,111.63999938964844,111.68000030517578,1550000
2016-10-20,85.34614562988281,85.34614562988281,111.9000015258789,111.7300033569336,111.83999633789062,1420800
2016-10-21,85.39965057373047,85.39965057373047,111.9000015258789,111.69000244140625,111.80000305175781,1776900
2016-10-24,85.26982116699219,85.26982116699219,111.83000183105469,111.5999984741211,111.80999755859375,1385600
2016-10-25,85.26982116699219,85.26982116699219,111.80000305175781,111.58000183105469,111.58000183105469,2344400
2016-10-26,85.10182189941406,85.10182189941406,111.56999969482422,111.43000030517578,111.56999969482422,2684000
2016-10-27,84.88798522949219,84.88798522949219,111.27999877929688,111.04000091552734,111.27999877929688,2330700
2016-10-28,84.88798522949219,84.88798522949219,111.26000213623047,111.08000183105469,111.11000061035156,1713800
2016-10-31,84.99491119384766,84.99491119384766,111.33000183105469,111.20999908447266,111.30000305175781,3260300
2016-11-01,84.94901275634766,84.94901275634766,111.12999725341797,110.81999969482422,110.87999725341797,4725000
2016-11-02,85.04846954345703,85.04846954345703,111.31999969482422,111.05999755859375,111.12000274658203,2572600
2016-11-03,84.93373107910156,84.93373107910156,111.16000366210938,111.01000213623047,111.02999877929688,3254500
2016-11-04,85.10967254638672,85.10967254638672,111.31999969482422,111.12999725341797,111.1500015258789,2013300
2016-11-07,85.01020050048828,85.01020050048828,111.18000030517578,111.06999969482422,111.13999938964844,2031000
2016-11-08,84.87252044677734,84.87252044677734,111.16000366210938,110.87000274658203,111.12999725341797,2107400
2016-11-09,84.08444213867188,84.08444213867188,110.56999969482422,109.77999877929688,110.52999877929688,3657200
2016-11-10,83.74011993408203,83.74011993408203,109.87999725341797,109.41999816894531,109.66000366210938,4179200
2016-11-11,83.5871353149414,83.5871353149414,109.5,109.22000122070312,109.45999908447266,2804600
2016-11-14,83.25048828125,83.25048828125,109.05999755859375,108.63999938964844,108.63999938964844,3054900
2016-11-15,83.31167602539062,83.31167602539062,109.06999969482422,108.87000274658203,109.0,2252200
2016-11-16,83.49532318115234,83.49532318115234,109.12999725341797,108.91999816894531,109.01000213623047,2164800
2016-11-17,83.18159484863281,83.18159484863281,109.0199966430664,108.66999816894531,109.01000213623047,1903700
2016-11-18,82.91385650634766,82.91385650634766,108.81999969482422,108.36000061035156,108.80999755859375,2767000
2016-11-21,82.9826889038086,82.9826889038086,108.56999969482422,108.37000274658203,108.55999755859375,1705600
2016-11-22,83.05923461914062,83.05923461914062,108.66000366210938,108.45999908447266,108.58999633789062,3465300
2016-11-23,82.76847839355469,82.76847839355469,108.33000183105469,107.91999816894531,108.18000030517578,2497600
2016-11-25,82.7608413696289,82.7608413696289,108.37000274658203,108.08999633789062,108.30000305175781,1071500
2016-11-28,83.0515365600586,83.0515365600586,108.56999969482422,108.33000183105469,108.37999725341797,2476800
2016-11-29,83.1433334350586,83.1433334350586,108.72000122070312,108.43000030517578,108.5,2178600
2016-11-30,82.8144302368164,82.8144302368164,108.43000030517578,108.12999725341797,108.2300033569336,4627500
2016-12-01,82.54141998291016,82.54141998291016,107.79000091552734,107.47000122070312,107.75,4691900
2016-12-02,82.8021240234375,82.8021240234375,108.19999694824219,107.8499984741211,107.93000030517578,4269200
2016-12-05,82.87109375,82.87109375,108.26000213623047,107.77999877929688,107.94000244140625,3398000
2016-12-06,82.85578155517578,82.85578155517578,108.18000030517578,108.04000091552734,108.13999938964844,3306900
2016-12-07,83.07039642333984,83.07039642333984,108.37999725341797,108.19999694824219,108.22000122070312,3796800
2016-12-08,82.91710662841797,82.91710662841797,108.22000122070312,108.05000305175781,108.18000030517578,2822600
2016-12-09,82.66413116455078,82.66413116455078,108.18000030517578,107.72000122070312,108.08000183105469,4530900
2016-12-12,82.58747863769531,82.58747863769531,107.81999969482422,107.61000061035156,107.69999694824219,3074200
2016-12-13,82.69476318359375,82.69476318359375,107.94000244140625,107.70999908447266,107.87000274658203,3665900
2016-12-14,82.2425308227539,82.2425308227539,108.12000274658203,107.29000091552734,108.06999969482422,3544100
2016-12-15,82.14288330078125,82.14288330078125,107.41999816894531,107.1500015258789,107.37000274658203,4619100
2016-12-16,82.19652557373047,82.19652557373047,107.38999938964844,107.05999755859375,107.16000366210938,2981600
2016-12-19,82.41118621826172,82.41118621826172,107.55000305175781,107.3499984741211,107.4000015258789,3202500
2016-12-20,82.33455657958984,82.33455657958984,107.44000244140625,107.2699966430664,107.30000305175781,2871900
2016-12-21,82.5108413696289,82.5108413696289,107.66000366210938,107.43000030517578,107.5,4066900
2016-12-22,82.51007843017578,82.51007843017578,107.45999908447266,107.23999786376953,107.33999633789062,4110200
2016-12-23,82.5330810546875,82.5330810546875,107.54000091552734,107.38999938964844,107.54000091552734,3821100
2016-12-27,82.4716567993164,82.4716567993164,107.33999633789062,107.19000244140625,107.19000244140625,2661500
2016-12-28,82.60226440429688,82.60226440429688,107.5999984741211,107.30000305175781,107.33000183105469,5609600
2016-12-29,82.85581970214844,82.85581970214844,107.87999725341797,107.6500015258789,107.7300033569336,3649600
2016-12-30,83.02481842041016,83.02481842041016,108.12000274658203,107.8499984741211,107.87999725341797,3690100
2017-01-03,83.10936737060547,83.10936737060547,108.22000122070312,107.7300033569336,107.7300033569336,5079200
2017-01-04,83.13240814208984,83.13240814208984,108.20999908447266,108.02999877929688,108.16000366210938,3297100
2017-01-05,83.47811889648438,83.47811889648438,108.68000030517578,108.22000122070312,108.37000274658203,5165900
2017-01-06,83.20156860351562,83.20156860351562,108.5,108.26000213623047,108.43000030517578,2910100
2017-01-09,83.33984375,83.33984375,108.54000091552734,108.43000030517578,108.54000091552734,3030500
2017-01-10,83.3167724609375,83.3167724609375,108.55000305175781,108.41999816894531,108.44999694824219,2396300
2017-01-11,83.41664123535156,83.41664123535156,108.93000030517578,108.41999816894531,108.52999877929688,4465500
2017-01-12,83.44739532470703,83.44739532470703,108.9000015258789,108.61000061035156,108.77999877929688,3036600
2017-01-13,83.30140686035156,83.30140686035156,108.55000305175781,108.26000213623047,108.5,3293600
2017-01-17,83.58567810058594,83.58567810058594,108.87000274658203,108.6500015258789,108.80999755859375,3685700
2017-01-18,83.22459411621094,83.22459411621094,108.66999816894531,108.23999786376953,108.5999984741211,3115600
2017-01-19,83.00947570800781,83.00947570800781,108.16000366210938,107.93000030517578,108.05999755859375,2388000
2017-01-20,83.04021453857422,83.04021453857422,108.12000274658203,107.83000183105469,107.94000244140625,3525000
2017-01-23,83.27069854736328,83.27069854736328,108.56999969482422,108.0999984741211,108.22000122070312,3063400
2017-01-24,83.14006805419922,83.14006805419922,108.4000015258789,108.0999984741211,108.33000183105469,2049500
2017-01-25,82.91726684570312,82.91726684570312,108.04000091552734,107.83000183105469,107.9800033569336,2912900
2017-01-26,82.97105407714844,82.97105407714844,108.02999877929688,107.70999908447266,107.86000061035156,2046300
2017-01-27,83.04021453857422,83.04021453857422,108.16000366210938,108.0199966430664,108.02999877929688,3096800
2017-01-30,83.00176239013672,83.00176239013672,108.20999908447266,108.02999877929688,108.16000366210938,2946200
2017-01-31,83.20156860351562,83.20156860351562,108.37000274658203,108.08000183105469,108.08000183105469,7552700
2017-02-01,83.08452606201172,83.08452606201172,108.01000213623047,107.69000244140625,107.7699966430664,2994200
2017-02-02,83.13070678710938,83.13070678710938,108.18000030517578,107.94999694824219,108.05999755859375,3490700
2017-02-03,83.15382385253906,83.15382385253906,108.27999877929688,107.86000061035156,108.12000274658203,2728400
2017-02-06,83.39244079589844,83.39244079589844,108.37999725341797,108.0999984741211,108.22000122070312,1827000
2017-02-07,83.4771728515625,83.4771728515625,108.58000183105469,108.25,108.30000305175781,2659100
2017-02-08,83.71580505371094,83.71580505371094,108.83000183105469,108.61000061035156,108.61000061035156,3873200
2017-02-09,83.51567840576172,83.51567840576172,108.66999816894531,108.43000030517578,108.61000061035156,2736000
2017-02-10,83.50025939941406,83.50025939941406,108.47000122070312,108.26000213623047,108.26000213623047,2365300
2017-02-13,83.37710571289062,83.37710571289062,108.3499984741211,108.2300033569336,108.33999633789062,2189800
2017-02-14,83.19230651855469,83.19230651855469,108.30000305175781,107.91000366210938,108.30000305175781,2809500
2017-02-15,83.0614242553711,83.0614242553711,108.0,107.86000061035156,107.91999816894531,2138900
2017-02-16,83.23854064941406,83.23854064941406,108.27999877929688,108.01000213623047,108.01000213623047,5257400
2017-02-17,83.4232406616211,83.4232406616211,108.44999694824219,108.31999969482422,108.37000274658203,2228100
2017-02-21,83.41558074951172,83.41558074951172,108.44999694824219,108.22000122070312,108.23999786376953,1980300
2017-02-22,83.46945190429688,83.46945190429688,108.55000305175781,108.19999694824219,108.54000091552734,2655500
2017-02-23,83.6080322265625,83.6080322265625,108.6500015258789,108.52999877929688,108.55999755859375,2169000
2017-02-24,83.91600799560547,83.91600799560547,109.05999755859375,108.81999969482422,108.87999725341797,2670900
2017-02-27,83.76200103759766,83.76200103759766,108.9800033569336,108.7699966430664,108.94999694824219,1998200
2017-02-28,83.73889923095703,83.73889923095703,108.94000244140625,108.75,108.80000305175781,3840100
2017-03-01,83.34544372558594,83.34544372558594,108.13999938964844,107.9800033569336,108.12000274658203,3280200
2017-03-02,83.19117736816406,83.19117736816406,107.98999786376953,107.75,107.93000030517578,2299700
2017-03-03,83.25291442871094,83.25291442871094,107.97000122070312,107.73999786376953,107.91999816894531,4293900
2017-03-06,83.2143325805664,83.2143325805664,107.98999786376953,107.81999969482422,107.94000244140625,3678300
2017-03-07,83.1063461303711,83.1063461303711,107.83999633789062,107.69000244140625,107.80000305175781,2237900
2017-03-08,82.90573120117188,82.90573120117188,107.5,107.33999633789062,107.38999938964844,2834700
2017-03-09,82.65122985839844,82.65122985839844,107.33999633789062,107.12000274658203,107.31999969482422,3527300
2017-03-10,82.77458190917969,82.77458190917969,107.31999969482422,107.16000366210938,107.2300033569336,1906000
2017-03-13,82.63580322265625,82.63580322265625,107.27999877929688,107.0999984741211,107.20999908447266,1658500
2017-03-14,82.66661071777344,82.66661071777344,107.23999786376953,107.08000183105469,107.08000183105469,2639200
2017-03-15,83.14490509033203,83.14490509033203,107.79000091552734,107.19999694824219,107.25,2162900
2017-03-16,83.05233764648438,83.05233764648438,107.75,107.62000274658203,107.68000030517578,2369700
2017-03-17,83.22978973388672,83.22978973388672,107.91000366210938,107.69000244140625,107.72000122070312,2368800
2017-03-20,83.35318756103516,83.35318756103516,108.05000305175781,107.83999633789062,107.86000061035156,1635200
2017-03-21,83.52288055419922,83.52288055419922,108.2699966430664,107.93000030517578,107.93000030517578,2049700
2017-03-22,83.63863372802734,83.63863372802734,108.54000091552734,108.36000061035156,108.44000244140625,2643600
2017-03-23,83.66175079345703,83.66175079345703,108.51000213623047,108.26000213623047,108.44000244140625,2071400
2017-03-24,83.59234619140625,83.59234619140625,108.51000213623047,108.30999755859375,108.3499984741211,3374900
2017-03-27,83.79293823242188,83.79293823242188,108.70999908447266,108.52999877929688,108.6500015258789,1977300
2017-03-28,83.60005187988281,83.60005187988281,108.68000030517578,108.3499984741211,108.62999725341797,2016100
2017-03-29,83.78517150878906,83.78517150878906,108.62000274658203,108.45999908447266,108.4800033569336,1965600
2017-03-30,83.63090515136719,83.63090515136719,108.58000183105469,108.37999725341797,108.5199966430664,1733900
2017-03-31,83.69263458251953,83.69263458251953,108.52999877929688,108.41999816894531,108.44000244140625,3717700
2017-04-03,84.0033950805664,84.0033950805664,108.68000030517578,108.30000305175781,108.30999755859375,5197800
2017-04-04,83.92607116699219,83.92607116699219,108.6500015258789,108.5199966430664,108.61000061035156,1627500
2017-04-05,84.01885223388672,84.01885223388672,108.73999786376953,108.44999694824219,108.4800033569336,2304100
2017-04-06,84.01111602783203,84.01111602783203,108.70999908447266,108.4800033569336,108.63999938964844,1725300
2017-04-07,83.82557678222656,83.82557678222656,108.88999938964844,108.41999816894531,108.80000305175781,1783600
2017-04-10,83.9338150024414,83.9338150024414,108.6500015258789,108.48999786376953,108.52999877929688,1903800
2017-04-11,84.17343139648438,84.17343139648438,108.9800033569336,108.75,108.76000213623047,2200800
2017-04-12,84.35899353027344,84.35899353027344,109.19999694824219,108.88999938964844,108.93000030517578,2433000
2017-04-13,84.46715545654297,84.46715545654297,109.38999938964844,109.12999725341797,109.25,2339900
2017-04-17,84.42083740234375,84.42083740234375,109.4000015258789,109.18000030517578,109.30000305175781,1646100
2017-04-18,84.76091766357422,84.76091766357422,109.69999694824219,109.38999938964844,109.41000366210938,2369500
2017-04-19,84.62950897216797,84.62950897216797,109.55999755859375,109.38999938964844,109.47000122070312,2148500
2017-04-20,84.49808502197266,84.49808502197266,109.4000015258789,109.19999694824219,109.30999755859375,1867800
2017-04-21,84.5212631225586,84.5212631225586,109.48999786376953,109.30000305175781,109.4000015258789,1539300
2017-04-24,84.39759063720703,84.39759063720703,109.22000122070312,109.0,109.05000305175781,2745400
2017-04-25,84.11933898925781,84.11933898925781,109.05000305175781,108.7699966430664,108.98999786376953,1888500
2017-04-26,84.22757720947266,84.22757720947266,108.97000122070312,108.7699966430664,108.8499984741211,2893700
2017-04-27,84.30484771728516,84.30484771728516,109.0999984741211,108.91000366210938,108.94000244140625,1660900
2017-04-28,84.45170593261719,84.45170593261719,109.25,108.91000366210938,108.9800033569336,5774800
2017-05-01,84.2340087890625,84.2340087890625,108.95999908447266,108.62000274658203,108.86000061035156,2510000
2017-05-02,84.35027313232422,84.35027313232422,108.94000244140625,108.68000030517578,108.68000030517578,2841400
2017-05-03,84.26502990722656,84.26502990722656,108.98999786376953,108.7699966430664,108.97000122070312,1923400
2017-05-04,84.19532775878906,84.19532775878906,108.69999694824219,108.55000305175781,108.55000305175781,1897900
2017-05-05,84.21077728271484,84.21077728271484,108.73999786376953,108.56999969482422,108.72000122070312,1421800
2017-05-08,84.04810333251953,84.04810333251953,108.66999816894531,108.48999786376953,108.62999725341797,3568400
2017-05-09,84.05582427978516,84.05582427978516,108.51000213623047,108.4000015258789,108.43000030517578,3084900
2017-05-10,84.07910919189453,84.07910919189453,108.66000366210938,108.44000244140625,108.5999984741211,1653400
2017-05-11,84.07133483886719,84.07133483886719,108.54000091552734,108.33999633789062,108.3499984741211,2331000
2017-05-12,84.38121795654297,84.38121795654297,108.94000244140625,108.77999877929688,108.80999755859375,1329700
2017-05-15,84.35027313232422,84.35027313232422,108.94000244140625,108.81999969482422,108.8499984741211,1771000
2017-05-16,84.45866394042969,84.45866394042969,109.0999984741211,108.87999725341797,108.87999725341797,2051800
2017-05-17,84.89253234863281,84.89253234863281,109.5999984741211,109.27999877929688,109.3499984741211,2464500
2017-05-18,84.84605407714844,84.84605407714844,109.62999725341797,109.44000244140625,109.54000091552734,2107000
2017-05-19,84.84605407714844,84.84605407714844,109.54000091552734,109.3499984741211,109.51000213623047,1504000
2017-05-22,84.79179382324219,84.79179382324219,109.4800033569336,109.4000015258789,109.43000030517578,1642700
2017-05-23,84.62913513183594,84.62913513183594,109.52999877929688,109.20999908447266,109.5,1334500
2017-05-24,84.7763442993164,84.7763442993164,109.5,109.20999908447266,109.25,2719200
2017-05-25,84.81505584716797,84.81505584716797,109.48999786376953,109.37000274658203,109.44999694824219,1558100
2017-05-26,84.78409576416016,84.78409576416016,109.54000091552734,109.44000244140625,109.45999908447266,955300
2017-05-30,84.94673156738281,84.94673156738281,109.66000366210938,109.54000091552734,109.58000183105469,2093200
2017-05-31,85.03195190429688,85.03195190429688,109.80999755859375,109.63999938964844,109.63999938964844,2416500
2017-06-01,84.99314880371094,84.99314880371094,109.5,109.33999633789062,109.36000061035156,2454500
2017-06-02,85.27264404296875,85.27264404296875,109.88999938964844,109.69000244140625,109.73999786376953,1507400
2017-06-05,85.1406478881836,85.1406478881836,109.73999786376953,109.5999984741211,109.66000366210938,2450600
2017-06-06,85.31147766113281,85.31147766113281,109.94999694824219,109.80999755859375,109.87000274658203,1607700
2017-06-07,85.21050262451172,85.21050262451172,109.87000274658203,109.69999694824219,109.80999755859375,1903500
2017-06-08,85.12513732910156,85.12513732910156,109.69999694824219,109.51000213623047,109.69999694824219,1532700
2017-06-09,85.05529022216797,85.05529022216797,109.62999725341797,109.45999908447266,109.51000213623047,1616800
2017-06-12,85.05529022216797,85.05529022216797,109.69999694824219,109.47000122070312,109.51000213623047,1394800
2017-06-13,85.07855987548828,85.07855987548828,109.5999984741211,109.43000030517578,109.43000030517578,1474300
2017-06-14,85.35028839111328,85.35028839111328,110.18000030517578,109.8499984741211,110.0,2627500
2017-06-15,85.29592895507812,85.29592895507812,109.9000015258789,109.77999877929688,109.9000015258789,2233900
2017-06-16,85.35028839111328,85.35028839111328,109.97000122070312,109.8499984741211,109.86000061035156,2216600
2017-06-19,85.23381805419922,85.23381805419922,109.9000015258789,109.73999786376953,109.87000274658203,1610400
2017-06-20,85.36580657958984,85.36580657958984,110.02999877929688,109.80000305175781,109.8499984741211,2195100
2017-06-21,85.38135528564453,85.38135528564453,110.02999877929688,109.87999725341797,109.87999725341797,1217400
2017-06-22,85.42015838623047,85.42015838623047,110.08999633789062,109.94999694824219,110.05999755859375,1427400
2017-06-23,85.4356689453125,85.4356689453125,110.11000061035156,109.9800033569336,110.01000213623047,1259100
2017-06-26,85.51332092285156,85.51332092285156,110.23999786376953,110.12999725341797,110.19000244140625,1914400
2017-06-27,85.25713348388672,85.25713348388672,109.9800033569336,109.79000091552734,109.93000030517578,3072300
2017-06-28,85.28820037841797,85.28820037841797,109.87999725341797,109.68000030517578,109.8499984741211,12184400
2017-06-29,85.12513732910156,85.12513732910156,109.68000030517578,109.47000122070312,109.52999877929688,3377200
2017-06-30,85.0164566040039,85.0164566040039,109.62999725341797,109.45999908447266,109.62000274658203,2626900
2017-07-03,84.86479949951172,84.86479949951172,109.30000305175781,109.01000213623047,109.30000305175781,1817300
2017-07-05,84.91146087646484,84.91146087646484,109.18000030517578,109.0,109.08000183105469,4288600
2017-07-06,84.7480697631836,84.7480697631836,109.0,108.81999969482422,108.94999694824219,2284900
2017-07-07,84.71692657470703,84.71692657470703,108.94999694824219,108.83000183105469,108.88999938964844,2727400
2017-07-10,84.75582885742188,84.75582885742188,109.0199966430664,108.88999938964844,108.97000122070312,2386400
2017-07-11,84.83363342285156,84.83363342285156,109.0999984741211,108.93000030517578,108.97000122070312,1969100
2017-07-12,85.09040069580078,85.09040069580078,109.43000030517578,109.26000213623047,109.37999725341797,2129900
2017-07-13,84.99699401855469,84.99699401855469,109.30999755859375,109.12999725341797,109.29000091552734,1568300
2017-07-14,85.08255767822266,85.08255767822266,109.55999755859375,109.29000091552734,109.54000091552734,1916600
2017-07-17,85.12150573730469,85.12150573730469,109.4800033569336,109.31999969482422,109.4000015258789,4078500
2017-07-18,85.31597137451172,85.31597137451172,109.70999908447266,109.58000183105469,109.63999938964844,2878400
2017-07-19,85.33927917480469,85.33927917480469,109.75,109.62999725341797,109.72000122070312,1577700
2017-07-20,85.36266326904297,85.36266326904297,109.87999725341797,109.69999694824219,109.8499984741211,1802600
2017-07-21,85.51045989990234,85.51045989990234,109.95999908447266,109.83000183105469,109.87999725341797,1531700
2017-07-24,85.43264770507812,85.43264770507812,109.91999816894531,109.76000213623047,109.83999633789062,1946000
2017-07-25,85.12926483154297,85.12926483154297,109.62999725341797,109.38999938964844,109.5999984741211,2601700
2017-07-26,85.2926025390625,85.2926025390625,109.70999908447266,109.3499984741211,109.37000274658203,2249800
2017-07-27,85.16816711425781,85.16816711425781,109.58999633789062,109.43000030517578,109.51000213623047,1868600
2017-07-28,85.33927917480469,85.33927917480469,109.69999694824219,109.48999786376953,109.54000091552734,1894200
2017-07-31,85.30037689208984,85.30037689208984,109.7300033569336,109.58000183105469,109.69000244140625,2363000
2017-08-01,85.53427124023438,85.53427124023438,109.72000122070312,109.36000061035156,109.37999725341797,2338900
2017-08-02,85.47191619873047,85.47191619873047,109.7699966430664,109.63999938964844,109.70999908447266,2253300
2017-08-03,85.64341735839844,85.64341735839844,109.94000244140625,109.73999786376953,109.7699966430664,1485200
2017-08-04,85.50311279296875,85.50311279296875,109.72000122070312,109.54000091552734,109.69999694824219,2300900
2017-08-07,85.49530792236328,85.49530792236328,109.72000122070312,109.61000061035156,109.69000244140625,2359800
2017-08-08,85.41734313964844,85.41734313964844,109.69000244140625,109.5,109.66999816894531,2570800
2017-08-09,85.49530792236328,85.49530792236328,109.87000274658203,109.66000366210938,109.87000274658203,2308900
2017-08-10,85.5810546875,85.5810546875,109.8499984741211,109.66999816894531,109.69999694824219,2004200
2017-08-11,85.65119934082031,85.65119934082031,109.94000244140625,109.68000030517578,109.75,1913300
2017-08-14,85.61222076416016,85.61222076416016,109.9000015258789,109.73999786376953,109.83999633789062,2293900
2017-08-15,85.48750305175781,85.48750305175781,109.72000122070312,109.55999755859375,109.55999755859375,2177400
2017-08-16,85.64341735839844,85.64341735839844,109.93000030517578,109.54000091552734,109.54000091552734,1956500
2017-08-17,85.76817321777344,85.76817321777344,110.0199966430664,109.77999877929688,109.83000183105469,5403500
2017-08-18,85.71357727050781,85.71357727050781,110.13999938964844,109.88999938964844,110.05000305175781,1564800
2017-08-21,85.77592468261719,85.77592468261719,110.08999633789062,109.97000122070312,110.01000213623047,1717600
2017-08-22,85.69800567626953,85.69800567626953,110.0199966430664,109.87000274658203,109.98999786376953,1992300
2017-08-23,85.89286804199219,85.89286804199219,110.19000244140625,110.01000213623047,110.08000183105469,1894900
2017-08-24,85.78373718261719,85.78373718261719,110.16000366210938,109.98999786376953,110.06999969482422,2102100
2017-08-25,85.8460922241211,85.8460922241211,110.19000244140625,110.01000213623047,110.05000305175781,2326800
2017-08-28,85.87732696533203,85.87732696533203,110.23999786376953,110.0999984741211,110.16999816894531,4476000
2017-08-29,86.00203704833984,86.00203704833984,110.48999786376953,110.26000213623047,110.4800033569336,2092200
2017-08-30,85.98641967773438,85.98641967773438,110.33000183105469,110.23999786376953,110.2699966430664,1505700
2017-08-31,86.10338592529297,86.10338592529297,110.45999908447266,110.30999755859375,110.30999755859375,5308300
2017-09-01,85.90806579589844,85.90806579589844,110.22000122070312,109.91000366210938,110.19000244140625,2824200
2017-09-05,86.25962829589844,86.25962829589844,110.5,110.20999908447266,110.2699966430664,2257000
2017-09-06,86.16587829589844,86.16587829589844,110.5199966430664,110.2300033569336,110.41999816894531,2720200
2017-09-07,86.37679290771484,86.37679290771484,110.66000366210938,110.41999816894531,110.43000030517578,1648800
2017-09-08,86.27523040771484,86.27523040771484,110.58000183105469,110.43000030517578,110.54000091552734,2363200
2017-09-11,86.04087829589844,86.04087829589844,110.29000091552734,110.0999984741211,110.2699966430664,2492700
2017-09-12,85.9159164428711,85.9159164428711,110.05999755859375,109.91999816894531,110.04000091552734,2403600
2017-09-13,85.82994079589844,85.82994079589844,110.04000091552734,109.86000061035156,110.0,1304100
2017-09-14,85.8768310546875,85.8768310546875,109.97000122070312,109.80999755859375,109.80999755859375,1704200
2017-09-15,85.86116790771484,85.86116790771484,110.04000091552734,109.86000061035156,110.0,2818000
2017-09-18,85.82213592529297,85.82213592529297,109.9000015258789,109.7699966430664,109.86000061035156,1946300
2017-09-19,85.7752685546875,85.7752685546875,109.95999908447266,109.79000091552734,109.91000366210938,1407200
2017-09-20,85.70497131347656,85.70497131347656,109.91999816894531,109.58999633789062,109.83999633789062,1356800
2017-09-21,85.68936157226562,85.68936157226562,109.8499984741211,109.68000030517578,109.81999969482422,2210900
2017-09-22,85.7518081665039,85.7518081665039,109.9000015258789,109.75,109.86000061035156,1461800
2017-09-25,85.95494842529297,85.95494842529297,110.04000091552734,109.81999969482422,109.8499984741211,3937600
2017-09-26,85.92369079589844,85.92369079589844,110.0199966430664,109.87999725341797,109.94999694824219,2749900
2017-09-27,85.6736831665039,85.6736831665039,109.75,109.5999984741211,109.66999816894531,3042800
2017-09-28,85.6815185546875,85.6815185546875,109.72000122070312,109.51000213623047,109.58000183105469,1702500
2017-09-29,85.61117553710938,85.61117553710938,109.7699966430664,109.54000091552734,109.73999786376953,5770800
2017-10-02,85.66368865966797,85.66368865966797,109.51000213623047,109.33000183105469,109.43000030517578,5692200
2017-10-03,85.73411560058594,85.73411560058594,109.54000091552734,109.4000015258789,109.45999908447266,2462200
2017-10-04,85.71065521240234,85.71065521240234,109.56999969482422,109.41000366210938,109.55999755859375,2673200
2017-10-05,85.6714859008789,85.6714859008789,109.54000091552734,109.37000274658203,109.54000091552734,1909900
2017-10-06,85.54621887207031,85.54621887207031,109.41999816894531,109.1500015258789,109.22000122070312,1824000
2017-10-09,85.66368865966797,85.66368865966797,109.43000030517578,109.30000305175781,109.3499984741211,1131500
2017-10-10,85.6714859008789,85.6714859008789,109.61000061035156,109.4000015258789,109.47000122070312,1635800
2017-10-11,85.6871566772461,85.6871566772461,109.52999877929688,109.41999816894531,109.47000122070312,1866400
2017-10-12,85.78889465332031,85.78889465332031,109.61000061035156,109.4800033569336,109.55999755859375,1933400
2017-10-13,86.000244140625,86.000244140625,109.87000274658203,109.69000244140625,109.81999969482422,1743800
2017-10-16,85.9141616821289,85.9141616821289,109.80999755859375,109.66000366210938,109.75,3788100
2017-10-17,85.88285064697266,85.88285064697266,109.73999786376953,109.55000305175781,109.62000274658203,1764400
2017-10-18,85.74976348876953,85.74976348876953,109.55999755859375,109.45999908447266,109.51000213623047,1663800
2017-10-19,85.81238555908203,85.81238555908203,109.75,109.54000091552734,109.70999908447266,1877000
2017-10-20,85.56188201904297,85.56188201904297,109.41000366210938,109.26000213623047,109.31999969482422,2014200
2017-10-23,85.65584564208984,85.65584564208984,109.47000122070312,109.36000061035156,109.4000015258789,2000800
2017-10-24,85.47578430175781,85.47578430175781,109.29000091552734,109.16999816894531,109.2300033569336,1722300
2017-10-25,85.42098999023438,85.42098999023438,109.12999725341797,108.94999694824219,108.95999908447266,2945400
2017-10-26,85.32701873779297,85.32701873779297,109.2300033569336,108.9800033569336,109.19999694824219,2163500
2017-10-27,85.51490783691406,85.51490783691406,109.26000213623047,109.04000091552734,109.06999969482422,1902500
2017-10-30,85.74976348876953,85.74976348876953,109.55999755859375,109.36000061035156,109.43000030517578,2384800
2017-10-31,85.6949691772461,85.6949691772461,109.55000305175781,109.44000244140625,109.5199966430664,3719900
2017-11-01,85.73262786865234,85.73262786865234,109.41000366210938,109.16999816894531,109.16999816894531,2959400
2017-11-02,85.77967834472656,85.77967834472656,109.5,109.33000183105469,109.3499984741211,2160500
2017-11-03,85.85813903808594,85.85813903808594,109.4800033569336,109.29000091552734,109.4800033569336,1781200
2017-11-06,85.93663024902344,85.93663024902344,109.58999633789062,109.45999908447266,109.55999755859375,1293000
2017-11-07,85.96014404296875,85.96014404296875,109.61000061035156,109.48999786376953,109.58000183105469,2015500
2017-11-08,85.90521240234375,85.90521240234375,109.5999984741211,109.45999908447266,109.54000091552734,2742600
2017-11-09,85.84247589111328,85.84247589111328,109.45999908447266,109.30000305175781,109.38999938964844,2479800
2017-11-10,85.49726867675781,85.49726867675781,109.1500015258789,108.97000122070312,109.05999755859375,1751100
2017-11-13,85.49726867675781,85.49726867675781,109.11000061035156,108.95999908447266,109.11000061035156,1891600
2017-11-14,85.5835952758789,85.5835952758789,109.12000274658203,109.0,109.01000213623047,2799900
2017-11-15,85.74832916259766,85.74832916259766,109.37999725341797,109.13999938964844,109.26000213623047,2495700
2017-11-16,85.65421295166016,85.65421295166016,109.31999969482422,109.18000030517578,109.22000122070312,1912600
2017-11-17,85.74832916259766,85.74832916259766,109.38999938964844,109.26000213623047,109.33000183105469,3544600
2017-11-20,85.70124053955078,85.70124053955078,109.30000305175781,109.18000030517578,109.2300033569336,2639100
2017-11-21,85.78755950927734,85.78755950927734,109.43000030517578,109.22000122070312,109.38999938964844,2297400
2017-11-22,85.93663024902344,85.93663024902344,109.55999755859375,109.37999725341797,109.4000015258789,6104100
2017-11-24,85.92086029052734,85.92086029052734,109.55999755859375,109.4800033569336,109.5,1693500
2017-11-27,85.92086029052734,85.92086029052734,109.58000183105469,109.44000244140625,109.52999877929688,2653300
2017-11-28,85.92086029052734,85.92086029052734,109.62999725341797,109.47000122070312,109.58999633789062,5126900
2017-11-29,85.70906829833984,85.70906829833984,109.31999969482422,109.18000030517578,109.2699966430664,2423700
2017-11-30,85.5678939819336,85.5678939819336,109.30000305175781,109.0199966430664,109.25,4011300
2017-12-01,85.8123779296875,85.8123779296875,109.4800033569336,108.8499984741211,109.0199966430664,3410200
2017-12-04,85.80449676513672,85.80449676513672,109.16999816894531,109.0,109.02999877929688,2652800
2017-12-05,85.89096069335938,85.89096069335938,109.26000213623047,109.08000183105469,109.26000213623047,2995500
2017-12-06,85.97746276855469,85.97746276855469,109.5199966430664,109.37000274658203,109.44000244140625,2965800
2017-12-07,85.86738586425781,85.86738586425781,109.45999908447266,109.1500015258789,109.37999725341797,2584100
2017-12-08,85.83598327636719,85.83598327636719,109.29000091552734,109.1500015258789,109.20999908447266,1685000
2017-12-11,85.80449676513672,85.80449676513672,109.31999969482422,109.12999725341797,109.13999938964844,2612400
2017-12-12,85.76521301269531,85.76521301269531,109.11000061035156,108.94999694824219,109.0999984741211,3142400
2017-12-13,86.0089340209961,86.0089340209961,109.55000305175781,109.13999938964844,109.2300033569336,3109500
2017-12-14,86.03247833251953,86.03247833251953,109.51000213623047,109.2300033569336,109.30999755859375,4126100
2017-12-15,86.05606842041016,86.05606842041016,109.55000305175781,109.31999969482422,109.41999816894531,2403700
2017-12-18,85.9460220336914,85.9460220336914,109.47000122070312,109.25,109.47000122070312,4474300
2017-12-19,85.69449615478516,85.69449615478516,109.16000366210938,108.88999938964844,109.13999938964844,2820900
2017-12-20,85.4979248046875,85.4979248046875,108.87999725341797,108.70999908447266,108.75,4002500
2017-12-21,85.57343292236328,85.57343292236328,108.87000274658203,108.7300033569336,108.76000213623047,2374500
2017-12-22,85.61272430419922,85.61272430419922,108.88999938964844,108.80999755859375,108.81999969482422,3292800
2017-12-26,85.68350219726562,85.68350219726562,109.01000213623047,108.87000274658203,108.91000366210938,1873400
2017-12-27,85.95087432861328,85.95087432861328,109.33000183105469,109.0199966430664,109.0199966430664,2046900
2017-12-28,85.8879623413086,85.8879623413086,109.26000213623047,109.13999938964844,109.22000122070312,2895400
2017-12-29,85.97444915771484,85.97444915771484,109.38999938964844,109.23999786376953,109.27999877929688,2813400
2018-01-02,85.8486557006836,85.8486557006836,109.30999755859375,108.97000122070312,109.26000213623047,8850900
2018-01-03,85.85651397705078,85.85651397705078,109.25,109.08999633789062,109.25,2441700
2018-01-04,85.80148315429688,85.80148315429688,109.1500015258789,108.97000122070312,109.0199966430664,2945400
2018-01-05,85.74642944335938,85.74642944335938,109.1500015258789,108.94999694824219,109.1500015258789,4322900
2018-01-08,85.72286987304688,85.72286987304688,109.11000061035156,108.94999694824219,109.11000061035156,3394500
2018-01-09,85.48690795898438,85.48690795898438,108.91000366210938,108.69000244140625,108.91000366210938,2301300
2018-01-10,85.48690795898438,85.48690795898438,108.72000122070312,108.43000030517578,108.4800033569336,4194300
2018-01-11,85.52623748779297,85.52623748779297,108.86000061035156,108.61000061035156,108.66000366210938,3470400
2018-01-12,85.51048278808594,85.51048278808594,108.83000183105469,108.62999725341797,108.63999938964844,3605900
2018-01-16,85.5340805053711,85.5340805053711,108.9800033569336,108.72000122070312,108.87000274658203,6794400
2018-01-17,85.43973541259766,85.43973541259766,108.83999633789062,108.62000274658203,108.7300033569336,3146300
2018-01-18,85.25098419189453,85.25098419189453,108.52999877929688,108.3499984741211,108.43000030517578,2896500
2018-01-19,85.07014465332031,85.07014465332031,108.4000015258789,108.13999938964844,108.4000015258789,2933800
2018-01-22,85.03868103027344,85.03868103027344,108.30000305175781,108.11000061035156,108.22000122070312,3983200
2018-01-23,85.24315643310547,85.24315643310547,108.44000244140625,108.29000091552734,108.33000183105469,4775600
2018-01-24,85.1566162109375,85.1566162109375,108.31999969482422,108.1500015258789,108.25,2362300
2018-01-25,85.37683868408203,85.37683868408203,108.56999969482422,108.19000244140625,108.26000213623047,9851600
2018-01-26,85.21955871582031,85.21955871582031,108.51000213623047,108.2699966430664,108.51000213623047,3808000
2018-01-29,85.07014465332031,85.07014465332031,108.25,108.0199966430664,108.13999938964844,3974900
2018-01-30,84.93649291992188,84.93649291992188,108.12000274658203,107.91999816894531,108.12000274658203,3659500
2018-01-31,85.0072021484375,85.0072021484375,108.20999908447266,107.87999725341797,108.19999694824219,8066500
2018-02-01,84.74085235595703,84.74085235595703,107.83000183105469,107.4800033569336,107.75,9678700
2018-02-02,84.4886245727539,84.4886245727539,107.3499984741211,107.0999984741211,107.25,4779300
2018-02-05,84.82754516601562,84.82754516601562,107.80999755859375,107.0,107.12999725341797,5991700
2018-02-06,84.58322143554688,84.58322143554688,107.55999755859375,107.27999877929688,107.45999908447266,6031400
2018-02-07,84.39407348632812,84.39407348632812,107.44000244140625,107.0,107.43000030517578,4115600
2018-02-08,84.2522201538086,84.2522201538086,107.13999938964844,106.7699966430664,106.83999633789062,4761600
2018-02-09,84.141845703125,84.141845703125,107.06999969482422,106.69999694824219,106.72000122070312,5926100
2018-02-12,84.1655044555664,84.1655044555664,106.94999694824219,106.66000366210938,106.73999786376953,5421400
2018-02-13,84.18914794921875,84.18914794921875,106.91000366210938,106.69999694824219,106.79000091552734,4256200
2018-02-14,83.90542602539062,83.90542602539062,106.66000366210938,106.4000015258789,106.56999969482422,4317000
2018-02-15,84.00785064697266,84.00785064697266,106.7300033569336,106.52999877929688,106.55999755859375,2878900
2018-02-16,84.17337799072266,84.17337799072266,106.87999725341797,106.70999908447266,106.8499984741211,3648900
2018-02-20,84.08670043945312,84.08670043945312,106.70999908447266,106.55000305175781,106.69000244140625,2907400
2018-02-21,83.81871032714844,83.81871032714844,106.80000305175781,106.26000213623047,106.7699966430664,3223800
2018-02-22,83.82660675048828,83.82660675048828,106.55999755859375,106.36000061035156,106.48999786376953,2485400
2018-02-23,84.03938293457031,84.03938293457031,106.76000213623047,106.56999969482422,106.61000061035156,2398100
2018-02-26,84.10242462158203,84.10242462158203,106.94999694824219,106.69000244140625,106.87999725341797,4617300
2018-02-27,83.92115783691406,83.92115783691406,106.81999969482422,106.37999725341797,106.77999877929688,5704700
2018-02-28,84.14974212646484,84.14974212646484,106.7699966430664,106.54000091552734,106.58999633789062,9614100
2018-03-01,84.22474670410156,84.22474670410156,106.72000122070312,106.37999725341797,106.54000091552734,7335500
2018-03-02,84.09049987792969,84.09049987792969,106.55000305175781,106.36000061035156,106.47000122070312,3717300
2018-03-05,84.0430908203125,84.0430908203125,106.6500015258789,106.27999877929688,106.5999984741211,3307200
2018-03-06,84.05890655517578,84.05890655517578,106.55999755859375,106.37999725341797,106.44999694824219,1932100
2018-03-07,84.0430908203125,84.0430908203125,106.55000305175781,106.37000274658203,106.51000213623047,3448700
2018-03-08,84.17738342285156,84.17738342285156,106.62999725341797,106.41999816894531,106.41999816894531,2396200
2018-03-09,84.01937866210938,84.01937866210938,106.45999908447266,106.30000305175781,106.43000030517578,3669400
2018-03-12,84.06678009033203,84.06678009033203,106.48999786376953,106.37000274658203,106.43000030517578,4149500
2018-03-13,84.17738342285156,84.17738342285156,106.5999984741211,106.44999694824219,106.58999633789062,2727500
2018-03-14,84.3195571899414,84.3195571899414,106.8499984741211,106.5199966430664,106.54000091552734,3126400
2018-03-15,84.32745361328125,84.32745361328125,106.80999755859375,106.63999938964844,106.7300033569336,3045500
2018-03-16,84.28007507324219,84.28007507324219,106.72000122070312,106.5999984741211,106.62000274658203,2552700
2018-03-19,84.19316101074219,84.19316101074219,106.73999786376953,106.52999877929688,106.55999755859375,2263200
2018-03-20,84.05890655517578,84.05890655517578,106.51000213623047,106.4000015258789,106.44000244140625,3000700
2018-03-21,84.05101013183594,84.05101013183594,106.4800033569336,106.08000183105469,106.31999969482422,2994400
2018-03-22,84.20899963378906,84.20899963378906,106.80000305175781,106.48999786376953,106.66999816894531,3334400
2018-03-23,84.20899963378906,84.20899963378906,106.69999694824219,106.45999908447266,106.45999908447266,3618700
2018-03-26,84.17738342285156,84.17738342285156,106.70999908447266,106.47000122070312,106.63999938964844,4546500
2018-03-27,84.4222412109375,84.4222412109375,106.94999694824219,106.61000061035156,106.62999725341797,4537700
2018-03-28,84.46965026855469,84.46965026855469,107.0999984741211,106.87999725341797,107.05000305175781,5617200
2018-03-29,84.71446990966797,84.71446990966797,107.26000213623047,106.94999694824219,106.94999694824219,8300000
2018-04-02,84.62977600097656,84.62977600097656,107.04000091552734,106.81999969482422,106.9000015258789,7280300
2018-04-03,84.5347900390625,84.5347900390625,106.87000274658203,106.73999786376953,106.81999969482422,9916100
2018-04-04,84.56647491455078,84.56647491455078,106.93000030517578,106.79000091552734,106.9000015258789,6200900
2018-04-05,84.44770050048828,84.44770050048828,106.76000213623047,106.62999725341797,106.70999908447266,2592500
2018-04-06,84.63771057128906,84.63771057128906,106.9800033569336,106.79000091552734,106.88999938964844,2814800
2018-04-09,84.70897674560547,84.70897674560547,107.0,106.77999877929688,106.83000183105469,3746500
2018-04-10,84.64562225341797,84.64562225341797,106.98999786376953,106.83000183105469,106.94999694824219,2941900
2018-04-11,84.71688842773438,84.71688842773438,107.05999755859375,106.93000030517578,107.05000305175781,8598800
2018-04-12,84.5268783569336,84.5268783569336,106.93000030517578,106.76000213623047,106.91000366210938,3899000
2018-04-13,84.55065155029297,84.55065155029297,106.83999633789062,106.66999816894531,106.69000244140625,2764800
2018-04-16,84.56647491455078,84.56647491455078,106.83999633789062,106.61000061035156,106.63999938964844,3860800
2018-04-17,84.5902099609375,84.5902099609375,106.88999938964844,106.75,106.80999755859375,2363000
2018-04-18,84.3526840209961,84.3526840209961,106.75,106.54000091552734,106.73999786376953,2231700
2018-04-19,84.14686584472656,84.14686584472656,106.38999938964844,106.23999786376953,106.33999633789062,10985100
2018-04-20,83.91731262207031,83.91731262207031,106.23999786376953,106.0,106.1500015258789,2766000
2018-04-23,83.87770080566406,83.87770080566406,106.01000213623047,105.9000015258789,105.9800033569336,2620800
2018-04-24,83.76687622070312,83.76687622070312,105.91999816894531,105.77999877929688,105.8499984741211,3442300
2018-04-25,83.65605163574219,83.65605163574219,105.73999786376953,105.5999984741211,105.72000122070312,3785000
2018-04-26,83.79850006103516,83.79850006103516,105.9000015258789,105.76000213623047,105.83000183105469,4870300
2018-04-27,83.9014892578125,83.9014892578125,106.04000091552734,105.94000244140625,105.95999908447266,3806400
2018-04-30,83.91731262207031,83.91731262207031,106.12000274658203,105.98999786376953,106.01000213623047,4692600
2018-05-01,83.84587860107422,83.84587860107422,105.79000091552734,105.5999984741211,105.7300033569336,3027000
2018-05-02,83.84587860107422,83.84587860107422,105.77999877929688,105.62000274658203,105.69999694824219,2560800
2018-05-03,83.94107055664062,83.94107055664062,105.94999694824219,105.77999877929688,105.81999969482422,4499200
2018-05-04,83.99663543701172,83.99663543701172,105.93000030517578,105.70999908447266,105.91999816894531,2317100
2018-05-07,83.95697784423828,83.95697784423828,105.87999725341797,105.7699966430664,105.87999725341797,1533400
2018-05-08,83.8616943359375,83.8616943359375,105.75,105.5999984741211,105.66000366210938,2591700
2018-05-09,83.76654052734375,83.76654052734375,105.63999938964844,105.5199966430664,105.55999755859375,2507500
2018-05-10,83.95697784423828,83.95697784423828,105.81999969482422,105.69000244140625,105.75,2096700
2018-05-11,83.99663543701172,83.99663543701172,105.9000015258789,105.76000213623047,105.9000015258789,2034100
2018-05-14,83.91731262207031,83.91731262207031,105.8499984741211,105.73999786376953,105.79000091552734,2183500
2018-05-15,83.54435729980469,83.54435729980469,105.48999786376953,105.19000244140625,105.48999786376953,2166400
2018-05-16,83.44913482666016,83.44913482666016,105.41999816894531,105.1500015258789,105.36000061035156,2477500
2018-05-17,83.33805847167969,83.33805847167969,105.20999908447266,105.0,105.19000244140625,2789000
2018-05-18,83.55227661132812,83.55227661132812,105.31999969482422,105.16000366210938,105.16000366210938,2151100
2018-05-21,83.56023406982422,83.56023406982422,105.37000274658203,105.23999786376953,105.27999877929688,1952200
2018-05-22,83.56023406982422,83.56023406982422,105.37000274658203,105.27999877929688,105.31999969482422,2246400
2018-05-23,83.7903060913086,83.7903060913086,105.6500015258789,105.4800033569336,105.5,6061900
2018-05-24,84.02041625976562,84.02041625976562,105.95999908447266,105.81999969482422,105.81999969482422,2903300
2018-05-25,84.20291900634766,84.20291900634766,106.18000030517578,106.02999877929688,106.0999984741211,2508100
2018-05-29,84.75836944580078,84.75836944580078,107.0,106.31999969482422,106.37000274658203,3494200
2018-05-30,84.54412078857422,84.54412078857422,106.66999816894531,106.4000015258789,106.54000091552734,3158200
2018-05-31,84.47271728515625,84.47271728515625,106.66999816894531,106.38999938964844,106.5199966430664,5157400
2018-06-01,84.36853790283203,84.36853790283203,106.12999725341797,105.91000366210938,105.94999694824219,6206800
2018-06-04,84.16972351074219,84.16972351074219,106.01000213623047,105.79000091552734,106.0,4288100
2018-06-05,84.23332214355469,84.23332214355469,106.04000091552734,105.8499984741211,105.98999786376953,1848300
2018-06-06,84.04242706298828,84.04242706298828,105.75,105.58000183105469,105.70999908447266,2705800
2018-06-07,84.2253646850586,84.2253646850586,106.12000274658203,105.62000274658203,105.63999938964844,2724800
2018-06-08,84.10604095458984,84.10604095458984,105.9000015258789,105.73999786376953,105.75,3416800
2018-06-11,84.01858520507812,84.01858520507812,105.73999786376953,105.56999969482422,105.6500015258789,4330800
2018-06-12,84.04242706298828,84.04242706298828,105.69000244140625,105.55999755859375,105.55999755859375,3546500
2018-06-13,83.9629135131836,83.9629135131836,105.75,105.37999725341797,105.68000030517578,3627200
2018-06-14,84.17765808105469,84.17765808105469,105.86000061035156,105.69000244140625,105.75,4689600
2018-06-15,84.2094497680664,84.2094497680664,106.08999633789062,105.86000061035156,106.01000213623047,2361800
2018-06-18,84.2253646850586,84.2253646850586,105.93000030517578,105.80000305175781,105.93000030517578,2359300
2018-06-19,84.3128433227539,84.3128433227539,106.11000061035156,105.9800033569336,106.05000305175781,2184200
2018-06-20,84.15381622314453,84.15381622314453,106.05999755859375,105.79000091552734,106.05999755859375,2403700
2018-06-21,84.17765808105469,84.17765808105469,105.95999908447266,105.80999755859375,105.87999725341797,2895500
2018-06-22,84.25715637207031,84.25715637207031,105.94000244140625,105.80000305175781,105.81999969482422,1846000
2018-06-25,84.2094497680664,84.2094497680664,106.04000091552734,105.86000061035156,105.94999694824219,5522900
2018-06-26,84.34463500976562,84.34463500976562,106.05000305175781,105.94000244140625,105.98999786376953,2665200
2018-06-27,84.49578094482422,84.49578094482422,106.30999755859375,106.16000366210938,106.2300033569336,3001300
2018-06-28,84.48782348632812,84.48782348632812,106.29000091552734,106.16000366210938,106.27999877929688,1798900
2018-06-29,84.55936431884766,84.55936431884766,106.41999816894531,106.25,106.30000305175781,7117300
2018-07-02,84.47891235351562,84.47891235351562,106.12999725341797,105.98999786376953,106.0999984741211,7159900
2018-07-03,84.65425109863281,84.65425109863281,106.20999908447266,106.02999877929688,106.02999877929688,2425100
2018-07-05,84.73396301269531,84.73396301269531,106.33999633789062,106.20999908447266,106.22000122070312,2739900
2018-07-06,84.82160949707031,84.82160949707031,106.44999694824219,106.31999969482422,106.41000366210938,2598700
2018-07-09,84.74189758300781,84.74189758300781,106.33999633789062,106.25,106.29000091552734,1926000
2018-07-10,84.67815399169922,84.67815399169922,106.30000305175781,106.19000244140625,106.27999877929688,2489700
2018-07-11,84.71002960205078,84.71002960205078,106.3499984741211,106.22000122070312,106.33000183105469,5385000
2018-07-12,84.8136215209961,84.8136215209961,106.41999816894531,106.26000213623047,106.26000213623047,2145800
2018-07-13,84.89337158203125,84.89337158203125,106.5199966430664,106.44000244140625,106.44000244140625,2126900
2018-07-16,84.79774475097656,84.79774475097656,106.4000015258789,106.23999786376953,106.3499984741211,2116500
2018-07-17,84.7658462524414,84.7658462524414,106.44999694824219,106.29000091552734,106.4000015258789,2964100
2018-07-18,84.74189758300781,84.74189758300781,106.38999938964844,106.2699966430664,106.36000061035156,1760900
2018-07-19,84.86944580078125,84.86944580078125,106.55000305175781,106.30999755859375,106.33999633789062,2163200
2018-07-20,84.70207214355469,84.70207214355469,106.44000244140625,106.19999694824219,106.37999725341797,2920200
2018-07-23,84.40717315673828,84.40717315673828,106.19000244140625,105.88999938964844,106.16999816894531,1848500
2018-07-24,84.52670288085938,84.52670288085938,106.06999969482422,105.9000015258789,105.91999816894531,3590200
2018-07-25,84.53466796875,84.53466796875,106.16999816894531,105.94999694824219,106.12000274658203,3318300
2018-07-26,84.48689270019531,84.48689270019531,106.1500015258789,105.94999694824219,106.0999984741211,2245000
2018-07-27,84.5506591796875,84.5506591796875,106.16000366210938,106.04000091552734,106.12999725341797,2637400
2018-07-30,84.46299743652344,84.46299743652344,106.05000305175781,105.91000366210938,105.94000244140625,5518200
2018-07-31,84.53466796875,84.53466796875,106.18000030517578,106.05000305175781,106.11000061035156,5928100
2018-08-01,84.44759368896484,84.44759368896484,105.76000213623047,105.51000213623047,105.55000305175781,4534100
2018-08-02,84.47956848144531,84.47956848144531,105.76000213623047,105.6500015258789,105.76000213623047,3671900
2018-08-03,84.663330078125,84.663330078125,105.9800033569336,105.80999755859375,105.80999755859375,2542900
2018-08-06,84.71927642822266,84.71927642822266,106.11000061035156,106.0,106.02999877929688,4120000
2018-08-07,84.56744384765625,84.56744384765625,105.97000122070312,105.83000183105469,105.97000122070312,2532800
2018-08-08,84.56744384765625,84.56744384765625,105.91000366210938,105.80000305175781,105.83000183105469,1937500
2018-08-09,84.68730163574219,84.68730163574219,106.04000091552734,105.93000030517578,105.97000122070312,2386400
2018-08-10,84.87104034423828,84.87104034423828,106.36000061035156,106.11000061035156,106.11000061035156,4136300
2018-08-13,84.91899108886719,84.91899108886719,106.30000305175781,106.1500015258789,106.16000366210938,2786300
2018-08-14,84.8390884399414,84.8390884399414,106.33000183105469,106.16000366210938,106.30000305175781,6087400
2018-08-15,84.95894622802734,84.95894622802734,106.44000244140625,106.25,106.29000091552734,4652700
2018-08-16,85.00686645507812,85.00686645507812,106.41999816894531,106.23999786376953,106.37999725341797,2658200
2018-08-17,85.0548095703125,85.0548095703125,106.55000305175781,106.37999725341797,106.43000030517578,2071100
2018-08-20,85.22256469726562,85.22256469726562,106.68000030517578,106.52999877929688,106.58999633789062,2355500
2018-08-21,85.15068817138672,85.15068817138672,106.62000274658203,106.51000213623047,106.58000183105469,2835000
2018-08-22,85.22256469726562,85.22256469726562,106.70999908447266,106.56999969482422,106.66000366210938,2190000
2018-08-23,85.17465209960938,85.17465209960938,106.70999908447266,106.61000061035156,106.66999816894531,1568600
2018-08-24,85.27052307128906,85.27052307128906,106.7300033569336,106.48999786376953,106.5,3649700
2018-08-27,85.1586685180664,85.1586685180664,106.66000366210938,106.55999755859375,106.58999633789062,3233500
2018-08-28,84.99890899658203,84.99890899658203,106.48999786376953,106.36000061035156,106.44999694824219,2558100
2018-08-29,84.9828872680664,84.9828872680664,106.41000366210938,106.29000091552734,106.37999725341797,2792400
2018-08-30,85.0228271484375,85.0228271484375,106.5,106.37999725341797,106.47000122070312,2803200
2018-08-31,85.01483154296875,85.01483154296875,106.5999984741211,106.41000366210938,106.58000183105469,3308700
2018-09-04,84.92036437988281,84.92036437988281,106.12000274658203,105.9800033569336,106.0199966430664,3164000
2018-09-05,84.88034057617188,84.88034057617188,106.08000183105469,105.95999908447266,106.05000305175781,2788300
2018-09-06,85.02447509765625,85.02447509765625,106.2699966430664,106.08999633789062,106.08999633789062,2248500
2018-09-07,84.72022247314453,84.72022247314453,105.94000244140625,105.80999755859375,105.91999816894531,2571600
2018-09-10,84.80025482177734,84.80025482177734,105.94999694824219,105.8499984741211,105.8499984741211,3305700
2018-09-11,84.65614318847656,84.65614318847656,105.83999633789062,105.69999694824219,105.77999877929688,4919000
2018-09-12,84.71219635009766,84.71219635009766,105.88999938964844,105.80000305175781,105.80999755859375,4168900
2018-09-13,84.76826477050781,84.76826477050781,106.0,105.8499984741211,105.95999908447266,2280200
2018-09-14,84.60812377929688,84.60812377929688,105.79000091552734,105.66000366210938,105.72000122070312,2693000
2018-09-17,84.60812377929688,84.60812377929688,105.77999877929688,105.5999984741211,105.6500015258789,5721700
2018-09-18,84.42394256591797,84.42394256591797,105.5999984741211,105.38999938964844,105.58999633789062,2206000
2018-09-19,84.26380157470703,84.26380157470703,105.43000030517578,105.22000122070312,105.41999816894531,2700600
2018-09-20,84.3758773803711,84.3758773803711,105.44999694824219,105.2300033569336,105.2300033569336,2897700
2018-09-21,84.43997192382812,84.43997192382812,105.47000122070312,105.31999969482422,105.33999633789062,2792600
2018-09-24,84.35990142822266,84.35990142822266,105.45999908447266,105.30999755859375,105.33000183105469,1895000
2018-09-25,84.31983184814453,84.31983184814453,105.30999755859375,105.18000030517578,105.25,2059400
2018-09-26,84.5200424194336,84.5200424194336,105.5999984741211,105.33999633789062,105.37000274658203,2912100
2018-09-27,84.5760726928711,84.5760726928711,105.63999938964844,105.5,105.5,2528100
2018-09-28,84.48799896240234,84.48799896240234,105.70999908447266,105.51000213623047,105.69000244140625,4883900
2018-10-01,84.46552276611328,84.46552276611328,105.3499984741211,105.19999694824219,105.3499984741211,3518400
2018-10-02,84.56183624267578,84.56183624267578,105.45999908447266,105.25,105.31999969482422,6912600
2018-10-03,84.16056060791016,84.16056060791016,105.23999786376953,104.75,105.22000122070312,2540500
2018-10-04,83.91976165771484,83.91976165771484,104.72000122070312,104.47000122070312,104.6500015258789,5268200
2018-10-05,83.73515319824219,83.73515319824219,104.4800033569336,104.19000244140625,104.45999908447266,3460500
2018-10-08,83.70308685302734,83.70308685302734,104.4000015258789,104.29000091552734,104.37999725341797,2268000
2018-10-09,83.82342529296875,83.82342529296875,104.51000213623047,104.31999969482422,104.38999938964844,21903200
2018-10-10,83.79935455322266,83.79935455322266,104.45999908447266,104.2300033569336,104.33999633789062,3834800
2018-10-11,84.04821014404297,84.04821014404297,104.86000061035156,104.51000213623047,104.58999633789062,7053900
2018-10-12,84.07225799560547,84.07225799560547,104.87000274658203,104.68000030517578,104.70999908447266,5017400
2018-10-15,84.01609802246094,84.01609802246094,104.77999877929688,104.62000274658203,104.7300033569336,3047700
2018-10-16,84.0642318725586,84.0642318725586,104.73999786376953,104.58000183105469,104.69000244140625,5750100
2018-10-17,83.89571380615234,83.89571380615234,104.7699966430664,104.5199966430664,104.70999908447266,2844200
2018-10-18,83.83948516845703,83.83948516845703,104.62000274658203,104.37999725341797,104.38999938964844,3158200
2018-10-19,83.76725769042969,83.76725769042969,104.55000305175781,104.33999633789062,104.47000122070312,2985800
2018-10-22,83.75123596191406,83.75123596191406,104.5199966430664,104.33999633789062,104.47000122070312,2807300
2018-10-23,83.85556030273438,83.85556030273438,104.73999786376953,104.4800033569336,104.66999816894531,3524300
2018-10-24,84.07225799560547,84.07225799560547,104.80999755859375,104.66999816894531,104.69000244140625,4465100
2018-10-25,84.00001525878906,84.00001525878906,104.7699966430664,104.61000061035156,104.70999908447266,8290200
2018-10-26,84.19264221191406,84.19264221191406,105.05000305175781,104.87000274658203,104.87999725341797,5811400
2018-10-29,84.10440826416016,84.10440826416016,104.88999938964844,104.72000122070312,104.86000061035156,5075100
2018-10-30,83.98399353027344,83.98399353027344,104.77999877929688,104.63999938964844,104.68000030517578,2552000
2018-10-31,83.94388580322266,83.94388580322266,104.69999694824219,104.5,104.5,14880500
2018-11-01,84.1559829711914,84.1559829711914,104.41000366210938,104.20999908447266,104.22000122070312,7919000
2018-11-02,83.90594482421875,83.90594482421875,104.29000091552734,103.94000244140625,104.25,4491500
2018-11-05,83.96243286132812,83.96243286132812,104.16999816894531,104.06999969482422,104.13999938964844,3412600
2018-11-06,83.970458984375,83.970458984375,104.16999816894531,104.05999755859375,104.08999633789062,2619900
2018-11-07,84.04305267333984,84.04305267333984,104.36000061035156,104.13999938964844,104.25,4677200
2018-11-08,83.88982391357422,83.88982391357422,104.22000122070312,104.0,104.19000244140625,3489200
2018-11-09,83.99466705322266,83.99466705322266,104.25,104.06999969482422,104.06999969482422,2901900
2018-11-12,84.13178253173828,84.13178253173828,104.3499984741211,104.25,104.30999755859375,2779700
2018-11-13,84.1640625,84.1640625,104.37000274658203,104.20999908447266,104.30000305175781,2977100
2018-11-14,84.17208862304688,84.17208862304688,104.5,104.19999694824219,104.22000122070312,3395900
2018-11-15,84.27694702148438,84.27694702148438,104.51000213623047,104.30999755859375,104.4800033569336,3861300
2018-11-16,84.4140853881836,84.4140853881836,104.70999908447266,104.51000213623047,104.55000305175781,3332600
2018-11-19,84.40601348876953,84.40601348876953,104.7300033569336,104.61000061035156,104.61000061035156,4673200
2018-11-20,84.37371063232422,84.37371063232422,104.72000122070312,104.61000061035156,104.66999816894531,3162700
2018-11-21,84.43019104003906,84.43019104003906,104.69000244140625,104.58000183105469,104.5999984741211,5701700
2018-11-23,84.40601348876953,84.40601348876953,104.83999633789062,104.6500015258789,104.83999633789062,1665900
2018-11-26,84.38984680175781,84.38984680175781,104.66999816894531,104.58999633789062,104.66999816894531,4326100
2018-11-27,84.4140853881836,84.4140853881836,104.73999786376953,104.58000183105469,104.58000183105469,4107700
2018-11-28,84.57540893554688,84.57540893554688,104.91000366210938,104.56999969482422,104.62999725341797,8513900
2018-11-29,84.61569213867188,84.61569213867188,104.98999786376953,104.83999633789062,104.91999816894531,5922600
2018-11-30,84.59149932861328,84.59149932861328,104.95999908447266,104.81999969482422,104.93000030517578,6126200
2018-12-03,84.72974395751953,84.72974395751953,104.86000061035156,104.62999725341797,104.69000244140625,14037900
2018-12-04,84.95612335205078,84.95612335205078,105.27999877929688,104.94000244140625,104.9800033569336,5365200
2018-12-06,85.16631317138672,85.16631317138672,105.54000091552734,105.27999877929688,105.29000091552734,7396800
2018-12-07,85.27954864501953,85.27954864501953,105.55000305175781,105.27999877929688,105.38999938964844,5440200
2018-12-10,85.33614349365234,85.33614349365234,105.62999725341797,105.43000030517578,105.55000305175781,6096000
2018-12-11,85.3603515625,85.3603515625,105.72000122070312,105.51000213623047,105.62999725341797,8086200
2018-12-12,85.29571533203125,85.29571533203125,105.56999969482422,105.45999908447266,105.4800033569336,8089000
2018-12-13,85.31995391845703,85.31995391845703,105.6500015258789,105.52999877929688,105.58999633789062,5762500
2018-12-14,85.34423828125,85.34423828125,105.68000030517578,105.55999755859375,105.68000030517578,6265000
2018-12-17,85.4897232055664,85.4897232055664,105.77999877929688,105.61000061035156,105.66000366210938,7630500
2018-12-18,85.74089050292969,85.74089050292969,105.83999633789062,105.62999725341797,105.62999725341797,6626100
2018-12-19,85.82186126708984,85.82186126708984,106.16999816894531,105.79000091552734,105.87999725341797,7264800
2018-12-20,85.74089050292969,85.74089050292969,106.12000274658203,105.80999755859375,106.0999984741211,7695000
2018-12-21,85.70034790039062,85.70034790039062,105.95999908447266,105.76000213623047,105.94000244140625,10381200
2018-12-24,85.757080078125,85.757080078125,106.0,105.80999755859375,105.94999694824219,7196100
2018-12-26,85.59503936767578,85.59503936767578,106.0,105.62999725341797,105.91999816894531,8606900
2018-12-27,85.73279571533203,85.73279571533203,106.05999755859375,105.7699966430664,105.94999694824219,10562200
2018-12-28,86.04874420166016,86.04874420166016,106.22000122070312,105.94000244140625,105.97000122070312,7019600
2018-12-31,86.26744079589844,86.26744079589844,106.51000213623047,106.11000061035156,106.12000274658203,9671800
2019-01-02,86.3322525024414,86.3322525024414,106.61000061035156,106.47000122070312,106.55000305175781,11200700
2019-01-03,86.68869018554688,86.68869018554688,107.08000183105469,106.56999969482422,106.56999969482422,6497000
2019-01-04,86.4294204711914,86.4294204711914,106.72000122070312,106.55000305175781,106.66000366210938,8149000
2019-01-07,86.28365325927734,86.28365325927734,106.79000091552734,106.45999908447266,106.72000122070312,7433700
2019-01-08,86.21882629394531,86.21882629394531,106.52999877929688,106.37999725341797,106.4000015258789,4395600
2019-01-09,86.2917709350586,86.2917709350586,106.56999969482422,106.4000015258789,106.41999816894531,5458100
2019-01-10,86.19450378417969,86.19450378417969,106.55999755859375,106.33000183105469,106.5199966430664,3532500
2019-01-11,86.31603240966797,86.31603240966797,106.66000366210938,106.5,106.58000183105469,5759000
2019-01-14,86.19450378417969,86.19450378417969,106.61000061035156,106.4000015258789,106.56999969482422,7544300
2019-01-15,86.21072387695312,86.21072387695312,106.55000305175781,106.33000183105469,106.54000091552734,3690200
2019-01-16,86.28365325927734,86.28365325927734,106.5199966430664,106.30999755859375,106.33000183105469,4007800
2019-01-17,86.21882629394531,86.21882629394531,106.52999877929688,106.33999633789062,106.52999877929688,5547000
2019-01-18,86.15400695800781,86.15400695800781,106.4800033569336,106.27999877929688,106.37000274658203,5643400
2019-01-22,86.2269287109375,86.2269287109375,106.62000274658203,106.44000244140625,106.44000244140625,6824000
2019-01-23,86.31603240966797,86.31603240966797,106.58999633789062,106.37000274658203,106.37999725341797,3222800
2019-01-24,86.46189880371094,86.46189880371094,106.83999633789062,106.66999816894531,106.72000122070312,7308900
2019-01-25,86.42134857177734,86.42134857177734,106.69999694824219,106.55999755859375,106.63999938964844,3469500
2019-01-28,86.372802734375,86.372802734375,106.75,106.58000183105469,106.62000274658203,7365700
2019-01-29,86.5995864868164,86.5995864868164,106.93000030517578,106.69000244140625,106.7300033569336,6158600
2019-01-30,86.79399108886719,86.79399108886719,107.1500015258789,106.79000091552734,106.79000091552734,6350400
2019-01-31,87.05320739746094,87.05320739746094,107.52999877929688,107.29000091552734,107.30000305175781,14766500
2019-02-01,86.87294006347656,86.87294006347656,107.1500015258789,106.87999725341797,107.08999633789062,7227900
2019-02-04,86.79983520507812,86.79983520507812,106.9000015258789,106.7699966430664,106.83000183105469,14227700
2019-02-05,86.98663330078125,86.98663330078125,107.13999938964844,106.94999694824219,106.94999694824219,8913500
2019-02-06,86.93792724609375,86.93792724609375,107.22000122070312,106.98999786376953,107.19999694824219,6449600
2019-02-07,86.97850036621094,86.97850036621094,107.19999694824219,107.02999877929688,107.1500015258789,3938900
2019-02-08,87.17340850830078,87.17340850830078,107.37999725341797,107.16999816894531,107.16999816894531,4288600
2019-02-11,87.0840835571289,87.0840835571289,107.27999877929688,107.1500015258789,107.2300033569336,3521000
2019-02-12,87.10037994384766,87.10037994384766,107.26000213623047,107.12000274658203,107.22000122070312,3136700
2019-02-13,86.94601440429688,86.94601440429688,107.13999938964844,107.01000213623047,107.08000183105469,2526100
2019-02-14,87.0759506225586,87.0759506225586,107.3499984741211,107.16999816894531,107.33000183105469,2908500
2019-02-15,87.14095306396484,87.14095306396484,107.30999755859375,107.19000244140625,107.25,2413900
2019-02-19,87.1896743774414,87.1896743774414,107.44999694824219,107.27999877929688,107.43000030517578,6235500
2019-02-20,87.19776153564453,87.19776153564453,107.38999938964844,107.27999877929688,107.37000274658203,3231100
2019-02-21,87.00289154052734,87.00289154052734,107.18000030517578,107.0999984741211,107.16000366210938,3677000
2019-02-22,87.2221450805664,87.2221450805664,107.5199966430664,107.22000122070312,107.25,2731500
2019-02-25,87.19776153564453,87.19776153564453,107.4000015258789,107.30000305175781,107.3499984741211,3645400
2019-02-26,87.2952651977539,87.2952651977539,107.56999969482422,107.43000030517578,107.52999877929688,4759400
2019-02-27,87.10846710205078,87.10846710205078,107.4000015258789,107.20999908447266,107.4000015258789,2988300
2019-02-28,86.95415496826172,86.95415496826172,107.29000091552734,107.02999877929688,107.26000213623047,11872100
2019-03-01,86.81331634521484,86.81331634521484,106.83999633789062,106.61000061035156,106.7699966430664,5527000
2019-03-04,86.91915893554688,86.91915893554688,106.83999633789062,106.69000244140625,106.73999786376953,3837200
2019-03-05,86.97610473632812,86.97610473632812,106.83999633789062,106.66999816894531,106.7300033569336,5835800
2019-03-06,87.10636138916016,87.10636138916016,107.06999969482422,106.8499984741211,106.87999725341797,4834000
2019-03-07,87.35063934326172,87.35063934326172,107.3499984741211,107.12000274658203,107.16000366210938,6089100
2019-03-08,87.464599609375,87.464599609375,107.47000122070312,107.23999786376953,107.30999755859375,4943100
2019-03-11,87.47276306152344,87.47276306152344,107.47000122070312,107.3499984741211,107.44000244140625,5638300
2019-03-12,87.6356201171875,87.6356201171875,107.66999816894531,107.43000030517578,107.5,5243400
2019-03-13,87.59492492675781,87.59492492675781,107.61000061035156,107.51000213623047,107.55999755859375,2608800
2019-03-14,87.464599609375,87.464599609375,107.58000183105469,107.38999938964844,107.56999969482422,2955400
2019-03-15,87.68441009521484,87.68441009521484,107.73999786376953,107.56999969482422,107.6500015258789,2756900
2019-03-18,87.6681900024414,87.6681900024414,107.69999694824219,107.62999725341797,107.66999816894531,2295500
2019-03-19,87.61931610107422,87.61931610107422,107.70999908447266,107.52999877929688,107.58000183105469,2928300
2019-03-20,87.97753143310547,87.97753143310547,108.08999633789062,107.66999816894531,107.70999908447266,4236200
2019-03-21,87.99384307861328,87.99384307861328,108.18000030517578,108.05000305175781,108.12999725341797,4192700
2019-03-22,88.43347930908203,88.43347930908203,108.76000213623047,108.37000274658203,108.45999908447266,2464100
2019-03-25,88.59632110595703,88.59632110595703,108.98999786376953,108.5999984741211,108.62999725341797,4971300
2019-03-26,88.61262512207031,88.61262512207031,108.93000030517578,108.70999908447266,108.76000213623047,3120500
2019-03-27,88.79983520507812,88.79983520507812,109.18000030517578,108.98999786376953,109.0,3719600
2019-03-28,88.8080062866211,88.8080062866211,109.13999938964844,108.95999908447266,109.05999755859375,6071000
2019-03-29,88.79983520507812,88.79983520507812,109.06999969482422,108.83000183105469,108.8499984741211,5988300
2019-04-01,88.39341735839844,88.39341735839844,108.62000274658203,108.27999877929688,108.62000274658203,11261700
2019-04-02,88.49136352539062,88.49136352539062,108.45999908447266,108.31999969482422,108.38999938964844,8080100
2019-04-03,88.32811737060547,88.32811737060547,108.31999969482422,108.19000244140625,108.23999786376953,3731100
2019-04-04,88.39341735839844,88.39341735839844,108.31999969482422,108.19999694824219,108.25,3676900
2019-04-05,88.45870971679688,88.45870971679688,108.41000366210938,108.2300033569336,108.2699966430664,2236600
2019-04-08,88.41786193847656,88.41786193847656,108.4000015258789,108.30000305175781,108.38999938964844,9485300
2019-04-09,88.46685791015625,88.46685791015625,108.5199966430664,108.38999938964844,108.47000122070312,3753800
2019-04-10,88.63825225830078,88.63825225830078,108.63999938964844,108.5,108.55000305175781,4682000
2019-04-11,88.53214263916016,88.53214263916016,108.52999877929688,108.41999816894531,108.52999877929688,2827700
2019-04-12,88.36077880859375,88.36077880859375,108.3499984741211,108.22000122070312,108.26000213623047,2390600
2019-04-15,88.3444595336914,88.3444595336914,108.30000305175781,108.20999908447266,108.20999908447266,2546200
2019-04-16,88.18938446044922,88.18938446044922,108.20999908447266,108.0199966430664,108.12000274658203,4093900
2019-04-17,88.18122863769531,88.18122863769531,108.19000244140625,108.05000305175781,108.08999633789062,3390200
2019-04-18,88.29549407958984,88.29549407958984,108.29000091552734,108.16000366210938,108.2300033569336,2217200
2019-04-22,88.18938446044922,88.18938446044922,108.16000366210938,108.05000305175781,108.12999725341797,5725600
2019-04-23,88.3444595336914,88.3444595336914,108.27999877929688,108.1500015258789,108.18000030517578,3422700
2019-04-24,88.5484619140625,88.5484619140625,108.52999877929688,108.41999816894531,108.41999816894531,3000000
2019-04-25,88.54033660888672,88.54033660888672,108.55000305175781,108.41999816894531,108.47000122070312,2648100
2019-04-26,88.71988677978516,88.71988677978516,108.75,108.66000366210938,108.73999786376953,2299900
2019-04-29,88.5647964477539,88.5647964477539,108.62000274658203,108.48999786376953,108.55999755859375,2782600
2019-04-30,88.62194061279297,88.62194061279297,108.68000030517578,108.51000213623047,108.55999755859375,7491500
2019-05-01,88.67919921875,88.67919921875,108.76000213623047,108.31999969482422,108.47000122070312,6387900
2019-05-02,88.48283386230469,88.48283386230469,108.33000183105469,108.0999984741211,108.33000183105469,3379400
2019-05-03,88.63007354736328,88.63007354736328,108.41999816894531,108.27999877929688,108.31999969482422,2326300
2019-05-06,88.74462890625,88.74462890625,108.56999969482422,108.44000244140625,108.55999755859375,4609100
2019-05-07,88.85099029541016,88.85099029541016,108.69999694824219,108.58999633789062,108.62999725341797,3051400
2019-05-08,88.83464050292969,88.83464050292969,108.80999755859375,108.55000305175781,108.73999786376953,5946400
2019-05-09,88.88372039794922,88.88372039794922,108.80999755859375,108.55000305175781,108.77999877929688,4847600
2019-05-10,88.90006256103516,88.90006256103516,108.81999969482422,108.62999725341797,108.73999786376953,5257500
2019-05-13,89.04731750488281,89.04731750488281,108.9800033569336,108.81999969482422,108.83000183105469,6733800
2019-05-14,89.12095642089844,89.12095642089844,108.97000122070312,108.87000274658203,108.9000015258789,6217000
2019-05-15,89.2763900756836,89.2763900756836,109.18000030517578,109.0,109.16000366210938,2666500
2019-05-16,89.17001342773438,89.17001342773438,109.04000091552734,108.94999694824219,109.04000091552734,2757000
2019-05-17,89.1945571899414,89.1945571899414,109.1500015258789,108.94000244140625,109.12000274658203,2090800
2019-05-20,89.07186889648438,89.07186889648438,109.05999755859375,108.86000061035156,108.9800033569336,2035000
2019-05-21,89.06366729736328,89.06366729736328,108.91000366210938,108.80999755859375,108.86000061035156,2029800
2019-05-22,89.2109146118164,89.2109146118164,109.08999633789062,108.91999816894531,108.94999694824219,3509900
2019-05-23,89.47272491455078,89.47272491455078,109.5,109.13999938964844,109.18000030517578,4922500
2019-05-24,89.50543212890625,89.50543212890625,109.44999694824219,109.33000183105469,109.37000274658203,2010300
2019-05-28,89.6363525390625,89.6363525390625,109.6500015258789,109.5,109.56999969482422,6270100
2019-05-29,89.66088104248047,89.66088104248047,109.8499984741211,109.5999984741211,109.7300033569336,5634400
2019-05-30,89.89810943603516,89.89810943603516,109.94000244140625,109.6500015258789,109.7699966430664,3305200
2019-05-31,90.31534576416016,90.31534576416016,110.63999938964844,110.0,110.01000213623047,9204100
2019-06-03,90.52857971191406,90.52857971191406,110.5199966430664,110.16999816894531,110.26000213623047,7137500
2019-06-04,90.446533203125,90.446533203125,110.37999725341797,110.12999725341797,110.27999877929688,5131700
2019-06-05,90.39734649658203,90.39734649658203,110.47000122070312,110.2300033569336,110.36000061035156,3253500
2019-06-06,90.3809814453125,90.3809814453125,110.41999816894531,110.16000366210938,110.33999633789062,2660400
2019-06-07,90.63516998291016,90.63516998291016,110.66999816894531,110.44999694824219,110.63999938964844,3697100
2019-06-10,90.39734649658203,90.39734649658203,110.36000061035156,110.22000122070312,110.36000061035156,3992900
2019-06-11,90.3809814453125,90.3809814453125,110.25,110.16999816894531,110.20999908447266,4374600
2019-06-12,90.49575805664062,90.49575805664062,110.41000366210938,110.26000213623047,110.27999877929688,2797600
2019-06-13,90.6925277709961,90.6925277709961,110.62000274658203,110.4000015258789,110.43000030517578,2293200
2019-06-14,90.66796875,90.66796875,110.62999725341797,110.4800033569336,110.51000213623047,1901200
2019-06-17,90.64334106445312,90.64334106445312,110.5999984741211,110.45999908447266,110.5199966430664,3312600
2019-06-18,90.88935089111328,90.88935089111328,110.97000122070312,110.70999908447266,110.94000244140625,3640300
2019-06-19,91.20094299316406,91.20094299316406,111.22000122070312,110.6500015258789,110.70999908447266,2895900
2019-06-20,91.35675048828125,91.35675048828125,111.56999969482422,111.33999633789062,111.38999938964844,4224300
2019-06-21,91.11894989013672,91.11894989013672,111.26000213623047,111.04000091552734,111.22000122070312,4640200
2019-06-24,91.28294372558594,91.28294372558594,111.37999725341797,111.22000122070312,111.2300033569336,3079800
2019-06-25,91.29934692382812,91.29934692382812,111.44000244140625,111.22000122070312,111.36000061035156,3111100
2019-06-26,91.09435272216797,91.09435272216797,111.30999755859375,111.05999755859375,111.29000091552734,3703200
2019-06-27,91.34855651855469,91.34855651855469,111.41000366210938,111.16000366210938,111.25,2963600
2019-06-28,91.30755615234375,91.30755615234375,111.47000122070312,111.31999969482422,111.36000061035156,9887800
2019-07-01,91.37495422363281,91.37495422363281,111.2699966430664,111.01000213623047,111.25,4186800
2019-07-02,91.53929138183594,91.53929138183594,111.41000366210938,111.13999938964844,111.19999694824219,5765400
2019-07-03,91.68724060058594,91.68724060058594,111.5999984741211,111.43000030517578,111.44000244140625,1324800
2019-07-05,91.30097961425781,91.30097961425781,111.20999908447266,110.91000366210938,111.20999908447266,2461200
2019-07-08,91.25165557861328,91.25165557861328,111.26000213623047,111.02999877929688,111.2300033569336,3041400
2019-07-09,91.22700500488281,91.22700500488281,111.05999755859375,110.94999694824219,111.04000091552734,2525800
2019-07-10,91.29273986816406,91.29273986816406,111.16000366210938,110.97000122070312,111.13999938964844,4589800
2019-07-11,90.95579528808594,90.95579528808594,111.05999755859375,110.66999816894531,111.05999755859375,3303700
2019-07-12,91.05438995361328,91.05438995361328,110.8499984741211,110.66999816894531,110.66999816894531,3836300
2019-07-15,91.18592071533203,91.18592071533203,110.95999908447266,110.8499984741211,110.87000274658203,3619000
2019-07-16,91.08731842041016,91.08731842041016,110.83000183105469,110.63999938964844,110.75,2149100
2019-07-17,91.32562255859375,91.32562255859375,111.13999938964844,110.91000366210938,110.93000030517578,2985600
2019-07-18,91.47357177734375,91.47357177734375,111.33000183105469,111.05999755859375,111.0999984741211,5982200
2019-07-19,91.3667221069336,91.3667221069336,111.29000091552734,111.13999938964844,111.22000122070312,3150800
2019-07-22,91.48180389404297,91.48180389404297,111.41000366210938,111.30000305175781,111.41000366210938,2855100
2019-07-23,91.39138793945312,91.39138793945312,111.31999969482422,111.16000366210938,111.2699966430664,2659300
2019-07-24,91.52287292480469,91.52287292480469,111.41000366210938,111.30000305175781,111.33000183105469,2783300
2019-07-25,91.38314819335938,91.38314819335938,111.33000183105469,111.05000305175781,111.33000183105469,2976800
2019-07-26,91.39962005615234,91.39962005615234,111.31999969482422,111.13999938964844,111.31999969482422,4669000
2019-07-29,91.44071197509766,91.44071197509766,111.3499984741211,111.22000122070312,111.30000305175781,4167100
2019-07-30,91.43244171142578,91.43244171142578,111.33000183105469,111.16000366210938,111.2699966430664,2409300
2019-07-31,91.47357177734375,91.47357177734375,111.58999633789062,111.06999969482422,111.30000305175781,10034500
2019-08-01,92.19023895263672,92.19023895263672,111.94999694824219,111.26000213623047,111.33999633789062,5709100
2019-08-02,92.22320556640625,92.22320556640625,112.04000091552734,111.81999969482422,111.93000030517578,3293700
2019-08-05,92.62686920166016,92.62686920166016,112.58000183105469,112.25,112.27999877929688,7626600
2019-08-06,92.8740005493164,92.8740005493164,112.76000213623047,112.4000015258789,112.47000122070312,5151800
2019-08-07,92.82456970214844,92.82456970214844,113.29000091552734,112.61000061035156,113.16999816894531,9156600
2019-08-08,92.91519165039062,92.91519165039062,112.81999969482422,112.33000183105469,112.51000213623047,3707200
2019-08-09,92.7916030883789,92.7916030883789,112.94999694824219,112.58000183105469,112.86000061035156,2432300
2019-08-12,93.12936401367188,93.12936401367188,113.19000244140625,112.87000274658203,112.93000030517578,2474900
2019-08-13,92.99759674072266,92.99759674072266,113.1500015258789,112.79000091552734,113.1500015258789,3048200
2019-08-14,93.28588104248047,93.28588104248047,113.37999725341797,113.20999908447266,113.27999877929688,2829900
2019-08-15,93.7142562866211,93.7142562866211,113.91000366210938,113.37000274658203,113.38999938964844,2815600
2019-08-16,93.64012145996094,93.64012145996094,113.69000244140625,113.36000061035156,113.56999969482422,5209000
2019-08-19,93.39303588867188,93.39303588867188,113.45999908447266,113.2699966430664,113.33999633789062,2900800
2019-08-20,93.64837646484375,93.64837646484375,113.69999694824219,113.55999755859375,113.66999816894531,2253600
2019-08-21,93.59896850585938,93.59896850585938,113.83000183105469,113.51000213623047,113.51000213623047,3815400
2019-08-22,93.35179138183594,93.35179138183594,113.68000030517578,113.30000305175781,113.51000213623047,6294900
2019-08-23,93.73074340820312,93.73074340820312,113.91000366210938,113.30999755859375,113.33999633789062,3772100
2019-08-26,93.68953704833984,93.68953704833984,113.94999694824219,113.66999816894531,113.83999633789062,5127200
2019-08-27,93.98615264892578,93.98615264892578,114.12000274658203,113.87000274658203,113.91000366210938,3473400
2019-08-28,93.99435424804688,93.99435424804688,114.30000305175781,114.04000091552734,114.30000305175781,5102500
2019-08-29,93.93668365478516,93.93668365478516,114.08000183105469,113.83999633789062,114.08000183105469,2671000
2019-08-30,94.01905822753906,94.01905822753906,114.1500015258789,113.88999938964844,113.9000015258789,4661600
2019-09-03,93.99678802490234,93.99678802490234,114.12000274658203,113.69000244140625,113.86000061035156,6197400
2019-09-04,94.16192626953125,94.16192626953125,114.08000183105469,113.81999969482422,113.81999969482422,3814300
2019-09-05,93.75736236572266,93.75736236572266,113.66999816894531,113.30000305175781,113.61000061035156,5336500
2019-09-06,93.8564224243164,93.8564224243164,113.72000122070312,113.55999755859375,113.66000366210938,3675200
2019-09-09,93.4600601196289,93.4600601196289,113.38999938964844,113.18000030517578,113.38999938964844,2747400
2019-09-10,92.95641326904297,92.95641326904297,113.12999725341797,112.58000183105469,113.0999984741211,3119300
2019-09-11,92.97291564941406,92.97291564941406,112.70999908447266,112.55999755859375,112.58000183105469,2646900
2019-09-12,92.82430267333984,92.82430267333984,112.91000366210938,112.33999633789062,112.91000366210938,4069600
2019-09-13,92.27105712890625,92.27105712890625,112.2699966430664,111.75,112.1500015258789,2506400
2019-09-16,92.51882934570312,92.51882934570312,112.1500015258789,111.88999938964844,112.05000305175781,2923500
2019-09-17,92.6591796875,92.6591796875,112.37000274658203,112.0199966430664,112.11000061035156,2614200
2019-09-18,92.7665023803711,92.7665023803711,112.69999694824219,112.29000091552734,112.5,2291300
2019-09-19,92.89864349365234,92.89864349365234,112.66000366210938,112.44999694824219,112.63999938964844,2280000
2019-09-20,93.23714447021484,93.23714447021484,112.94000244140625,112.58999633789062,112.63999938964844,2048300
2019-09-23,93.27843475341797,93.27843475341797,113.23999786376953,112.94000244140625,113.0199966430664,3412000
2019-09-24,93.53439331054688,93.53439331054688,113.36000061035156,113.02999877929688,113.02999877929688,2602500
2019-09-25,93.14630889892578,93.14630889892578,113.2300033569336,112.73999786376953,113.20999908447266,3813800
2019-09-26,93.3031997680664,93.3031997680664,113.0999984741211,112.94000244140625,113.0,4869400
2019-09-27,93.4188003540039,93.4188003540039,113.16999816894531,113.0,113.0,4652500
2019-09-30,93.44358825683594,93.44358825683594,113.2699966430664,112.91999816894531,112.93000030517578,6359800
2019-10-01,93.61321258544922,93.61321258544922,113.25,112.62999725341797,112.70999908447266,5980200
2019-10-02,93.67938995361328,93.67938995361328,113.30999755859375,113.08999633789062,113.19000244140625,8637000
2019-10-03,94.04352569580078,94.04352569580078,113.73999786376953,113.31999969482422,113.33999633789062,4219100
2019-10-04,94.19252014160156,94.19252014160156,113.83000183105469,113.62999725341797,113.68000030517578,3331200
2019-10-07,93.93595123291016,93.93595123291016,113.70999908447266,113.51000213623047,113.63999938964844,2493000
2019-10-08,93.96907043457031,93.96907043457031,113.81999969482422,113.48999786376953,113.81999969482422,3055700
2019-10-09,93.91944122314453,93.91944122314453,113.55999755859375,113.36000061035156,113.55000305175781,3332800
2019-10-10,93.59666442871094,93.59666442871094,113.33000183105469,113.02999877929688,113.2699966430664,4312400
2019-10-11,93.29047393798828,93.29047393798828,112.8499984741211,112.58999633789062,112.83999633789062,3568600
2019-10-14,93.44772338867188,93.44772338867188,112.93000030517578,112.81999969482422,112.93000030517578,1716600
2019-10-15,93.14149475097656,93.14149475097656,112.91999816894531,112.55000305175781,112.9000015258789,4168600
2019-10-16,93.3070068359375,93.3070068359375,112.79000091552734,112.62000274658203,112.68000030517578,2430600
2019-10-17,93.28219604492188,93.28219604492188,112.86000061035156,112.62000274658203,112.66999816894531,2316400
2019-10-18,93.34838104248047,93.34838104248047,112.91000366210938,112.7300033569336,112.76000213623047,1454200
2019-10-21,93.09184265136719,93.09184265136719,112.70999908447266,112.48999786376953,112.62000274658203,4241600
2019-10-22,93.2325210571289,93.2325210571289,112.73999786376953,112.51000213623047,112.6500015258789,2147400
2019-10-23,93.3070068359375,93.3070068359375,112.87999725341797,112.7300033569336,112.81999969482422,1887800
2019-10-24,93.33183288574219,93.33183288574219,112.94999694824219,112.75,112.83999633789062,1725800
2019-10-25,93.199462890625,93.199462890625,112.8499984741211,112.5199966430664,112.83999633789062,2486600
2019-10-28,93.00079345703125,93.00079345703125,112.44000244140625,112.30999755859375,112.41999816894531,2948300
2019-10-29,93.00907135009766,93.00907135009766,112.5,112.3499984741211,112.4800033569336,2384700
2019-10-30,93.27393341064453,93.27393341064453,112.75,112.43000030517578,112.44999694824219,2381400
2019-10-31,93.63807678222656,93.63807678222656,113.30000305175781,112.88999938964844,112.9800033569336,5399100
2019-11-01,93.66374969482422,93.66374969482422,113.11000061035156,112.80999755859375,112.9800033569336,3988300
2019-11-04,93.43152618408203,93.43152618408203,112.72000122070312,112.58999633789062,112.70999908447266,2662700
2019-11-05,93.08319091796875,93.08319091796875,112.37999725341797,112.1500015258789,112.3499984741211,3205500
2019-11-06,93.22416687011719,93.22416687011719,112.51000213623047,112.26000213623047,112.4000015258789,3840500
2019-11-07,92.78459930419922,92.78459930419922,112.12000274658203,111.63999938964844,112.12000274658203,4022400
2019-11-08,92.7348403930664,92.7348403930664,112.0999984741211,111.80999755859375,111.87000274658203,3866100
2019-11-11,92.7514419555664,92.7514419555664,111.95999908447266,111.77999877929688,111.95999908447266,1559900
2019-11-12,92.85094451904297,92.85094451904297,112.02999877929688,111.80000305175781,111.91999816894531,2032800
2019-11-13,93.01681518554688,93.01681518554688,112.2300033569336,112.08000183105469,112.19999694824219,2570200
2019-11-14,93.28224182128906,93.28224182128906,112.56999969482422,112.43000030517578,112.5,2901000
2019-11-15,93.23245239257812,93.23245239257812,112.45999908447266,112.37999725341797,112.45999908447266,4400400
2019-11-18,93.4066390991211,93.4066390991211,112.6500015258789,112.5199966430664,112.55999755859375,5757900
2019-11-19,93.47296142578125,93.47296142578125,112.76000213623047,112.5999984741211,112.62999725341797,2210700
2019-11-20,93.69692993164062,93.69692993164062,112.9800033569336,112.80999755859375,112.83000183105469,3474400
2019-11-21,93.56420135498047,93.56420135498047,112.88999938964844,112.72000122070312,112.80000305175781,6522800
2019-11-22,93.61398315429688,93.61398315429688,112.9000015258789,112.76000213623047,112.88999938964844,2507000
2019-11-25,93.70523071289062,93.70523071289062,113.01000213623047,112.88999938964844,112.91000366210938,4251200
2019-11-26,93.8379135131836,93.8379135131836,113.16000366210938,113.08000183105469,113.08999633789062,2382200
2019-11-27,93.7218017578125,93.7218017578125,113.06999969482422,112.95999908447266,113.02999877929688,3437300
2019-11-29,93.60568237304688,93.60568237304688,113.0199966430664,112.8499984741211,113.01000213623047,4059000
2019-12-02,93.50261688232422,93.50261688232422,112.51000213623047,112.29000091552734,112.30999755859375,9325100
2019-12-03,93.9265365600586,93.9265365600586,113.12999725341797,112.76000213623047,112.80000305175781,5283800
2019-12-04,93.76859283447266,93.76859283447266,112.94999694824219,112.68000030517578,112.87000274658203,5806500
2019-12-05,93.66055297851562,93.66055297851562,112.73999786376953,112.52999877929688,112.58000183105469,4374700
2019-12-06,93.52754974365234,93.52754974365234,112.68000030517578,112.41000366210938,112.47000122070312,4648200
2019-12-09,93.57743072509766,93.57743072509766,112.72000122070312,112.56999969482422,112.69000244140625,7398300
2019-12-10,93.54415130615234,93.54415130615234,112.66999816894531,112.48999786376953,112.66999816894531,3761100
2019-12-11,93.79354858398438,93.79354858398438,112.9000015258789,112.61000061035156,112.66999816894531,3764500
2019-12-12,93.39456939697266,93.39456939697266,112.79000091552734,112.22000122070312,112.79000091552734,5080100
2019-12-13,93.76859283447266,93.76859283447266,112.86000061035156,112.4000015258789,112.58000183105469,5911000
2019-12-16,93.57743072509766,93.57743072509766,112.69000244140625,112.5,112.68000030517578,5012100
2019-12-17,93.58575439453125,93.58575439453125,112.69999694824219,112.5199966430664,112.69000244140625,3016300
2019-12-18,93.40287780761719,93.40287780761719,112.55999755859375,112.36000061035156,112.55000305175781,6516300
2019-12-19,93.50360107421875,93.50360107421875,112.36000061035156,112.12999725341797,112.19000244140625,5613800
2019-12-20,93.52027893066406,93.52027893066406,112.33000183105469,112.1500015258789,112.20999908447266,8809200
2019-12-23,93.45365905761719,93.45365905761719,112.38999938964844,112.18000030517578,112.37999725341797,3148600
2019-12-24,93.57022094726562,93.57022094726562,112.4000015258789,112.12999725341797,112.16999816894531,1887800
2019-12-26,93.65351104736328,93.65351104736328,112.48999786376953,112.31999969482422,112.41999816894531,6072100
2019-12-27,93.77840423583984,93.77840423583984,112.63999938964844,112.58000183105469,112.5999984741211,4733800
2019-12-30,93.77840423583984,93.77840423583984,112.6500015258789,112.33999633789062,112.41999816894531,3979100
2019-12-31,93.56190490722656,93.56190490722656,112.54000091552734,112.37000274658203,112.54000091552734,6807600
2020-01-02,93.82002258300781,93.82002258300781,112.80000305175781,112.55999755859375,112.68000030517578,6791400
2020-01-03,94.09480285644531,94.09480285644531,113.05000305175781,112.77999877929688,112.88999938964844,3664300
2020-01-06,94.01985931396484,94.01985931396484,113.12999725341797,112.83999633789062,113.12999725341797,8131600
2020-01-07,93.91993713378906,93.91993713378906,112.91999816894531,112.77999877929688,112.91999816894531,2883000
2020-01-08,93.81170654296875,93.81170654296875,112.94000244140625,112.55000305175781,112.8499984741211,7323100
2020-01-09,93.91161346435547,93.91161346435547,112.79000091552734,112.45999908447266,112.48999786376953,9110900
2020-01-10,94.06980895996094,94.06980895996094,112.98999786376953,112.81999969482422,112.9000015258789,4198100
2020-01-13,94.01152038574219,94.01152038574219,112.94000244140625,112.83000183105469,112.88999938964844,4465300
2020-01-14,94.09480285644531,94.09480285644531,113.0199966430664,112.93000030517578,112.97000122070312,3625400
2020-01-15,94.23631286621094,94.23631286621094,113.19000244140625,113.06999969482422,113.18000030517578,3896300
2020-01-16,94.23631286621094,94.23631286621094,113.20999908447266,113.05000305175781,113.16000366210938,2801400
2020-01-17,94.12808990478516,94.12808990478516,113.0999984741211,112.97000122070312,113.0199966430664,3003300
2020-01-21,94.39453125,94.39453125,113.41000366210938,113.22000122070312,113.25,4672100
2020-01-22,94.44447326660156,94.44447326660156,113.48999786376953,113.38999938964844,113.44000244140625,3627200
2020-01-23,94.56939697265625,94.56939697265625,113.69999694824219,113.58000183105469,113.63999938964844,3429500
2020-01-24,94.7442398071289,94.7442398071289,113.88999938964844,113.66999816894531,113.68000030517578,4199800
2020-01-27,95.03563690185547,95.03563690185547,114.16000366210938,114.05000305175781,114.13999938964844,4790000
2020-01-28,94.9523696899414,94.9523696899414,114.16000366210938,113.94999694824219,114.0999984741211,4463800
2020-01-29,95.16885375976562,95.16885375976562,114.3499984741211,114.11000061035156,114.12999725341797,2890200
2020-01-30,95.17719268798828,95.17719268798828,114.54000091552734,114.23999786376953,114.27999877929688,6885600
2020-01-31,95.46031188964844,95.46031188964844,114.66999816894531,114.37999725341797,114.4800033569336,5281900
2020-02-03,95.42943572998047,95.42943572998047,114.41000366210938,114.08000183105469,114.19999694824219,7214200
2020-02-04,95.11231994628906,95.11231994628906,114.0999984741211,113.88999938964844,114.0999984741211,5290800
2020-02-05,94.9704818725586,94.9704818725586,113.87000274658203,113.76000213623047,113.81999969482422,6066900
2020-02-06,95.02889251708984,95.02889251708984,113.93000030517578,113.7699966430664,113.81999969482422,6838700
2020-02-07,95.30430603027344,95.30430603027344,114.27999877929688,114.0999984741211,114.19999694824219,5224200
2020-02-10,95.4126968383789,95.4126968383789,114.44000244140625,114.29000091552734,114.44000244140625,8187800
2020-02-11,95.2959213256836,95.2959213256836,114.3499984741211,114.19000244140625,114.3499984741211,5633400
2020-02-12,95.19579315185547,95.19579315185547,114.13999938964844,114.02999877929688,114.12000274658203,6373700
2020-02-13,95.26251983642578,95.26251983642578,114.23999786376953,114.0999984741211,114.11000061035156,5214400
2020-02-14,95.36266326904297,95.36266326904297,114.37999725341797,114.2699966430664,114.3499984741211,4004900
2020-02-18,95.48783111572266,95.48783111572266,114.55999755859375,114.33999633789062,114.4800033569336,4874800
2020-02-19,95.46275329589844,95.46275329589844,114.47000122070312,114.33000183105469,114.4000015258789,3692200
2020-02-20,95.67972564697266,95.67972564697266,114.68000030517578,114.48999786376953,114.52999877929688,4056000
2020-02-21,95.87165832519531,95.87165832519531,115.0999984741211,114.83999633789062,114.86000061035156,4492700
2020-02-24,96.18038177490234,96.18038177490234,115.43000030517578,115.2300033569336,115.43000030517578,7490100
2020-02-25,96.34724426269531,96.34724426269531,115.58000183105469,115.2699966430664,115.27999877929688,7474600
2020-02-26,96.24713897705078,96.24713897705078,115.61000061035156,115.26000213623047,115.31999969482422,4763000
2020-02-27,96.26383209228516,96.26383209228516,115.75,115.3499984741211,115.75,11606400
2020-02-28,96.97305297851562,96.97305297851562,116.33999633789062,115.76000213623047,115.87999725341797,17243000
2020-03-02,96.93877410888672,96.93877410888672,116.44000244140625,115.88999938964844,116.29000091552734,13198200
2020-03-03,97.59928894042969,97.59928894042969,117.26000213623047,116.01000213623047,116.05000305175781,12541000
2020-03-04,97.52404022216797,97.52404022216797,117.12000274658203,116.52999877929688,116.83000183105469,6285300
2020-03-05,97.82504272460938,97.82504272460938,117.2300033569336,116.93000030517578,116.98999786376953,6802800
2020-03-06,98.54409790039062,98.54409790039062,118.2699966430664,117.5,118.18000030517578,17456400
2020-03-09,98.41868591308594,98.41868591308594,119.2699966430664,117.0,119.2699966430664,13666700
2020-03-10,97.30667114257812,97.30667114257812,117.68000030517578,116.16999816894531,117.41000366210938,18694100
2020-03-11,95.91873168945312,95.91873168945312,116.79000091552734,114.55000305175781,116.69999694824219,13053300
2020-03-12,92.08094787597656,92.08094787597656,114.75,109.05999755859375,113.9800033569336,18684800
2020-03-13,93.5274429321289,93.5274429321289,112.45999908447266,110.25,111.52999877929688,24960500
2020-03-16,95.09092712402344,95.09092712402344,113.94999694824219,110.45999908447266,111.37000274658203,12310300
2020-03-17,92.63278198242188,92.63278198242188,113.91999816894531,110.58999633789062,112.88999938964844,15737200
2020-03-18,89.10440063476562,89.10440063476562,110.56999969482422,105.7699966430664,109.36000061035156,17061700
2020-03-19,91.0943374633789,91.0943374633789,109.22000122070312,105.55999755859375,106.47000122070312,11720200
2020-03-20,91.99735260009766,91.99735260009766,110.23999786376953,108.45999908447266,108.45999908447266,16503700
2020-03-23,94.17961883544922,94.17961883544922,112.94000244140625,109.0,109.9000015258789,12572200
2020-03-24,94.95716094970703,94.95716094970703,113.56999969482422,111.08000183105469,111.5199966430664,10253600
2020-03-25,95.92707824707031,95.92707824707031,114.75,113.69999694824219,114.0,10999700
2020-03-26,96.21968841552734,96.21968841552734,115.38999938964844,114.19999694824219,114.19999694824219,16611400
2020-03-27,96.6293716430664,96.6293716430664,115.58000183105469,114.52999877929688,114.77999877929688,10841600
2020-03-30,96.72138214111328,96.72138214111328,116.26000213623047,115.62000274658203,115.7699966430664,13340200
2020-03-31,96.4621810913086,96.4621810913086,115.9800033569336,115.2300033569336,115.70999908447266,14018600
2020-04-01,96.13455200195312,96.13455200195312,115.4000015258789,114.6500015258789,115.37999725341797,14192100
2020-04-02,96.2770004272461,96.2770004272461,115.22000122070312,114.69999694824219,115.0199966430664,11565400
2020-04-03,96.34403991699219,96.34403991699219,115.12999725341797,114.27999877929688,114.94999694824219,9786700
2020-04-06,96.81328582763672,96.81328582763672,115.61000061035156,115.0199966430664,115.0199966430664,8457700
2020-04-07,96.94731903076172,96.94731903076172,115.73999786376953,115.36000061035156,115.61000061035156,7743900
2020-04-08,97.03951263427734,97.03951263427734,115.97000122070312,115.55000305175781,115.69999694824219,4674200
2020-04-09,98.24610900878906,98.24610900878906,117.25,116.16999816894531,116.5,5584100
2020-04-13,97.7852783203125,97.7852783203125,117.16999816894531,116.52999877929688,117.08999633789062,5738300
2020-04-14,97.83551025390625,97.83551025390625,117.0,116.58999633789062,116.98999786376953,5506700
2020-04-15,98.23773193359375,98.23773193359375,117.30999755859375,116.70999908447266,117.02999877929688,4367400
2020-04-16,98.3634262084961,98.3634262084961,117.52999877929688,117.19000244140625,117.19000244140625,4744700
2020-04-17,98.24610900878906,98.24610900878906,117.62000274658203,117.04000091552734,117.5199966430664,4949800
2020-04-20,98.10368347167969,98.10368347167969,117.27999877929688,116.94000244140625,117.1500015258789,3847900
2020-04-21,98.15396118164062,98.15396118164062,117.44000244140625,117.06999969482422,117.43000030517578,4660500
2020-04-22,98.15396118164062,98.15396118164062,117.23999786376953,116.94000244140625,117.16000366210938,4647200
2020-04-23,98.38854217529297,98.38854217529297,117.44999694824219,117.19000244140625,117.33000183105469,4331100
2020-04-24,98.33827209472656,98.33827209472656,117.38999938964844,117.19999694824219,117.22000122070312,3161600
2020-04-27,97.88578796386719,97.88578796386719,117.36000061035156,116.81999969482422,117.20999908447266,5576300
2020-04-28,98.27122497558594,98.27122497558594,117.44999694824219,117.12000274658203,117.2699966430664,5889800
2020-04-29,98.33827209472656,98.33827209472656,117.4800033569336,117.19999694824219,117.29000091552734,4653100
2020-04-30,98.12042236328125,98.12042236328125,117.48999786376953,117.06999969482422,117.37999725341797,10487500
2020-05-01,98.12547302246094,98.12547302246094,117.0999984741211,116.68000030517578,116.97000122070312,6099500
2020-05-04,98.20941925048828,98.20941925048828,117.08999633789062,116.87000274658203,116.88999938964844,3684100
2020-05-05,98.13385772705078,98.13385772705078,116.97000122070312,116.80999755859375,116.95999908447266,4611500
2020-05-06,97.7392349243164,97.7392349243164,116.70999908447266,116.30000305175781,116.44000244140625,6394900
2020-05-07,98.04148864746094,98.04148864746094,116.7699966430664,116.41999816894531,116.61000061035156,3786700
2020-05-08,97.78118896484375,97.78118896484375,116.76000213623047,116.3499984741211,116.68000030517578,3241500
2020-05-11,97.48736572265625,97.48736572265625,116.43000030517578,116.06999969482422,116.4000015258789,5249500
2020-05-12,97.7392349243164,97.7392349243164,116.5999984741211,116.2300033569336,116.45999908447266,6161500
2020-05-13,97.89875793457031,97.89875793457031,116.76000213623047,116.44999694824219,116.62999725341797,4425900
2020-05-14,98.20101928710938,98.20101928710938,116.97000122070312,116.72000122070312,116.91000366210938,5698900
2020-05-15,98.2597885131836,98.2597885131836,117.08999633789062,116.9000015258789,117.04000091552734,5897900
2020-05-18,98.1170654296875,98.1170654296875,117.08999633789062,116.66000366210938,116.97000122070312,5037100
2020-05-19,98.2261962890625,98.2261962890625,117.02999877929688,116.80999755859375,116.91000366210938,4929500
2020-05-20,98.47809600830078,98.47809600830078,117.33999633789062,117.0,117.02999877929688,4579200
2020-05-21,98.55368041992188,98.55368041992188,117.4800033569336,117.31999969482422,117.3499984741211,5143700
2020-05-22,98.60404205322266,98.60404205322266,117.5999984741211,117.38999938964844,117.5999984741211,2794000
2020-05-26,98.44452667236328,98.44452667236328,117.44000244140625,117.23999786376953,117.37999725341797,6164700
2020-05-27,98.58723449707031,98.58723449707031,117.54000091552734,117.30000305175781,117.5,4772900
2020-05-28,98.52008056640625,98.52008056640625,117.3499984741211,117.13999938964844,117.13999938964844,11140200
2020-05-29,98.78034210205078,98.78034210205078,117.70999908447266,117.31999969482422,117.43000030517578,9228700
2020-06-01,98.7248306274414,98.7248306274414,117.4000015258789,117.23999786376953,117.3499984741211,5580000
2020-06-02,98.80895233154297,98.80895233154297,117.47000122070312,117.30999755859375,117.37999725341797,4286800
2020-06-03,98.56502532958984,98.56502532958984,117.41000366210938,117.05999755859375,117.26000213623047,6077600
2020-06-04,98.27059936523438,98.27059936523438,117.30000305175781,116.81999969482422,117.2699966430664,5002700
2020-06-05,98.32948303222656,98.32948303222656,116.91000366210938,116.4800033569336,116.75,5166300
2020-06-08,98.43885040283203,98.43885040283203,117.11000061035156,116.75,116.80999755859375,8551800
2020-06-09,98.56502532958984,98.56502532958984,117.33000183105469,117.18000030517578,117.30999755859375,5512300
2020-06-10,98.96878051757812,98.96878051757812,117.68000030517578,117.19000244140625,117.25,4680800
2020-06-11,98.80055236816406,98.80055236816406,117.80000305175781,117.44000244140625,117.7300033569336,7438800
2020-06-12,98.9014892578125,98.9014892578125,117.69999694824219,117.44000244140625,117.5999984741211,4571800
2020-06-15,99.22953796386719,99.22953796386719,117.9800033569336,117.61000061035156,117.72000122070312,5870000
2020-06-16,99.03609466552734,99.03609466552734,118.0,117.58999633789062,117.9800033569336,5327400
2020-06-17,98.95194244384766,98.95194244384766,117.76000213623047,117.47000122070312,117.73999786376953,3696000
2020-06-18,99.05290222167969,99.05290222167969,117.87999725341797,117.63999938964844,117.87999725341797,3356800
2020-06-19,99.08651733398438,99.08651733398438,117.97000122070312,117.73999786376953,117.80000305175781,2917400
2020-06-22,99.06129455566406,99.06129455566406,118.0,117.7300033569336,118.0,3445700
2020-06-23,99.04450988769531,99.04450988769531,117.83000183105469,117.69000244140625,117.79000091552734,3991400
2020-06-24,99.02765655517578,99.02765655517578,117.83999633789062,117.61000061035156,117.69999694824219,5040100
2020-06-25,99.14540100097656,99.14540100097656,117.94999694824219,117.80000305175781,117.94000244140625,4723300
2020-06-26,99.26317596435547,99.26317596435547,118.08000183105469,117.8499984741211,117.98999786376953,5683400
2020-06-29,99.3472671508789,99.3472671508789,118.11000061035156,117.94999694824219,118.01000213623047,3517200
2020-06-30,99.43138122558594,99.43138122558594,118.31999969482422,117.9800033569336,118.27999877929688,7451100
2020-07-01,99.48448944091797,99.48448944091797,118.06999969482422,117.76000213623047,117.9000015258789,6746500
2020-07-02,99.60249328613281,99.60249328613281,118.20999908447266,117.98999786376953,118.05000305175781,3614300
2020-07-06,99.59407806396484,99.59407806396484,118.20999908447266,118.0,118.18000030517578,5945100
2020-07-07,99.74573516845703,99.74573516845703,118.37999725341797,118.05999755859375,118.2300033569336,5454700
2020-07-08,99.7120132446289,99.7120132446289,118.44999694824219,118.22000122070312,118.3499984741211,5026800
2020-07-09,99.97330474853516,99.97330474853516,118.69999694824219,118.36000061035156,118.4000015258789,3804000
2020-07-10,99.8553237915039,99.8553237915039,118.83000183105469,118.44999694824219,118.83000183105469,3133900
2020-07-13,99.84687805175781,99.84687805175781,118.52999877929688,118.37000274658203,118.45999908447266,4803200
2020-07-14,100.00700378417969,100.00700378417969,118.73999786376953,118.58000183105469,118.58000183105469,3986700
2020-07-15,100.01538848876953,100.01538848876953,118.69999694824219,118.5,118.5,3403600
2020-07-16,100.08284759521484,100.08284759521484,118.88999938964844,118.73999786376953,118.83000183105469,3526900
2020-07-17,100.18391418457031,100.18391418457031,118.98999786376953,118.7699966430664,118.94000244140625,2549100
2020-07-20,100.29351806640625,100.29351806640625,119.05999755859375,118.91000366210938,119.02999877929688,3989200
2020-07-21,100.35253143310547,100.35253143310547,119.0999984741211,119.01000213623047,119.0999984741211,6098200
2020-07-22,100.43678283691406,100.43678283691406,119.2699966430664,119.11000061035156,119.22000122070312,6296600
2020-07-23,100.55472564697266,100.55472564697266,119.38999938964844,119.25,119.3499984741211,12117200
2020-07-24,100.52105712890625,100.52105712890625,119.41000366210938,119.19000244140625,119.26000213623047,11071700
2020-07-27,100.4536361694336,100.4536361694336,119.41999816894531,119.1500015258789,119.4000015258789,5606100
2020-07-28,100.52105712890625,100.52105712890625,119.3499984741211,119.22000122070312,119.30000305175781,6080700
2020-07-29,100.63902282714844,100.63902282714844,119.43000030517578,119.23999786376953,119.30000305175781,9727900
2020-07-30,100.71489715576172,100.71489715576172,119.54000091552734,119.44999694824219,119.51000213623047,3052800
2020-07-31,100.75701141357422,100.75701141357422,119.62999725341797,119.4000015258789,119.44999694824219,5277900
2020-08-03,100.79669952392578,100.79669952392578,119.4000015258789,119.19000244140625,119.37000274658203,13013600
2020-08-04,100.99085998535156,100.99085998535156,119.62999725341797,119.41999816894531,119.41999816894531,10935200
2020-08-05,100.79669952392578,100.79669952392578,119.48999786376953,119.30999755859375,119.38999938964844,17345700
2020-08-06,100.94021606445312,100.94021606445312,119.7300033569336,119.52999877929688,119.62000274658203,4608600
2020-08-07,100.82201385498047,100.82201385498047,119.7300033569336,119.4000015258789,119.66000366210938,5559100
2020-08-10,100.7291488647461,100.7291488647461,119.63999938964844,119.27999877929688,119.62000274658203,5152700
2020-08-11,100.45056915283203,100.45056915283203,119.20999908447266,118.83999633789062,119.11000061035156,7809900
2020-08-12,100.24796295166016,100.24796295166016,118.88999938964844,118.6500015258789,118.7300033569336,5524500
2020-08-13,99.87651824951172,99.87651824951172,118.77999877929688,118.23999786376953,118.77999877929688,8023700
2020-08-14,99.78365325927734,99.78365325927734,118.48999786376953,118.19999694824219,118.43000030517578,4556500
2020-08-17,99.91873931884766,99.91873931884766,118.47000122070312,118.30999755859375,118.37999725341797,4523900
2020-08-18,100.0622329711914,100.0622329711914,118.5999984741211,118.41999816894531,118.43000030517578,4765800
2020-08-19,99.91030883789062,99.91030883789062,118.69999694824219,118.33999633789062,118.6500015258789,4541000
2020-08-20,100.08760070800781,100.08760070800781,118.70999908447266,118.55999755859375,118.58000183105469,4487500
2020-08-21,100.18883514404297,100.18883514404297,118.76000213623047,118.55000305175781,118.73999786376953,6373300
2020-08-24,100.14666748046875,100.14666748046875,118.81999969482422,118.5999984741211,118.72000122070312,4620900
2020-08-25,99.93558502197266,99.93558502197266,118.45999908447266,118.18000030517578,118.3499984741211,4002300
2020-08-26,99.91873931884766,99.91873931884766,118.41999816894531,118.20999908447266,118.3499984741211,5139800
2020-08-27,99.5726089477539,99.5726089477539,118.55999755859375,117.94999694824219,118.55000305175781,5609400
2020-08-28,99.70765686035156,99.70765686035156,118.16000366210938,117.98999786376953,118.08000183105469,6467400
2020-08-31,99.92720031738281,99.92720031738281,118.51000213623047,118.13999938964844,118.13999938964844,10894500
2020-09-01,100.13436889648438,100.13436889648438,118.44000244140625,118.0,118.12000274658203,9843200
2020-09-02,100.33728790283203,100.33728790283203,118.70999908447266,118.33999633789062,118.41999816894531,4838500
2020-09-03,100.36261749267578,100.36261749267578,118.87000274658203,118.62000274658203,118.7300033569336,6856700
2020-09-04,99.86376953125,99.86376953125,118.5199966430664,118.08000183105469,118.41000366210938,5366800
2020-09-08,99.97367095947266,99.97367095947266,118.45999908447266,118.19999694824219,118.33999633789062,8894000
2020-09-09,99.96519470214844,99.96519470214844,118.38999938964844,118.04000091552734,118.38999938964844,7824800
2020-09-10,99.97367095947266,99.97367095947266,118.29000091552734,118.0199966430664,118.1500015258789,4932600
2020-09-11,100.09209442138672,100.09209442138672,118.48999786376953,118.23999786376953,118.41999816894531,8200400
2020-09-14,100.10049438476562,100.10049438476562,118.48999786376953,118.30999755859375,118.47000122070312,6394200
2020-09-15,100.1089859008789,100.1089859008789,118.43000030517578,118.29000091552734,118.29000091552734,4163000
2020-09-16,100.0582504272461,100.0582504272461,118.52999877929688,118.19999694824219,118.52999877929688,6452500
2020-09-17,100.08360290527344,100.08360290527344,118.5199966430664,118.33000183105469,118.5,4882200
2020-09-18,99.96519470214844,99.96519470214844,118.44000244140625,118.18000030517578,118.44000244140625,5149400
2020-09-21,99.98213958740234,99.98213958740234,118.41999816894531,118.23999786376953,118.41000366210938,6191900
2020-09-22,100.0582504272461,100.0582504272461,118.37999725341797,118.23999786376953,118.25,4390200
2020-09-23,99.84683990478516,99.84683990478516,118.3499984741211,118.06999969482422,118.3499984741211,5392900
2020-09-24,99.85528564453125,99.85528564453125,118.16000366210938,118.01000213623047,118.01000213623047,4145000
2020-09-25,99.88911437988281,99.88911437988281,118.16999816894531,118.05000305175781,118.12000274658203,5138200
2020-09-28,99.97367095947266,99.97367095947266,118.2300033569336,118.11000061035156,118.18000030517578,5830400
2020-09-29,99.99058532714844,99.99058532714844,118.33000183105469,118.20999908447266,118.27999877929688,5301700
2020-09-30,99.82991790771484,99.82991790771484,118.26000213623047,117.94999694824219,118.26000213623047,6090800
2020-10-01,99.96713256835938,99.96713256835938,118.04000091552734,117.75,117.80999755859375,9741800
2020-10-02,99.86554718017578,99.86554718017578,118.04000091552734,117.80999755859375,118.02999877929688,5599500
2020-10-05,99.54364776611328,99.54364776611328,117.73999786376953,117.5199966430664,117.73999786376953,4890800
2020-10-06,99.62834930419922,99.62834930419922,117.83999633789062,117.48999786376953,117.5999984741211,4338600
2020-10-07,99.56057739257812,99.56057739257812,117.66000366210938,117.44999694824219,117.52999877929688,4801700
2020-10-08,99.6876449584961,99.6876449584961,117.70999908447266,117.58999633789062,117.66999816894531,4236000
2020-10-09,99.71305847167969,99.71305847167969,117.73999786376953,117.5,117.6500015258789,2909300
2020-10-12,99.90786743164062,99.90786743164062,117.94999694824219,117.7699966430664,117.8499984741211,2999300
2020-10-13,99.93325805664062,99.93325805664062,118.06999969482422,117.93000030517578,118.01000213623047,3421700
2020-10-14,99.9925765991211,99.9925765991211,118.11000061035156,117.98999786376953,118.0999984741211,4919700
2020-10-15,99.90786743164062,99.90786743164062,118.1500015258789,117.94999694824219,118.1500015258789,5459200
2020-10-16,99.8570556640625,99.8570556640625,118.08000183105469,117.87999725341797,117.98999786376953,3931500
2020-10-19,99.73845672607422,99.73845672607422,117.87000274658203,117.72000122070312,117.80999755859375,4685000
2020-10-20,99.65375518798828,99.65375518798828,117.70999908447266,117.58000183105469,117.69999694824219,4013600
2020-10-21,99.53514862060547,99.53514862060547,117.63999938964844,117.4800033569336,117.58999633789062,3688300
2020-10-22,99.3572998046875,99.3572998046875,117.54000091552734,117.30000305175781,117.51000213623047,4801000
2020-10-23,99.50128173828125,99.50128173828125,117.5199966430664,117.30000305175781,117.30000305175781,3878700
2020-10-26,99.63680267333984,99.63680267333984,117.72000122070312,117.58999633789062,117.6500015258789,4962500
2020-10-27,99.86554718017578,99.86554718017578,117.91000366210938,117.7300033569336,117.80000305175781,5694100
2020-10-28,99.72150421142578,99.72150421142578,117.95999908447266,117.72000122070312,117.80999755859375,7329200
2020-10-29,99.54364776611328,99.54364776611328,117.7699966430664,117.4000015258789,117.76000213623047,11775800
2020-10-30,99.2725830078125,99.2725830078125,117.5199966430664,117.19999694824219,117.44999694824219,10610000
2020-11-02,99.45245361328125,99.45245361328125,117.3499984741211,117.18000030517578,117.2699966430664,6667900
2020-11-03,99.4100112915039,99.4100112915039,117.22000122070312,117.05000305175781,117.22000122070312,7519700
2020-11-04,100.07180786132812,100.07180786132812,118.04000091552734,117.83000183105469,117.9000015258789,5308700
2020-11-05,100.16513061523438,100.16513061523438,118.12000274658203,117.91000366210938,118.08999633789062,5293900
2020-11-06,99.94454956054688,99.94454956054688,117.86000061035156,117.66999816894531,117.80999755859375,5929700
2020-11-09,99.47789001464844,99.47789001464844,117.47000122070312,117.05999755859375,117.4000015258789,6625300
2020-11-10,99.31670379638672,99.31670379638672,117.2300033569336,117.02999877929688,117.05000305175781,5146300
2020-11-11,99.3760986328125,99.3760986328125,117.18000030517578,117.0199966430664,117.05999755859375,3044300
2020-11-12,99.79183197021484,99.79183197021484,117.62999725341797,117.33000183105469,117.37000274658203,7740800
2020-11-13,99.8088150024414,99.8088150024414,117.69000244140625,117.5199966430664,117.5199966430664,5125300
2020-11-16,99.80030822753906,99.80030822753906,117.66999816894531,117.58000183105469,117.61000061035156,7951400
2020-11-17,100.00393676757812,100.00393676757812,117.9000015258789,117.75,117.75,4650100
2020-11-18,100.07180786132812,100.07180786132812,117.98999786376953,117.88999938964844,117.94999694824219,6191100
2020-11-19,100.25845336914062,100.25845336914062,118.26000213623047,118.02999877929688,118.08000183105469,6680800
2020-11-20,100.36028289794922,100.36028289794922,118.33999633789062,118.12999725341797,118.19000244140625,7217400
2020-11-23,100.33485412597656,100.33485412597656,118.30000305175781,118.16999816894531,118.27999877929688,4739000
2020-11-24,100.19906616210938,100.19906616210938,118.27999877929688,118.06999969482422,118.23999786376953,4696800
2020-11-25,100.16513061523438,100.16513061523438,118.20999908447266,118.0199966430664,118.1500015258789,4125000
2020-11-27,100.33485412597656,100.33485412597656,118.29000091552734,118.22000122070312,118.25,3436200
2020-11-30,100.4705810546875,100.4705810546875,118.44999694824219,118.25,118.31999969482422,8688500
2020-12-01,100.15269470214844,100.15269470214844,118.0999984741211,117.7300033569336,118.02999877929688,5190800
2020-12-02,100.04219055175781,100.04219055175781,117.80999755859375,117.54000091552734,117.80999755859375,6121000
2020-12-03,100.21219635009766,100.21219635009766,117.9800033569336,117.7699966430664,117.91999816894531,5198400
2020-12-04,99.94022369384766,99.94022369384766,117.9000015258789,117.51000213623047,117.9000015258789,5896100
2020-12-07,100.09320831298828,100.09320831298828,117.83000183105469,117.69000244140625,117.76000213623047,6127800
2020-12-08,100.10173034667969,100.10173034667969,117.95999908447266,117.75,117.87999725341797,6807000
2020-12-09,99.9571762084961,99.9571762084961,117.77999877929688,117.5199966430664,117.7300033569336,6975700
2020-12-10,100.20369720458984,100.20369720458984,117.93000030517578,117.69000244140625,117.73999786376953,6192200
2020-12-11,100.31415557861328,100.31415557861328,118.08999633789062,117.94999694824219,118.01000213623047,5636100
2020-12-14,100.25466918945312,100.25466918945312,118.02999877929688,117.80000305175781,117.86000061035156,4705600
2020-12-15,100.31415557861328,100.31415557861328,118.02999877929688,117.9000015258789,117.94999694824219,4217800
2020-12-16,100.27165985107422,100.27165985107422,118.02999877929688,117.76000213623047,117.83000183105469,4467900
2020-12-17,100.26742553710938,100.26742553710938,118.05999755859375,117.7300033569336,118.01000213623047,6610400
2020-12-18,100.21638488769531,100.21638488769531,117.97000122070312,117.76000213623047,117.97000122070312,3874700
2020-12-21,100.21638488769531,100.21638488769531,117.95999908447266,117.75,117.91999816894531,4818300
2020-12-22,100.36103057861328,100.36103057861328,117.9800033569336,117.83000183105469,117.87999725341797,4516500
2020-12-23,100.29296875,100.29296875,117.87999725341797,117.62999725341797,117.80999755859375,4157700
2020-12-24,100.38652801513672,100.38652801513672,118.05000305175781,117.93000030517578,117.94000244140625,2214500
2020-12-28,100.40355682373047,100.40355682373047,118.05000305175781,117.83000183105469,117.97000122070312,4567200
2020-12-29,100.4205551147461,100.4205551147461,118.05999755859375,117.91999816894531,118.05999755859375,4300100
2020-12-30,100.4801254272461,100.4801254272461,118.12000274658203,117.9800033569336,118.08999633789062,2762200
2020-12-31,100.55670166015625,100.55670166015625,118.23999786376953,118.12000274658203,118.18000030517578,4834700
2021-01-04,100.42908477783203,100.42908477783203,118.13999938964844,117.98999786376953,118.08000183105469,6414100
2021-01-05,100.32697296142578,100.32697296142578,118.05999755859375,117.75,118.05999755859375,7477900
2021-01-06,99.83351135253906,99.83351135253906,117.9000015258789,117.1500015258789,117.9000015258789,10687200
2021-01-07,99.73143005371094,99.73143005371094,117.26000213623047,117.06999969482422,117.12999725341797,6639400
2021-01-08,99.6122817993164,99.6122817993164,117.33999633789062,116.9800033569336,117.18000030517578,7335700
2021-01-11,99.45065307617188,99.45065307617188,117.05000305175781,116.88999938964844,117.0199966430664,8610100
2021-01-12,99.53572082519531,99.53572082519531,116.98999786376953,116.68000030517578,116.81999969482422,7269600
2021-01-13,99.85052490234375,99.85052490234375,117.62999725341797,117.08000183105469,117.62999725341797,6788500
2021-01-14,99.65483093261719,99.65483093261719,117.44999694824219,117.08000183105469,117.37000274658203,6610500
2021-01-15,99.75694274902344,99.75694274902344,117.36000061035156,117.18000030517578,117.33999633789062,6447700
2021-01-19,99.8930435180664,99.8930435180664,117.41999816894531,117.22000122070312,117.2699966430664,7601100
2021-01-20,99.90159606933594,99.90159606933594,117.43000030517578,117.30999755859375,117.3499984741211,6229100
2021-01-21,99.75694274902344,99.75694274902344,117.30000305175781,117.13999938964844,117.22000122070312,8301000
2021-01-22,99.75694274902344,99.75694274902344,117.31999969482422,117.19000244140625,117.29000091552734,3513700
2021-01-25,100.01217651367188,100.01217651367188,117.55999755859375,117.36000061035156,117.38999938964844,4049000
2021-01-26,99.9781494140625,99.9781494140625,117.58999633789062,117.43000030517578,117.45999908447266,3639500
2021-01-27,99.98664855957031,99.98664855957031,117.66999816894531,117.04000091552734,117.61000061035156,3619100
2021-01-28,99.91859436035156,99.91859436035156,117.48999786376953,117.29000091552734,117.4800033569336,6176500
2021-01-29,99.8079833984375,99.8079833984375,117.4000015258789,116.55999755859375,117.16000366210938,12164800
2021-02-01,99.90342712402344,99.90342712402344,117.26000213623047,117.08999633789062,117.19999694824219,6621900
2021-02-02,99.75006866455078,99.75006866455078,117.08999633789062,116.97000122070312,116.98999786376953,7323400
2021-02-03,99.63070678710938,99.63070678710938,116.98999786376953,116.87000274658203,116.97000122070312,5492400
2021-02-04,99.58809661865234,99.58809661865234,116.88999938964844,116.69000244140625,116.75,5287400
2021-02-05,99.46028900146484,99.46028900146484,116.95999908447266,116.69999694824219,116.91000366210938,3446600
2021-02-08,99.56253051757812,99.56253051757812,116.93000030517578,116.72000122070312,116.75,4704200
2021-02-09,99.60516357421875,99.60516357421875,116.97000122070312,116.81999969482422,116.94000244140625,4533400
2021-02-10,99.69889831542969,99.69889831542969,117.01000213623047,116.91999816894531,116.97000122070312,4378300
2021-02-11,99.5796127319336,99.5796127319336,117.02999877929688,116.80000305175781,117.02999877929688,3470800
2021-02-12,99.34950256347656,99.34950256347656,116.73999786376953,116.54000091552734,116.66999816894531,3284900
2021-02-16,98.88080596923828,98.88080596923828,116.2300033569336,116.0199966430664,116.22000122070312,5682700
2021-02-17,99.0767822265625,99.0767822265625,116.29000091552734,116.1500015258789,116.22000122070312,6304100
2021-02-18,99.0256118774414,99.0256118774414,116.27999877929688,116.02999877929688,116.13999938964844,5333500
2021-02-19,98.7188949584961,98.7188949584961,116.05999755859375,115.75,116.0199966430664,4673100
2021-02-22,98.4120864868164,98.4120864868164,115.87000274658203,115.4800033569336,115.76000213623047,4894200
2021-02-23,98.43763732910156,98.43763732910156,115.75,115.2699966430664,115.75,6035200
2021-02-24,98.40357208251953,98.40357208251953,115.5,115.01000213623047,115.05999755859375,6232300
2021-02-25,97.500244140625,97.500244140625,115.29000091552734,114.19999694824219,115.01000213623047,14926900
2021-02-26,98.29279327392578,98.29279327392578,115.38999938964844,114.58999633789062,114.95999908447266,11333400
2021-03-01,98.24151611328125,98.24151611328125,115.58999633789062,114.88999938964844,114.97000122070312,13018100
2021-03-02,98.25865173339844,98.25865173339844,115.12000274658203,114.94999694824219,115.04000091552734,10111300
2021-03-03,97.90009307861328,97.90009307861328,114.83000183105469,114.5999984741211,114.80000305175781,10317500
2021-03-04,97.61842346191406,97.61842346191406,114.80000305175781,114.26000213623047,114.79000091552734,5953600
2021-03-05,97.55012512207031,97.55012512207031,114.31999969482422,114.05000305175781,114.16999816894531,8675700
2021-03-08,97.16603088378906,97.16603088378906,114.2300033569336,113.83000183105469,114.19999694824219,5639400
2021-03-09,97.53306579589844,97.53306579589844,114.30999755859375,114.0,114.19999694824219,5676800
2021-03-10,97.69525146484375,97.69525146484375,114.5,114.27999877929688,114.30000305175781,6936900
2021-03-11,97.68673706054688,97.68673706054688,114.54000091552734,114.30000305175781,114.47000122070312,8827800
2021-03-12,97.13188171386719,97.13188171386719,113.91000366210938,113.70999908447266,113.87999725341797,5066800
2021-03-15,97.23429870605469,97.23429870605469,114.01000213623047,113.5999984741211,113.5999984741211,5000500
2021-03-16,97.2001724243164,97.2001724243164,114.02999877929688,113.77999877929688,113.97000122070312,3990900
2021-03-17,97.19163513183594,97.19163513183594,113.9800033569336,113.4800033569336,113.55000305175781,6229800
2021-03-18,96.81603240966797,96.81603240966797,113.55000305175781,113.19999694824219,113.31999969482422,6222200
2021-03-19,96.89286041259766,96.89286041259766,113.54000091552734,113.33000183105469,113.4000015258789,4701400
2021-03-22,97.0806884765625,97.0806884765625,113.80000305175781,113.5999984741211,113.69999694824219,5468600
2021-03-23,97.32817840576172,97.32817840576172,114.04000091552734,113.7699966430664,113.88999938964844,5524900
2021-03-24,97.44770050048828,97.44770050048828,114.19999694824219,113.86000061035156,113.9000015258789,6352600
2021-03-25,97.39649200439453,97.39649200439453,114.29000091552734,113.98999786376953,114.23999786376953,5178000
2021-03-26,97.23429870605469,97.23429870605469,114.08000183105469,113.86000061035156,113.91000366210938,4333900
2021-03-29,97.0721206665039,97.0721206665039,114.0,113.5199966430664,113.5199966430664,7630800
2021-03-30,97.14893341064453,97.14893341064453,113.8499984741211,113.52999877929688,113.63999938964844,4996900
2021-03-31,97.16603088378906,97.16603088378906,113.9800033569336,113.70999908447266,113.83999633789062,6309200
2021-04-01,97.49259185791016,97.49259185791016,114.05000305175781,113.83000183105469,113.93000030517578,10767200
2021-04-05,97.29595184326172,97.29595184326172,113.88999938964844,113.69000244140625,113.77999877929688,9230100
2021-04-06,97.63790893554688,97.63790893554688,114.22000122070312,113.94999694824219,113.9800033569336,4864100
2021-04-07,97.48403930664062,97.48403930664062,114.30000305175781,114.02999877929688,114.12000274658203,4505600
2021-04-08,97.7234115600586,97.7234115600586,114.30999755859375,114.12999725341797,114.18000030517578,4932100
2021-04-09,97.61226654052734,97.61226654052734,114.33000183105469,114.04000091552734,114.11000061035156,7467100
2021-04-12,97.586669921875,97.586669921875,114.16999816894531,114.0,114.16999816894531,3844900
2021-04-13,97.86872863769531,97.86872863769531,114.4800033569336,114.11000061035156,114.12000274658203,4040500
2021-04-14,97.79181671142578,97.79181671142578,114.44000244140625,114.27999877929688,114.41000366210938,3620500
2021-04-15,98.17649841308594,98.17649841308594,114.9800033569336,113.77999877929688,113.77999877929688,6753200
2021-04-16,97.92002868652344,97.92002868652344,114.66999816894531,114.5,114.55999755859375,3663600
2021-04-19,97.84308624267578,97.84308624267578,114.5,114.0,114.0,5072800
2021-04-20,97.99695587158203,97.99695587158203,114.66999816894531,114.38999938964844,114.41999816894531,4322200
2021-04-21,98.09101867675781,98.09101867675781,114.73999786376953,114.52999877929688,114.5999984741211,5511300
2021-04-22,98.11666870117188,98.11666870117188,114.80000305175781,114.58999633789062,114.73999786376953,4570700
2021-04-23,98.09957122802734,98.09957122802734,115.08999633789062,114.63999938964844,114.80999755859375,3620700
2021-04-26,98.01407623291016,98.01407623291016,114.80000305175781,114.6500015258789,114.73999786376953,3480300
2021-04-27,97.77470397949219,97.77470397949219,115.12999725341797,114.37000274658203,115.12999725341797,3823300
2021-04-28,97.82598876953125,97.82598876953125,114.47000122070312,114.19999694824219,114.44999694824219,7078600
2021-04-29,97.77470397949219,97.77470397949219,114.37000274658203,114.08999633789062,114.13999938964844,6254100
2021-04-30,97.8772964477539,97.8772964477539,114.5199966430664,114.33000183105469,114.41000366210938,6469500
2021-05-03,97.93981170654297,97.93981170654297,114.58999633789062,114.33000183105469,114.4000015258789,5939500
2021-05-04,98.05965423583984,98.05965423583984,114.69999694824219,114.41000366210938,114.55000305175781,6291300
2021-05-05,98.13672637939453,98.13672637939453,114.62000274658203,114.44999694824219,114.44999694824219,3329000
2021-05-06,98.15385437011719,98.15385437011719,114.70999908447266,114.52999877929688,114.55000305175781,4739400
2021-05-07,98.12816619873047,98.12816619873047,114.97000122070312,114.56999969482422,114.8499984741211,7005200
2021-05-10,97.97402954101562,97.97402954101562,114.72000122070312,114.4000015258789,114.61000061035156,5576500
2021-05-11,97.7599868774414,97.7599868774414,114.37999725341797,114.12999725341797,114.2300033569336,6161400
2021-05-12,97.41751861572266,97.41751861572266,114.01000213623047,113.77999877929688,113.9800033569336,7000800
2021-05-13,97.64012145996094,97.64012145996094,114.05999755859375,113.77999877929688,113.9000015258789,6772300
2021-05-14,97.86272430419922,97.86272430419922,114.30000305175781,114.12000274658203,114.22000122070312,3985500
2021-05-17,97.77709197998047,97.77709197998047,114.25,114.1500015258789,114.20999908447266,4926600
2021-05-18,97.6572494506836,97.6572494506836,114.11000061035156,114.02999877929688,114.11000061035156,3674600
2021-05-19,97.5202407836914,97.5202407836914,114.62000274658203,113.79000091552734,114.62000274658203,6892400
2021-05-20,97.85417175292969,97.85417175292969,114.30000305175781,114.08000183105469,114.08000183105469,6243300
2021-05-21,97.89700317382812,97.89700317382812,114.4000015258789,114.2300033569336,114.36000061035156,3873200
2021-05-24,97.99116516113281,97.99116516113281,114.51000213623047,114.37999725341797,114.5,3867700
2021-05-25,98.23089599609375,98.23089599609375,114.75,114.02999877929688,114.58000183105469,6351700
2021-05-26,98.19667053222656,98.19667053222656,114.80000305175781,114.12999725341797,114.12999725341797,3969400
2021-05-27,98.07677459716797,98.07677459716797,114.62000274658203,114.44999694824219,114.61000061035156,5072300
2021-05-28,98.07677459716797,98.07677459716797,114.68000030517578,114.5,114.55000305175781,6768200
2021-06-01,98.03134155273438,98.03134155273438,114.4000015258789,114.16000366210938,114.36000061035156,6209800
2021-06-02,98.15997314453125,98.15997314453125,114.51000213623047,114.30000305175781,114.44999694824219,6103900
2021-06-03,97.9284439086914,97.9284439086914,114.45999908447266,114.20999908447266,114.30999755859375,3464300
2021-06-04,98.33145141601562,98.33145141601562,114.68000030517578,114.22000122070312,114.38999938964844,4535800
2021-06-07,98.2628173828125,98.2628173828125,114.63999938964844,113.97000122070312,113.97000122070312,3728400
2021-06-08,98.4428939819336,98.4428939819336,114.87000274658203,114.77999877929688,114.83999633789062,4395100
2021-06-09,98.64012145996094,98.64012145996094,115.43000030517578,114.97000122070312,115.43000030517578,3643100
2021-06-10,98.84587860107422,98.84587860107422,115.30999755859375,114.86000061035156,115.30000305175781,4021900
2021-06-11,98.80303192138672,98.80303192138672,115.31999969482422,115.16000366210938,115.30999755859375,3781900
2021-06-14,98.55436706542969,98.55436706542969,115.18000030517578,114.94000244140625,115.18000030517578,3270800
2021-06-15,98.59725952148438,98.59725952148438,115.0199966430664,114.87000274658203,114.9000015258789,8230400
2021-06-16,98.2800064086914,98.2800064086914,115.12999725341797,114.51000213623047,115.06999969482422,8654200
2021-06-17,98.58866119384766,98.58866119384766,115.25,114.79000091552734,114.79000091552734,7641700
2021-06-18,98.85447692871094,98.85447692871094,115.38999938964844,114.91000366210938,115.05000305175781,5690400
2021-06-21,98.59725952148438,98.59725952148438,115.12000274658203,114.91999816894531,115.05999755859375,6875500
2021-06-22,98.70010375976562,98.70010375976562,115.13999938964844,114.83000183105469,114.83000183105469,6485100
2021-06-23,98.648681640625,98.648681640625,115.13999938964844,114.98999786376953,115.05999755859375,5070500
2021-06-24,98.6830062866211,98.6830062866211,115.16999816894531,115.05000305175781,115.0999984741211,8357900
2021-06-25,98.48576354980469,98.48576354980469,115.12999725341797,114.75,115.11000061035156,6496600
2021-06-28,98.76875305175781,98.76875305175781,115.2300033569336,115.04000091552734,115.04000091552734,5739000
2021-06-29,98.82019805908203,98.82019805908203,115.25,115.05000305175781,115.05999755859375,5097100
2021-06-30,98.88877868652344,98.88877868652344,115.44999694824219,115.30000305175781,115.36000061035156,6653100
2021-07-01,98.83384704589844,98.83384704589844,115.19000244140625,115.01000213623047,115.1500015258789,4744900
2021-07-02,99.0484848022461,99.0484848022461,115.37000274658203,115.16999816894531,115.2300033569336,4312800
2021-07-06,99.36618041992188,99.36618041992188,115.83000183105469,115.51000213623047,115.51000213623047,7372900
2021-07-07,99.53788757324219,99.53788757324219,116.0199966430664,115.75,115.83000183105469,7786400
2021-07-08,99.64949035644531,99.64949035644531,116.18000030517578,115.95999908447266,116.04000091552734,6538400
2021-07-09,99.3232421875,99.3232421875,115.76000213623047,115.68000030517578,115.73999786376953,4750800
2021-07-12,99.26311492919922,99.26311492919922,115.80999755859375,115.5999984741211,115.80000305175781,4266600
2021-07-13,99.0484848022461,99.0484848022461,115.76000213623047,115.30000305175781,115.6500015258789,5145200
2021-07-14,99.38333892822266,99.38333892822266,115.76000213623047,115.56999969482422,115.58999633789062,4977400
2021-07-15,99.59801483154297,99.59801483154297,116.0199966430664,115.72000122070312,115.94000244140625,4480900
2021-07-16,99.51214599609375,99.51214599609375,115.95999908447266,115.76000213623047,115.7699966430664,3869500
2021-07-19,100.03587341308594,100.03587341308594,116.61000061035156,116.3499984741211,116.38999938964844,6688100
2021-07-20,99.94145202636719,99.94145202636719,116.81999969482422,116.31999969482422,116.77999877929688,8474800
2021-07-21,99.61515808105469,99.61515808105469,116.1500015258789,115.91999816894531,116.08000183105469,9686100
2021-07-22,99.84697723388672,99.84697723388672,116.3499984741211,116.02999877929688,116.02999877929688,8176300
2021-07-23,99.7782974243164,99.7782974243164,116.22000122070312,116.02999877929688,116.02999877929688,4441000
2021-07-26,99.69242095947266,99.69242095947266,116.33000183105469,116.08999633789062,116.30000305175781,7127400
2021-07-27,99.92426300048828,99.92426300048828,116.4000015258789,116.2699966430664,116.3499984741211,5423800
2021-07-28,100.01871490478516,100.01871490478516,116.48999786376953,116.13999938964844,116.23999786376953,5463600
2021-07-29,99.85556030273438,99.85556030273438,116.36000061035156,116.2300033569336,116.29000091552734,6629500
2021-07-30,99.99295806884766,99.99295806884766,116.48999786376953,116.3499984741211,116.36000061035156,5552100
2021-08-02,100.20533752441406,100.20533752441406,116.68000030517578,116.30999755859375,116.36000061035156,5753800
2021-08-03,100.23973083496094,100.23973083496094,116.69000244140625,116.52999877929688,116.55999755859375,3715300
2021-08-04,100.23110961914062,100.23110961914062,116.83000183105469,116.30000305175781,116.7699966430664,4654300
2021-08-05,100.00753021240234,100.00753021240234,116.4800033569336,116.27999877929688,116.45999908447266,3283100
2021-08-06,99.56043243408203,99.56043243408203,116.0199966430664,115.77999877929688,115.93000030517578,3812000
2021-08-09,99.37989044189453,99.37989044189453,115.95999908447266,115.58000183105469,115.88999938964844,5298600
2021-08-10,99.25092315673828,99.25092315673828,115.6500015258789,115.43000030517578,115.6500015258789,7332100
2021-08-11,99.34548950195312,99.34548950195312,115.69999694824219,115.33999633789062,115.45999908447266,6674600
2021-08-12,99.3541030883789,99.3541030883789,115.58000183105469,115.4000015258789,115.48999786376953,5017300
2021-08-13,99.71522521972656,99.71522521972656,115.97000122070312,115.63999938964844,115.6500015258789,4599800
2021-08-16,99.76683044433594,99.76683044433594,116.2699966430664,116.02999877929688,116.13999938964844,3693600
2021-08-17,99.68944549560547,99.68944549560547,116.08999633789062,115.93000030517578,115.9800033569336,5469200
2021-08-18,99.6980209350586,99.6980209350586,116.02999877929688,115.80000305175781,115.94000244140625,3981900
2021-08-19,99.86998748779297,99.86998748779297,116.16000366210938,116.0199966430664,116.12000274658203,4581300
2021-08-20,99.87857055664062,99.87857055664062,116.20999908447266,116.08000183105469,116.18000030517578,2897800
2021-08-23,99.87857055664062,99.87857055664062,116.18000030517578,116.04000091552734,116.08999633789062,6585300
2021-08-24,99.73241424560547,99.73241424560547,116.13999938964844,115.95999908447266,116.08000183105469,5875400
2021-08-25,99.54325103759766,99.54325103759766,116.01000213623047,115.68000030517578,115.98999786376953,5452000
2021-08-26,99.55184173583984,99.55184173583984,115.79000091552734,115.63999938964844,115.76000213623047,4879200
2021-08-27,99.82699584960938,99.82699584960938,116.0999984741211,115.70999908447266,115.80999755859375,5545600
2021-08-30,99.93878173828125,99.93878173828125,116.2300033569336,116.0,116.0199966430664,3706000
2021-08-31,99.79261016845703,99.79261016845703,116.29000091552734,116.0199966430664,116.18000030517578,6763900
2021-09-01,99.82445526123047,99.82445526123047,116.0199966430664,115.80999755859375,116.0199966430664,4154000
2021-09-02,99.92780303955078,99.92780303955078,116.05999755859375,115.91999816894531,116.0199966430664,5427300
2021-09-03,99.75557708740234,99.75557708740234,115.88999938964844,115.7699966430664,115.83999633789062,5274300
2021-09-07,99.4886474609375,99.4886474609375,115.6500015258789,115.47000122070312,115.63999938964844,3579900
2021-09-08,99.65225982666016,99.65225982666016,115.81999969482422,115.62000274658203,115.69999694824219,3417500
2021-09-09,99.97084045410156,99.97084045410156,116.1500015258789,115.76000213623047,115.83999633789062,3332600
2021-09-10,99.7728042602539,99.7728042602539,116.01000213623047,115.77999877929688,115.98999786376953,3957300
2021-09-13,99.90194702148438,99.90194702148438,116.08000183105469,115.95999908447266,116.0,3954100
2021-09-14,100.12580108642578,100.12580108642578,116.37999725341797,116.06999969482422,116.06999969482422,4183600
2021-09-15,100.03113555908203,100.03113555908203,116.29000091552734,116.08999633789062,116.29000091552734,3448500
2021-09-16,99.85891723632812,99.85891723632812,116.11000061035156,115.91000366210938,115.94999694824219,4265500
2021-09-17,99.7728042602539,99.7728042602539,115.87999725341797,115.73999786376953,115.80000305175781,5742500
2021-09-20,99.96221923828125,99.96221923828125,116.16999816894531,115.9800033569336,116.0199966430664,5464700
2021-09-21,100.00530242919922,100.00530242919922,116.16999816894531,116.05000305175781,116.12999725341797,5225200
2021-09-22,100.03974151611328,100.03974151611328,116.25,116.01000213623047,116.11000061035156,7139900
2021-09-23,99.54889678955078,99.54889678955078,115.94000244140625,115.56999969482422,115.93000030517578,8265000
2021-09-24,99.37671661376953,99.37671661376953,115.51000213623047,115.31999969482422,115.5,4461900
2021-09-27,99.23892974853516,99.23892974853516,115.37999725341797,115.19000244140625,115.20999908447266,5630600
2021-09-28,98.82561492919922,98.82561492919922,115.0,114.69999694824219,114.9000015258789,7017100
2021-09-29,98.8945083618164,98.8945083618164,115.05999755859375,114.72000122070312,114.97000122070312,6161300
2021-09-30,98.87728881835938,98.87728881835938,114.86000061035156,114.69000244140625,114.7699966430664,5348800
2021-10-01,99.17913818359375,99.17913818359375,115.05999755859375,114.79000091552734,114.81999969482422,7064500
2021-10-04,99.11013793945312,99.11013793945312,115.02999877929688,114.80000305175781,114.91999816894531,4180600
2021-10-05,98.87728118896484,98.87728118896484,114.87000274658203,114.61000061035156,114.81999969482422,7421900
2021-10-06,98.92040252685547,98.92040252685547,114.7300033569336,114.58999633789062,114.68000030517578,4893400
2021-10-07,98.64442443847656,98.64442443847656,114.5,114.33999633789062,114.45999908447266,4456100
2021-10-08,98.4288330078125,98.4288330078125,114.3499984741211,114.06999969482422,114.30999755859375,4581900
2021-10-11,98.27359008789062,98.27359008789062,114.06999969482422,113.94000244140625,114.01000213623047,2178400
2021-10-12,98.63578796386719,98.63578796386719,114.37999725341797,114.11000061035156,114.16999816894531,3688400
2021-10-13,98.86002349853516,98.86002349853516,114.63999938964844,114.41999816894531,114.43000030517578,5522700
2021-10-14,99.04978942871094,99.04978942871094,114.8499984741211,114.62999725341797,114.69999694824219,4094500
2021-10-15,98.80827331542969,98.80827331542969,114.62999725341797,114.51000213623047,114.61000061035156,4644800
2021-10-18,98.73929595947266,98.73929595947266,114.55999755859375,114.25,114.33000183105469,5575100
2021-10-19,98.4547119140625,98.4547119140625,114.37000274658203,114.16000366210938,114.37000274658203,5041000
2021-10-20,98.38568115234375,98.38568115234375,114.29000091552734,114.05999755859375,114.16999816894531,6183700
2021-10-21,98.17870330810547,98.17870330810547,114.04000091552734,113.83999633789062,114.01000213623047,5228300
2021-10-22,98.3684310913086,98.3684310913086,114.13999938964844,113.9000015258789,113.97000122070312,3528600
2021-10-25,98.46329498291016,98.46329498291016,114.2699966430664,114.05999755859375,114.05999755859375,8569600
2021-10-26,98.64442443847656,98.64442443847656,114.37999725341797,114.11000061035156,114.25,5429800
2021-10-27,98.97215270996094,98.97215270996094,114.91999816894531,114.43000030517578,114.66000366210938,8048500
2021-10-28,98.89453125,98.89453125,114.83000183105469,114.56999969482422,114.70999908447266,5916000
2021-10-29,98.86863708496094,98.86863708496094,114.77999877929688,114.3499984741211,114.3499984741211,10047900
2021-11-01,98.80818176269531,98.80818176269531,114.41999816894531,114.13999938964844,114.16000366210938,6197900
2021-11-02,99.00685119628906,99.00685119628906,114.69000244140625,114.43000030517578,114.43000030517578,5317000
2021-11-03,98.80818176269531,98.80818176269531,114.69000244140625,114.25,114.6500015258789,6421700
2021-11-04,99.13644409179688,99.13644409179688,114.83999633789062,114.4800033569336,114.51000213623047,6618100
2021-11-05,99.52513885498047,99.52513885498047,115.31999969482422,114.9000015258789,114.98999786376953,7283100
2021-11-08,99.34373474121094,99.34373474121094,115.1500015258789,114.94999694824219,115.13999938964844,4922800
2021-11-09,99.6201400756836,99.6201400756836,115.5,115.29000091552734,115.37999725341797,8960500
2021-11-10,98.94641876220703,98.94641876220703,115.13999938964844,114.4000015258789,115.11000061035156,11620300
2021-11-11,98.7649917602539,98.7649917602539,114.56999969482422,114.30000305175781,114.51000213623047,3937100
2021-11-12,98.74771118164062,98.74771118164062,114.58999633789062,114.26000213623047,114.5,4554700
2021-11-15,98.38494110107422,98.38494110107422,114.30999755859375,113.9000015258789,114.30000305175781,6405000
2021-11-16,98.35035705566406,98.35035705566406,114.11000061035156,113.83999633789062,113.91999816894531,7484000
2021-11-17,98.5835952758789,98.5835952758789,114.12999725341797,113.7699966430664,113.79000091552734,7173100
2021-11-18,98.66997528076172,98.66997528076172,114.27999877929688,114.02999877929688,114.05000305175781,4226900
2021-11-19,98.8600082397461,98.8600082397461,114.58999633789062,114.41999816894531,114.48999786376953,5685900
2021-11-22,98.38494110107422,98.38494110107422,114.2300033569336,113.81999969482422,114.13999938964844,6995300
2021-11-23,97.99623107910156,97.99623107910156,113.7699966430664,113.44999694824219,113.70999908447266,6268600
2021-11-24,98.22081756591797,98.22081756591797,113.7300033569336,113.38999938964844,113.47000122070312,8472400
2021-11-26,98.92047119140625,98.92047119140625,114.58000183105469,114.19999694824219,114.33000183105469,3258900
2021-11-29,98.9723129272461,98.9723129272461,114.5999984741211,114.12999725341797,114.1500015258789,8982800
2021-11-30,99.13644409179688,99.13644409179688,115.11000061035156,114.5,114.87000274658203,13109000
2021-12-01,99.15543365478516,99.15543365478516,114.63999938964844,114.20999908447266,114.2699966430664,12772700
2021-12-02,99.1381607055664,99.1381607055664,114.79000091552734,114.4000015258789,114.66999816894531,7759700
2021-12-03,99.53605651855469,99.53605651855469,115.23999786376953,114.45999908447266,114.5,7600800
2021-12-06,99.19007873535156,99.19007873535156,115.04000091552734,114.62000274658203,114.9800033569336,9416700
2021-12-07,99.03433990478516,99.03433990478516,114.70999908447266,114.44999694824219,114.5199966430664,6786900
2021-12-08,98.77484130859375,98.77484130859375,114.37000274658203,114.05000305175781,114.37000274658203,8050100
2021-12-09,98.78347778320312,98.78347778320312,114.38999938964844,114.12000274658203,114.27999877929688,8646500
2021-12-10,98.80945587158203,98.80945587158203,114.51000213623047,114.22000122070312,114.37000274658203,6501300
2021-12-13,99.15543365478516,99.15543365478516,114.70999908447266,114.45999908447266,114.51000213623047,8659300
2021-12-14,98.96513366699219,98.96513366699219,114.54000091552734,114.26000213623047,114.45999908447266,7503600
2021-12-15,98.88727569580078,98.88727569580078,114.44999694824219,114.11000061035156,114.2300033569336,7459100
2021-12-16,99.02326965332031,99.02326965332031,114.4800033569336,114.26000213623047,114.26000213623047,7566600
2021-12-17,99.14446258544922,99.14446258544922,114.68000030517578,114.47000122070312,114.55000305175781,7428000
2021-12-20,98.99727630615234,98.99727630615234,114.61000061035156,114.31999969482422,114.56999969482422,7382600
2021-12-21,98.91934204101562,98.91934204101562,114.31999969482422,113.97000122070312,114.06999969482422,12970200
2021-12-22,99.00593566894531,99.00593566894531,114.3499984741211,114.16999816894531,114.33000183105469,6171700
2021-12-23,98.88468933105469,98.88468933105469,114.30999755859375,114.06999969482422,114.29000091552734,5506700
2021-12-27,98.93669128417969,98.93669128417969,114.30000305175781,114.12999725341797,114.1500015258789,5436800
2021-12-28,98.89335632324219,98.89335632324219,114.44999694824219,114.16999816894531,114.43000030517578,5253800
2021-12-29,98.59896087646484,98.59896087646484,114.05000305175781,113.80999755859375,113.98999786376953,5933800
2021-12-30,98.8154296875,98.8154296875,114.12999725341797,113.83000183105469,113.98999786376953,5455400
2021-12-31,98.78082275390625,98.78082275390625,114.30999755859375,114.05999755859375,114.1500015258789,7989500
2022-01-03,98.10538482666016,98.10538482666016,113.68000030517578,113.30000305175781,113.66999816894531,9399200
2022-01-04,98.09672546386719,98.09672546386719,113.30000305175781,113.08000183105469,113.22000122070312,7772100
2022-01-05,97.793701171875,97.793701171875,113.36000061035156,112.9000015258789,113.33999633789062,8530900
2022-01-06,97.68977355957031,97.68977355957031,112.83999633789062,112.66000366210938,112.75,8866500
2022-01-07,97.40403747558594,97.40403747558594,112.70999908447266,112.33999633789062,112.69000244140625,9018900
2022-01-10,97.31744384765625,97.31744384765625,112.41999816894531,112.13999938964844,112.2300033569336,8074900
2022-01-11,97.49929809570312,97.49929809570312,112.62999725341797,112.2699966430664,112.33000183105469,6728600
2022-01-12,97.49929809570312,97.49929809570312,112.79000091552734,112.58000183105469,112.72000122070312,6713200
2022-01-13,97.67249298095703,97.67249298095703,112.80000305175781,112.51000213623047,112.5999984741211,8454300
2022-01-14,97.1269760131836,97.1269760131836,112.55000305175781,112.1500015258789,112.52999877929688,9113400
2022-01-18,96.53812408447266,96.53812408447266,111.86000061035156,111.47000122070312,111.80999755859375,7943800
2022-01-19,96.74597930908203,96.74597930908203,111.88999938964844,111.6500015258789,111.69999694824219,8321000
2022-01-20,96.79790496826172,96.79790496826172,111.9000015258789,111.75,111.83999633789062,7186400
2022-01-21,97.17889404296875,97.17889404296875,112.3499984741211,112.11000061035156,112.19000244140625,8679600
2022-01-24,97.06633758544922,97.06633758544922,112.41999816894531,112.0999984741211,112.37999725341797,12131400
2022-01-25,96.9710693359375,96.9710693359375,112.30000305175781,111.95999908447266,112.18000030517578,9541000
2022-01-26,96.42558288574219,96.42558288574219,112.12999725341797,111.36000061035156,112.05999755859375,10729400
2022-01-27,96.74597930908203,96.74597930908203,111.87999725341797,111.62000274658203,111.62000274658203,6146800
2022-01-28,96.81523895263672,96.81523895263672,111.86000061035156,111.44000244140625,111.45999908447266,10855600
2022-01-31,96.80657958984375,96.80657958984375,111.88999938964844,111.5999984741211,111.63999938964844,12837400
2022-02-01,96.77273559570312,96.77273559570312,111.68000030517578,111.37999725341797,111.66000366210938,10356000
2022-02-02,96.8768081665039,96.8768081665039,111.97000122070312,111.66999816894531,111.69999694824219,7967900
2022-02-03,96.48661041259766,96.48661041259766,111.37000274658203,111.12999725341797,111.26000213623047,10290400
2022-02-04,95.87957763671875,95.87957763671875,110.75,110.47000122070312,110.75,6967200
2022-02-07,95.96632385253906,95.96632385253906,110.70999908447266,110.47000122070312,110.56999969482422,6723400
2022-02-08,95.67146301269531,95.67146301269531,110.4800033569336,110.31999969482422,110.44000244140625,7987000
2022-02-09,95.7321548461914,95.7321548461914,110.68000030517578,110.38999938964844,110.51000213623047,9194400
2022-02-10,94.84767150878906,94.84767150878906,110.05999755859375,109.37999725341797,109.97000122070312,10761200
2022-02-11,95.47203063964844,95.47203063964844,110.16000366210938,109.33999633789062,109.73999786376953,13868300
2022-02-14,94.91707611083984,94.91707611083984,109.76000213623047,109.4000015258789,109.66000366210938,8843700
2022-02-15,94.7609634399414,94.7609634399414,109.51000213623047,109.23999786376953,109.36000061035156,5820200
2022-02-16,94.87371826171875,94.87371826171875,109.4800033569336,109.0999984741211,109.44000244140625,8116000
2022-02-17,95.07315826416016,95.07315826416016,109.80999755859375,109.51000213623047,109.58000183105469,10217000
2022-02-18,95.2725830078125,95.2725830078125,109.87999725341797,109.70999908447266,109.83000183105469,7110900
2022-02-22,95.16854858398438,95.16854858398438,109.77999877929688,109.55999755859375,109.68000030517578,7604400
2022-02-23,94.74365997314453,94.74365997314453,109.55000305175781,109.2300033569336,109.5199966430664,11732100
2022-02-24,94.91707611083984,94.91707611083984,109.7699966430664,109.16999816894531,109.66999816894531,12372100
2022-02-25,95.01246643066406,95.01246643066406,109.58000183105469,109.33000183105469,109.44999694824219,10089100
2022-02-28,95.6974868774414,95.6974868774414,110.43000030517578,110.0199966430664,110.02999877929688,16594600
2022-03-01,96.23677062988281,96.23677062988281,111.16999816894531,110.56999969482422,110.5999984741211,14355100
2022-03-02,95.0818099975586,95.0818099975586,110.37999725341797,109.45999908447266,110.30000305175781,9028800
2022-03-03,95.40312957763672,95.40312957763672,110.0,109.6500015258789,109.79000091552734,15802600
2022-03-04,95.78521728515625,95.78521728515625,110.55000305175781,110.2300033569336,110.4000015258789,7838500
2022-03-07,95.22943115234375,95.22943115234375,110.13999938964844,109.63999938964844,109.87000274658203,12740600
2022-03-08,94.8907699584961,94.8907699584961,109.33000183105469,109.12000274658203,109.25,9933700
2022-03-09,94.6910400390625,94.6910400390625,109.20999908447266,108.93000030517578,109.0999984741211,11192300
2022-03-10,94.16128540039062,94.16128540039062,108.68000030517578,108.25,108.66000366210938,16234900
2022-03-11,94.1439437866211,94.1439437866211,108.55000305175781,108.33999633789062,108.44000244140625,11997800
2022-03-14,93.23210906982422,93.23210906982422,107.81999969482422,107.36000061035156,107.79000091552734,10961600
2022-03-15,93.44052124023438,93.44052124023438,107.91999816894531,107.43000030517578,107.83999633789062,14001200
2022-03-16,93.510009765625,93.510009765625,107.7300033569336,107.0,107.62999725341797,16805400
2022-03-17,93.66632080078125,93.66632080078125,108.05999755859375,107.7300033569336,107.8499984741211,8035400
2022-03-18,93.87471008300781,93.87471008300781,108.13999938964844,107.91999816894531,107.93000030517578,7864100
2022-03-21,92.95420837402344,92.95420837402344,107.6500015258789,106.9800033569336,107.58000183105469,8024800
2022-03-22,92.70238494873047,92.70238494873047,106.87999725341797,106.61000061035156,106.73999786376953,16120500
2022-03-23,93.08447265625,93.08447265625,107.20999908447266,106.70999908447266,106.95999908447266,9060700
2022-03-24,92.87603759765625,92.87603759765625,107.04000091552734,106.6500015258789,106.72000122070312,7480500
2022-03-25,92.13788604736328,92.13788604736328,106.6500015258789,105.9800033569336,106.56999969482422,10538700
2022-03-28,92.36369323730469,92.36369323730469,106.52999877929688,106.16000366210938,106.25,8540500
2022-03-29,92.79788970947266,92.79788970947266,106.88999938964844,106.45999908447266,106.61000061035156,11396500
2022-03-30,93.04975128173828,93.04975128173828,107.1500015258789,106.58999633789062,106.5999984741211,11544400
2022-03-31,93.0063247680664,93.0063247680664,107.37999725341797,107.05999755859375,107.16999816894531,13799100
2022-04-01,92.8410873413086,92.8410873413086,106.94999694824219,106.25,106.3499984741211,11581600
2022-04-04,92.91936492919922,92.91936492919922,106.87000274658203,106.55999755859375,106.83999633789062,9956400
2022-04-05,91.98004150390625,91.98004150390625,106.62999725341797,105.73999786376953,106.58000183105469,11028300
2022-04-06,91.74523162841797,91.74523162841797,105.80999755859375,105.12000274658203,105.20999908447266,13116000
2022-04-07,91.54521179199219,91.54521179199219,105.51000213623047,105.12999725341797,105.37999725341797,7922500
2022-04-08,91.08421325683594,91.08421325683594,105.01000213623047,104.62000274658203,104.81999969482422,6503200
2022-04-11,90.69290924072266,90.69290924072266,104.51000213623047,104.16999816894531,104.44000244140625,8381800
2022-04-12,90.97993469238281,90.97993469238281,104.91999816894531,104.58000183105469,104.80000305175781,8498700
2022-04-13,91.16254425048828,91.16254425048828,105.08999633789062,104.73999786376953,104.7699966430664,6801000
2022-04-14,90.42328643798828,90.42328643798828,104.73999786376953,103.93000030517578,104.7300033569336,8510100
2022-04-18,90.1449966430664,90.1449966430664,104.0199966430664,103.61000061035156,103.97000122070312,8633000
2022-04-19,89.59707641601562,89.59707641601562,103.43000030517578,102.97000122070312,103.26000213623047,7847500
2022-04-20,90.11016845703125,90.11016845703125,103.73999786376953,103.30000305175781,103.36000061035156,8460900
2022-04-21,89.61445617675781,89.61445617675781,103.47000122070312,102.79000091552734,103.44000244140625,11395800
2022-04-22,89.52749633789062,89.52749633789062,103.18000030517578,102.66999816894531,102.7300033569336,9159000
2022-04-25,90.12757873535156,90.12757873535156,103.93000030517578,103.47000122070312,103.47000122070312,8777500
2022-04-26,90.40589141845703,90.40589141845703,104.12999725341797,103.80000305175781,104.12999725341797,8535100
2022-04-27,90.0406265258789,90.0406265258789,104.01000213623047,103.52999877929688,103.91000366210938,11185400
2022-04-28,90.00582885742188,90.00582885742188,103.51000213623047,103.16999816894531,103.33000183105469,10372200
2022-04-29,89.46660614013672,89.46660614013672,103.2699966430664,102.81999969482422,102.91999816894531,9924100
2022-05-02,88.97957611083984,88.97957611083984,102.36000061035156,102.0,102.31999969482422,12729000
2022-05-03,89.17999267578125,89.17999267578125,102.79000091552734,102.29000091552734,102.70999908447266,12165300
2022-05-04,89.7550048828125,89.7550048828125,103.05000305175781,102.12000274658203,102.31999969482422,14656400
2022-05-05,88.86634063720703,88.86634063720703,102.5199966430664,101.58999633789062,102.4800033569336,17474400
2022-05-06,88.49168395996094,88.49168395996094,101.94999694824219,101.48999786376953,101.66000366210938,8314100
2022-05-09,88.92733001708984,88.92733001708984,102.0999984741211,101.4800033569336,101.54000091552734,8640900
2022-05-10,89.19739532470703,89.19739532470703,102.72000122070312,102.31999969482422,102.5199966430664,18465000
2022-05-11,89.52845764160156,89.52845764160156,102.79000091552734,101.95999908447266,102.06999969482422,16462000
2022-05-12,89.69400787353516,89.69400787353516,103.13999938964844,102.87000274658203,102.94000244140625,9015300
2022-05-13,89.3106689453125,89.3106689453125,102.77999877929688,102.4800033569336,102.75,6715600
2022-05-16,89.51106262207031,89.51106262207031,102.97000122070312,102.69000244140625,102.70999908447266,7239200
2022-05-17,89.02313995361328,89.02313995361328,102.43000030517578,102.13999938964844,102.2699966430664,6559000
2022-05-18,89.38033294677734,89.38033294677734,102.63999938964844,102.08000183105469,102.11000061035156,6093800
2022-05-19,89.60685729980469,89.60685729980469,103.22000122070312,102.75,103.19999694824219,10504300
2022-05-20,89.87698364257812,89.87698364257812,103.20999908447266,102.87999725341797,102.94999694824219,6731400
2022-05-23,89.58077239990234,89.58077239990234,103.19999694824219,102.7300033569336,103.01000213623047,8007200
2022-05-24,90.26898956298828,90.26898956298828,103.73999786376953,103.12999725341797,103.13999938964844,10332300
2022-05-25,90.64364624023438,90.64364624023438,104.06999969482422,103.7699966430664,103.93000030517578,7718100
2022-05-26,90.57395935058594,90.57395935058594,104.19000244140625,103.80000305175781,104.06999969482422,5720000
2022-05-27,90.72207641601562,90.72207641601562,104.30999755859375,104.0199966430664,104.08999633789062,5496300
2022-05-31,90.14705657958984,90.14705657958984,103.63999938964844,103.29000091552734,103.52999877929688,10491700
2022-06-01,89.77696990966797,89.77696990966797,103.52999877929688,102.75,103.38999938964844,8056700
2022-06-02,89.89045715332031,89.89045715332031,103.08999633789062,102.7300033569336,103.05999755859375,7456800
2022-06-03,89.7420883178711,89.7420883178711,102.91000366210938,102.63999938964844,102.66999816894531,6561100
2022-06-06,89.19216918945312,89.19216918945312,102.7699966430664,102.16000366210938,102.66999816894531,5144500
2022-06-07,89.53255462646484,89.53255462646484,102.76000213623047,102.4000015258789,102.41999816894531,5620200
2022-06-08,89.16603088378906,89.16603088378906,102.55999755859375,102.16000366210938,102.41999816894531,4150800
2022-06-09,89.07001495361328,89.07001495361328,102.22000122070312,101.97000122070312,102.06999969482422,5423500
2022-06-10,88.38047790527344,88.38047790527344,101.72000122070312,101.02999877929688,101.66999816894531,7830000
2022-06-13,86.93163299560547,86.93163299560547,100.3499984741211,99.12999725341797,100.0999984741211,9479000
2022-06-14,86.41665649414062,86.41665649414062,99.94000244140625,98.86000061035156,99.83999633789062,10943400
2022-06-15,87.37674713134766,87.37674713134766,100.16000366210938,99.18000030517578,99.69000244140625,10979000
2022-06-16,87.58621978759766,87.58621978759766,100.36000061035156,99.13999938964844,99.23999786376953,9329900
2022-06-17,87.57749938964844,87.57749938964844,100.56999969482422,99.9800033569336,100.41999816894531,9892200
2022-06-21,87.22837829589844,87.22837829589844,100.26000213623047,99.79000091552734,100.0199966430664,9022500
2022-06-22,87.97028350830078,87.97028350830078,100.93000030517578,100.66999816894531,100.66999816894531,9437000
2022-06-23,88.33683013916016,88.33683013916016,101.76000213623047,101.12999725341797,101.25,7773900
2022-06-24,88.19720458984375,88.19720458984375,101.47000122070312,101.0,101.11000061035156,7389600
2022-06-27,87.80443572998047,87.80443572998047,100.94999694824219,100.4800033569336,100.66999816894531,8319700
2022-06-28,87.83932495117188,87.83932495117188,100.66000366210938,100.4000015258789,100.52999877929688,6540000
2022-06-29,88.3455810546875,88.3455810546875,101.23999786376953,100.68000030517578,100.80000305175781,7326500
2022-06-30,88.74706268310547,88.74706268310547,101.95999908447266,101.58000183105469,101.5999984741211,7521300
2022-07-01,89.48682403564453,89.48682403564453,102.79000091552734,102.08999633789062,102.20999908447266,7393100
2022-07-05,89.65294647216797,89.65294647216797,102.69999694824219,102.3499984741211,102.54000091552734,6813100
2022-07-06,89.04960632324219,89.04960632324219,102.80000305175781,101.83999633789062,102.77999877929688,6647700
2022-07-07,88.84850311279297,88.84850311279297,101.9800033569336,101.5199966430664,101.94000244140625,8226500
2022-07-08,88.51622772216797,88.51622772216797,101.44999694824219,101.16000366210938,101.3499984741211,5270100
2022-07-11,88.92720794677734,88.92720794677734,101.91999816894531,101.5999984741211,101.66999816894531,5758400
2022-07-12,89.04960632324219,89.04960632324219,102.19000244140625,101.81999969482422,102.0199966430664,6690500
2022-07-13,89.3731460571289,89.3731460571289,102.23999786376953,101.19000244140625,101.2300033569336,6534700
2022-07-14,89.05836486816406,89.05836486816406,101.9800033569336,101.33000183105469,101.51000213623047,6233300
2022-07-15,89.40813446044922,89.40813446044922,102.3499984741211,101.9000015258789,101.94000244140625,8640400
2022-07-18,89.11954498291016,89.11954498291016,102.02999877929688,101.72000122070312,102.0,6006400
2022-07-19,88.99713897705078,88.99713897705078,101.98999786376953,101.66000366210938,101.94999694824219,5936200
2022-07-20,88.93595123291016,88.93595123291016,102.16999816894531,101.66999816894531,102.16000366210938,6124000
2022-07-21,89.6791763305664,89.6791763305664,102.58000183105469,101.95999908447266,101.95999908447266,5920000
2022-07-22,90.37871551513672,90.37871551513672,103.5999984741211,103.12000274658203,103.26000213623047,7323100
2022-07-25,90.04644012451172,90.04644012451172,103.08999633789062,102.87000274658203,102.9000015258789,3729500
2022-07-26,90.02896118164062,90.02896118164062,103.51000213623047,102.95999908447266,103.44000244140625,6312200
2022-07-27,90.34371948242188,90.34371948242188,103.63999938964844,103.18000030517578,103.19000244140625,5431400
2022-07-28,90.99078369140625,90.99078369140625,104.20999908447266,103.83999633789062,104.08999633789062,6473800
2022-07-29,90.99954223632812,90.99954223632812,104.4000015258789,103.83000183105469,103.94000244140625,7674600
2022-08-01,91.31494903564453,91.31494903564453,104.30999755859375,103.91000366210938,103.98999786376953,7733700
2022-08-02,90.37751770019531,90.37751770019531,104.3499984741211,103.13999938964844,104.2699966430664,6869400
2022-08-03,90.78052520751953,90.78052520751953,103.63999938964844,102.72000122070312,103.02999877929688,6261700
2022-08-04,90.99954986572266,90.99954986572266,103.88999938964844,103.56999969482422,103.66999816894531,5199700
2022-08-05,89.9832534790039,89.9832534790039,102.83000183105469,102.5199966430664,102.80999755859375,4847100
2022-08-08,90.39503479003906,90.39503479003906,103.29000091552734,103.04000091552734,103.0999984741211,3425000
2022-08-09,90.19351959228516,90.19351959228516,103.05000305175781,102.83999633789062,102.91999816894531,3854000
2022-08-10,90.42132568359375,90.42132568359375,103.68000030517578,103.11000061035156,103.43000030517578,7156200
2022-08-11,89.93946075439453,89.93946075439453,103.62999725341797,102.62000274658203,103.37999725341797,8518200
2022-08-12,90.34247589111328,90.34247589111328,103.12000274658203,102.72000122070312,102.97000122070312,3643400
2022-08-15,90.45634460449219,90.45634460449219,103.44999694824219,103.23999786376953,103.37000274658203,3782900
2022-08-16,90.324951171875,90.324951171875,103.12999725341797,102.79000091552734,103.12999725341797,4976100
2022-08-17,89.79051971435547,89.79051971435547,102.73999786376953,102.33999633789062,102.63999938964844,7222300
2022-08-18,89.9832534790039,89.9832534790039,102.93000030517578,102.63999938964844,102.69999694824219,4260600
2022-08-19,89.35248565673828,89.35248565673828,102.12999725341797,101.8499984741211,102.12999725341797,4575500
2022-08-22,88.96699523925781,88.96699523925781,101.88999938964844,101.5199966430664,101.81999969482422,7133200
2022-08-23,88.93194580078125,88.93194580078125,101.97000122070312,101.4000015258789,101.54000091552734,7369600
2022-08-24,88.6954116821289,88.6954116821289,101.4000015258789,101.1500015258789,101.3499984741211,6318900
2022-08-25,89.1860122680664,89.1860122680664,101.87000274658203,101.23999786376953,101.33000183105469,8217300
2022-08-26,89.01958465576172,89.01958465576172,101.8499984741211,101.41999816894531,101.66999816894531,5584800
2022-08-29,88.5903091430664,88.5903091430664,101.27999877929688,101.05999755859375,101.2699966430664,7509000
2022-08-30,88.70418548583984,88.70418548583984,101.44999694824219,100.93000030517578,101.26000213623047,6573600
2022-08-31,88.2310562133789,88.2310562133789,101.2300033569336,100.63999938964844,101.04000091552734,6116500
2022-09-01,87.84833526611328,87.84833526611328,100.1500015258789,99.66000366210938,100.06999969482422,8961600
2022-09-02,88.10293579101562,88.10293579101562,100.66999816894531,100.12999725341797,100.37000274658203,5966800
2022-09-06,87.27774047851562,87.27774047851562,99.97000122070312,99.41000366210938,99.95999908447266,5341300
2022-09-07,87.8834457397461,87.8834457397461,100.12999725341797,99.72000122070312,99.7300033569336,3607100
2022-09-08,87.6025390625,87.6025390625,100.18000030517578,99.79000091552734,100.0,5546200
2022-09-09,87.59374237060547,87.59374237060547,100.12999725341797,99.7300033569336,99.98999786376953,7496100
2022-09-12,87.4620590209961,87.4620590209961,100.08999633789062,99.51000213623047,100.0,8535500
2022-09-13,86.97046661376953,86.97046661376953,99.19000244140625,98.9000015258789,98.91000366210938,4957400
2022-09-14,87.08458709716797,87.08458709716797,99.3499984741211,98.97000122070312,99.0,7557300
2022-09-15,86.82122039794922,86.82122039794922,99.11000061035156,98.83999633789062,99.04000091552734,6016600
2022-09-16,86.75977325439453,86.75977325439453,99.01000213623047,98.61000061035156,98.66000366210938,6965400
2022-09-19,86.6280746459961,86.6280746459961,98.83999633789062,98.4800033569336,98.52999877929688,5982200
2022-09-20,86.24185180664062,86.24185180664062,98.4000015258789,98.08000183105469,98.20999908447266,11271700
2022-09-21,86.51399230957031,86.51399230957031,98.5999984741211,97.86000061035156,98.4000015258789,7094400
2022-09-22,85.59220886230469,85.59220886230469,97.91999816894531,97.4000015258789,97.9000015258789,7092400
2022-09-23,85.32882690429688,85.32882690429688,97.44999694824219,96.88999938964844,97.4000015258789,11059300
2022-09-26,84.23149871826172,84.23149871826172,96.91000366210938,95.87000274658203,96.87000274658203,9009900
2022-09-27,83.87158966064453,83.87158966064453,96.08000183105469,95.37999725341797,95.97000122070312,11440200
2022-09-28,85.2235107421875,85.2235107421875,97.12999725341797,96.2699966430664,96.47000122070312,10539800
2022-09-29,84.77578735351562,84.77578735351562,96.80000305175781,96.29000091552734,96.4800033569336,8666100
2022-09-30,84.57390594482422,84.57390594482422,97.08999633789062,96.19000244140625,96.86000061035156,14376300
2022-10-03,85.26101684570312,85.26101684570312,97.4800033569336,96.63999938964844,96.88999938964844,9617900
2022-10-04,85.48976135253906,85.48976135253906,97.55000305175781,97.08000183105469,97.20999908447266,6964200
2022-10-05,85.04106140136719,85.04106140136719,96.98999786376953,96.2699966430664,96.69000244140625,9512800
2022-10-06,84.70671844482422,84.70671844482422,96.70999908447266,96.20999908447266,96.58999633789062,5625100
2022-10-07,84.25804138183594,84.25804138183594,96.01000213623047,95.68000030517578,95.80999755859375,6149600
2022-10-10,83.87972259521484,83.87972259521484,95.75,95.1500015258789,95.7300033569336,4074700
2022-10-11,83.93253326416016,83.93253326416016,95.83000183105469,95.2699966430664,95.62999725341797,8892800
2022-10-12,84.00289916992188,84.00289916992188,95.61000061035156,95.2300033569336,95.25,5651200
2022-10-13,83.73896026611328,83.73896026611328,95.44000244140625,94.18000030517578,94.2300033569336,6254400
2022-10-14,83.28147888183594,83.28147888183594,95.62999725341797,94.61000061035156,95.62999725341797,8580700
2022-10-17,83.45741271972656,83.45741271972656,95.4000015258789,94.83000183105469,95.25,5460600
2022-10-18,83.59820556640625,83.59820556640625,95.18000030517578,94.63999938964844,95.11000061035156,6389100
2022-10-19,82.87674713134766,82.87674713134766,94.55999755859375,94.1500015258789,94.41000366210938,6316100
2022-10-20,82.37525939941406,82.37525939941406,94.26000213623047,93.55999755859375,94.05999755859375,9012900
2022-10-21,82.49845123291016,82.49845123291016,93.87000274658203,93.19999694824219,93.2699966430664,8371100
2022-10-24,82.38408660888672,82.38408660888672,94.02999877929688,93.44999694824219,93.7699966430664,6090400
2022-10-25,83.19349670410156,83.19349670410156,94.70999908447266,94.36000061035156,94.38999938964844,11710400
2022-10-26,83.56299591064453,83.56299591064453,95.16999816894531,94.76000213623047,94.77999877929688,7884100
2022-10-27,83.98529052734375,83.98529052734375,95.62000274658203,94.98999786376953,95.20999908447266,6913500
2022-10-28,83.77415466308594,83.77415466308594,95.45999908447266,94.9800033569336,95.01000213623047,6229200
2022-10-31,83.49262237548828,83.49262237548828,95.05999755859375,94.5999984741211,95.01000213623047,10946400
2022-11-01,83.64781951904297,83.64781951904297,95.3499984741211,94.6500015258789,95.25,8096800
2022-11-02,83.5067138671875,83.5067138671875,95.51000213623047,94.52999877929688,94.9800033569336,8584100
2022-11-03,83.19811248779297,83.19811248779297,94.51000213623047,93.93000030517578,93.97000122070312,9314800
2022-11-04,83.18927001953125,83.18927001953125,94.63999938964844,94.16999816894531,94.43000030517578,6918300
2022-11-07,82.92475891113281,82.92475891113281,94.45999908447266,94.02999877929688,94.41000366210938,7597200
2022-11-08,83.27747344970703,83.27747344970703,94.61000061035156,94.22000122070312,94.23999786376953,5834900
2022-11-09,83.37445831298828,83.37445831298828,94.69999694824219,94.25,94.38999938964844,6694200
2022-11-10,85.1645278930664,85.1645278930664,96.58000183105469,95.79000091552734,95.9800033569336,8494800
2022-11-11,85.10279846191406,85.10279846191406,96.61000061035156,96.2300033569336,96.2300033569336,4953100
2022-11-14,84.86470031738281,84.86470031738281,96.44999694824219,96.18000030517578,96.43000030517578,7457600
2022-11-15,85.49076843261719,85.49076843261719,96.94999694824219,96.61000061035156,96.80000305175781,7962000
2022-11-16,86.01988220214844,86.01988220214844,97.62999725341797,97.13999938964844,97.25,11075000
2022-11-17,85.6583251953125,85.6583251953125,97.16999816894531,96.8499984741211,97.02999877929688,6889000
2022-11-18,85.53484344482422,85.53484344482422,97.33000183105469,96.91000366210938,97.22000122070312,4714900
2022-11-21,85.4819564819336,85.4819564819336,97.33999633789062,96.91000366210938,97.2699966430664,6829100
2022-11-22,85.92286682128906,85.92286682128906,97.5,97.18000030517578,97.18000030517578,8039000
2022-11-23,86.43429565429688,86.43429565429688,98.0199966430664,97.58000183105469,97.58000183105469,5885600
2022-11-25,86.45194244384766,86.45194244384766,98.04000091552734,97.80999755859375,97.80999755859375,2718600
2022-11-28,86.31086730957031,86.31086730957031,98.19000244140625,97.83999633789062,98.13999938964844,7920700
2022-11-29,86.00222778320312,86.00222778320312,97.79000091552734,97.48999786376953,97.54000091552734,6643300
2022-11-30,86.67241668701172,86.67241668701172,98.31999969482422,97.29000091552734,97.4800033569336,8963500
2022-12-01,87.39359283447266,87.39359283447266,98.88999938964844,98.16999816894531,98.30000305175781,12471300
2022-12-02,87.7559814453125,87.7559814453125,99.30000305175781,98.30000305175781,98.48999786376953,6368000
2022-12-05,87.06658935546875,87.06658935546875,99.29000091552734,98.30000305175781,98.81999969482422,8072500
2022-12-06,87.32288360595703,87.32288360595703,98.91999816894531,98.58999633789062,98.70999908447266,7660100
2022-12-07,88.10069274902344,88.10069274902344,99.7300033569336,99.16999816894531,99.29000091552734,6752900
2022-12-08,87.83553314208984,87.83553314208984,99.5999984741211,99.23999786376953,99.38999938964844,6307200
2022-12-09,87.31404876708984,87.31404876708984,99.20999908447266,98.7699966430664,99.12000274658203,8994400
2022-12-12,87.33172607421875,87.33172607421875,99.23999786376953,98.62999725341797,99.19000244140625,10384200
2022-12-13,87.9150619506836,87.9150619506836,100.18000030517578,99.4000015258789,100.18000030517578,9120600
2022-12-14,88.10953521728516,88.10953521728516,99.79000091552734,99.16999816894531,99.5199966430664,10624000
2022-12-15,88.23884582519531,88.23884582519531,99.69999694824219,99.37000274658203,99.56999969482422,9423900
2022-12-16,88.00855255126953,88.00855255126953,99.5199966430664,98.94000244140625,98.95999908447266,7546100
2022-12-19,87.46817016601562,87.46817016601562,98.93000030517578,98.61000061035156,98.9000015258789,10351000
2022-12-20,86.87464141845703,86.87464141845703,98.26000213623047,97.9800033569336,98.0999984741211,10282200
2022-12-21,87.11382293701172,87.11382293701172,98.54000091552734,98.19000244140625,98.48999786376953,8489300
2022-12-22,87.08724212646484,87.08724212646484,98.47000122070312,98.22000122070312,98.31999969482422,8267800
2022-12-23,86.78607177734375,86.78607177734375,98.11000061035156,97.9000015258789,98.05000305175781,4823400
2022-12-27,86.15709686279297,86.15709686279297,97.62000274658203,97.20999908447266,97.45999908447266,7925700
2022-12-28,86.00650787353516,86.00650787353516,97.5,97.08000183105469,97.47000122070312,12131200
2022-12-29,86.32540893554688,86.32540893554688,97.47000122070312,97.18000030517578,97.20999908447266,7763300
2022-12-30,85.91792297363281,85.91792297363281,97.36000061035156,96.97000122070312,97.25,8469000
2023-01-03,86.4228744506836,86.4228744506836,97.97000122070312,97.37000274658203,97.97000122070312,19930800
2023-01-04,86.90121459960938,86.90121459960938,98.25,97.88999938964844,98.16999816894531,10080100
2023-01-05,86.83035278320312,86.83035278320312,98.05999755859375,97.56999969482422,97.63999938964844,9682000
2023-01-06,87.77821350097656,87.77821350097656,99.1500015258789,98.04000091552734,98.12999725341797,8503000
2023-01-09,87.9996566772461,87.9996566772461,99.5,99.0,99.05999755859375,7849600
2023-01-10,87.66305541992188,87.66305541992188,99.1500015258789,98.73999786376953,99.0199966430664,7291300
2023-01-11,88.20340728759766,88.20340728759766,99.56999969482422,99.26000213623047,99.27999877929688,6102900
2023-01-12,88.84125518798828,88.84125518798828,100.52999877929688,99.48999786376953,99.83999633789062,8342700
2023-01-13,88.51347351074219,88.51347351074219,100.26000213623047,99.83000183105469,100.0199966430664,6719000
2023-01-17,88.35399627685547,88.35399627685547,99.95999908447266,99.6500015258789,99.73999786376953,8174700
2023-01-18,89.23098754882812,89.23098754882812,100.87999725341797,100.37000274658203,100.76000213623047,7779300
2023-01-19,89.0272445678711,89.0272445678711,100.7300033569336,100.33000183105469,100.7300033569336,8633700
2023-01-20,88.66407012939453,88.66407012939453,100.26000213623047,99.88999938964844,100.16999816894531,6095800
2023-01-23,88.44258117675781,88.44258117675781,100.05999755859375,99.77999877929688,99.80000305175781,6573200
2023-01-24,88.8323745727539,88.8323745727539,100.31999969482422,99.68000030517578,99.83999633789062,6538600
2023-01-25,88.93865203857422,88.93865203857422,100.47000122070312,100.0999984741211,100.26000213623047,5431000
2023-01-26,88.7880859375,88.7880859375,100.45999908447266,100.06999969482422,100.33000183105469,5399100
2023-01-27,88.65518951416016,88.65518951416016,100.13999938964844,99.91000366210938,99.95999908447266,5123100
2023-01-30,88.41600799560547,88.41600799560547,100.08999633789062,99.80000305175781,99.9000015258789,6822000
2023-01-31,88.77921295166016,88.77921295166016,100.33999633789062,99.83000183105469,100.16000366210938,12083600
2023-02-01,89.40526580810547,89.40526580810547,100.77999877929688,99.86000061035156,100.19000244140625,11593300
2023-02-02,89.5029525756836,89.5029525756836,101.1500015258789,100.73999786376953,101.04000091552734,9197800
2023-02-03,88.64156341552734,88.64156341552734,100.12999725341797,99.5199966430664,99.94999694824219,9083000
2023-02-06,88.15315246582031,88.15315246582031,99.41999816894531,99.2300033569336,99.30999755859375,9198900
2023-02-07,88.00218963623047,88.00218963623047,99.56999969482422,99.05999755859375,99.1500015258789,6224800
2023-02-08,88.12651824951172,88.12651824951172,99.43000030517578,98.94999694824219,99.13999938964844,4900600
2023-02-09,87.78019714355469,87.78019714355469,99.55999755859375,98.83000183105469,99.54000091552734,5594800
2023-02-10,87.39834594726562,87.39834594726562,98.83000183105469,98.4000015258789,98.81999969482422,5068200
2023-02-13,87.66475677490234,87.66475677490234,98.72000122070312,98.45999908447266,98.48999786376953,6832700
2023-02-14,87.35395812988281,87.35395812988281,98.76000213623047,98.11000061035156,98.66999816894531,9559500
2023-02-15,87.18522644042969,87.18522644042969,98.36000061035156,98.02999877929688,98.23999786376953,6486500
2023-02-16,86.82111358642578,86.82111358642578,98.02999877929688,97.69000244140625,97.87999725341797,5235600
2023-02-17,87.02537536621094,87.02537536621094,98.01000213623047,97.52999877929688,97.52999877929688,5956300
2023-02-21,86.20841217041016,86.20841217041016,97.45999908447266,97.08000183105469,97.36000061035156,8369600
2023-02-22,86.43930053710938,86.43930053710938,97.58999633789062,97.30000305175781,97.4000015258789,5862300
2023-02-23,86.75007629394531,86.75007629394531,97.72000122070312,97.37000274658203,97.4000015258789,8527200
2023-02-24,86.2528076171875,86.2528076171875,97.26000213623047,96.97000122070312,97.22000122070312,4866800
2023-02-27,86.42152404785156,86.42152404785156,97.48999786376953,97.22000122070312,97.41000366210938,5040000
2023-02-28,86.41265869140625,86.41265869140625,97.37000274658203,96.93000030517578,96.98999786376953,8575000
2023-03-01,85.917724609375,85.917724609375,97.04000091552734,96.5,96.83000183105469,9125300
2023-03-02,85.73969268798828,85.73969268798828,96.3499984741211,96.11000061035156,96.1500015258789,9247400
2023-03-03,86.41621398925781,86.41621398925781,97.08000183105469,96.58999633789062,96.8499984741211,7267000
2023-03-06,86.20258331298828,86.20258331298828,97.29000091552734,96.80999755859375,97.2699966430664,4188500
2023-03-07,86.08686065673828,86.08686065673828,97.02999877929688,96.56999969482422,96.9800033569336,6013200
2023-03-08,85.99781799316406,85.99781799316406,97.08000183105469,96.4800033569336,96.9000015258789,8044000
2023-03-09,86.30938720703125,86.30938720703125,97.1500015258789,96.69999694824219,96.76000213623047,7054400
2023-03-10,87.31527709960938,87.31527709960938,98.31999969482422,97.76000213623047,97.79000091552734,7515700
2023-03-13,88.00959777832031,88.00959777832031,99.6500015258789,98.62000274658203,99.05000305175781,10343900
2023-03-14,87.4933090209961,87.4933090209961,98.81999969482422,98.08999633789062,98.7699966430664,8159800
2023-03-15,88.36564636230469,88.36564636230469,99.69999694824219,98.80999755859375,99.43000030517578,11133700
2023-03-16,88.01848602294922,88.01848602294922,99.72000122070312,98.68000030517578,99.52999877929688,15217800
2023-03-17,88.57038879394531,88.57038879394531,99.80000305175781,99.20999908447266,99.29000091552734,8277500
2023-03-20,88.21432495117188,88.21432495117188,99.7300033569336,99.0199966430664,99.7300033569336,6346400
2023-03-21,87.94727325439453,87.94727325439453,99.02999877929688,98.69999694824219,98.87999725341797,5499100
2023-03-22,88.79292297363281,88.79292297363281,99.81999969482422,98.63999938964844,98.80000305175781,7585400
2023-03-23,89.00656127929688,89.00656127929688,100.05000305175781,99.51000213623047,99.68000030517578,9949700
2023-03-24,89.15789794921875,89.15789794921875,100.48999786376953,99.94999694824219,100.27999877929688,6217700
2023-03-27,88.19651794433594,88.19651794433594,99.5199966430664,99.06999969482422,99.38999938964844,6823400
2023-03-28,88.06298065185547,88.06298065185547,99.05000305175781,98.81999969482422,98.9800033569336,6356200
2023-03-29,88.16983795166016,88.16983795166016,99.11000061035156,98.72000122070312,98.73999786376953,5111300
2023-03-30,88.26774597167969,88.26774597167969,99.2300033569336,98.94999694824219,99.02999877929688,4251900
2023-03-31,88.69502258300781,88.69502258300781,99.69000244140625,99.16000366210938,99.38999938964844,8521600
2023-04-03,89.08052062988281,89.08052062988281,99.86000061035156,99.20999908447266,99.27999877929688,7567100
2023-04-04,89.41072082519531,89.41072082519531,100.30000305175781,99.5,99.55000305175781,8925200
2023-04-05,89.71414184570312,89.71414184570312,100.9800033569336,100.41000366210938,100.5,9883500
2023-04-06,89.63382720947266,89.63382720947266,100.69000244140625,100.44000244140625,100.55999755859375,6105200
2023-04-10,89.0180435180664,89.0180435180664,99.91000366210938,99.5999984741211,99.88999938964844,4478000
2023-04-11,89.07160186767578,89.07160186767578,99.87999725341797,99.58999633789062,99.80999755859375,4543800
2023-04-12,89.1786880493164,89.1786880493164,100.19999694824219,99.61000061035156,100.16999816894531,7226000
2023-04-13,89.14299011230469,89.14299011230469,100.2699966430664,99.80999755859375,100.16000366210938,3964800
2023-04-14,88.7057113647461,88.7057113647461,99.58999633789062,99.31999969482422,99.55999755859375,4794100
2023-04-17,88.2594985961914,88.2594985961914,99.18000030517578,98.87999725341797,99.12999725341797,4441300
2023-04-18,88.38445281982422,88.38445281982422,99.16000366210938,98.91000366210938,98.91000366210938,4753000
2023-04-19,88.2505874633789,88.2505874633789,98.93000030517578,98.70999908447266,98.88999938964844,3592900
2023-04-20,88.65216827392578,88.65216827392578,99.36000061035156,99.19000244140625,99.20999908447266,5092400
2023-04-21,88.50043487548828,88.50043487548828,99.55999755859375,99.11000061035156,99.51000213623047,5367300
2023-04-24,88.84851837158203,88.84851837158203,99.58999633789062,99.36000061035156,99.41999816894531,3256900
2023-04-25,89.40177154541016,89.40177154541016,100.25,99.95999908447266,99.97000122070312,5065400
2023-04-26,89.07160186767578,89.07160186767578,100.22000122070312,99.72000122070312,100.16000366210938,3723600
2023-04-27,88.75033569335938,88.75033569335938,99.62999725341797,99.38999938964844,99.61000061035156,4018300
2023-04-28,89.2054672241211,89.2054672241211,99.98999786376953,99.72000122070312,99.98999786376953,5469900
2023-05-01,88.29205322265625,88.29205322265625,99.41000366210938,98.5999984741211,99.3499984741211,10631600
2023-05-02,89.15089416503906,89.15089416503906,99.66999816894531,98.93000030517578,98.95999908447266,6085800
2023-05-03,89.54451751708984,89.54451751708984,100.12999725341797,99.69000244140625,99.88999938964844,5637200
2023-05-04,89.43717956542969,89.43717956542969,100.41999816894531,99.75,99.7699966430664,5262200
2023-05-05,89.15089416503906,89.15089416503906,99.72000122070312,99.44999694824219,99.63999938964844,4003000
2023-05-08,88.65885162353516,88.65885162353516,99.3499984741211,99.08000183105469,99.20999908447266,5481300
2023-05-09,88.57830810546875,88.57830810546875,99.19000244140625,99.01000213623047,99.11000061035156,5712200
2023-05-10,89.15089416503906,89.15089416503906,99.68000030517578,99.38999938964844,99.43000030517578,4803000
2023-05-11,89.4192886352539,89.4192886352539,100.19000244140625,99.87999725341797,100.11000061035156,7703800
2023-05-12,88.91827392578125,88.91827392578125,99.94999694824219,99.38999938964844,99.88999938964844,4285900
2023-05-15,88.69461822509766,88.69461822509766,99.22000122070312,99.0999984741211,99.20999908447266,8532600
2023-05-16,88.48888397216797,88.48888397216797,98.94999694824219,98.73999786376953,98.88999938964844,6728500
2023-05-17,88.35466003417969,88.35466003417969,99.02999877929688,98.68000030517578,98.98999786376953,6318700
2023-05-18,87.94314575195312,87.94314575195312,98.51000213623047,98.2699966430664,98.48999786376953,4811300
2023-05-19,87.74629211425781,87.74629211425781,98.44000244140625,98.0,98.12999725341797,10285900
2023-05-22,87.66580200195312,87.66580200195312,98.33000183105469,97.97000122070312,98.13999938964844,8551100
2023-05-23,87.76419830322266,87.76419830322266,98.20999908447266,97.80999755859375,97.91999816894531,7641200
2023-05-24,87.5405502319336,87.5405502319336,98.19000244140625,97.81999969482422,98.16999816894531,7719200
2023-05-25,87.21847534179688,87.21847534179688,97.80000305175781,97.44000244140625,97.73999786376953,5941300
2023-05-26,87.29005432128906,87.29005432128906,97.58999633789062,97.23999786376953,97.36000061035156,3889800
2023-05-30,87.8715591430664,87.8715591430664,98.23999786376953,97.8499984741211,97.9000015258789,7349900
2023-05-31,88.18468475341797,88.18468475341797,98.72000122070312,98.20999908447266,98.22000122070312,10559900
2023-06-01,88.45195770263672,88.45195770263672,98.80000305175781,98.4800033569336,98.5999984741211,9029800
2023-06-02,87.98554229736328,87.98554229736328,98.58000183105469,98.08000183105469,98.54000091552734,6877200
2023-06-05,87.97659301757812,87.97659301757812,98.31999969482422,97.7699966430664,97.8499984741211,7246200
2023-06-06,88.0842056274414,88.0842056274414,98.20999908447266,97.88999938964844,98.12000274658203,3816000
2023-06-07,87.61776733398438,87.61776733398438,98.22000122070312,97.58999633789062,98.1500015258789,5131500
2023-06-08,88.0842056274414,88.0842056274414,98.20999908447266,97.7699966430664,97.80000305175781,5041900
2023-06-09,87.87793731689453,87.87793731689453,98.05000305175781,97.79000091552734,97.91000366210938,7140700
2023-06-12,88.03038024902344,88.03038024902344,98.16000366210938,97.7300033569336,98.08999633789062,5436300
2023-06-13,87.61776733398438,87.61776733398438,98.4800033569336,97.5999984741211,98.4800033569336,9568100
2023-06-14,87.6985092163086,87.6985092163086,97.98999786376953,97.44999694824219,97.87999725341797,8360100
2023-06-15,88.30846405029297,88.30846405029297,98.45999908447266,98.12999725341797,98.29000091552734,7472000
2023-06-16,88.03038024902344,88.03038024902344,98.27999877929688,97.91000366210938,98.08999633789062,5653700
2023-06-20,88.19184875488281,88.19184875488281,98.51000213623047,98.16999816894531,98.27999877929688,6694200
2023-06-21,88.33538818359375,88.33538818359375,98.52999877929688,97.9800033569336,98.08999633789062,5579900
2023-06-22,87.87793731689453,87.87793731689453,98.33000183105469,97.91999816894531,98.16999816894531,7147600
2023-06-23,88.13801574707031,88.13801574707031,98.5,98.0999984741211,98.48999786376953,4792900
2023-06-26,88.24568176269531,88.24568176269531,98.51000213623047,98.30999755859375,98.5,10632300
2023-06-27,88.07525634765625,88.07525634765625,98.58999633789062,98.0999984741211,98.44999694824219,7803300
2023-06-28,88.33538818359375,88.33538818359375,98.54000091552734,98.19999694824219,98.33999633789062,8622900
2023-06-29,87.65364837646484,87.65364837646484,97.87000274658203,97.61000061035156,97.80000305175781,8877500
2023-06-30,87.8599624633789,87.8599624633789,98.0999984741211,97.73999786376953,97.86000061035156,13417300
2023-07-03,87.75655364990234,87.75655364990234,98.04000091552734,97.54000091552734,97.81999969482422,3691600
2023-07-05,87.3608169555664,87.3608169555664,97.52999877929688,97.05000305175781,97.51000213623047,6046200
2023-07-06,86.79425811767578,86.79425811767578,96.63999938964844,96.27999877929688,96.55999755859375,9534200
2023-07-07,86.812255859375,86.812255859375,96.75,96.41999816894531,96.41999816894531,8311000
2023-07-10,87.05506896972656,87.05506896972656,96.94000244140625,96.55000305175781,96.56999969482422,8827400
2023-07-11,87.24392700195312,87.24392700195312,97.0999984741211,96.86000061035156,96.94000244140625,5978500
2023-07-12,87.95440673828125,87.95440673828125,97.8499984741211,97.44999694824219,97.51000213623047,7189100
2023-07-13,88.50296783447266,88.50296783447266,98.44000244140625,98.12000274658203,98.18000030517578,7458500
2023-07-14,88.08029174804688,88.08029174804688,98.30999755859375,97.91999816894531,98.2300033569336,7208400
2023-07-17,88.17923736572266,88.17923736572266,98.0999984741211,97.8499984741211,97.94999694824219,4689500
2023-07-18,88.25115966796875,88.25115966796875,98.41000366210938,98.12999725341797,98.33000183105469,5593200
2023-07-19,88.5209732055664,88.5209732055664,98.4800033569336,98.19000244140625,98.3499984741211,7467900
2023-07-20,88.06230926513672,88.06230926513672,98.08000183105469,97.7300033569336,98.05999755859375,12562400
2023-07-21,88.1252670288086,88.1252670288086,98.1500015258789,97.94000244140625,98.11000061035156,7605200
2023-07-24,87.96338653564453,87.96338653564453,98.16000366210938,97.79000091552734,98.0999984741211,6656600
2023-07-25,87.8644790649414,87.8644790649414,97.79000091552734,97.56999969482422,97.58000183105469,5794800
2023-07-26,88.15225982666016,88.15225982666016,98.06999969482422,97.68000030517578,97.93000030517578,5907400
2023-07-27,87.3968276977539,87.3968276977539,97.93000030517578,97.11000061035156,97.83999633789062,6937900
2023-07-28,87.73857116699219,87.73857116699219,97.58999633789062,97.30999755859375,97.38999938964844,9233600
2023-07-31,87.84647369384766,87.84647369384766,97.80000305175781,97.5199966430664,97.52999877929688,11079100
2023-08-01,87.26484680175781,87.26484680175781,97.08999633789062,96.70999908447266,97.01000213623047,8810400
2023-08-02,87.05743408203125,87.05743408203125,96.55999755859375,96.2300033569336,96.4800033569336,8551900
2023-08-03,86.47126770019531,86.47126770019531,96.0199966430664,95.80000305175781,95.93000030517578,7532700
2023-08-04,87.18367767333984,87.18367767333984,96.75,96.25,96.25,6400400
2023-08-07,87.20172882080078,87.20172882080078,96.69999694824219,96.4800033569336,96.63999938964844,9732600
2023-08-08,87.40910339355469,87.40910339355469,97.11000061035156,96.83999633789062,96.94000244140625,6867300
2023-08-09,87.47222900390625,87.47222900390625,97.12000274658203,96.91000366210938,97.01000213623047,5634700
2023-08-10,86.90414428710938,86.90414428710938,97.22000122070312,96.37000274658203,97.05999755859375,15516100
2023-08-11,86.63358306884766,86.63358306884766,96.41999816894531,96.06999969482422,96.12000274658203,9016700
2023-08-14,86.57044982910156,86.57044982910156,96.22000122070312,95.83000183105469,95.9800033569336,7901300
2023-08-15,86.33600616455078,86.33600616455078,96.06999969482422,95.73999786376953,95.80999755859375,6522500
2023-08-16,86.12861633300781,86.12861633300781,95.93000030517578,95.44999694824219,95.76000213623047,8964600
2023-08-17,86.0384292602539,86.0384292602539,95.55000305175781,95.20999908447266,95.5,8162300
2023-08-18,86.2278060913086,86.2278060913086,95.75,95.43000030517578,95.47000122070312,6154600
2023-08-21,85.79493713378906,85.79493713378906,95.30000305175781,95.04000091552734,95.26000213623047,13362300
2023-08-22,85.88512420654297,85.88512420654297,95.31999969482422,95.05999755859375,95.16999816894531,6156200
2023-08-23,86.70572662353516,86.70572662353516,96.1500015258789,95.7300033569336,95.75,7831600
2023-08-24,86.5073471069336,86.5073471069336,96.12000274658203,95.8499984741211,95.98999786376953,8247700
2023-08-25,86.45323181152344,86.45323181152344,96.08000183105469,95.5999984741211,95.81999969482422,7917900
2023-08-28,86.64261627197266,86.64261627197266,96.11000061035156,95.93000030517578,96.0999984741211,6544500
2023-08-29,87.20172882080078,87.20172882080078,96.70999908447266,95.91000366210938,95.91000366210938,7386300
2023-08-30,87.16564178466797,87.16564178466797,96.83000183105469,96.62000274658203,96.77999877929688,8752300
2023-08-31,87.29188537597656,87.29188537597656,96.95999908447266,96.72000122070312,96.77999877929688,7230100
2023-09-01,86.83978271484375,86.83978271484375,96.56999969482422,95.9800033569336,96.54000091552734,8132400
2023-09-05,86.3696060180664,86.3696060180664,95.87000274658203,95.5199966430664,95.8499984741211,6111400
2023-09-06,86.28824615478516,86.28824615478516,95.63999938964844,95.30999755859375,95.62999725341797,8379200
2023-09-07,86.55948638916016,86.55948638916016,95.73999786376953,95.48999786376953,95.58999633789062,5077800
2023-09-08,86.60468292236328,86.60468292236328,96.0199966430664,95.76000213623047,95.93000030517578,4774200
2023-09-11,86.50521850585938,86.50521850585938,95.7300033569336,95.56999969482422,95.66000366210938,4077200
2023-09-12,86.53236389160156,86.53236389160156,95.7300033569336,95.56999969482422,95.70999908447266,4583400
2023-09-13,86.658935546875,86.658935546875,95.94999694824219,95.58999633789062,95.61000061035156,5953600
2023-09-14,86.54141235351562,86.54141235351562,95.9800033569336,95.68000030517578,95.95999908447266,5952800
2023-09-15,86.34247589111328,86.34247589111328,95.69999694824219,95.4800033569336,95.63999938964844,5667700
2023-09-18,86.46907043457031,86.46907043457031,95.63999938964844,95.36000061035156,95.37000274658203,6066200
2023-09-19,86.21587371826172,86.21587371826172,95.58999633789062,95.3499984741211,95.54000091552734,5327900
2023-09-20,86.17066955566406,86.17066955566406,95.69999694824219,95.30000305175781,95.56999969482422,6282700
2023-09-21,85.58293914794922,85.58293914794922,94.80999755859375,94.63999938964844,94.80000305175781,8028900
2023-09-22,85.94462585449219,85.94462585449219,95.08999633789062,94.7300033569336,94.77999877929688,7294200
2023-09-25,85.26647186279297,85.26647186279297,94.62000274658203,94.29000091552734,94.48999786376953,7485000
2023-09-26,85.15796661376953,85.15796661376953,94.51000213623047,94.1500015258789,94.47000122070312,15549200
2023-09-27,84.85957336425781,84.85957336425781,94.51000213623047,93.66000366210938,94.47000122070312,14560500
2023-09-28,85.11275482177734,85.11275482177734,94.16000366210938,93.52999877929688,93.69999694824219,13334200
2023-09-29,85.0313949584961,85.0313949584961,94.56999969482422,93.97000122070312,94.5,13483500
2023-10-02,84.43930053710938,84.43930053710938,93.51000213623047,93.0999984741211,93.43000030517578,8880000
2023-10-03,83.7774658203125,83.7774658203125,93.08999633789062,92.37000274658203,92.98999786376953,12058400
2023-10-04,84.36679077148438,84.36679077148438,93.05000305175781,92.55000305175781,92.7699966430664,14097800
2023-10-05,84.42118835449219,84.42118835449219,93.22000122070312,92.98999786376953,93.16999816894531,7129400
2023-10-06,84.09477233886719,84.09477233886719,92.9800033569336,92.37000274658203,92.45999908447266,9569500
2023-10-09,84.96519470214844,84.96519470214844,93.72000122070312,93.1500015258789,93.22000122070312,4353100
2023-10-10,84.88360595703125,84.88360595703125,93.80999755859375,93.26000213623047,93.38999938964844,14553600
2023-10-11,85.27347564697266,85.27347564697266,94.05000305175781,93.76000213623047,93.94000244140625,15347000
2023-10-12,84.53905487060547,84.53905487060547,93.91000366210938,93.16999816894531,93.87000274658203,11189800
2023-10-13,84.90171813964844,84.90171813964844,93.79000091552734,93.5199966430664,93.68000030517578,7515500
2023-10-16,84.43025207519531,84.43025207519531,93.41000366210938,93.0999984741211,93.31999969482422,6332700
2023-10-17,83.82276916503906,83.82276916503906,92.69000244140625,92.3499984741211,92.51000213623047,8198300
2023-10-18,83.43291473388672,83.43291473388672,92.37999725341797,91.94000244140625,92.29000091552734,9352700
2023-10-19,83.11556243896484,83.11556243896484,92.16999816894531,91.61000061035156,91.88999938964844,11552700
2023-10-20,83.41476440429688,83.41476440429688,92.13999938964844,91.9000015258789,91.94000244140625,6629800
2023-10-23,83.74117279052734,83.74117279052734,92.5,91.58000183105469,91.69999694824219,12885800
2023-10-24,84.04037475585938,84.04037475585938,92.69000244140625,92.27999877929688,92.43000030517578,9165100
2023-10-25,83.41476440429688,83.41476440429688,92.3499984741211,91.91999816894531,92.33000183105469,8904400
2023-10-26,83.97691345214844,83.97691345214844,92.63999938964844,92.11000061035156,92.12000274658203,11574400
2023-10-27,83.94970703125,83.94970703125,92.63999938964844,92.37000274658203,92.55999755859375,7650000
2023-10-30,83.75023651123047,83.75023651123047,92.51000213623047,92.1500015258789,92.29000091552734,8166700
2023-10-31,83.6958236694336,83.6958236694336,92.62999725341797,92.30999755859375,92.44999694824219,12343600
2023-11-01,84.6207275390625,84.6207275390625,93.05000305175781,92.2300033569336,92.2300033569336,14404600
2023-11-02,85.12998962402344,85.12998962402344,93.76000213623047,93.37000274658203,93.68000030517578,11166700
2023-11-03,85.64836120605469,85.64836120605469,94.69000244140625,94.13999938964844,94.54000091552734,11890300
2023-11-06,85.2209243774414,85.2209243774414,93.98999786376953,93.62999725341797,93.93000030517578,8521600
2023-11-07,85.67562103271484,85.67562103271484,94.36000061035156,93.91000366210938,93.94000244140625,7306900
2023-11-08,85.96662139892578,85.96662139892578,94.62000274658203,94.25,94.2699966430664,6932200
2023-11-09,85.24820709228516,85.24820709228516,94.44000244140625,93.7300033569336,94.41999816894531,9163200
2023-11-10,85.4482650756836,85.4482650756836,94.22000122070312,93.87999725341797,94.19000244140625,6102000
2023-11-13,85.43916320800781,85.43916320800781,93.97000122070312,93.52999877929688,93.63999938964844,9679500
2023-11-14,86.51226043701172,86.51226043701172,95.19999694824219,94.93000030517578,95.02999877929688,12149600
2023-11-15,85.97573852539062,85.97573852539062,94.72000122070312,94.45999908447266,94.69999694824219,10956800
2023-11-16,86.44862365722656,86.44862365722656,95.19999694824219,94.8499984741211,94.8499984741211,10145400
2023-11-17,86.62142181396484,86.62142181396484,95.36000061035156,95.02999877929688,95.20999908447266,9244000
2023-11-20,86.75782775878906,86.75782775878906,95.41999816894531,95.06999969482422,95.06999969482422,10051600
2023-11-21,86.84873962402344,86.84873962402344,95.56999969482422,95.27999877929688,95.44999694824219,7393800
2023-11-22,86.93061065673828,86.93061065673828,95.75,95.37000274658203,95.68000030517578,6329900
2023-11-24,86.53048706054688,86.53048706054688,95.31999969482422,95.12000274658203,95.23999786376953,2944300
2023-11-27,87.02156066894531,87.02156066894531,95.72000122070312,95.33000183105469,95.36000061035156,8854500
2023-11-28,87.40352630615234,87.40352630615234,96.12999725341797,95.56999969482422,95.61000061035156,9749400
2023-11-29,87.83094024658203,87.83094024658203,96.66999816894531,96.33999633789062,96.41999816894531,8006800
2023-11-30,87.53990936279297,87.53990936279297,96.41000366210938,96.12999725341797,96.37999725341797,8889100
2023-12-01,88.30966186523438,88.30966186523438,96.87000274658203,95.97000122070312,96.0,11774300
2023-12-04,87.97221374511719,87.97221374511719,96.66999816894531,96.30999755859375,96.58000183105469,9440200
2023-12-05,88.55587005615234,88.55587005615234,97.1500015258789,96.79000091552734,96.8499984741211,8850600
2023-12-06,88.78388977050781,88.78388977050781,97.48999786376953,97.1500015258789,97.23999786376953,11111200
2023-12-07,88.81124877929688,88.81124877929688,97.55999755859375,97.22000122070312,97.22000122070312,7157900
2023-12-08,88.36436462402344,88.36436462402344,97.06999969482422,96.72000122070312,96.98999786376953,6696600
2023-12-11,88.37348175048828,88.37348175048828,96.94999694824219,96.5999984741211,96.80000305175781,15008700
2023-12-12,88.63798522949219,88.63798522949219,97.19000244140625,96.81999969482422,96.94000244140625,11711400
2023-12-13,89.75062561035156,89.75062561035156,98.44999694824219,97.33000183105469,97.38999938964844,11194400
2023-12-14,90.47500610351562,90.47500610351562,99.04000091552734,98.61000061035156,98.68000030517578,12651200
2023-12-15,90.26464080810547,90.26464080810547,98.87999725341797,98.58999633789062,98.80000305175781,10079100
2023-12-18,90.08171081542969,90.08171081542969,98.58000183105469,98.41999816894531,98.58000183105469,11521000
2023-12-19,90.19146728515625,90.19146728515625,98.77999877929688,98.58999633789062,98.62999725341797,13787100
2023-12-20,90.52073669433594,90.52073669433594,99.04000091552734,98.69000244140625,98.87000274658203,9994100
2023-12-21,90.51160430908203,90.51160430908203,99.26000213623047,98.83000183105469,99.22000122070312,9099100
2023-12-22,90.3926773071289,90.3926773071289,99.13999938964844,98.80999755859375,99.12999725341797,13234700
2023-12-26,90.57559967041016,90.57559967041016,99.08000183105469,98.88999938964844,98.93000030517578,5418500
2023-12-27,91.15184020996094,91.15184020996094,99.69999694824219,99.30999755859375,99.4000015258789,6919900
2023-12-28,90.95062255859375,90.95062255859375,99.6500015258789,99.30999755859375,99.54000091552734,7172200
2023-12-29,90.77682495117188,90.77682495117188,99.43000030517578,99.12999725341797,99.19999694824219,7327600
2024-01-02,90.34696960449219,90.34696960449219,98.97000122070312,98.7300033569336,98.83999633789062,9754400
2024-01-03,90.3926773071289,90.3926773071289,98.94000244140625,98.30999755859375,98.44999694824219,10002100
2024-01-04,90.02684020996094,90.02684020996094,98.55000305175781,98.33000183105469,98.41999816894531,9896600
2024-01-05,89.81648254394531,89.81648254394531,98.69000244140625,98.06999969482422,98.12999725341797,9038700
2024-01-08,90.15487670898438,90.15487670898438,98.70999908447266,98.20999908447266,98.23999786376953,7946500
2024-01-09,90.1365966796875,90.1365966796875,98.66000366210938,98.38999938964844,98.38999938964844,7157400
2024-01-10,89.96280670166016,89.96280670166016,98.80000305175781,98.36000061035156,98.73999786376953,7679400
2024-01-11,90.47500610351562,90.47500610351562,98.95999908447266,98.41000366210938,98.52999877929688,7275900
2024-01-12,90.6396484375,90.6396484375,99.36000061035156,98.95999908447266,99.13999938964844,6359400
2024-01-16,89.96280670166016,89.96280670166016,98.8499984741211,98.2699966430664,98.72000122070312,14489800
2024-01-17,89.7158432006836,89.7158432006836,98.20999908447266,97.94000244140625,98.16000366210938,8977500
2024-01-18,89.63356018066406,89.63356018066406,98.19999694824219,97.88999938964844,98.16000366210938,10575100
2024-01-19,89.65185546875,89.65185546875,98.0199966430664,97.66999816894531,97.88999938964844,9126000
2024-01-22,89.81648254394531,89.81648254394531,98.36000061035156,98.0999984741211,98.26000213623047,8712600
2024-01-23,89.59697723388672,89.59697723388672,98.0,97.81999969482422,97.98999786376953,5642800
2024-01-24,89.39574432373047,89.39574432373047,98.33000183105469,97.69999694824219,98.29000091552734,11278500
2024-01-25,89.79818725585938,89.79818725585938,98.19999694824219,97.95999908447266,98.01000213623047,16521600
2024-01-26,89.69756317138672,89.69756317138672,98.19999694824219,97.9800033569336,98.19999694824219,5022800
2024-01-29,90.05428314208984,90.05428314208984,98.52999877929688,98.19000244140625,98.30000305175781,6423600
2024-01-30,90.2280502319336,90.2280502319336,98.69000244140625,98.29000091552734,98.63999938964844,6740000
2024-01-31,90.6396484375,90.6396484375,99.26000213623047,98.80999755859375,99.0,10829000
2024-02-01,91.1561279296875,91.1561279296875,99.56999969482422,99.0199966430664,99.19999694824219,11937400
2024-02-02,90.32132720947266,90.32132720947266,98.62000274658203,98.26000213623047,98.48999786376953,8422500
2024-02-05,89.5782699584961,89.5782699584961,97.91000366210938,97.55999755859375,97.88999938964844,7656800
2024-02-06,90.0461196899414,90.0461196899414,98.19999694824219,97.77999877929688,97.79000091552734,6608400
2024-02-07,89.8626708984375,89.8626708984375,98.27999877929688,97.94000244140625,97.98999786376953,8785200
2024-02-08,89.58744812011719,89.58744812011719,97.83999633789062,97.62000274658203,97.77999877929688,12446900
2024-02-09,89.5599365234375,89.5599365234375,97.62999725341797,97.5,97.54000091552734,7120500
2024-02-12,89.5782699584961,89.5782699584961,97.75,97.5199966430664,97.69999694824219,5696300
2024-02-13,88.7526626586914,88.7526626586914,97.0999984741211,96.75,97.04000091552734,15872600
2024-02-14,89.14713287353516,89.14713287353516,97.22000122070312,96.83999633789062,96.83999633789062,8776900
2024-02-15,89.35810852050781,89.35810852050781,97.55000305175781,97.2300033569336,97.48999786376953,7194500
2024-02-16,89.07373046875,89.07373046875,97.0999984741211,96.9000015258789,96.94999694824219,7723700
2024-02-20,89.15631103515625,89.15631103515625,97.36000061035156,97.16000366210938,97.2300033569336,8735700
2024-02-21,88.89026641845703,88.89026641845703,97.27999877929688,96.87000274658203,97.27999877929688,7785100
2024-02-22,88.96367645263672,88.96367645263672,97.08999633789062,96.83999633789062,96.93000030517578,7538200
2024-02-23,89.29389190673828,89.29389190673828,97.38999938964844,96.98999786376953,96.98999786376953,7737900
2024-02-26,89.10124969482422,89.10124969482422,97.3499984741211,96.97000122070312,97.33999633789062,9374600
2024-02-27,88.98200988769531,88.98200988769531,97.22000122070312,96.94000244140625,97.0999984741211,9065300
2024-02-28,89.15631103515625,89.15631103515625,97.2300033569336,97.01000213623047,97.06999969482422,7942500
2024-02-29,89.30307006835938,89.30307006835938,97.55999755859375,97.29000091552734,97.37999725341797,16774100
2024-03-01,89.7318115234375,89.7318115234375,97.55000305175781,96.80999755859375,96.98999786376953,8994800
2024-03-04,89.51099395751953,89.51099395751953,97.37999725341797,97.2300033569336,97.26000213623047,7428200
2024-03-05,89.99864196777344,89.99864196777344,97.91999816894531,97.5999984741211,97.69000244140625,6815500
2024-03-06,90.1366195678711,90.1366195678711,98.16000366210938,97.91000366210938,97.94999694824219,16536100
2024-03-07,90.32984924316406,90.32984924316406,98.23999786376953,97.97000122070312,98.22000122070312,7726600
2024-03-08,90.41263580322266,90.41263580322266,98.41000366210938,98.19000244140625,98.33999633789062,7168700
2024-03-11,90.31147003173828,90.31147003173828,98.30999755859375,98.08999633789062,98.27999877929688,11354600
2024-03-12,90.0814208984375,90.0814208984375,98.04000091552734,97.80000305175781,98.0199966430664,7471900
2024-03-13,89.91583251953125,89.91583251953125,97.93000030517578,97.7300033569336,97.81999969482422,5846600
2024-03-14,89.34539031982422,89.34539031982422,97.4800033569336,97.0999984741211,97.4800033569336,10541000
2024-03-15,89.33619689941406,89.33619689941406,97.19999694824219,97.0199966430664,97.1500015258789,5756800
2024-03-18,89.24418640136719,89.24418640136719,97.12000274658203,96.91999816894531,97.06999969482422,5227200
2024-03-19,89.46500396728516,89.46500396728516,97.33999633789062,97.11000061035156,97.1500015258789,5076600
2024-03-20,89.64903259277344,89.64903259277344,97.62999725341797,97.12999725341797,97.29000091552734,8681200
2024-03-21,89.71342468261719,89.71342468261719,97.68000030517578,97.41000366210938,97.62000274658203,10100300
2024-03-22,89.99864196777344,89.99864196777344,97.91000366210938,97.73999786376953,97.91000366210938,8359200
2024-03-25,89.83302307128906,89.83302307128906,97.76000213623047,97.56999969482422,97.76000213623047,11037700
2024-03-26,89.9250259399414,89.9250259399414,97.76000213623047,97.5199966430664,97.66000366210938,8830500
2024-03-27,90.21945190429688,90.21945190429688,98.08000183105469,97.79000091552734,97.80000305175781,9366800
2024-03-28,90.10904693603516,90.10904693603516,98.08000183105469,97.8499984741211,97.93000030517578,8863300
2024-04-01,89.4538803100586,89.4538803100586,97.33999633789062,96.88999938964844,97.31999969482422,8667400
2024-04-02,89.38926696777344,89.38926696777344,96.88999938964844,96.54000091552734,96.66000366210938,10624600
2024-04-03,89.44463348388672,89.44463348388672,96.94999694824219,96.48999786376953,96.58000183105469,6919300
2024-04-04,89.65686798095703,89.65686798095703,97.16999816894531,96.91999816894531,97.11000061035156,9327500
2024-04-05,89.21392822265625,89.21392822265625,97.0,96.68000030517578,96.76000213623047,12343600
2024-04-08,89.13090515136719,89.13090515136719,96.69999694824219,96.5,96.55999755859375,11457100
2024-04-09,89.4354248046875,89.4354248046875,96.9800033569336,96.83000183105469,96.83000183105469,5736500
2024-04-10,88.36497497558594,88.36497497558594,96.2699966430664,95.73999786376953,96.22000122070312,11248700
2024-04-11,88.38343048095703,88.38343048095703,96.02999877929688,95.58999633789062,95.9800033569336,16217600
2024-04-12,88.54955291748047,88.54955291748047,96.19999694824219,95.95999908447266,96.08000183105469,17284600
2024-04-15,88.01432037353516,88.01432037353516,95.52999877929688,95.20999908447266,95.47000122070312,11705300
2024-04-16,87.76519775390625,87.76519775390625,95.18000030517578,94.9000015258789,95.01000213623047,17565900
2024-04-17,88.17121124267578,88.17121124267578,95.61000061035156,95.25,95.4000015258789,7567800
2024-04-18,87.92205810546875,87.92205810546875,95.56999969482422,95.22000122070312,95.55000305175781,7717500
2024-04-19,88.01432037353516,88.01432037353516,95.55000305175781,95.33000183105469,95.52999877929688,9121700
2024-04-22,88.0697021484375,88.0697021484375,95.52999877929688,95.31999969482422,95.33000183105469,9029000
2024-04-23,88.25426483154297,88.25426483154297,95.83999633789062,95.30000305175781,95.37999725341797,10837100
2024-04-24,88.02355194091797,88.02355194091797,95.47000122070312,95.19999694824219,95.37999725341797,7961000
2024-04-25,87.77442169189453,87.77442169189453,95.13999938964844,94.8499984741211,94.94000244140625,6758100
2024-04-26,87.96820068359375,87.96820068359375,95.47000122070312,95.30000305175781,95.31999969482422,8442500
2024-04-29,88.23579406738281,88.23579406738281,95.66999816894531,95.44999694824219,95.5999984741211,7384600
2024-04-30,87.87591552734375,87.87591552734375,95.5,95.1500015258789,95.31999969482422,11228300
2024-05-01,88.1860122680664,88.1860122680664,95.58000183105469,94.98999786376953,95.19999694824219,11017700
2024-05-02,88.58404541015625,88.58404541015625,95.7300033569336,95.22000122070312,95.2699966430664,7607300
2024-05-03,89.03759002685547,89.03759002685547,96.45999908447266,95.93000030517578,96.31999969482422,9146700
2024-05-06,89.10240173339844,89.10240173339844,96.33000183105469,96.1500015258789,96.20999908447266,10155500
2024-05-07,89.2874984741211,89.2874984741211,96.66999816894531,96.37999725341797,96.52999877929688,7687000
2024-05-08,89.10240173339844,89.10240173339844,96.3499984741211,96.2300033569336,96.25,4587200
2024-05-09,89.26900482177734,89.26900482177734,96.52999877929688,96.19000244140625,96.19999694824219,6732500
2024-05-10,89.0838623046875,89.0838623046875,96.33000183105469,96.16000366210938,96.26000213623047,5326400
2024-05-13,89.1301498413086,89.1301498413086,96.47000122070312,96.27999877929688,96.44000244140625,5263200
2024-05-14,89.37081909179688,89.37081909179688,96.63999938964844,96.41999816894531,96.5,5243300
2024-05-15,89.96324157714844,89.96324157714844,97.27999877929688,96.9800033569336,97.11000061035156,5846300
2024-05-16,89.86141204833984,89.86141204833984,97.2699966430664,97.01000213623047,97.2300033569336,7894400
2024-05-17,89.57447052001953,89.57447052001953,97.0,96.7699966430664,96.91999816894531,5267100
2024-05-20,89.49114990234375,89.49114990234375,96.76000213623047,96.66999816894531,96.70999908447266,5263000
2024-05-21,89.65777587890625,89.65777587890625,96.94999694824219,96.83000183105469,96.91999816894531,5227900
2024-05-22,89.54672241210938,89.54672241210938,96.88999938964844,96.6500015258789,96.66000366210938,3823600
2024-05-23,89.2967758178711,89.2967758178711,96.83000183105469,96.37000274658203,96.83000183105469,5094900
2024-05-24,89.39859008789062,89.39859008789062,96.62000274658203,96.38999938964844,96.43000030517578,3072100
2024-05-28,88.9820556640625,88.9820556640625,96.69000244140625,96.12000274658203,96.66999816894531,6046100
2024-05-29,88.63959503173828,88.63959503173828,95.93000030517578,95.62999725341797,95.91000366210938,8249100
2024-05-30,89.05609893798828,89.05609893798828,96.2300033569336,96.0199966430664,96.08000183105469,5568800
2024-05-31,89.34305572509766,89.34305572509766,96.58999633789062,96.41000366210938,96.45999908447266,8762900
2024-06-03,89.88349151611328,89.88349151611328,96.80000305175781,96.37999725341797,96.4000015258789,6095500
2024-06-04,90.2084732055664,90.2084732055664,97.23999786376953,96.94000244140625,97.0,3979100
2024-06-05,90.48703002929688,90.48703002929688,97.44999694824219,97.04000091552734,97.29000091552734,4602500
2024-06-06,90.51488494873047,90.51488494873047,97.5,97.30999755859375,97.30999755859375,6568700
2024-06-07,89.71635437011719,89.71635437011719,96.81999969482422,96.62000274658203,96.81999969482422,5365000
2024-06-10,89.64204406738281,89.64204406738281,96.58999633789062,96.43000030517578,96.5199966430664,8235900
2024-06-11,89.94847869873047,89.94847869873047,96.93000030517578,96.55999755859375,96.63999938964844,4650200
2024-06-12,90.37560272216797,90.37560272216797,97.80999755859375,97.30999755859375,97.5999984741211,7627000
2024-06-13,90.83060455322266,90.83060455322266,97.93000030517578,97.58000183105469,97.69999694824219,7094800
2024-06-14,90.9234619140625,90.9234619140625,98.05000305175781,97.8499984741211,97.8499984741211,6239500
2024-06-17,90.59846496582031,90.59846496582031,97.5999984741211,97.44999694824219,97.56999969482422,5265000
2024-06-18,90.9234619140625,90.9234619140625,98.04000091552734,97.68000030517578,97.69999694824219,7030700
2024-06-20,90.76559448242188,90.76559448242188,97.7699966430664,97.5199966430664,97.55000305175781,5621600
2024-06-21,90.7748794555664,90.7748794555664,97.9800033569336,97.6500015258789,97.88999938964844,4715000
2024-06-24,90.84917449951172,90.84917449951172,97.86000061035156,97.72000122070312,97.81999969482422,5017300
2024-06-25,90.83988952636719,90.83988952636719,97.87999725341797,97.70999908447266,97.77999877929688,5701300
2024-06-26,90.43132781982422,90.43132781982422,97.48999786376953,97.37000274658203,97.43000030517578,4964100
2024-06-27,90.57991027832031,90.57991027832031,97.66999816894531,97.54000091552734,97.55999755859375,5276500
2024-06-28,90.1341781616211,90.1341781616211,97.80000305175781,97.06999969482422,97.7699966430664,12781500
2024-07-01,89.65077209472656,89.65077209472656,96.66000366210938,96.22000122070312,96.43000030517578,12238900
2024-07-02,89.9488296508789,89.9488296508789,96.66999816894531,96.44000244140625,96.63999938964844,5441900
2024-07-03,90.43318176269531,90.43318176269531,97.16999816894531,96.7699966430664,96.80000305175781,4061100
2024-07-05,90.88958740234375,90.88958740234375,97.62999725341797,97.30999755859375,97.44999694824219,3489900
2024-07-08,90.91753387451172,90.91753387451172,97.6500015258789,97.44999694824219,97.58999633789062,4602900
2024-07-09,90.83368682861328,90.83368682861328,97.61000061035156,97.33999633789062,97.51000213623047,5004600
2024-07-10,90.92684173583984,90.92684173583984,97.66999816894531,97.48999786376953,97.61000061035156,4586000
2024-07-11,91.39254760742188,91.39254760742188,98.30999755859375,98.08999633789062,98.18000030517578,3789000
2024-07-12,91.64403533935547,91.64403533935547,98.38999938964844,98.12999725341797,98.16999816894531,6329000
2024-07-15,91.32733154296875,91.32733154296875,98.27999877929688,98.02999877929688,98.1500015258789,6984700
2024-07-16,91.69992065429688,91.69992065429688,98.44999694824219,98.13999938964844,98.18000030517578,8936100
2024-07-17,91.76512145996094,91.76512145996094,98.56999969482422,98.2300033569336,98.26000213623047,5680400
2024-07-18,91.51364135742188,91.51364135742188,98.55999755859375,98.20999908447266,98.37000274658203,10584200
2024-07-19,91.32733154296875,91.32733154296875,98.0999984741211,97.97000122070312,98.04000091552734,7735700
2024-07-22,91.29010772705078,91.29010772705078,98.19999694824219,97.86000061035156,98.12000274658203,11657500
2024-07-23,91.2807846069336,91.2807846069336,98.18000030517578,97.9800033569336,98.0999984741211,7225900
2024-07-24,91.0013656616211,91.0013656616211,98.19000244140625,97.69999694824219,97.81999969482422,6578500
2024-07-25,91.25287628173828,91.25287628173828,98.13999938964844,97.81999969482422,97.83999633789062,12766200
2024-07-26,91.57884216308594,91.57884216308594,98.36000061035156,98.18000030517578,98.29000091552734,4243800
2024-07-29,91.72789001464844,91.72789001464844,98.54000091552734,98.37000274658203,98.54000091552734,6822600
2024-07-30,91.82102966308594,91.82102966308594,98.63999938964844,98.37999725341797,98.5199966430664,5845800
2024-07-31,92.314697265625,92.314697265625,99.12000274658203,98.6500015258789,98.80999755859375,11725100
2024-08-01,92.70147705078125,92.70147705078125,99.31999969482422,99.01000213623047,99.01000213623047,9642700
2024-08-02,93.73855590820312,93.73855590820312,100.37000274658203,99.80000305175781,99.87999725341797,9397500
2024-08-05,93.66380310058594,93.66380310058594,100.88999938964844,100.0199966430664,100.81999969482422,12066100
2024-08-06,93.1032485961914,93.1032485961914,100.16000366210938,99.62999725341797,100.13999938964844,10945200
2024-08-07,92.82294464111328,92.82294464111328,99.61000061035156,99.23999786376953,99.51000213623047,8085200
2024-08-08,92.68280029296875,92.68280029296875,99.27999877929688,99.06999969482422,99.11000061035156,5558000
2024-08-09,93.00981903076172,93.00981903076172,99.69999694824219,99.4800033569336,99.63999938964844,3879200
2024-08-12,93.16862487792969,93.16862487792969,99.77999877929688,99.41000366210938,99.47000122070312,7300600
2024-08-13,93.5423583984375,93.5423583984375,100.12000274658203,99.93000030517578,100.04000091552734,3925500
2024-08-14,93.71053314208984,93.71053314208984,100.4000015258789,100.13999938964844,100.1500015258789,9871500
2024-08-15,93.31813049316406,93.31813049316406,99.9000015258789,99.6500015258789,99.69999694824219,8628400
2024-08-16,93.5423583984375,93.5423583984375,100.12000274658203,99.8499984741211,100.02999877929688,6507900
2024-08-19,93.64511108398438,93.64511108398438,100.33999633789062,100.04000091552734,100.06999969482422,4690300
2024-08-20,93.92539978027344,93.92539978027344,100.55999755859375,100.33000183105469,100.41000366210938,5516700
2024-08-21,94.10293579101562,94.10293579101562,100.9000015258789,100.43000030517578,100.61000061035156,6366700
2024-08-22,93.7198715209961,93.7198715209961,100.56999969482422,100.2300033569336,100.54000091552734,7893700
2024-08-23,94.14965057373047,94.14965057373047,100.80999755859375,100.43000030517578,100.5199966430664,6179500
2024-08-26,94.06555938720703,94.06555938720703,100.91999816894531,100.66000366210938,100.91999816894531,6653200
2024-08-27,94.0936050415039,94.0936050415039,100.73999786376953,100.43000030517578,100.4800033569336,7965400
2024-08-28,94.009521484375,94.009521484375,100.7699966430664,100.5999984741211,100.70999908447266,6960300
2024-08-29,93.88804626464844,93.88804626464844,100.55000305175781,100.3499984741211,100.44999694824219,6912700
2024-08-30,93.66380310058594,93.66380310058594,100.63999938964844,100.22000122070312,100.51000213623047,7213200
2024-09-03,94.05931854248047,94.05931854248047,100.52999877929688,100.2300033569336,100.31999969482422,6837200
2024-09-04,94.4717025756836,94.4717025756836,100.8499984741211,100.4000015258789,100.43000030517578,10867700
2024-09-05,94.71536254882812,94.71536254882812,101.12000274658203,100.75,101.0199966430664,11921900
2024-09-06,94.83718872070312,94.83718872070312,101.5999984741211,100.97000122070312,101.12999725341797,8830200
2024-09-09,94.977783203125,94.977783203125,101.43000030517578,101.05000305175781,101.1500015258789,7569300
2024-09-10,95.26834869384766,95.26834869384766,101.69999694824219,101.30999755859375,101.33999633789062,5979300
2024-09-11,95.24024200439453,95.24024200439453,101.8499984741211,101.45999908447266,101.51000213623047,4184400
2024-09-12,95.1558609008789,95.1558609008789,101.6500015258789,101.37999725341797,101.55999755859375,6419400
2024-09-13,95.35266876220703,95.35266876220703,101.81999969482422,101.62000274658203,101.76000213623047,5330600
2024-09-16,95.57762908935547,95.57762908935547,102.04000091552734,101.75,101.83000183105469,8425900
2024-09-17,95.48388671875,95.48388671875,102.02999877929688,101.83000183105469,101.98999786376953,9256000
2024-09-18,95.18396759033203,95.18396759033203,102.02999877929688,101.52999877929688,101.68000030517578,6280000
2024-09-19,95.19334411621094,95.19334411621094,101.61000061035156,101.37000274658203,101.41000366210938,5079800
2024-09-20,95.10901641845703,95.10901641845703,101.6500015258789,101.31999969482422,101.43000030517578,8464900
2024-09-23,95.0715103149414,95.0715103149414,101.58999633789062,101.19000244140625,101.33999633789062,8428100
2024-09-24,95.20271301269531,95.20271301269531,101.62000274658203,101.22000122070312,101.2699966430664,5803600
2024-09-25,94.83718872070312,94.83718872070312,101.43000030517578,101.19000244140625,101.41999816894531,9259100
2024-09-26,94.85595703125,94.85595703125,101.3499984741211,101.0,101.31999969482422,8124400
2024-09-27,95.12773895263672,95.12773895263672,101.55999755859375,101.33000183105469,101.41000366210938,5033300
2024-09-30,94.91220092773438,94.91220092773438,101.4800033569336,101.13999938964844,101.44000244140625,9105400
2024-10-01,95.1631851196289,95.1631851196289,101.44999694824219,101.1500015258789,101.2699966430664,8811400
2024-10-02,94.96577453613281,94.96577453613281,101.11000061035156,100.80999755859375,100.87999725341797,11700900
2024-10-03,94.58036041259766,94.58036041259766,100.88999938964844,100.58999633789062,100.8499984741211,8751200
2024-10-04,93.96929168701172,93.96929168701172,100.13999938964844,99.88999938964844,100.0999984741211,9639700
2024-10-07,93.6496810913086,93.6496810913086,99.7699966430664,99.58000183105469,99.63999938964844,6382100
2024-10-08,93.80949401855469,93.80949401855469,99.79000091552734,99.48999786376953,99.5199966430664,7340100
2024-10-09,93.5650634765625,93.5650634765625,99.66999816894531,99.47000122070312,99.63999938964844,8218300
2024-10-10,93.5086669921875,93.5086669921875,99.55000305175781,99.2300033569336,99.44999694824219,5757700
2024-10-11,93.536865234375,93.536865234375,99.62000274658203,99.36000061035156,99.41000366210938,4878600
2024-10-14,93.4522705078125,93.4522705078125,99.41999816894531,99.16999816894531,99.19999694824219,3512600
2024-10-15,93.82828521728516,93.82828521728516,99.83999633789062,99.68000030517578,99.73999786376953,7158700
2024-10-16,93.95049285888672,93.95049285888672,100.04000091552734,99.87000274658203,99.95999908447266,4741300
2024-10-17,93.48986053466797,93.48986053466797,99.66000366210938,99.41999816894531,99.5999984741211,5306300
2024-10-18,93.55565643310547,93.55565643310547,99.68000030517578,99.5,99.62999725341797,4973000
2024-10-21,92.90702819824219,92.90702819824219,99.20999908447266,98.83000183105469,99.18000030517578,6873900
2024-10-22,92.92582702636719,92.92582702636719,99.01000213623047,98.7699966430664,98.93000030517578,11401800
2024-10-23,92.69081115722656,92.69081115722656,98.76000213623047,98.4800033569336,98.56999969482422,19659700
2024-10-24,92.86943054199219,92.86943054199219,98.94999694824219,98.5999984741211,98.68000030517578,7559300
2024-10-25,92.68140411376953,92.68140411376953,98.98999786376953,98.54000091552734,98.97000122070312,9028500
2024-10-28,92.53099060058594,92.53099060058594,98.6500015258789,98.29000091552734,98.63999938964844,7362900
2024-10-29,92.63440704345703,92.63440704345703,98.55999755859375,98.08999633789062,98.12000274658203,5421700
2024-10-30,92.54039764404297,92.54039764404297,98.94000244140625,98.4000015258789,98.75,11188400
2024-10-31,92.5216064453125,92.5216064453125,98.58000183105469,98.1500015258789,98.31999969482422,12754500
2024-11-01,92.15379333496094,92.15379333496094,98.37999725341797,97.68000030517578,98.29000091552734,10387300
2024-11-04,92.54045867919922,92.54045867919922,98.37999725341797,97.94999694824219,98.25,6629800
2024-11-05,92.75733947753906,92.75733947753906,98.38999938964844,97.86000061035156,98.08999633789062,6663000
2024-11-06,92.03121185302734,92.03121185302734,97.81999969482422,97.36000061035156,97.43000030517578,9158100
2024-11-07,92.72906494140625,92.72906494140625,98.54000091552734,97.9000015258789,97.95999908447266,17402300
2024-11-08,92.88937377929688,92.88937377929688,98.72000122070312,98.37000274658203,98.4800033569336,6199800
2024-11-11,92.68191528320312,92.68191528320312,98.33000183105469,98.16000366210938,98.30000305175781,4501200
2024-11-12,92.14437103271484,92.14437103271484,98.13999938964844,97.6500015258789,97.9800033569336,16775400
2024-11-13,92.12551879882812,92.12551879882812,98.19999694824219,97.56999969482422,98.16999816894531,15834900
2024-11-14,92.0877914428711,92.0877914428711,97.98999786376953,97.56999969482422,97.8499984741211,7312000
2024-11-15,92.09723663330078,92.09723663330078,97.87999725341797,97.26000213623047,97.44000244140625,11844300
2024-11-18,92.18207550048828,92.18207550048828,97.81999969482422,97.47000122070312,97.55000305175781,5260600
2024-11-19,92.31412506103516,92.31412506103516,98.05000305175781,97.87000274658203,97.94999694824219,4735900
2024-11-20,92.21981811523438,92.21981811523438,97.93000030517578,97.66999816894531,97.69000244140625,5551100
2024-11-21,92.17264556884766,92.17264556884766,98.01000213623047,97.66999816894531,97.8499984741211,6348500
2024-11-22,92.23867797851562,92.23867797851562,97.91999816894531,97.72000122070312,97.87000274658203,4989600
2024-11-25,93.06856536865234,93.06856536865234,98.69999694824219,98.43000030517578,98.52999877929688,9246200
2024-11-26,92.92710876464844,92.92710876464844,98.54000091552734,98.30000305175781,98.48999786376953,11303100
2024-11-27,93.18171691894531,93.18171691894531,98.93000030517578,98.6500015258789,98.80000305175781,8749800
2024-11-29,93.54949951171875,93.54949951171875,99.22000122070312,99.08000183105469,99.1500015258789,9623200
2024-12-02,93.56085968017578,93.56085968017578,99.5999984741211,98.58000183105469,99.38999938964844,18397600
2024-12-03,93.38111877441406,93.38111877441406,99.05999755859375,98.66999816894531,98.97000122070312,6889800
2024-12-04,93.68383026123047,93.68383026123047,99.08999633789062,98.4800033569336,98.5199966430664,7448900
2024-12-05,93.70276641845703,93.70276641845703,99.11000061035156,98.8499984741211,98.95999908447266,8786700
2024-12-06,93.9676284790039,93.9676284790039,99.44000244140625,99.13999938964844,99.4000015258789,12890600
2024-12-09,93.69329833984375,93.69329833984375,99.22000122070312,99.02999877929688,99.19999694824219,10689000
2024-12-10,93.57978057861328,93.57978057861328,98.98999786376953,98.80000305175781,98.87000274658203,5984500
2024-12-11,93.36219787597656,93.36219787597656,99.1500015258789,98.66000366210938,99.08000183105469,8095800
2024-12-12,92.98379516601562,92.98379516601562,98.58000183105469,98.25,98.52999877929688,12353100
2024-12-13,92.63374328613281,92.63374328613281,98.2300033569336,97.87000274658203,98.19999694824219,6566300
2024-12-16,92.7188949584961,92.7188949584961,98.0999984741211,97.87999725341797,98.06999969482422,7124100
2024-12-17,92.7188949584961,92.7188949584961,98.12999725341797,97.94999694824219,98.0,7239200
2024-12-18,92.01278686523438,92.01278686523438,97.80000305175781,96.9000015258789,97.66000366210938,14261400
2024-12-19,91.77552032470703,91.77552032470703,96.81999969482422,96.5,96.76000213623047,15490100
2024-12-20,92.02228546142578,92.02228546142578,97.22000122070312,96.94000244140625,97.05000305175781,8657700
2024-12-23,91.737548828125,91.737548828125,96.97000122070312,96.5999984741211,96.94999694824219,10540800
2024-12-24,91.84194946289062,91.84194946289062,96.77999877929688,96.47000122070312,96.5,4739300
2024-12-26,91.90838623046875,91.90838623046875,96.87999725341797,96.51000213623047,96.5199966430664,10620200
2024-12-27,91.71857452392578,91.71857452392578,96.88999938964844,96.61000061035156,96.79000091552734,8601300
2024-12-30,92.0792236328125,92.0792236328125,97.08000183105469,96.95999908447266,97.0,10154500
2024-12-31,91.96533203125,91.96533203125,97.20999908447266,96.83000183105469,97.1500015258789,12276700
2025-01-02,91.97483825683594,91.97483825683594,97.20999908447266,96.77999877929688,97.06999969482422,5547700
2025-01-03,91.87989807128906,91.87989807128906,97.06999969482422,96.79000091552734,97.02999877929688,5331000
2025-01-06,91.7850112915039,91.7850112915039,96.80000305175781,96.58000183105469,96.72000122070312,9248300
2025-01-07,91.46231842041016,91.46231842041016,96.68000030517578,96.23999786376953,96.61000061035156,9153300
2025-01-08,91.56671905517578,91.56671905517578,96.5199966430664,96.2300033569336,96.2699966430664,7444500
2025-01-10,91.0542221069336,91.0542221069336,96.2300033569336,95.8499984741211,95.8499984741211,9822000
2025-01-13,90.96881103515625,90.96881103515625,95.94999694824219,95.73999786376953,95.94000244140625,10420700
2025-01-14,90.99727630615234,90.99727630615234,95.93000030517578,95.75,95.86000061035156,5487600
2025-01-15,91.7850112915039,91.7850112915039,96.94000244140625,96.55000305175781,96.94000244140625,9563000
2025-01-16,91.98429870605469,91.98429870605469,97.02999877929688,96.5,96.62999725341797,9810800
2025-01-17,91.98429870605469,91.98429870605469,97.0999984741211,96.87000274658203,97.06999969482422,5360200
2025-01-21,92.28802490234375,92.28802490234375,97.27999877929688,97.08999633789062,97.1500015258789,7725900
2025-01-22,92.06974029541016,92.06974029541016,97.25,96.95999908447266,97.20999908447266,7283400
2025-01-23,91.91789245605469,91.91789245605469,96.91999816894531,96.72000122070312,96.7699966430664,7707000
2025-01-24,92.06974029541016,92.06974029541016,97.11000061035156,96.80000305175781,96.87000274658203,6459400
2025-01-27,92.58223724365234,92.58223724365234,97.55999755859375,97.30999755859375,97.48999786376953,7602000
2025-01-28,92.55374908447266,92.55374908447266,97.52999877929688,97.29000091552734,97.33999633789062,5730300
2025-01-29,92.49683380126953,92.49683380126953,97.6500015258789,97.22000122070312,97.58000183105469,5912800
2025-01-30,92.62966918945312,92.62966918945312,97.7300033569336,97.5199966430664,97.62000274658203,6802900
2025-01-31,92.43988037109375,92.43988037109375,97.7300033569336,97.26000213623047,97.62000274658203,10750100
2025-02-03,92.52745819091797,92.52745819091797,97.54000091552734,97.05000305175781,97.33999633789062,9977100
2025-02-04,92.69886779785156,92.69886779785156,97.37999725341797,97.0,97.0199966430664,8483500
2025-02-05,93.19403076171875,93.19403076171875,98.0,97.66000366210938,97.69999694824219,9716700
2025-02-06,93.09881591796875,93.09881591796875,97.87999725341797,97.62999725341797,97.7699966430664,6629400
2025-02-07,92.80361938476562,92.80361938476562,97.58999633789062,97.36000061035156,97.5199966430664,6422300
2025-02-10,92.83219146728516,92.83219146728516,97.68000030517578,97.41000366210938,97.56999969482422,6038700
2025-02-11,92.6226806640625,92.6226806640625,97.33999633789062,97.22000122070312,97.2699966430664,8001100
2025-02-12,92.1370620727539,92.1370620727539,96.87999725341797,96.61000061035156,96.7699966430664,6404900
2025-02-13,92.68936157226562,92.68936157226562,97.43000030517578,96.83999633789062,97.16000366210938,7041200
2025-02-14,93.03214263916016,93.03214263916016,97.87999725341797,97.66999816894531,97.75,6257500
2025-02-18,92.66078186035156,92.66078186035156,97.58000183105469,97.30999755859375,97.45999908447266,8159400
2025-02-19,92.79409790039062,92.79409790039062,97.5,97.2699966430664,97.2699966430664,5604800
2025-02-20,92.93694305419922,92.93694305419922,97.66999816894531,97.5,97.54000091552734,27958700
2025-02-21,93.33687591552734,93.33687591552734,98.18000030517578,97.69999694824219,97.75,7070600
2025-02-24,93.49874114990234,93.49874114990234,98.23999786376953,97.94000244140625,97.95999908447266,7298300
2025-02-25,94.07960510253906,94.07960510253906,98.80999755859375,98.55999755859375,98.6500015258789,5801200
2025-02-26,94.2319564819336,94.2319564819336,99.0199966430664,98.6500015258789,98.7699966430664,5035900
2025-02-27,94.089111328125,94.089111328125,98.93000030517578,98.7300033569336,98.7699966430664,6263200
2025-02-28,94.50808715820312,94.50808715820312,99.29000091552734,98.91999816894531,99.08000183105469,14453000
2025-03-03,94.7125015258789,94.7125015258789,99.19000244140625,98.5999984741211,98.66000366210938,7533500
2025-03-04,94.47371673583984,94.47371673583984,99.4000015258789,98.80999755859375,99.30000305175781,7532400
2025-03-05,94.14896392822266,94.14896392822266,99.05999755859375,98.55000305175781,98.97000122070312,7302600
2025-03-06,94.0534439086914,94.0534439086914,98.62000274658203,98.2300033569336,98.51000213623047,9946200
2025-03-07,93.93882751464844,93.93882751464844,98.9800033569336,98.30000305175781,98.8499984741211,6450700
2025-03-10,94.38774871826172,94.38774871826172,98.98999786376953,98.7300033569336,98.80999755859375,12318600
2025-03-11,94.0534439086914,94.0534439086914,98.94000244140625,98.41999816894531,98.7699966430664,10187900
2025-03-12,93.77645874023438,93.77645874023438,98.43000030517578,98.16000366210938,98.30000305175781,8436700
2025-03-13,94.0630111694336,94.0630111694336,98.5,98.01000213623047,98.08999633789062,7959500
2025-03-14,93.8719711303711,93.8719711303711,98.41999816894531,98.25,98.33999633789062,8949800
2025-03-17,93.99615478515625,93.99615478515625,98.6500015258789,98.3499984741211,98.48999786376953,10605800
2025-03-18,94.0916519165039,94.0916519165039,98.62000274658203,98.27999877929688,98.30000305175781,9022000
2025-03-19,94.36864471435547,94.36864471435547,98.83000183105469,98.33000183105469,98.41999816894531,6763800
2025-03-20,94.42594909667969,94.42594909667969,99.25,98.80000305175781,99.22000122070312,6556800
2025-03-21,94.31133270263672,94.31133270263672,99.04000091552734,98.73999786376953,98.95999908447266,5028800
2025-03-24,93.9483871459961,93.9483871459961,98.63999938964844,98.31999969482422,98.5999984741211,4894800
2025-03-25,94.03434753417969,94.03434753417969,98.55999755859375,98.33999633789062,98.37000274658203,5663000
2025-03-26,93.80509185791016,93.80509185791016,98.4000015258789,98.19999694824219,98.36000061035156,6744000
2025-03-27,93.7573471069336,93.7573471069336,98.2300033569336,98.01000213623047,98.16000366210938,9513000
2025-03-28,94.30178833007812,94.30178833007812,98.81999969482422,98.45999908447266,98.54000091552734,8534000
2025-03-31,94.48326873779297,94.48326873779297,99.08999633789062,98.69999694824219,98.9800033569336,13350700
2025-04-01,94.83303833007812,94.83303833007812,99.12999725341797,98.62000274658203,98.80999755859375,10295200
2025-04-02,94.7276382446289,94.7276382446289,99.20999908447266,98.62000274658203,99.16999816894531,8225100
2025-04-03,95.22594451904297,95.22594451904297,99.7300033569336,99.05000305175781,99.47000122070312,9905000
2025-04-04,95.31219482421875,95.31219482421875,100.55000305175781,99.44000244140625,99.91999816894531,14914300
2025-04-07,94.10474395751953,94.10474395751953,99.30999755859375,98.0,99.22000122070312,21796300
2025-04-08,93.61599731445312,93.61599731445312,98.69000244140625,97.63999938964844,98.0999984741211,13173300
2025-04-09,93.82682037353516,93.82682037353516,97.98999786376953,96.62999725341797,97.06999969482422,16244400
2025-04-10,93.08894348144531,93.08894348144531,97.86000061035156,97.11000061035156,97.66999816894531,9940000
2025-04-11,92.99310302734375,92.99310302734375,97.16999816894531,96.1500015258789,96.66000366210938,8437400
2025-04-14,93.53934478759766,93.53934478759766,97.69000244140625,97.2699966430664,97.44000244140625,7940600
2025-04-15,93.73099517822266,93.73099517822266,97.95999908447266,97.51000213623047,97.5999984741211,10074400
2025-04-16,94.02808380126953,94.02808380126953,98.19000244140625,97.72000122070312,97.87999725341797,10105000
2025-04-17,93.78849029541016,93.78849029541016,98.11000061035156,97.80999755859375,98.05999755859375,5589400
2025-04-21,93.22310638427734,93.22310638427734,97.83000183105469,97.27999877929688,97.61000061035156,7925700
2025-04-22,93.39559173583984,93.39559173583984,97.7699966430664,97.44999694824219,97.61000061035156,6521400
2025-04-23,93.6255874633789,93.6255874633789,98.47000122070312,97.6500015258789,98.33000183105469,13376700
2025-04-24,94.1430435180664,94.1430435180664,98.25,98.0,98.05999755859375,8524400
2025-04-25,94.48805236816406,94.48805236816406,98.62999725341797,98.36000061035156,98.47000122070312,9058900
2025-04-28,94.74678802490234,94.74678802490234,98.9000015258789,98.5,98.5199966430664,4890800
2025-04-29,94.97679138183594,94.97679138183594,99.11000061035156,98.75,98.76000213623047,6731100
2025-04-30,94.8905258178711,94.8905258178711,99.16999816894531,98.87999725341797,98.98999786376953,7370300
2025-05-01,94.63191223144531,94.63191223144531,98.87000274658203,98.27999877929688,98.83000183105469,6912600
2025-05-02,94.1704330444336,94.1704330444336,98.33999633789062,97.81999969482422,98.05999755859375,9879200
2025-05-05,94.00699615478516,94.00699615478516,97.91000366210938,97.6500015258789,97.9000015258789,14273800
2025-05-06,94.23773956298828,94.23773956298828,98.0199966430664,97.6500015258789,97.77999877929688,11730100
2025-05-07,94.38195037841797,94.38195037841797,98.33999633789062,98.08999633789062,98.16000366210938,6557000
2025-05-08,93.89163208007812,93.89163208007812,98.2300033569336,97.6500015258789,98.20999908447266,7814200
2025-05-09,93.9877700805664,93.9877700805664,97.97000122070312,97.73999786376953,97.86000061035156,5739200
2025-05-12,93.67050170898438,93.67050170898438,97.66000366210938,97.33000183105469,97.44999694824219,10768200
2025-05-13,93.57437896728516,93.57437896728516,97.55000305175781,97.23999786376953,97.5,6305500
2025-05-14,93.30516815185547,93.30516815185547,97.33999633789062,97.01000213623047,97.27999877929688,7350600
2025-05-15,93.83394622802734,93.83394622802734,97.5999984741211,97.22000122070312,97.30999755859375,7638900
2025-05-16,93.89163208007812,93.89163208007812,97.91999816894531,97.62000274658203,97.91000366210938,5262500
2025-05-19,93.86279296875,93.86279296875,97.66000366210938,97.0999984741211,97.13999938964844,7232700
2025-05-20,93.69934844970703,93.69934844970703,97.54000091552734,97.27999877929688,97.5199966430664,7496600
2025-05-21,93.08404541015625,93.08404541015625,97.27999877929688,96.73999786376953,97.16999816894531,12393200
2025-05-22,93.3532485961914,93.3532485961914,97.11000061035156,96.66000366210938,96.7699966430664,6084800
2025-05-23,93.48785400390625,93.48785400390625,97.37999725341797,97.08000183105469,97.33999633789062,5210500
2025-05-27,93.9108657836914,93.9108657836914,97.73999786376953,97.41999816894531,97.51000213623047,7461500
2025-05-28,93.73780059814453,93.73780059814453,97.66999816894531,97.37999725341797,97.55999755859375,4909200
2025-05-29,94.08391571044922,94.08391571044922,97.94000244140625,97.69999694824219,97.73999786376953,7724100
2025-05-30,94.31465148925781,94.31465148925781,98.0999984741211,97.80000305175781,97.86000061035156,15488400
2025-06-02,94.06673431396484,94.06673431396484,97.5999984741211,97.2300033569336,97.2300033569336,28390000
2025-06-03,93.99922180175781,93.99922180175781,97.75,97.37000274658203,97.5999984741211,7177600
2025-06-04,94.55868530273438,94.55868530273438,98.08999633789062,97.69000244140625,97.75,7761500
2025-06-05,94.31755065917969,94.31755065917969,98.12000274658203,97.7699966430664,98.02999877929688,10456500
2025-06-06,93.83525085449219,93.83525085449219,97.52999877929688,97.25,97.45999908447266,6299900
2025-06-09,93.95100402832031,93.95100402832031,97.54000091552734,97.2699966430664,97.29000091552734,7096500
2025-06-10,94.1632080078125,94.1632080078125,97.73999786376953,97.51000213623047,97.72000122070312,4990900
2025-06-11,94.48152160644531,94.48152160644531,97.9800033569336,97.69999694824219,97.79000091552734,5992400
2025-06-12,94.82878875732422,94.82878875732422,98.31999969482422,98.12000274658203,98.23999786376953,5726200
2025-06-13,94.49118041992188,94.49118041992188,98.16000366210938,97.76000213623047,98.11000061035156,8050300
2025-06-16,94.29824829101562,94.29824829101562,98.06999969482422,97.75,97.88999938964844,5680900
2025-06-17,94.5876235961914,94.5876235961914,98.12000274658203,97.76000213623047,97.94999694824219,5312000
2025-06-18,94.65515899658203,94.65515899658203,98.4000015258789,98.02999877929688,98.20999908447266,5907900
2025-06-20,94.7419662475586,94.7419662475586,98.30999755859375,97.94999694824219,98.0,6213000
2025-06-23,94.93489074707031,94.93489074707031,98.6500015258789,98.30000305175781,98.4000015258789,5884600
2025-06-24,95.32071685791016,95.32071685791016,98.81999969482422,98.33999633789062,98.36000061035156,7907600
2025-06-25,95.31106567382812,95.31106567382812,98.80999755859375,98.5199966430664,98.62000274658203,8434800
2025-06-26,95.57152557373047,95.57152557373047,99.0999984741211,98.77999877929688,98.80000305175781,9775100
2025-06-27,95.30142211914062,95.30142211914062,99.0999984741211,98.76000213623047,98.87000274658203,25931600
2025-06-30,95.68726348876953,95.68726348876953,99.2300033569336,98.94000244140625,99.05000305175781,14036800
2025-07-01,95.59920501708984,95.59920501708984,98.94999694824219,98.66999816894531,98.87000274658203,18480200
2025-07-02,95.48309326171875,95.48309326171875,98.69999694824219,98.54000091552734,98.68000030517578,8756000
2025-07-03,95.28955078125,95.28955078125,98.58999633789062,98.41000366210938,98.52999877929688,4583200
2025-07-07,94.95085144042969,94.95085144042969,98.33000183105469,98.05999755859375,98.31999969482422,8088100
2025-07-08,94.91213989257812,94.91213989257812,98.08000183105469,97.93000030517578,97.94999694824219,7804200
2025-07-09,95.30888366699219,95.30888366699219,98.48999786376953,98.12999725341797,98.20999908447266,11043600
2025-07-10,95.27986145019531,95.27986145019531,98.4800033569336,98.30000305175781,98.41999816894531,5125300
2025-07-11,94.88310241699219,94.88310241699219,98.25,98.0199966430664,98.16999816894531,6106500
2025-07-14,94.87342834472656,94.87342834472656,98.12999725341797,97.93000030517578,98.01000213623047,6231400
2025-07-15,94.59280395507812,94.59280395507812,98.16000366210938,97.69999694824219,98.16000366210938,9681000
2025-07-16,94.72826385498047,94.72826385498047,98.0199966430664,97.69000244140625,97.88999938964844,23556800
2025-07-17,94.76697540283203,94.76697540283203,98.05999755859375,97.86000061035156,97.9800033569336,8355500
2025-07-18,94.94116973876953,94.94116973876953,98.16999816894531,98.04000091552734,98.1500015258789,8443800
2025-07-21,95.20244598388672,95.20244598388672,98.54000091552734,98.36000061035156,98.45999908447266,6865700
2025-07-22,95.38631439208984,95.38631439208984,98.63999938964844,98.43000030517578,98.4800033569336,6172700
2025-07-23,95.17341613769531,95.17341613769531,98.4800033569336,98.31999969482422,98.44999694824219,7466900
2025-07-24,95.11534118652344,95.11534118652344,98.36000061035156,98.08999633789062,98.11000061035156,9643800
2025-07-25,95.27018737792969,95.27018737792969,98.4800033569336,98.25,98.30000305175781,5530400
2025-07-28,95.14437866210938,95.14437866210938,98.41999816894531,98.27999877929688,98.36000061035156,7032200
2025-07-29,95.65725708007812,95.65725708007812,98.8499984741211,98.41999816894531,98.41999816894531,12015200
2025-07-30,95.38631439208984,95.38631439208984,98.81999969482422,98.5199966430664,98.66999816894531,8305400
2025-07-31,95.43470001220703,95.43470001220703,98.83000183105469,98.56999969482422,98.72000122070312,19774600
2025-08-01,96.26000213623047,96.26000213623047,99.16000366210938,98.8499984741211,98.87000274658203,12416200
2025-08-04,96.33769226074219,96.33769226074219,99.23999786376953,99.02999877929688,99.16000366210938,6717900
2025-08-05,96.36680603027344,96.36680603027344,99.30999755859375,99.11000061035156,99.12999725341797,9092400
2025-08-06,96.32796478271484,96.32796478271484,99.29000091552734,98.83999633789062,99.13999938964844,8102700
2025-08-07,96.25028228759766,96.25028228759766,99.31999969482422,99.08999633789062,99.2300033569336,7869300
2025-08-08,96.06582641601562,96.06582641601562,99.12000274658203,98.88999938964844,99.0,8238100
2025-08-11,96.13377380371094,96.13377380371094,99.12000274658203,98.94000244140625,99.01000213623047,9698300
2025-08-12,96.13377380371094,96.13377380371094,99.01000213623047,98.80000305175781,98.91000366210938,12239500
2025-08-13,96.48332214355469,96.48332214355469,99.41000366210938,99.26000213623047,99.27999877929688,5386800
2025-08-14,96.21145629882812,96.21145629882812,99.2699966430664,99.0199966430664,99.18000030517578,5208500
2025-08-15,96.06582641601562,96.06582641601562,99.0999984741211,98.87000274658203,99.06999969482422,6884600
2025-08-18,95.95899963378906,95.95899963378906,99.0,98.75,98.98999786376953,7906400
2025-08-19,96.14347839355469,96.14347839355469,99.04000091552734,98.91000366210938,98.94000244140625,9946800
2025-08-20,96.20175170898438,96.20175170898438,99.16000366210938,98.9800033569336,98.98999786376953,5615200
2025-08-21,95.97842407226562,95.97842407226562,98.98999786376953,98.7300033569336,98.95999908447266,7129200
2025-08-22,96.51244354248047,96.51244354248047,99.44999694824219,99.0,99.02999877929688,9451400
2025-08-25,96.36680603027344,96.36680603027344,99.33999633789062,99.16000366210938,99.20999908447266,5624900
2025-08-26,96.48332214355469,96.48332214355469,99.38999938964844,99.16000366210938,99.23999786376953,4696000
2025-08-27,96.5804214477539,96.5804214477539,99.47000122070312,99.16999816894531,99.22000122070312,7320800
2025-08-28,96.6969223022461,96.6969223022461,99.61000061035156,99.41000366210938,99.43000030517578,7068500
2025-08-29,96.57071685791016,96.57071685791016,99.54000091552734,99.4000015258789,99.47000122070312,9181400
2025-09-02,96.31451416015625,96.31451416015625,98.94999694824219,98.79000091552734,98.81999969482422,8529800
2025-09-03,96.66519927978516,96.66519927978516,99.33000183105469,98.94999694824219,98.94999694824219,8400000
2025-09-04,97.05487060546875,97.05487060546875,99.63999938964844,99.33999633789062,99.44000244140625,6297100
2025-09-05,97.51271057128906,97.51271057128906,100.2300033569336,100.08000183105469,100.13999938964844,7617200
2025-09-08,97.84392547607422,97.84392547607422,100.44999694824219,100.30000305175781,100.33000183105469,7202700
2025-09-09,97.64909362792969,97.64909362792969,100.45999908447266,100.16000366210938,100.37999725341797,7090000
2025-09-10,97.84392547607422,97.84392547607422,100.58999633789062,100.33999633789062,100.41000366210938,5952400
2025-09-11,98.02901458740234,98.02901458740234,100.77999877929688,100.52999877929688,100.55000305175781,6776500
2025-09-12,97.94133758544922,97.94133758544922,100.54000091552734,100.33999633789062,100.4800033569336,6525900
2025-09-15,98.10694885253906,98.10694885253906,100.73999786376953,100.62000274658203,100.66999816894531,5039000
2025-09-16,98.14591217041016,98.14591217041016,100.97000122070312,100.6500015258789,100.75,8264600
2025-09-17,97.97056579589844,97.97056579589844,101.0199966430664,100.48999786376953,100.87000274658203,7878300
2025-09-18,97.69780731201172,97.69780731201172,100.41000366210938,100.16000366210938,100.2699966430664,7123700
2025-09-19,97.69780731201172,97.69780731201172,100.36000061035156,100.20999908447266,100.30000305175781,7238500
2025-09-22,97.58090209960938,97.58090209960938,100.29000091552734,100.12000274658203,100.26000213623047,5642100
2025-09-23,97.73677062988281,97.73677062988281,100.36000061035156,100.16000366210938,100.23999786376953,8095500
2025-09-24,97.55168151855469,97.55168151855469,100.26000213623047,100.11000061035156,100.25,6610800
2025-09-25,97.41529846191406,97.41529846191406,100.05999755859375,99.8499984741211,100.0,8743500
2025-09-26,97.4834976196289,97.4834976196289,100.20999908447266,99.97000122070312,100.08999633789062,6868100
2025-09-29,97.6685791015625,97.6685791015625,100.33000183105469,100.13999938964844,100.18000030517578,7751600
2025-09-30,97.65882873535156,97.65882873535156,100.48999786376953,100.19999694824219,100.33000183105469,12400700
2025-10-01,97.90806579589844,97.90806579589844,100.26000213623047,100.02999877929688,100.18000030517578,6961300
2025-10-02,98.01556396484375,98.01556396484375,100.31999969482422,100.0999984741211,100.13999938964844,6055800
2025-10-03,97.90806579589844,97.90806579589844,100.37999725341797,100.16000366210938,100.31999969482422,5268700
2025-10-06,97.69303894042969,97.69303894042969,100.1500015258789,99.94999694824219,100.0,6950200
2025-10-07,97.85918426513672,97.85918426513672,100.2300033569336,100.0199966430664,100.08000183105469,6379200
2025-10-08,97.86896514892578,97.86896514892578,100.33000183105469,100.11000061035156,100.30999755859375,5726900
2025-10-09,97.75167083740234,97.75167083740234,100.0999984741211,100.0,100.08000183105469,5199500
2025-10-10,98.15238189697266,98.15238189697266,100.54000091552734,100.25,100.36000061035156,10204100
2025-10-13,98.33808135986328,98.33808135986328,100.62999725341797,100.36000061035156,100.45999908447266,8320400
2025-10-14,98.49444580078125,98.49444580078125,100.79000091552734,100.52999877929688,100.56999969482422,8508700
2025-10-15,98.45535278320312,98.45535278320312,100.93000030517578,100.6500015258789,100.81999969482422,6297000
2025-10-16,98.80718994140625,98.80718994140625,101.11000061035156,100.66999816894531,100.69000244140625,10035200
2025-10-17,98.67035675048828,98.67035675048828,101.01000213623047,100.86000061035156,101.01000213623047,11738900
2025-10-20,98.83650207519531,98.83650207519531,101.12999725341797,101.0199966430664,101.06999969482422,7299100
2025-10-21,98.93423461914062,98.93423461914062,101.3499984741211,101.19999694824219,101.2699966430664,12965900
2025-10-22,98.9244613647461,98.9244613647461,101.23999786376953,101.08999633789062,101.16000366210938,13263200
2025-10-23,98.74855041503906,98.74855041503906,101.16999816894531,101.01000213623047,101.11000061035156,9975000
2025-10-24,98.84628295898438,98.84628295898438,101.19999694824219,101.0199966430664,101.16999816894531,6544500
2025-10-27,98.91470336914062,98.91470336914062,101.20999908447266,100.97000122070312,101.08000183105469,8527600
2025-10-28,98.97333526611328,98.97333526611328,101.30000305175781,101.13999938964844,101.19000244140625,10300500
2025-10-29,98.50422668457031,98.50422668457031,101.25,100.76000213623047,101.25,9275700
2025-10-30,98.31853485107422,98.31853485107422,100.76000213623047,100.45999908447266,100.4800033569336,13563800
2025-10-31,98.25988006591797,98.25988006591797,100.69999694824219,100.5,100.66000366210938,13111900
2025-11-03,98.13928985595703,98.13928985595703,100.1500015258789,100.0,100.06999969482422,9042100
2025-11-04,98.18831634521484,98.18831634521484,100.27999877929688,100.12999725341797,100.1500015258789,29687500
2025-11-05,97.92356872558594,97.92356872558594,100.11000061035156,99.81999969482422,100.0999984741211,8164900
2025-11-06,98.2863540649414,98.2863540649414,100.30000305175781,100.13999938964844,100.18000030517578,7247600
2025-11-07,98.24714660644531,98.24714660644531,100.33999633789062,100.11000061035156,100.12999725341797,5708300
2025-11-10,98.20791625976562,98.20791625976562,100.2699966430664,100.0999984741211,100.19999694824219,7945000
2025-11-11,98.5020751953125,98.5020751953125,100.48999786376953,100.33000183105469,100.37999725341797,5186200
2025-11-12,98.46286010742188,98.46286010742188,100.5,100.36000061035156,100.41999816894531,6267300
2025-11-13,98.168701171875,98.168701171875,100.33000183105469,100.12000274658203,100.23999786376953,7541600
2025-11-14,98.0510482788086,98.0510482788086,100.33000183105469,99.9800033569336,100.30000305175781,6350400
2025-11-17,98.07064056396484,98.07064056396484,100.13999938964844,100.01000213623047,100.05000305175781,7821800
2025-11-18,98.12948608398438,98.12948608398438,100.2699966430664,100.0,100.25,7731800
2025-11-19,98.12948608398438,98.12948608398438,100.25,100.02999877929688,100.19999694824219,8951700
2025-11-20,98.24714660644531,98.24714660644531,100.27999877929688,100.13999938964844,100.18000030517578,12968000
2025-11-21,98.48246765136719,98.48246765136719,100.5,100.27999877929688,100.44999694824219,9334500
2025-11-24,98.6785659790039,98.6785659790039,100.66000366210938,100.5,100.51000213623047,7717600
2025-11-25,98.83544158935547,98.83544158935547,100.94999694824219,100.69999694824219,100.70999908447266,16788400
2025-11-26,98.99232482910156,98.99232482910156,100.97000122070312,100.66000366210938,100.77999877929688,8935000
2025-11-28,98.85505676269531,98.85505676269531,100.94000244140625,100.69999694824219,100.91000366210938,5064800
2025-12-01,98.42813110351562,98.42813110351562,100.13999938964844,100.0199966430664,100.06999969482422,7249300
2025-12-02,98.55602264404297,98.55602264404297,100.22000122070312,100.04000091552734,100.06999969482422,7972000
2025-12-03,98.74291229248047,98.74291229248047,100.38999938964844,100.20999908447266,100.30000305175781,9744400
2025-12-04,98.5068359375,98.5068359375,100.30999755859375,100.11000061035156,100.25,6953200
2025-12-05,98.39862060546875,98.39862060546875,100.16999816894531,99.95999908447266,100.16999816894531,6870000
2025-12-08,98.24124145507812,98.24124145507812,100.02999877929688,99.73999786376953,100.0199966430664,8039100
2025-12-09,98.15270233154297,98.15270233154297,100.04000091552734,99.7699966430664,100.04000091552734,5967900
2025-12-10,98.46748352050781,98.46748352050781,100.12999725341797,99.76000213623047,99.7699966430664,9279700
2025-12-11,98.4871597290039,98.4871597290039,100.3499984741211,100.08000183105469,100.31999969482422,9961200
2025-12-12,98.18220520019531,98.18220520019531,99.91999816894531,99.77999877929688,99.83999633789062,7588300
2025-12-15,98.28058624267578,98.28058624267578,100.08000183105469,99.87999725341797,100.01000213623047,9960300
2025-12-16,98.46748352050781,98.46748352050781,100.1500015258789,99.86000061035156,99.87000274658203,8614000
2025-12-17,98.43798065185547,98.43798065185547,100.13999938964844,100.0199966430664,100.02999877929688,12011000
2025-12-18,98.68389892578125,98.68389892578125,100.37000274658203,100.22000122070312,100.31999969482422,8191000
2025-12-19,98.53978729248047,98.53978729248047,99.94999694824219,99.80000305175781,99.88999938964844,6216400
2025-12-22,98.50032043457031,98.50032043457031,99.83000183105469,99.73999786376953,99.81999969482422,6178400
2025-12-23,98.50032043457031,98.50032043457031,99.81999969482422,99.58000183105469,99.5999984741211,9744100
2025-12-24,98.71744537353516,98.71744537353516,100.04000091552734,99.8499984741211,99.9000015258789,4483900
2025-12-26,98.73719787597656,98.73719787597656,100.1500015258789,99.97000122070312,100.12999725341797,6503700
2025-12-29,98.85562896728516,98.85562896728516,100.19000244140625,100.05999755859375,100.12000274658203,7886700
2025-12-30,98.81615447998047,98.81615447998047,100.18000030517578,100.02999877929688,100.05999755859375,7955800
2025-12-31,98.57928466796875,98.57928466796875,100.12000274658203,99.87999725341797,100.0199966430664,13535500
2026-01-02,98.54966735839844,98.54966735839844,100.01000213623047,99.80999755859375,100.0,6730300
2026-01-05,98.73719787597656,98.73719787597656,100.06999969482422,99.87999725341797,99.93000030517578,9364900
2026-01-06,98.71744537353516,98.71744537353516,100.02999877929688,99.80999755859375,99.93000030517578,8573800
2026-01-07,98.81615447998047,98.81615447998047,100.19999694824219,100.02999877929688,100.16999816894531,7151800
2026-01-08,98.63849639892578,98.63849639892578,100.01000213623047,99.91000366210938,99.94000244140625,6184100
2026-01-09,98.85562896728516,98.85562896728516,100.2699966430664,99.97000122070312,100.08000183105469,9879700
2026-01-12,98.8062744140625,98.8062744140625,100.20999908447266,100.02999877929688,100.05999755859375,9871200
2026-01-13,98.89511108398438,98.89511108398438,100.23999786376953,100.08999633789062,100.23999786376953,7561600
2026-01-14,99.04315948486328,99.04315948486328,100.41000366210938,100.2300033569336,100.2300033569336,8585300
2026-01-15,98.91485595703125,98.91485595703125,100.41999816894531,100.22000122070312,100.41999816894531,9923600
2026-01-16,98.7470703125,98.7470703125,100.23999786376953,100.04000091552734,100.22000122070312,10332500
2026-01-20,98.37200164794922,98.37200164794922,99.86000061035156,99.66000366210938,99.70999908447266,14336900
2026-01-21,98.69771575927734,98.69771575927734,100.02999877929688,99.72000122070312,99.7699966430664,16939600
2026-01-22,98.71744537353516,98.71744537353516,100.08000183105469,99.87000274658203,99.91000366210938,10154200
2026-01-23,98.8062744140625,98.8062744140625,100.1500015258789,99.95999908447266,100.05000305175781,8621400
2026-01-26,98.95433044433594,98.95433044433594,100.30999755859375,100.20999908447266,100.26000213623047,6526700
2026-01-27,98.88524627685547,98.88524627685547,100.33000183105469,100.16999816894531,100.25,7571800
2026-01-28,98.84576416015625,98.84576416015625,100.16999816894531,100.0,100.1500015258789,14730100
2026-01-29,98.84576416015625,98.84576416015625,100.23999786376953,100.01000213623047,100.0999984741211,10066400
2026-01-30,98.82601165771484,98.82601165771484,100.22000122070312,100.11000061035156,100.16000366210938,12469600
2026-02-02,98.71214294433594,98.71214294433594,99.8499984741211,99.66000366210938,99.83999633789062,13264100
2026-02-03,98.7220458984375,98.7220458984375,99.72000122070312,99.58999633789062,99.62000274658203,9358800
2026-02-04,98.66263580322266,98.66263580322266,99.75,99.5999984741211,99.62000274658203,12574000
2026-02-05,99.08842468261719,99.08842468261719,100.11000061035156,99.80999755859375,99.87000274658203,11442200
2026-02-06,99.1478271484375,99.1478271484375,100.13999938964844,99.9800033569336,100.08999633789062,9471900
2026-02-09,99.17754364013672,99.17754364013672,100.16999816894531,100.0,100.04000091552734,9307600
2026-02-10,99.46469116210938,99.46469116210938,100.5,100.37000274658203,100.4000015258789,8566100
2026-02-11,99.23695373535156,99.23695373535156,100.4000015258789,100.19000244140625,100.22000122070312,8484800
2026-02-12,99.68253326416016,99.68253326416016,100.69999694824219,100.38999938964844,100.4000015258789,11167500
2026-02-13,99.99939727783203,99.99939727783203,101.01000213623047,100.88999938964844,100.93000030517578,5927000
2026-02-17,100.0093002319336,100.0093002319336,101.04000091552734,100.94000244140625,101.0,6588800
2026-02-18,99.87067413330078,99.87067413330078,100.95999908447266,100.83999633789062,100.87000274658203,5460200
2026-02-19,99.89047241210938,99.89047241210938,100.94000244140625,100.7699966430664,100.79000091552734,6600700
2026-02-20,99.9102783203125,99.9102783203125,100.93000030517578,100.73999786376953,100.9000015258789,8651000
2026-02-23,100.10831451416016,100.10831451416016,101.18000030517578,100.94999694824219,100.95999908447266,9817100
2026-02-24,100.09840393066406,100.09840393066406,101.1500015258789,101.01000213623047,101.08999633789062,7890400
2026-02-25,100.04891204833984,100.04891204833984,101.12999725341797,101.01000213623047,101.01000213623047,6869000
2026-02-26,100.20733642578125,100.20733642578125,101.20999908447266,101.08000183105469,101.08999633789062,8920400
2026-02-27,100.4053726196289,100.4053726196289,101.45999908447266,101.33999633789062,101.37000274658203,9033500
2026-03-02,100.00408935546875,100.00408935546875,100.80000305175781,100.55999755859375,100.77999877929688,10358800
2026-03-03,99.89482116699219,99.89482116699219,100.70999908447266,100.23999786376953,100.26000213623047,10855000
2026-03-04,99.85509490966797,99.85509490966797,100.62000274658203,100.4800033569336,100.58000183105469,13744100
2026-03-05,99.5670394897461,99.5670394897461,100.31999969482422,100.1500015258789,100.22000122070312,8741400
2026-03-06,99.4478530883789,99.4478530883789,100.37000274658203,99.91000366210938,99.97000122070312,9356500
2026-03-09,99.76570129394531,99.76570129394531,100.4800033569336,99.95999908447266,100.08000183105469,8948500
2026-03-10,99.43791198730469,99.43791198730469,100.44000244140625,100.11000061035156,100.36000061035156,10177700
2026-03-11,98.9909439086914,98.9909439086914,100.0,99.61000061035156,99.91999816894531,5932700
2026-03-12,98.62342071533203,98.62342071533203,99.56999969482422,99.18000030517578,99.5,10196000
2026-03-13,98.54395294189453,98.54395294189453,99.54000091552734,99.13999938964844,99.44999694824219,8749900
2026-03-16,98.93133544921875,98.93133544921875,99.6500015258789,99.44000244140625,99.58999633789062,6168700
2026-03-17,99.12999725341797,99.12999725341797,99.83000183105469,99.72000122070312,99.73999786376953,7377300
2026-03-18,98.71281433105469,98.71281433105469,99.73999786376953,99.37999725341797,99.66999816894531,8241300
2026-03-19,98.82207489013672,98.82207489013672,99.62000274658203,99.13999938964844,99.16000366210938,13223500
2026-03-20,97.99765014648438,97.99765014648438,99.16999816894531,98.66000366210938,99.13999938964844,14458600
2026-03-23,98.36516571044922,98.36516571044922,99.23999786376953,98.7699966430664,98.86000061035156,27624700
2026-03-24,98.09697723388672,98.09697723388672,98.97000122070312,98.56999969482422,98.62999725341797,16738600
2026-03-25,98.44463348388672,98.44463348388672,99.20999908447266,99.0,99.1500015258789,16242700
2026-03-26,97.88838958740234,97.88838958740234,98.97000122070312,98.55000305175781,98.83999633789062,12299400
2026-03-27,97.87845611572266,97.87845611572266,98.66999816894531,98.29000091552734,98.33999633789062,15511300
2026-03-30,98.3750991821289,98.3750991821289,99.19999694824219,98.94999694824219,99.02999877929688,12882500
2026-03-31,98.60355377197266,98.60355377197266,99.4800033569336,99.18000030517578,99.27999877929688,23478400
2026-04-01,98.67033386230469,98.67033386230469,99.16999816894531,98.91999816894531,98.97000122070312,20860900
2026-04-02,98.89956665039062,98.89956665039062,99.29000091552734,98.87999725341797,98.88999938964844,12024600
2026-04-06,98.72016906738281,98.72016906738281,99.16999816894531,99.0,99.0,14350300
2026-04-07,98.83975982666016,98.83975982666016,99.22000122070312,98.73999786376953,99.06999969482422,14034000
2026-04-08,99.0988998413086,99.0988998413086,99.72000122070312,99.33999633789062,99.66999816894531,8881800
2026-04-09,99.15869903564453,99.15869903564453,99.63999938964844,99.22000122070312,99.33999633789062,8004800
2026-04-10,98.98926544189453,98.98926544189453,99.48999786376953,99.30000305175781,99.45999908447266,4512200
2026-04-13,99.1885986328125,99.1885986328125,99.55999755859375,99.2699966430664,99.33000183105469,5838900
2026-04-14,99.4477310180664,99.4477310180664,99.79000091552734,99.5,99.52999877929688,5810800
2026-04-15,99.28826904296875,99.28826904296875,99.69999694824219,99.55000305175781,99.68000030517578,6536700
2026-04-16,99.14873504638672,99.14873504638672,99.75,99.41000366210938,99.7300033569336,10659900
2026-04-17,99.51750183105469,99.51750183105469,100.0,99.80999755859375,99.88999938964844,5614200
2026-04-20,99.50753021240234,99.50753021240234,99.87999725341797,99.69999694824219,99.87999725341797,5687900
2026-04-21,99.13876342773438,99.13876342773438,99.7699966430664,99.47000122070312,99.7699966430664,7583600
2026-04-22,99.2782974243164,99.2782974243164,99.7699966430664,99.58000183105469,99.7699966430664,7874000
2026-04-23,99.11882781982422,99.11882781982422,99.69999694824219,99.29000091552734,99.5999984741211,5063400
2026-04-24,99.25836181640625,99.25836181640625,99.63999938964844,99.31999969482422,99.4000015258789,4791800
2026-04-27,99.10887145996094,99.10887145996094,99.58000183105469,99.36000061035156,99.5199966430664,7852000
2026-04-28,99.06900024414062,99.06900024414062,99.41000366210938,99.2699966430664,99.33999633789062,8672900
2026-04-29,98.63046264648438,98.63046264648438,99.2300033569336,98.87999725341797,99.2300033569336,6764300
2026-04-30,98.7699966430664,98.7699966430664,99.22000122070312,99.02999877929688,99.1500015258789,13320100
2026-05-01,98.9000015258789,98.9000015258789,99.12999725341797,98.77999877929688,98.83999633789062,11661600
2026-05-04,98.58999633789062,98.58999633789062,98.80000305175781,98.41000366210938,98.7699966430664,7580400
2026-05-05,98.7699966430664,98.7699966430664,98.8499984741211,98.66000366210938,98.69999694824219,10045700
2026-05-06,99.19000244140625,99.19000244140625,99.22000122070312,99.05999755859375,99.12000274658203,6968700
2026-05-07,98.94999694824219,98.94999694824219,99.38999938964844,98.9000015258789,99.33999633789062,10903100
2026-05-08,99.18000030517578,99.18000030517578,99.26000213623047,99.12999725341797,99.20999908447266,8204700
2026-05-11,98.91999816894531,98.91999816894531,99.11000061035156,98.91999816894531,99.05000305175781,6848100
2026-05-12,98.62999725341797,98.62999725341797,98.7300033569336,98.61000061035156,98.70999908447266,6336400
2026-05-13,98.66999816894531,98.66999816894531,98.69000244140625,98.4800033569336,98.62000274658203,5396300
2026-05-14,98.63999938964844,98.63999938964844,98.88999938964844,98.62999725341797,98.86000061035156,5123900
2026-05-15,98.0199966430664,98.0199966430664,98.19999694824219,98.01000213623047,98.13999938964844,8026900
2026-05-18,98.01000213623047,98.01000213623047,98.20999908447266,97.86000061035156,98.11000061035156,7774500
2026-05-19,97.62999725341797,97.62999725341797,97.80000305175781,97.5199966430664,97.6500015258789,8945400
2026-05-20,98.22000122070312,98.22000122070312,98.27999877929688,97.66999816894531,97.69000244140625,15851000
2026-05-21,98.33999633789062,98.33999633789062,98.33999633789062,97.83999633789062,97.97000122070312,7072600
2026-05-22,98.44000244140625,98.44000244140625,98.51000213623047,98.19000244140625,98.48999786376953,6948900
