Date,Adj Close,Close,High,Low,Open,Volume
2001-08-27,22.20203971862793,22.20203971862793,42.91666793823242,42.7599983215332,42.91666793823242,44700
2001-08-28,21.948055267333984,21.948055267333984,42.58333206176758,42.26333236694336,42.53333282470703,319800
2001-08-29,21.847848892211914,21.847848892211914,42.46666717529297,42.099998474121094,42.45000076293945,128400
2001-08-30,21.53683853149414,21.53683853149414,41.66666793823242,41.43333435058594,41.66666793823242,36900
2001-08-31,21.588668823242188,21.588668823242188,41.71666717529297,41.46666717529297,41.53333282470703,1656900
2001-09-04,21.09625816345215,21.09625816345215,41.16666793823242,40.70000076293945,40.766666412353516,570000
2001-09-05,20.966670989990234,20.966670989990234,40.68333435058594,40.33333206176758,40.56666564941406,31500
2001-09-06,20.49152946472168,20.49152946472168,39.83333206176758,39.53333282470703,39.83333206176758,284700
2001-09-07,20.370586395263672,20.370586395263672,39.46666717529297,39.16666793823242,39.46666717529297,99900
2001-09-10,20.13733673095703,20.13733673095703,38.866668701171875,38.20000076293945,38.43333435058594,1438200
2001-09-17,19.25616455078125,19.25616455078125,37.29999923706055,36.70000076293945,36.75,170400
2001-09-18,19.100662231445312,19.100662231445312,37.08333206176758,36.66666793823242,36.81666564941406,991500
2001-09-19,19.048828125,19.048828125,37.20000076293945,36.28333282470703,37.20000076293945,435600
2001-09-20,18.219493865966797,18.219493865966797,35.766666412353516,35.150001525878906,35.766666412353516,123000
2001-09-21,17.70979881286621,17.70979881286621,34.5,32.66666793823242,32.66666793823242,110100
2001-09-24,18.530494689941406,18.530494689941406,35.81666564941406,35.116668701171875,35.33333206176758,139500
2001-09-25,18.746469497680664,18.746469497680664,36.43333435058594,35.849998474121094,36.133331298828125,151500
2001-09-26,18.841495513916016,18.841495513916016,36.483333587646484,36.233333587646484,36.483333587646484,138600
2001-09-27,19.138675689697266,19.138675689697266,36.93333435058594,36.28333282470703,36.349998474121094,662400
2001-09-28,19.51188087463379,19.51188087463379,37.720001220703125,37.22666549682617,37.29999923706055,663900
2001-10-01,19.4064884185791,19.4064884185791,37.439998626708984,36.99333190917969,37.06666564941406,432900
2001-10-02,19.475008010864258,19.475008010864258,37.516666412353516,37.0,37.0,309900
2001-10-03,19.673994064331055,19.673994064331055,38.063331604003906,36.83333206176758,36.83333206176758,398700
2001-10-04,19.883365631103516,19.883365631103516,38.5,37.866668701171875,38.233333587646484,578400
2001-10-05,19.914514541625977,19.914514541625977,38.53333282470703,38.099998474121094,38.3033332824707,274200
2001-10-08,19.795114517211914,19.795114517211914,38.41666793823242,37.866668701171875,37.90999984741211,127800
2001-10-09,19.743209838867188,19.743209838867188,38.45000076293945,37.983333587646484,38.31666564941406,2442600
2001-10-10,20.141183853149414,20.141183853149414,38.866668701171875,38.5,38.5,84600
2001-10-11,20.279617309570312,20.279617309570312,39.313331604003906,38.83333206176758,39.21666717529297,197400
2001-10-12,20.25365447998047,20.25365447998047,39.016666412353516,38.599998474121094,38.599998474121094,83400
2001-10-15,19.933544158935547,19.933544158935547,38.66666793823242,38.383331298828125,38.5,192600
2001-10-16,20.210397720336914,20.210397720336914,38.93333435058594,38.599998474121094,38.766666412353516,361800
2001-10-17,20.22770881652832,20.22770881652832,39.66666793823242,38.96666717529297,39.66666793823242,224700
2001-10-18,20.063322067260742,20.063322067260742,38.866668701171875,38.33333206176758,38.766666412353516,260700
2001-10-19,19.864330291748047,19.864330291748047,38.29999923706055,37.91999816894531,38.133331298828125,258000
2001-10-22,20.00275421142578,20.00275421142578,38.53333282470703,38.0,38.0,393000
2001-10-23,20.161945343017578,20.161945343017578,39.099998474121094,38.84000015258789,38.96666717529297,159300
2001-10-24,20.364402770996094,20.364402770996094,39.33333206176758,39.03333282470703,39.16666793823242,161100
2001-10-25,20.334980010986328,20.334980010986328,39.233333587646484,38.58333206176758,38.75,63900
2001-10-26,20.46648406982422,20.46648406982422,39.426666259765625,39.03333282470703,39.03333282470703,169500
2001-10-29,20.03909683227539,20.03909683227539,39.36333465576172,38.60333251953125,39.33333206176758,595500
2001-10-30,19.81242561340332,19.81242561340332,38.46666717529297,38.02000045776367,38.366668701171875,260100
2001-10-31,19.8677921295166,19.8677921295166,38.75,38.220001220703125,38.633331298828125,783000
2001-11-01,20.286537170410156,20.286537170410156,39.08000183105469,38.56666564941406,38.79999923706055,810300
2001-11-02,20.28480339050293,20.28480339050293,39.09333419799805,38.779998779296875,38.99333190917969,908700
2001-11-05,20.487255096435547,20.487255096435547,39.5533332824707,39.133331298828125,39.133331298828125,168600
2001-11-06,20.700088500976562,20.700088500976562,39.95000076293945,39.366668701171875,39.5,651300
2001-11-07,20.513212203979492,20.513212203979492,39.633331298828125,39.266666412353516,39.29999923706055,352200
2001-11-08,20.660287857055664,20.660287857055664,40.15666580200195,39.766666412353516,39.766666412353516,989400
2001-11-09,20.62567710876465,20.62567710876465,39.776668548583984,39.41666793823242,39.43333435058594,970200
2001-11-12,20.348833084106445,20.348833084106445,39.2599983215332,38.91666793823242,39.16666793823242,512700
2001-11-13,20.53569793701172,20.53569793701172,39.606666564941406,39.40999984741211,39.43333435058594,298800
2001-11-14,20.556468963623047,20.556468963623047,39.790000915527344,39.53333282470703,39.733333587646484,152400
2001-11-15,20.644716262817383,20.644716262817383,39.793331146240234,39.563331604003906,39.58333206176758,4697400
2001-11-16,20.760644912719727,20.760644912719727,40.09333419799805,39.8466682434082,40.0,659700
2001-11-19,20.864465713500977,20.864465713500977,40.47666549682617,40.13666534423828,40.400001525878906,432900
2001-11-20,20.720849990844727,20.720849990844727,40.18333435058594,39.91666793823242,40.16666793823242,358800
2001-11-21,20.667203903198242,20.667203903198242,39.93333435058594,39.663333892822266,39.93333435058594,143100
2001-11-23,20.732961654663086,20.732961654663086,39.939998626708984,39.79999923706055,39.79999923706055,228300
2001-11-26,20.93368148803711,20.93368148803711,40.400001525878906,40.12666702270508,40.29999923706055,360300
2001-11-27,20.771038055419922,20.771038055419922,40.086666107177734,39.67333221435547,40.08333206176758,443700
2001-11-28,20.40938949584961,20.40938949584961,39.59000015258789,39.29999923706055,39.33333206176758,534000
2001-11-29,20.45437240600586,20.45437240600586,39.53333282470703,39.290000915527344,39.483333587646484,1168500
2001-11-30,20.532245635986328,20.532245635986328,39.68333435058594,39.46666717529297,39.46666717529297,1092600
2001-12-03,20.357471466064453,20.357471466064453,39.30666732788086,39.02000045776367,39.099998474121094,541500
2001-12-04,20.646438598632812,20.646438598632812,39.77333450317383,39.400001525878906,39.400001525878906,1386300
2001-12-05,21.143049240112305,21.143049240112305,40.79999923706055,40.25666809082031,40.28333282470703,524400
2001-12-06,21.20880699157715,21.20880699157715,40.926666259765625,40.61000061035156,40.66666793823242,508200
2001-12-07,20.888694763183594,20.888694763183594,40.47999954223633,40.16999816894531,40.366668701171875,5501100
2001-12-10,20.487255096435547,20.487255096435547,39.75,39.41666793823242,39.46666717529297,564000
2001-12-11,20.52877426147461,20.52877426147461,39.776668548583984,39.53666687011719,39.599998474121094,1061100
2001-12-12,20.613571166992188,20.613571166992188,39.83333206176758,39.43333435058594,39.83333206176758,447900
2001-12-13,20.125612258911133,20.125612258911133,39.08333206176758,38.686668395996094,39.0,728100
2001-12-14,20.241540908813477,20.241540908813477,39.063331604003906,38.86333465576172,39.0,874800
2001-12-17,20.4820613861084,20.4820613861084,39.616668701171875,39.150001525878906,39.16666793823242,678300
2001-12-18,20.53743553161621,20.53743553161621,39.733333587646484,39.473331451416016,39.616668701171875,908400
2001-12-19,20.3228702545166,20.3228702545166,39.21666717529297,38.92333221435547,39.0,772500
2001-12-20,20.2242431640625,20.2242431640625,39.099998474121094,38.849998474121094,39.0,1377600
2001-12-21,20.326337814331055,20.326337814331055,39.15666580200195,38.983333587646484,39.03333282470703,901200
2001-12-24,20.250492095947266,20.250492095947266,39.04999923706055,38.79999923706055,38.79999923706055,291300
2001-12-26,20.233177185058594,20.233177185058594,39.12666702270508,38.66666793823242,38.66666793823242,499500
2001-12-27,20.501562118530273,20.501562118530273,39.53333282470703,39.28333282470703,39.33333206176758,418500
2001-12-28,20.664329528808594,20.664329528808594,39.82666778564453,39.66666793823242,39.70000076293945,1309200
2001-12-31,20.65739631652832,20.65739631652832,39.970001220703125,39.766666412353516,39.810001373291016,717300
2002-01-02,20.771684646606445,20.771684646606445,39.98666763305664,39.6533317565918,39.95000076293945,1215900
2002-01-03,20.958688735961914,20.958688735961914,40.3466682434082,40.0,40.03333282470703,971400
2002-01-04,21.097219467163086,21.097219467163086,40.689998626708984,40.33333206176758,40.66666793823242,377400
2002-01-07,20.81670379638672,20.81670379638672,40.383331298828125,40.00666809082031,40.24333190917969,387900
2002-01-08,20.57948112487793,20.57948112487793,39.78666687011719,39.483333587646484,39.53333282470703,532500
2002-01-09,20.36304473876953,20.36304473876953,39.686668395996094,39.20000076293945,39.606666564941406,1169100
2002-01-10,20.411523818969727,20.411523818969727,39.37666702270508,39.16666793823242,39.29666519165039,539400
2002-01-11,20.295507431030273,20.295507431030273,39.4466667175293,39.03333282470703,39.349998474121094,697200
2002-01-14,20.092918395996094,20.092918395996094,39.0,38.586666107177734,38.849998474121094,537600
2002-01-15,20.077335357666016,20.077335357666016,38.900001525878906,38.383331298828125,38.83333206176758,887100
2002-01-16,19.724098205566406,19.724098205566406,38.32666778564453,37.970001220703125,38.133331298828125,425400
2002-01-17,20.008073806762695,20.008073806762695,38.630001068115234,38.31666564941406,38.58333206176758,526200
2002-01-18,19.999408721923828,19.999408721923828,38.5,38.25,38.400001525878906,580800
2002-01-22,19.765655517578125,19.765655517578125,38.543331146240234,37.856666564941406,38.543331146240234,561900
2002-01-23,19.81760597229004,19.81760597229004,38.233333587646484,38.040000915527344,38.22666549682617,757200
2002-01-24,19.924951553344727,19.924951553344727,38.599998474121094,38.27000045776367,38.53666687011719,467700
2002-01-25,19.6409854888916,19.6409854888916,38.086666107177734,37.776668548583984,37.96666717529297,582000
2002-01-28,19.824533462524414,19.824533462524414,38.18000030517578,37.91666793823242,38.133331298828125,1504800
2002-01-29,19.273897171020508,19.273897171020508,37.96666717529297,36.93000030517578,37.849998474121094,463200
2002-01-30,19.486873626708984,19.486873626708984,37.51333236694336,36.81999969482422,37.150001525878906,507900
2002-01-31,19.462635040283203,19.462635040283203,37.616668701171875,37.21666717529297,37.616668701171875,734100
2002-02-01,19.41934585571289,19.41934585571289,37.65666580200195,37.2599983215332,37.65666580200195,452100
2002-02-04,19.260046005249023,19.260046005249023,37.483333587646484,36.856666564941406,37.483333587646484,683400
2002-02-05,18.875638961791992,18.875638961791992,36.78666687011719,36.29999923706055,36.70000076293945,259800
2002-02-06,18.847929000854492,18.847929000854492,36.5,36.233333587646484,36.233333587646484,382800
2002-02-07,19.05744743347168,19.05744743347168,36.86000061035156,36.5,36.599998474121094,122100
2002-02-08,19.313722610473633,19.313722610473633,37.18000030517578,36.810001373291016,37.03333282470703,536100
2002-02-11,19.549209594726562,19.549209594726562,37.63666534423828,37.33333206176758,37.41666793823242,240300
2002-02-12,19.540557861328125,19.540557861328125,37.73666763305664,37.383331298828125,37.516666412353516,107100
2002-02-13,19.5665340423584,19.5665340423584,37.793331146240234,37.53333282470703,37.71666717529297,141900
2002-02-14,19.722366333007812,19.722366333007812,38.19333267211914,37.81666564941406,37.83333206176758,225000
2002-02-15,19.601154327392578,19.601154327392578,38.06666564941406,37.68333435058594,38.06666564941406,258300
2002-02-19,19.185588836669922,19.185588836669922,37.116668701171875,36.78666687011719,37.073333740234375,300000
2002-02-20,19.27216339111328,19.27216339111328,37.099998474121094,36.616668701171875,36.83333206176758,257700
2002-02-21,19.140567779541016,19.140567779541016,37.233333587646484,36.70000076293945,37.116668701171875,445800
2002-02-22,19.279096603393555,19.279096603393555,37.21666717529297,36.900001525878906,37.06666564941406,226200
2002-02-25,19.521501541137695,19.521501541137695,37.5966682434082,37.209999084472656,37.29999923706055,159900
2002-02-26,19.410686492919922,19.410686492919922,37.53333282470703,37.176666259765625,37.45333480834961,164700
2002-02-27,19.627126693725586,19.627126693725586,37.959999084472656,37.516666412353516,37.83333206176758,325500
2002-02-28,19.696392059326172,19.696392059326172,38.12666702270508,37.83333206176758,37.8466682434082,247500
2002-03-01,20.068675994873047,20.068675994873047,38.633331298828125,38.12333297729492,38.246665954589844,239400
2002-03-04,20.75437355041504,20.75437355041504,39.97999954223633,39.133331298828125,39.16666793823242,856500
2002-03-05,20.52581024169922,20.52581024169922,39.723331451416016,39.400001525878906,39.516666412353516,406800
2002-03-06,20.73879051208496,20.73879051208496,40.0533332824707,39.5,39.599998474121094,735600
2002-03-07,21.060853958129883,21.060853958129883,40.75,40.33333206176758,40.75,832800
2002-03-08,21.092016220092773,21.092016220092773,40.96333312988281,40.473331451416016,40.93333435058594,255900
2002-03-11,21.124919891357422,21.124919891357422,40.686668395996094,40.400001525878906,40.68333435058594,666600
2002-03-12,20.882505416870117,20.882505416870117,40.20000076293945,39.72666549682617,39.93333435058594,890700
2002-03-13,20.65739631652832,20.65739631652832,40.08000183105469,39.766666412353516,40.0,184200
2002-03-14,20.861724853515625,20.861724853515625,40.366668701171875,40.09333419799805,40.099998474121094,277800
2002-03-15,21.0937557220459,21.0937557220459,40.676666259765625,40.28333282470703,40.33333206176758,90300
2002-03-18,21.069509506225586,21.069509506225586,40.63666534423828,40.38666534423828,40.633331298828125,387600
2002-03-19,21.17513656616211,21.17513656616211,40.849998474121094,40.67333221435547,40.79999923706055,202200
2002-03-20,20.903282165527344,20.903282165527344,40.483333587646484,40.2400016784668,40.483333587646484,295500
2002-03-21,20.956958770751953,20.956958770751953,40.40666580200195,40.03333282470703,40.33000183105469,164100
2002-03-22,20.771684646606445,20.771684646606445,40.27000045776367,39.95333480834961,40.186668395996094,179700
2002-03-25,20.515417098999023,20.515417098999023,40.143333435058594,39.49333190917969,40.099998474121094,405000
2002-03-26,20.645280838012695,20.645280838012695,39.996665954589844,39.58000183105469,39.75,281700
2002-03-27,20.676450729370117,20.676450729370117,39.9466667175293,39.766666412353516,39.83333206176758,196500
2002-03-28,20.795923233032227,20.795923233032227,40.31999969482422,39.959999084472656,40.21666717529297,546600
2002-04-01,20.911945343017578,20.911945343017578,40.266666412353516,39.766666412353516,40.03333282470703,334200
2002-04-02,20.83055877685547,20.83055877685547,40.246665954589844,40.06666564941406,40.20000076293945,333900
2002-04-03,20.834026336669922,20.834026336669922,40.43333435058594,39.90999984741211,40.27000045776367,148800
2002-04-04,20.804584503173828,20.804584503173828,40.16666793823242,39.81666564941406,40.099998474121094,246000
2002-04-05,20.804584503173828,20.804584503173828,40.3466682434082,39.913333892822266,40.25,262500
2002-04-08,20.56390380859375,20.56390380859375,39.59000015258789,39.29999923706055,39.483333587646484,377100
2002-04-09,20.532730102539062,20.532730102539062,39.68333435058594,39.483333587646484,39.633331298828125,198300
2002-04-10,20.801122665405273,20.801122665405273,40.06999969482422,39.7599983215332,39.81666564941406,288600
2002-04-11,20.33879852294922,20.33879852294922,39.810001373291016,39.13999938964844,39.79999923706055,315300
2002-04-12,20.546588897705078,20.546588897705078,39.630001068115234,39.33333206176758,39.43333435058594,180300
2002-04-15,20.692031860351562,20.692031860351562,39.880001068115234,39.516666412353516,39.866668701171875,199500
2002-04-16,21.079906463623047,21.079906463623047,40.66666793823242,40.266666412353516,40.266666412353516,208500
2002-04-17,21.10760498046875,21.10760498046875,40.900001525878906,40.630001068115234,40.900001525878906,158700
2002-04-18,21.17513656616211,21.17513656616211,40.926666259765625,40.366668701171875,40.91666793823242,127200
2002-04-19,21.25998306274414,21.25998306274414,40.926666259765625,40.599998474121094,40.78333282470703,379500
2002-04-22,21.11107063293457,21.11107063293457,40.650001525878906,40.44333267211914,40.483333587646484,151500
2002-04-23,21.055660247802734,21.055660247802734,40.75666809082031,40.43333435058594,40.54999923706055,143700
2002-04-24,20.951766967773438,20.951766967773438,40.81666564941406,40.33333206176758,40.81666564941406,312600
2002-04-25,21.142242431640625,21.142242431640625,40.70000076293945,40.189998626708984,40.400001525878906,591900
2002-04-26,20.955228805541992,20.955228805541992,40.790000915527344,40.27333450317383,40.78333282470703,149100
2002-04-29,20.89982032775879,20.89982032775879,40.529998779296875,40.16999816894531,40.46666717529297,249300
2002-04-30,21.112804412841797,21.112804412841797,40.779998779296875,40.0533332824707,40.349998474121094,222600
2002-05-01,21.22361946105957,21.22361946105957,40.97999954223633,40.16999816894531,40.65999984741211,422100
2002-05-02,21.166481018066406,21.166481018066406,41.0,40.46333312988281,41.0,819600
2002-05-03,21.310205459594727,21.310205459594727,41.08333206176758,40.6966667175293,41.0,784800
2002-05-06,21.090288162231445,21.090288162231445,40.90666580200195,40.503334045410156,40.87333297729492,445200
2002-05-07,20.813241958618164,20.813241958618164,40.616668701171875,40.06666564941406,40.616668701171875,1614900
2002-05-08,21.272111892700195,21.272111892700195,41.0099983215332,40.560001373291016,40.56666564941406,1940100
2002-05-09,21.168210983276367,21.168210983276367,40.893333435058594,40.43000030517578,40.70000076293945,2548200
2002-05-10,20.993314743041992,20.993314743041992,40.883331298828125,40.28333282470703,40.883331298828125,2427000
2002-05-13,21.305009841918945,21.305009841918945,41.026668548583984,40.53333282470703,40.65999984741211,270600
2002-05-14,21.329240798950195,21.329240798950195,41.133331298828125,40.6966667175293,41.06666564941406,600900
2002-05-15,21.419286727905273,21.419286727905273,41.483333587646484,41.003334045410156,41.12666702270508,907800
2002-05-16,21.52837562561035,21.52837562561035,41.54999923706055,41.266666412353516,41.400001525878906,56061600
2002-05-17,21.720571517944336,21.720571517944336,41.900001525878906,41.586666107177734,41.83333206176758,1063200
2002-05-20,21.609760284423828,21.609760284423828,41.83333206176758,41.53666687011719,41.766666412353516,1486800
2002-05-21,21.576854705810547,21.576854705810547,41.70000076293945,41.436668395996094,41.70000076293945,1022700
2002-05-22,21.618417739868164,21.618417739868164,41.64666748046875,41.400001525878906,41.41666793823242,614100
2002-05-23,21.639196395874023,21.639196395874023,41.70333480834961,41.266666412353516,41.266666412353516,839700
2002-05-24,21.497201919555664,21.497201919555664,41.496665954589844,41.33333206176758,41.41666793823242,781200
2002-05-28,21.45391845703125,21.45391845703125,41.496665954589844,41.17333221435547,41.483333587646484,1505400
2002-05-29,21.433143615722656,21.433143615722656,41.31666564941406,41.119998931884766,41.21666717529297,1021200
2002-05-30,21.337905883789062,21.337905883789062,41.116668701171875,40.849998474121094,41.06666564941406,806100
2002-05-31,21.225351333618164,21.225351333618164,41.18333435058594,40.84333419799805,41.116668701171875,1322700
2002-06-03,21.185531616210938,21.185531616210938,41.18333435058594,40.71666717529297,41.03333282470703,555900
2002-06-04,21.064321517944336,21.064321517944336,40.706668853759766,40.349998474121094,40.349998474121094,1016100
2002-06-05,21.021034240722656,21.021034240722656,40.54666519165039,40.22666549682617,40.29999923706055,558300
2002-06-06,20.813241958618164,20.813241958618164,40.526668548583984,40.03333282470703,40.46333312988281,687000
2002-06-07,20.648744583129883,20.648744583129883,39.92333221435547,39.43333435058594,39.66666793823242,854400
2002-06-10,20.716278076171875,20.716278076171875,40.060001373291016,39.66666793823242,39.93333435058594,1003200
2002-06-11,20.614124298095703,20.614124298095703,40.14666748046875,39.62666702270508,40.0,465900
2002-06-12,20.499832153320312,20.499832153320312,39.58000183105469,39.16666793823242,39.383331298828125,522900
2002-06-13,20.155254364013672,20.155254364013672,39.026668548583984,38.78333282470703,38.78333282470703,555900
2002-06-14,19.923219680786133,19.923219680786133,38.35333251953125,37.66666793823242,38.15666580200195,1286700
2002-06-17,20.238374710083008,20.238374710083008,39.0,38.383331298828125,38.48666763305664,717600
2002-06-18,20.286855697631836,20.286855697631836,39.09000015258789,38.66666793823242,38.733333587646484,552300
2002-06-19,19.739683151245117,19.739683151245117,38.29999923706055,37.97999954223633,38.206668853759766,2799300
2002-06-20,19.647912979125977,19.647912979125977,38.150001525878906,37.823333740234375,38.08333206176758,568200
2002-06-21,19.670419692993164,19.670419692993164,38.189998626708984,37.77333450317383,37.866668701171875,1515000
2002-06-24,19.67215347290039,19.67215347290039,37.973331451416016,37.233333587646484,37.78333282470703,1017600
2002-06-25,19.687734603881836,19.687734603881836,38.380001068115234,37.79666519165039,38.21666717529297,1889700
2002-06-26,19.691200256347656,19.691200256347656,38.060001373291016,37.400001525878906,37.400001525878906,816000
2002-06-27,20.177770614624023,20.177770614624023,38.84333419799805,38.18000030517578,38.46666717529297,768300
2002-06-28,20.527538299560547,20.527538299560547,39.79999923706055,39.266666412353516,39.266666412353516,912600
2002-07-01,20.36304473876953,20.36304473876953,39.70333480834961,39.1966667175293,39.599998474121094,614100
2002-07-02,19.99075698852539,19.99075698852539,39.06666564941406,38.34000015258789,38.849998474121094,779100
2002-07-03,19.80029296875,19.80029296875,38.3033332824707,37.84333419799805,38.03333282470703,733500
2002-07-05,20.56909942626953,20.56909942626953,39.5966682434082,38.956668853759766,39.043331146240234,402900
2002-07-08,20.553512573242188,20.553512573242188,39.68000030517578,39.400001525878906,39.56666564941406,524700
2002-07-09,20.302433013916016,20.302433013916016,39.60333251953125,38.883331298828125,39.560001373291016,740700
2002-07-10,19.73275375366211,19.73275375366211,39.05666732788086,37.92333221435547,39.0,2103300
2002-07-11,19.65311050415039,19.65311050415039,37.89666748046875,37.119998931884766,37.33333206176758,1058400
2002-07-12,19.384714126586914,19.384714126586914,37.86333465576172,37.16666793823242,37.81666564941406,695700
2002-07-15,19.15787696838379,19.15787696838379,37.06666564941406,35.856666564941406,37.06666564941406,1115700
2002-07-16,18.78733253479004,18.78733253479004,36.54999923706055,35.753334045410156,35.9900016784668,628500
2002-07-17,19.263505935668945,19.263505935668945,37.349998474121094,36.88666534423828,37.04999923706055,658800
2002-07-18,19.339693069458008,19.339693069458008,37.65999984741211,37.206668853759766,37.37666702270508,582900
2002-07-19,18.655729293823242,18.655729293823242,36.72999954223633,35.606666564941406,36.33333206176758,1575300
2002-07-22,17.98215675354004,17.98215675354004,35.79999923706055,34.5,35.53333282470703,1177800
2002-07-23,17.47134780883789,17.47134780883789,34.426666259765625,33.436668395996094,34.233333587646484,797100
2002-07-24,18.096439361572266,18.096439361572266,34.836666107177734,32.5,32.599998474121094,2543400
2002-07-25,17.90423583984375,17.90423583984375,34.78333282470703,33.93333435058594,34.12666702270508,1085400
2002-07-26,17.90423583984375,17.90423583984375,34.540000915527344,34.003334045410156,34.16666793823242,606300
2002-07-29,18.761356353759766,18.761356353759766,36.16666793823242,35.03333282470703,35.099998474121094,902700
2002-07-30,18.64188575744629,18.64188575744629,36.086666107177734,35.369998931884766,35.599998474121094,703200
2002-07-31,18.570884704589844,18.570884704589844,35.83000183105469,35.133331298828125,35.45000076293945,600900
2002-08-01,17.92155647277832,17.92155647277832,35.189998626708984,34.349998474121094,35.04999923706055,732000
2002-08-02,17.852291107177734,17.852291107177734,34.66999816894531,34.21666717529297,34.599998474121094,855600
2002-08-05,17.246246337890625,17.246246337890625,34.1966667175293,33.099998474121094,34.18333435058594,469800
2002-08-06,17.62373161315918,17.62373161315918,34.42333221435547,33.573333740234375,33.573333740234375,663900
2002-08-07,17.96484375,17.96484375,34.79999923706055,34.03333282470703,34.776668548583984,675300
2002-08-08,18.371755599975586,18.371755599975586,35.58333206176758,34.53666687011719,34.616668701171875,573300
2002-08-09,18.54490852355957,18.54490852355957,35.96666717529297,34.83333206176758,34.83333206176758,954000
2002-08-12,18.337120056152344,18.337120056152344,35.61333465576172,35.040000915527344,35.133331298828125,450900
2002-08-13,18.16223907470703,18.16223907470703,35.56666564941406,34.79999923706055,34.79999923706055,557700
2002-08-14,18.588199615478516,18.588199615478516,35.93000030517578,35.016666412353516,35.43333435058594,886500
2002-08-15,18.73537826538086,18.73537826538086,36.133331298828125,35.73666763305664,35.86000061035156,575100
2002-08-16,18.73537826538086,18.73537826538086,36.253334045410156,35.606666564941406,35.766666412353516,546600
2002-08-19,19.07303810119629,19.07303810119629,36.733333587646484,35.9033317565918,35.95000076293945,710100
2002-08-20,18.562223434448242,18.562223434448242,36.233333587646484,35.733333587646484,36.06666564941406,834900
2002-08-21,19.029747009277344,19.029747009277344,36.71333312988281,36.150001525878906,36.5099983215332,679500
2002-08-22,19.085159301757812,19.085159301757812,36.9900016784668,36.43333435058594,36.58333206176758,666000
2002-08-23,18.847929000854492,18.847929000854492,36.526668548583984,36.18000030517578,36.393333435058594,1091100
2002-08-26,18.934513092041016,18.934513092041016,36.70000076293945,36.23666763305664,36.529998779296875,603900
2002-08-27,19.100740432739258,19.100740432739258,37.08333206176758,36.53666687011719,36.883331298828125,1427700
2002-08-28,18.579547882080078,18.579547882080078,36.22999954223633,35.586666107177734,36.16666793823242,574800
2002-08-29,18.39772605895996,18.39772605895996,35.68000030517578,35.16999816894531,35.22666549682617,483000
2002-08-30,18.389070510864258,18.389070510864258,35.65999984741211,35.15666580200195,35.16666793823242,686100
2002-09-03,17.670480728149414,17.670480728149414,34.599998474121094,33.79999923706055,34.599998474121094,523200
2002-09-04,17.6739444732666,17.6739444732666,34.31666564941406,33.753334045410156,34.043331146240234,871800
2002-09-05,17.54060935974121,17.54060935974121,33.8466682434082,33.366668701171875,33.543331146240234,451800
2002-09-06,17.7968807220459,17.7968807220459,34.496665954589844,34.16999816894531,34.43333435058594,360000
2002-09-09,17.717233657836914,17.717233657836914,34.1966667175293,33.70000076293945,34.0,779700
2002-09-10,17.852291107177734,17.852291107177734,34.45000076293945,34.15666580200195,34.45000076293945,531000
2002-09-11,18.018518447875977,18.018518447875977,35.163333892822266,34.686668395996094,34.82666778564453,1507800
2002-09-12,17.72069549560547,17.72069549560547,34.563331604003906,33.94333267211914,34.563331604003906,333900
2002-09-13,17.28434181213379,17.28434181213379,33.68000030517578,33.176666259765625,33.53333282470703,1380600
2002-09-16,17.14235496520996,17.14235496520996,33.28333282470703,33.0,33.28333282470703,394500
2002-09-17,17.0557804107666,17.0557804107666,33.3466682434082,32.616668701171875,33.29999923706055,541800
2002-09-18,17.047115325927734,17.047115325927734,32.849998474121094,32.45333480834961,32.81666564941406,1149900
2002-09-19,16.752756118774414,16.752756118774414,32.5,32.18333435058594,32.4033317565918,1235400
2002-09-20,16.660980224609375,16.660980224609375,32.5966682434082,31.883333206176758,32.46666717529297,771300
2002-09-23,16.068790435791016,16.068790435791016,31.746667861938477,30.873332977294922,31.700000762939453,792300
2002-09-24,15.809059143066406,15.809059143066406,30.816667556762695,30.25666618347168,30.366666793823242,1197300
2002-09-25,16.20731544494629,16.20731544494629,31.39666748046875,30.583332061767578,31.266666412353516,721800
2002-09-26,16.778730392456055,16.778730392456055,32.41999816894531,31.916667938232422,32.06666564941406,2018100
2002-09-27,16.773540496826172,16.773540496826172,32.57666778564453,32.099998474121094,32.29999923706055,1955700
2002-09-30,16.4843692779541,16.4843692779541,31.766666412353516,31.15333366394043,31.649999618530273,2333700
2002-10-01,16.8878173828125,16.8878173828125,32.53333282470703,31.406667709350586,31.78333282470703,829200
2002-10-02,16.65578842163086,16.65578842163086,32.53333282470703,31.816667556762695,31.816667556762695,688500
2002-10-03,16.472244262695312,16.472244262695312,32.366668701171875,31.636667251586914,32.150001525878906,720900
2002-10-04,16.190004348754883,16.190004348754883,31.950000762939453,30.906667709350586,31.616666793823242,388200
2002-10-07,15.791742324829102,15.791742324829102,30.89666748046875,30.270000457763672,30.60333251953125,572100
2002-10-08,15.833304405212402,15.833304405212402,30.829999923706055,30.086666107177734,30.739999771118164,803700
2002-10-09,15.58395767211914,15.58395767211914,30.213333129882812,29.85333251953125,29.950000762939453,549000
2002-10-10,15.947583198547363,15.947583198547363,30.889999389648438,29.8700008392334,30.049999237060547,767400
2002-10-11,16.527652740478516,16.527652740478516,32.18333435058594,31.43666648864746,31.46666717529297,908700
2002-10-14,16.103424072265625,16.103424072265625,31.579999923706055,31.0,31.47333335876465,1391700
2002-10-15,17.22893714904785,17.22893714904785,33.279998779296875,32.543331146240234,32.6966667175293,1653000
2002-10-16,16.9259090423584,16.9259090423584,32.813331604003906,32.33333206176758,32.66666793823242,385500
2002-10-17,17.168325424194336,17.168325424194336,33.47999954223633,32.81999969482422,33.43333435058594,1015800
2002-10-18,17.029808044433594,17.029808044433594,33.21666717529297,32.54999923706055,32.70000076293945,1116000
2002-10-21,17.272218704223633,17.272218704223633,33.3466682434082,32.66666793823242,32.82666778564453,583500
2002-10-22,17.07482147216797,17.07482147216797,33.086666107177734,32.45000076293945,32.59333419799805,2128200
2002-10-23,16.917253494262695,16.917253494262695,32.70000076293945,32.06666564941406,32.5,783000
2002-10-24,16.752756118774414,16.752756118774414,32.893333435058594,32.25,32.893333435058594,3072900
2002-10-25,17.038463592529297,17.038463592529297,32.86000061035156,32.336666107177734,32.43333435058594,1576800
2002-10-28,17.11638641357422,17.11638641357422,33.33333206176758,32.869998931884766,33.28333282470703,910800
2002-10-29,16.735441207885742,16.735441207885742,32.733333587646484,31.893333435058594,32.733333587646484,1245900
2002-10-30,17.003833770751953,17.003833770751953,32.746665954589844,32.35333251953125,32.45000076293945,2517000
2002-10-31,17.11638641357422,17.11638641357422,33.16666793823242,32.83333206176758,33.04666519165039,1309500
2002-11-01,17.383041381835938,17.383041381835938,33.496665954589844,32.766666412353516,32.96666717529297,662400
2002-11-04,17.609874725341797,17.609874725341797,34.266666412353516,33.74333190917969,33.84000015258789,575400
2002-11-05,17.878263473510742,17.878263473510742,34.483333587646484,33.91666793823242,33.91666793823242,477300
2002-11-06,17.886919021606445,17.886919021606445,34.43333435058594,33.88999938964844,34.25,1914000
2002-11-07,17.583900451660156,17.583900451660156,33.996665954589844,33.73666763305664,33.983333587646484,1892100
2002-11-08,17.436721801757812,17.436721801757812,33.86000061035156,33.383331298828125,33.61000061035156,868500
2002-11-11,17.095605850219727,17.095605850219727,33.310001373291016,32.866668701171875,33.310001373291016,829800
2002-11-12,17.410747528076172,17.410747528076172,33.733333587646484,33.119998931884766,33.349998474121094,1043100
2002-11-13,17.211618423461914,17.211618423461914,33.44333267211914,33.03333282470703,33.08333206176758,1736400
2002-11-14,17.596025466918945,17.596025466918945,33.87333297729492,33.6533317565918,33.77333450317383,1787100
2002-11-15,17.860952377319336,17.860952377319336,34.383331298828125,33.733333587646484,33.766666412353516,2715300
2002-11-18,17.635847091674805,17.635847091674805,34.31666564941406,33.88666534423828,34.31666564941406,499500
2002-11-19,17.47134780883789,17.47134780883789,33.96666717529297,33.616668701171875,33.893333435058594,434100
2002-11-20,17.713768005371094,17.713768005371094,34.099998474121094,33.46666717529297,33.516666412353516,515400
2002-11-21,18.146652221679688,18.146652221679688,34.959999084472656,34.400001525878906,34.5,752100
2002-11-22,18.060077667236328,18.060077667236328,35.063331604003906,34.633331298828125,34.70000076293945,762000
2002-11-25,17.919824600219727,17.919824600219727,34.65999984741211,34.30666732788086,34.41666793823242,3246600
2002-11-26,17.50078582763672,17.50078582763672,34.21333312988281,33.66999816894531,34.15999984741211,581100
2002-11-27,17.985620498657227,17.985620498657227,34.62666702270508,34.13666534423828,34.18333435058594,1091700
2002-11-29,18.077392578125,18.077392578125,34.9466667175293,34.70000076293945,34.79999923706055,721500
2002-12-02,18.167434692382812,18.167434692382812,35.23666763305664,34.733333587646484,35.16666793823242,534300
2002-12-03,17.845365524291992,17.845365524291992,34.53333282470703,34.18000030517578,34.47666549682617,585600
2002-12-04,17.76398468017578,17.76398468017578,34.47666549682617,33.93333435058594,34.026668548583984,1287900
2002-12-05,17.564855575561523,17.564855575561523,34.293331146240234,33.68333435058594,34.16666793823242,756000
2002-12-06,17.687789916992188,17.687789916992188,34.133331298828125,33.516666412353516,33.516666412353516,1064400
2002-12-09,17.234128952026367,17.234128952026367,33.790000915527344,33.119998931884766,33.65999984741211,1185300
2002-12-10,17.467884063720703,17.467884063720703,33.63666534423828,33.25,33.483333587646484,699300
2002-12-11,17.445377349853516,17.445377349853516,33.663333892822266,33.349998474121094,33.45000076293945,2120100
2002-12-12,17.410747528076172,17.410747528076172,33.61000061035156,33.35333251953125,33.41666793823242,5151900
2002-12-13,17.246246337890625,17.246246337890625,33.310001373291016,33.003334045410156,33.22666549682617,937800
2002-12-16,17.618534088134766,17.618534088134766,33.996665954589844,33.439998626708984,33.483333587646484,1738800
2002-12-17,17.530227661132812,17.530227661132812,34.0,33.67333221435547,33.68333435058594,1561200
2002-12-18,17.159669876098633,17.159669876098633,33.22999954223633,33.016666412353516,33.06666564941406,1571100
2002-12-19,17.25490951538086,17.25490951538086,33.21666717529297,32.720001220703125,32.79666519165039,1256100
2002-12-20,17.358797073364258,17.358797073364258,33.483333587646484,32.970001220703125,33.07666778564453,1992600
2002-12-23,17.39091682434082,17.39091682434082,32.9466667175293,32.483333587646484,32.900001525878906,2054700
2002-12-24,17.35915184020996,17.35915184020996,32.97999954223633,32.766666412353516,32.96666717529297,600900
2002-12-26,17.417387008666992,17.417387008666992,33.16666793823242,32.83333206176758,32.99333190917969,1018200
2002-12-27,17.143857955932617,17.143857955932617,32.75666809082031,32.30666732788086,32.616668701171875,1122000
2002-12-30,17.399736404418945,17.399736404418945,33.04999923706055,32.74333190917969,32.75666809082031,1253400
2002-12-31,17.47209358215332,17.47209358215332,33.20000076293945,32.67333221435547,33.20000076293945,1397700
2003-01-02,17.84090232849121,17.84090232849121,33.79666519165039,33.12333297729492,33.279998779296875,860700
2003-01-03,17.85856056213379,17.85856056213379,33.89666748046875,33.630001068115234,33.766666412353516,663000
2003-01-06,18.079145431518555,18.079145431518555,34.323333740234375,33.599998474121094,33.70000076293945,1602600
2003-01-07,17.796791076660156,17.796791076660156,33.779998779296875,33.41999816894531,33.61000061035156,6725400
2003-01-08,17.555030822753906,17.555030822753906,33.3466682434082,32.900001525878906,32.93333435058594,709200
2003-01-09,17.770322799682617,17.770322799682617,33.61333465576172,33.13666534423828,33.13666534423828,2422500
2003-01-10,17.74738311767578,17.74738311767578,33.733333587646484,33.336666107177734,33.47666549682617,675900
2003-01-13,17.78443717956543,17.78443717956543,33.88999938964844,33.42333221435547,33.78333282470703,1176900
2003-01-14,17.92032241821289,17.92032241821289,33.913333892822266,33.53333282470703,33.633331298828125,1388700
2003-01-15,17.749147415161133,17.749147415161133,33.69333267211914,33.38999938964844,33.69333267211914,499200
2003-01-16,17.82326316833496,17.82326316833496,33.71333312988281,33.5,33.70000076293945,717300
2003-01-17,17.636207580566406,17.636207580566406,33.5,33.17333221435547,33.46666717529297,805500
2003-01-21,17.325620651245117,17.325620651245117,33.03333282470703,32.599998474121094,32.93333435058594,1443900
2003-01-22,17.082094192504883,17.082094192504883,32.563331604003906,32.133331298828125,32.28333282470703,1064400
2003-01-23,17.20210075378418,17.20210075378418,32.83333206176758,32.336666107177734,32.83333206176758,821400
2003-01-24,17.02033233642578,17.02033233642578,32.54999923706055,32.00666809082031,32.54999923706055,541200
2003-01-27,16.566808700561523,16.566808700561523,31.683332443237305,31.170000076293945,31.450000762939453,1155300
2003-01-28,16.63739776611328,16.63739776611328,31.510000228881836,31.200000762939453,31.383333206176758,1166700
2003-01-29,16.596813201904297,16.596813201904297,31.616666793823242,31.083332061767578,31.100000381469727,1705500
2003-01-30,16.586225509643555,16.586225509643555,31.6299991607666,31.21666717529297,31.623332977294922,1506000
2003-01-31,16.720335006713867,16.720335006713867,31.726667404174805,31.203332901000977,31.316667556762695,1015800
2003-02-03,16.983274459838867,16.983274459838867,32.11333465576172,31.753332138061523,31.863332748413086,619200
2003-02-04,16.73798370361328,16.73798370361328,31.729999542236328,31.40333366394043,31.540000915527344,653400
2003-02-05,16.766225814819336,16.766225814819336,32.143333435058594,31.60333251953125,31.760000228881836,801000
2003-02-06,16.60387420654297,16.60387420654297,31.453332901000977,31.136667251586914,31.34000015258789,523200
2003-02-07,16.363872528076172,16.363872528076172,31.450000762939453,30.866666793823242,31.316667556762695,546600
2003-02-10,16.42034149169922,16.42034149169922,31.073333740234375,30.71666717529297,30.969999313354492,532200
2003-02-11,16.499759674072266,16.499759674072266,31.413333892822266,31.016666412353516,31.016666412353516,721800
2003-02-12,16.325050354003906,16.325050354003906,31.239999771118164,30.836666107177734,31.093332290649414,596700
2003-02-13,16.565048217773438,16.565048217773438,31.34666633605957,30.876667022705078,31.066667556762695,501000
2003-02-14,16.722103118896484,16.722103118896484,31.719999313354492,31.18666648864746,31.329999923706055,594300
2003-02-18,16.96739387512207,16.96739387512207,32.06666564941406,31.833332061767578,31.899999618530273,640200
2003-02-19,16.57033920288086,16.57033920288086,31.780000686645508,31.299999237060547,31.639999389648438,2189700
2003-02-20,16.58799171447754,16.58799171447754,31.633333206176758,31.286666870117188,31.633333206176758,250800
2003-02-21,16.693870544433594,16.693870544433594,31.579999923706055,31.233333587646484,31.233333587646484,1104000
2003-02-24,16.49092674255371,16.49092674255371,31.383333206176758,31.14666748046875,31.336666107177734,694800
2003-02-25,16.287996292114258,16.287996292114258,30.850000381469727,30.386667251586914,30.666667938232422,1611000
2003-02-26,16.093873977661133,16.093873977661133,30.516666412353516,30.233333587646484,30.399999618530273,1377600
2003-02-27,16.116819381713867,16.116819381713867,30.59000015258789,30.25,30.40999984741211,1026000
2003-02-28,16.367399215698242,16.367399215698242,30.916667938232422,30.606666564941406,30.74333381652832,899700
2003-03-03,16.437990188598633,16.437990188598633,31.31333351135254,30.899999618530273,31.293333053588867,718200
2003-03-04,16.19976043701172,16.19976043701172,30.833332061767578,30.5,30.833332061767578,1403700
2003-03-05,16.226226806640625,16.226226806640625,30.76333236694336,30.516666412353516,30.600000381469727,746700
2003-03-06,16.040935516357422,16.040935516357422,30.44333267211914,30.17333221435547,30.299999237060547,765300
2003-03-07,15.924466133117676,15.924466133117676,30.163333892822266,29.78333282470703,29.916667938232422,711000
2003-03-10,15.483298301696777,15.483298301696777,29.516666412353516,29.200000762939453,29.399999618530273,1649400
2003-03-11,15.432119369506836,15.432119369506836,29.406667709350586,29.149999618530273,29.266666412353516,1033500
2003-03-12,15.25389575958252,15.25389575958252,28.996667861938477,28.543333053588867,28.913333892822266,1614600
2003-03-13,15.689764022827148,15.689764022827148,29.773332595825195,29.15999984741211,29.253332138061523,2728800
2003-03-14,15.767409324645996,15.767409324645996,30.093332290649414,29.623332977294922,29.823333740234375,1962300
2003-03-17,16.21211051940918,16.21211051940918,30.719999313354492,29.583332061767578,29.60333251953125,2464200
2003-03-18,16.28093719482422,16.28093719482422,30.796667098999023,30.433332443237305,30.796667098999023,4454400
2003-03-19,16.367399215698242,16.367399215698242,31.03333282470703,30.670000076293945,30.833332061767578,1033800
2003-03-20,16.471521377563477,16.471521377563477,31.176666259765625,30.703332901000977,30.893333435058594,1044000
2003-03-21,16.870338439941406,16.870338439941406,32.063331604003906,31.350000381469727,31.536666870117188,2088600
2003-03-24,16.323287963867188,16.323287963867188,31.25,30.833332061767578,31.25,1530900
2003-03-25,16.50504493713379,16.50504493713379,31.18000030517578,30.799999237060547,30.799999237060547,1936500
2003-03-26,16.513870239257812,16.513870239257812,31.463333129882812,31.190000534057617,31.366666793823242,916500
2003-03-27,16.402694702148438,16.402694702148438,31.123332977294922,30.573333740234375,30.913333892822266,485100
2003-03-28,16.296815872192383,16.296815872192383,30.933332443237305,30.600000381469727,30.600000381469727,1169100
2003-03-31,15.987996101379395,15.987996101379395,30.456666946411133,30.03333282470703,30.25,1401900
2003-04-01,16.236814498901367,16.236814498901367,30.670000076293945,30.333332061767578,30.56333351135254,1181400
2003-04-02,16.50504493713379,16.50504493713379,31.23666763305664,31.02666664123535,31.066667556762695,2012400
2003-04-03,16.41328239440918,16.41328239440918,31.246667861938477,30.98666763305664,31.213333129882812,1245900
2003-04-04,16.633872985839844,16.633872985839844,31.51333236694336,31.206666946411133,31.266666412353516,621600
2003-04-07,16.849163055419922,16.849163055419922,32.28333282470703,31.82666778564453,32.22999954223633,1147800
2003-04-08,16.852691650390625,16.852691650390625,31.8799991607666,31.683332443237305,31.843332290649414,487500
2003-04-09,16.789161682128906,16.789161682128906,32.040000915527344,31.633333206176758,31.996667861938477,2949300
2003-04-10,16.702693939208984,16.702693939208984,31.733333587646484,31.446666717529297,31.733333587646484,639300
2003-04-11,16.607398986816406,16.607398986816406,31.706666946411133,31.366666793823242,31.700000762939453,327900
2003-04-14,16.8597469329834,16.8597469329834,31.883333206176758,31.43666648864746,31.56999969482422,1698600
2003-04-15,17.09092140197754,17.09092140197754,32.31999969482422,31.8700008392334,32.0966682434082,1128900
2003-04-16,16.977981567382812,16.977981567382812,32.31666564941406,32.0,32.206668853759766,1815000
2003-04-17,17.2232723236084,17.2232723236084,32.586666107177734,32.31999969482422,32.39666748046875,1543500
2003-04-21,17.16327476501465,17.16327476501465,32.529998779296875,32.26333236694336,32.43333435058594,1130400
2003-04-22,17.412092208862305,17.412092208862305,32.956668853759766,32.20333480834961,32.20333480834961,2584200
2003-04-23,17.56561851501465,17.56561851501465,33.28666687011719,32.88999938964844,32.96666717529297,5359200
2003-04-24,17.427974700927734,17.427974700927734,33.0,32.723331451416016,33.0,1192200
2003-04-25,17.119155883789062,17.119155883789062,32.456668853759766,32.3033332824707,32.43333435058594,1229100
2003-04-28,17.42268180847168,17.42268180847168,32.996665954589844,32.54999923706055,32.54999923706055,791400
2003-04-29,17.523263931274414,17.523263931274414,33.32666778564453,32.91999816894531,33.08333206176758,467700
2003-04-30,17.613262176513672,17.613262176513672,33.43000030517578,33.18333435058594,33.37666702270508,1732200
2003-05-01,17.685617446899414,17.685617446899414,33.5,33.04999923706055,33.35333251953125,913200
2003-05-02,17.83914566040039,17.83914566040039,33.79666519165039,33.176666259765625,33.310001373291016,778800
2003-05-05,17.975027084350586,17.975027084350586,34.12333297729492,33.869998931884766,34.03333282470703,1083600
2003-05-06,18.354433059692383,18.354433059692383,34.86000061035156,34.29999923706055,34.29999923706055,808200
2003-05-07,18.18501853942871,18.18501853942871,34.483333587646484,34.223331451416016,34.44333267211914,668700
2003-05-08,17.911497116088867,17.911497116088867,34.133331298828125,33.733333587646484,33.913333892822266,1073400
2003-05-09,18.137374877929688,18.137374877929688,34.37666702270508,33.93333435058594,33.93333435058594,957300
2003-05-12,18.28208351135254,18.28208351135254,34.68000030517578,34.15666580200195,34.33333206176758,860400
2003-05-13,18.280315399169922,18.280315399169922,34.68333435058594,34.3033332824707,34.3033332824707,952200
2003-05-14,18.28560447692871,18.28560447692871,34.81666564941406,34.45000076293945,34.813331604003906,522300
2003-05-15,18.317371368408203,18.317371368408203,34.75666809082031,34.5,34.75666809082031,612300
2003-05-16,18.543254852294922,18.543254852294922,35.07666778564453,34.70333480834961,34.776668548583984,459000
2003-05-19,18.042083740234375,18.042083740234375,34.71333312988281,34.03333282470703,34.65999984741211,676500
2003-05-20,18.22208023071289,18.22208023071289,34.496665954589844,34.17333221435547,34.233333587646484,693900
2003-05-21,18.03325653076172,18.03325653076172,34.186668395996094,33.936668395996094,34.119998931884766,1339800
2003-05-22,18.275022506713867,18.275022506713867,34.78333282470703,34.223331451416016,34.28333282470703,1334400
2003-05-23,18.37913703918457,18.37913703918457,34.790000915527344,34.470001220703125,34.58333206176758,632700
2003-05-27,18.5379581451416,18.5379581451416,35.0966682434082,34.483333587646484,34.54999923706055,763800
2003-05-28,18.626195907592773,18.626195907592773,35.313331604003906,34.98666763305664,35.03333282470703,801600
2003-05-29,18.71442413330078,18.71442413330078,35.619998931884766,35.223331451416016,35.233333587646484,594300
2003-05-30,18.749719619750977,18.749719619750977,35.633331298828125,35.33333206176758,35.46666717529297,1646400
2003-06-02,18.924419403076172,18.924419403076172,36.12666702270508,35.616668701171875,35.779998779296875,1393500
2003-06-03,18.97030258178711,18.97030258178711,35.866668701171875,35.52000045776367,35.746665954589844,1439400
2003-06-04,19.08500862121582,19.08500862121582,36.18000030517578,35.650001525878906,35.650001525878906,920100
2003-06-05,19.277360916137695,19.277360916137695,36.47999954223633,36.10333251953125,36.223331451416016,1451100
2003-06-06,19.39382553100586,19.39382553100586,36.959999084472656,36.44333267211914,36.79999923706055,1814100
2003-06-09,19.254423141479492,19.254423141479492,36.630001068115234,36.25,36.46666717529297,904500
2003-06-10,19.409713745117188,19.409713745117188,36.686668395996094,36.4033317565918,36.53666687011719,535800
2003-06-11,19.729122161865234,19.729122161865234,37.33333206176758,36.77000045776367,36.81666564941406,702300
2003-06-12,19.782058715820312,19.782058715820312,37.47999954223633,37.13666534423828,37.40999984741211,1860000
2003-06-13,19.667356491088867,19.667356491088867,37.46333312988281,37.043331146240234,37.426666259765625,1373100
2003-06-16,19.95499038696289,19.95499038696289,37.766666412353516,37.43000030517578,37.43000030517578,681300
2003-06-17,19.995586395263672,19.995586395263672,37.93000030517578,37.72999954223633,37.93000030517578,797700
2003-06-18,19.939117431640625,19.939117431640625,37.86000061035156,37.56666564941406,37.56666564941406,725100
2003-06-19,19.702651977539062,19.702651977539062,37.436668395996094,37.10333251953125,37.33333206176758,1944300
2003-06-20,19.729122161865234,19.729122161865234,37.529998779296875,37.0966682434082,37.43333435058594,1131300
2003-06-23,19.510295867919922,19.510295867919922,37.11000061035156,36.68333435058594,37.11000061035156,744000
2003-06-24,19.356765747070312,19.356765747070312,36.62666702270508,36.369998931884766,36.49333190917969,874800
2003-06-25,19.16442108154297,19.16442108154297,36.79666519165039,36.20000076293945,36.58000183105469,1455900
2003-06-26,19.252656936645508,19.252656936645508,36.59000015258789,36.186668395996094,36.34333419799805,417900
2003-06-27,19.107954025268555,19.107954025268555,36.46333312988281,36.063331604003906,36.40999984741211,1479000
2003-06-30,19.11324119567871,19.11324119567871,36.5099983215332,36.099998474121094,36.5099983215332,1613700
2003-07-01,19.226177215576172,19.226177215576172,36.426666259765625,35.893333435058594,36.0,1467000
2003-07-02,19.605592727661133,19.605592727661133,37.08333206176758,36.619998931884766,36.663333892822266,1419600
2003-07-03,19.49970817565918,19.49970817565918,36.96666717529297,36.74333190917969,36.86333465576172,1455300
2003-07-07,19.85793685913086,19.85793685913086,37.529998779296875,37.25666809082031,37.276668548583984,2078100
2003-07-08,19.7644100189209,19.7644100189209,37.516666412353516,37.10333251953125,37.150001525878906,719700
2003-07-09,19.66205596923828,19.66205596923828,37.349998474121094,36.93333435058594,37.246665954589844,635700
2003-07-10,19.561477661132812,19.561477661132812,37.099998474121094,36.71666717529297,36.71666717529297,2265900
2003-07-11,19.519115447998047,19.519115447998047,37.19333267211914,36.61333465576172,36.79666519165039,3879300
2003-07-14,19.729122161865234,19.729122161865234,37.650001525878906,37.10333251953125,37.28333282470703,1445400
2003-07-15,19.543819427490234,19.543819427490234,37.529998779296875,36.75,37.41666793823242,3166500
2003-07-16,19.397356033325195,19.397356033325195,36.9466667175293,36.426666259765625,36.913333892822266,1337100
2003-07-17,19.09383201599121,19.09383201599121,36.29666519165039,35.970001220703125,36.12666702270508,1727100
2003-07-18,19.39382553100586,19.39382553100586,36.6966667175293,36.233333587646484,36.28333282470703,683700
2003-07-21,19.24559211730957,19.24559211730957,36.4466667175293,36.25,36.4466667175293,1119000
2003-07-22,19.199710845947266,19.199710845947266,36.529998779296875,36.233333587646484,36.45000076293945,3241200
2003-07-23,19.48383140563965,19.48383140563965,36.90666580200195,36.5,36.59333419799805,724800
2003-07-24,19.51559829711914,19.51559829711914,37.28333282470703,36.86333465576172,37.21666717529297,1459200
2003-07-25,19.760881423950195,19.760881423950195,37.413333892822266,36.939998626708984,37.26333236694336,1580100
2003-07-28,19.81205940246582,19.81205940246582,37.49333190917969,37.31999969482422,37.31999969482422,1042500
2003-07-29,19.729122161865234,19.729122161865234,37.5966682434082,37.18333435058594,37.5966682434082,677700
2003-07-30,19.565004348754883,19.565004348754883,37.29999923706055,36.86333465576172,37.29999923706055,876600
2003-07-31,19.402650833129883,19.402650833129883,37.21666717529297,36.586666107177734,37.0966682434082,3659400
2003-08-01,19.399124145507812,19.399124145507812,36.70000076293945,36.53666687011719,36.66666793823242,1482000
2003-08-04,19.455589294433594,19.455589294433594,36.89666748046875,36.470001220703125,36.89666748046875,835800
2003-08-05,19.273828506469727,19.273828506469727,36.790000915527344,36.40666580200195,36.746665954589844,1669200
2003-08-06,19.24382781982422,19.24382781982422,36.516666412353516,36.336666107177734,36.516666412353516,1060500
2003-08-07,19.358531951904297,19.358531951904297,36.66666793823242,36.276668548583984,36.66666793823242,432300
2003-08-08,19.418535232543945,19.418535232543945,36.95000076293945,36.5533332824707,36.71666717529297,1206600
2003-08-11,19.605592727661133,19.605592727661133,37.073333740234375,36.76333236694336,36.94333267211914,571800
2003-08-12,19.688528060913086,19.688528060913086,37.26333236694336,37.003334045410156,37.186668395996094,808200
2003-08-13,19.702651977539062,19.702651977539062,37.33000183105469,37.12666702270508,37.1966667175293,637800
2003-08-14,19.98322868347168,19.98322868347168,37.78666687011719,37.336666107177734,37.56666564941406,1311000
2003-08-15,19.937345504760742,19.937345504760742,37.78333282470703,37.599998474121094,37.71333312988281,366000
2003-08-18,20.214401245117188,20.214401245117188,38.21333312988281,37.529998779296875,37.64666748046875,1170300
2003-08-19,20.1702823638916,20.1702823638916,38.12666702270508,37.87333297729492,38.08333206176758,831900
2003-08-20,20.13323211669922,20.13323211669922,38.063331604003906,37.88666534423828,38.063331604003906,754800
2003-08-21,20.1702823638916,20.1702823638916,38.220001220703125,37.93000030517578,38.11333465576172,606300
2003-08-22,20.053821563720703,20.053821563720703,38.22999954223633,37.82666778564453,38.22999954223633,555900
2003-08-25,19.972646713256836,19.972646713256836,37.83333206176758,37.5533332824707,37.81666564941406,991200
2003-08-26,19.8685245513916,19.8685245513916,37.68333435058594,37.25,37.543331146240234,1089600
2003-08-27,19.903820037841797,19.903820037841797,37.6966667175293,37.53666687011719,37.61333465576172,1442400
2003-08-28,20.020286560058594,20.020286560058594,37.83333206176758,37.51333236694336,37.66666793823242,1079700
2003-08-29,20.041461944580078,20.041461944580078,37.996665954589844,37.7400016784668,37.7400016784668,591000
2003-09-02,20.344993591308594,20.344993591308594,38.439998626708984,38.016666412353516,38.016666412353516,901500
2003-09-03,20.611454010009766,20.611454010009766,39.026668548583984,38.66666793823242,38.776668548583984,2043000
2003-09-04,20.58675193786621,20.58675193786621,38.92333221435547,38.58333206176758,38.84333419799805,1139700
2003-09-05,20.627330780029297,20.627330780029297,39.02333450317383,38.77000045776367,38.926666259765625,423900
2003-09-08,20.719106674194336,20.719106674194336,39.31666564941406,39.0099983215332,39.09000015258789,1236000
2003-09-09,20.75969123840332,20.75969123840332,39.29999923706055,39.04999923706055,39.133331298828125,1450500
2003-09-10,20.5496883392334,20.5496883392334,39.150001525878906,38.79999923706055,39.150001525878906,2636700
2003-09-11,20.664398193359375,20.664398193359375,39.09333419799805,38.8466682434082,39.03333282470703,690600
2003-09-12,20.752634048461914,20.752634048461914,39.29999923706055,38.883331298828125,39.25666809082031,630600
2003-09-15,20.81262969970703,20.81262969970703,39.39666748046875,39.18000030517578,39.33333206176758,4375500
2003-09-16,21.01909828186035,21.01909828186035,39.956668853759766,39.43333435058594,39.57666778564453,813300
2003-09-17,21.156740188598633,21.156740188598633,40.01333236694336,39.74333190917969,39.936668395996094,886200
2003-09-18,21.37908935546875,21.37908935546875,40.426666259765625,39.869998931884766,40.426666259765625,1835700
2003-09-19,21.299680709838867,21.299680709838867,40.37666702270508,40.116668701171875,40.143333435058594,1131300
2003-09-22,21.0596866607666,21.0596866607666,40.08000183105469,39.68333435058594,40.08000183105469,2204700
2003-09-23,21.10732650756836,21.10732650756836,39.96666717529297,39.69333267211914,39.78666687011719,2469900
2003-09-24,21.004976272583008,21.004976272583008,40.116668701171875,39.66666793823242,40.08333206176758,2603400
2003-09-25,20.7349853515625,20.7349853515625,39.970001220703125,39.16666793823242,39.81666564941406,1749600
2003-09-26,20.646743774414062,20.646743774414062,39.383331298828125,39.0,39.27000045776367,2462700
2003-09-29,20.911455154418945,20.911455154418945,39.7599983215332,39.13666534423828,39.2599983215332,765000
2003-09-30,20.646743774414062,20.646743774414062,39.5533332824707,38.939998626708984,39.5533332824707,2134200
2003-10-01,21.32438850402832,21.32438850402832,40.279998779296875,39.37333297729492,39.37333297729492,1397400
2003-10-02,21.29085922241211,21.29085922241211,40.27333450317383,40.03333282470703,40.246665954589844,1935000
2003-10-03,21.6014461517334,21.6014461517334,41.016666412353516,40.58333206176758,40.913333892822266,921600
2003-10-06,21.827320098876953,21.827320098876953,41.22999954223633,40.79999923706055,40.926666259765625,917400
2003-10-07,21.79379653930664,21.79379653930664,41.24333190917969,40.83333206176758,41.01333236694336,781800
2003-10-08,21.703794479370117,21.703794479370117,41.28666687011719,40.79999923706055,41.28333282470703,506700
2003-10-09,21.85378646850586,21.85378646850586,41.516666412353516,41.21666717529297,41.33000183105469,735600
2003-10-10,21.945552825927734,21.945552825927734,41.663333892822266,41.43333435058594,41.663333892822266,601500
2003-10-13,22.162612915039062,22.162612915039062,41.866668701171875,41.616668701171875,41.793331146240234,1119600
2003-10-14,22.279081344604492,22.279081344604492,42.09000015258789,41.5966682434082,41.709999084472656,448500
2003-10-15,22.06731605529785,22.06731605529785,42.063331604003906,41.66666793823242,41.92333221435547,667200
2003-10-16,22.199676513671875,22.199676513671875,42.150001525878906,41.709999084472656,41.793331146240234,570300
2003-10-17,22.084962844848633,22.084962844848633,41.959999084472656,41.68333435058594,41.939998626708984,444000
2003-10-20,22.321428298950195,22.321428298950195,42.163333892822266,41.753334045410156,41.9466667175293,521700
2003-10-21,22.245548248291016,22.245548248291016,42.20000076293945,41.883331298828125,42.063331604003906,1185300
2003-10-22,22.028501510620117,22.028501510620117,41.71333312988281,41.470001220703125,41.66666793823242,1143300
2003-10-23,21.74968147277832,21.74968147277832,41.22666549682617,40.70000076293945,40.83000183105469,679500
2003-10-24,21.79203224182129,21.79203224182129,41.26333236694336,40.93333435058594,41.05666732788086,556800
2003-10-27,21.88909339904785,21.88909339904785,41.496665954589844,41.16666793823242,41.16666793823242,843900
2003-10-28,22.146730422973633,22.146730422973633,41.93333435058594,41.503334045410156,41.560001373291016,876600
2003-10-29,22.120262145996094,22.120262145996094,42.0,41.689998626708984,41.86333465576172,804300
2003-10-30,22.14495849609375,22.14495849609375,42.29999923706055,41.753334045410156,42.26333236694336,1359300
2003-10-31,21.987911224365234,21.987911224365234,41.74333190917969,41.46666717529297,41.46666717529297,1472400
2003-11-03,22.099077224731445,22.099077224731445,42.116668701171875,41.616668701171875,42.08333206176758,2315100
2003-11-04,22.220849990844727,22.220849990844727,42.029998779296875,41.83333206176758,42.029998779296875,1264800
2003-11-05,22.09378433227539,22.09378433227539,41.793331146240234,41.57666778564453,41.663333892822266,1238400
2003-11-06,21.89966583251953,21.89966583251953,41.56666564941406,41.209999084472656,41.55666732788086,1919100
2003-11-07,22.10261344909668,22.10261344909668,41.99333190917969,41.58333206176758,41.83333206176758,6998100
2003-11-10,21.919078826904297,21.919078826904297,41.89666748046875,41.37333297729492,41.89666748046875,888300
2003-11-11,21.836149215698242,21.836149215698242,41.38999938964844,41.133331298828125,41.31666564941406,2766300
2003-11-12,22.29143714904785,22.29143714904785,42.186668395996094,41.52000045776367,41.61000061035156,891000
2003-11-13,22.418489456176758,22.418489456176758,42.393333435058594,42.116668701171875,42.246665954589844,1561800
2003-11-14,22.266725540161133,22.266725540161133,42.49333190917969,41.866668701171875,42.06999969482422,3168900
2003-11-17,21.8837890625,21.8837890625,41.663333892822266,41.099998474121094,41.64666748046875,988500
2003-11-18,21.970260620117188,21.970260620117188,41.74333190917969,41.5,41.56666564941406,674700
2003-11-19,22.023202896118164,22.023202896118164,41.7599983215332,41.349998474121094,41.5,1048200
2003-11-20,21.882022857666016,21.882022857666016,41.72999954223633,41.25,41.313331604003906,946800
2003-11-21,22.118494033813477,22.118494033813477,41.80666732788086,41.43333435058594,41.650001525878906,1952400
2003-11-24,22.284372329711914,22.284372329711914,42.253334045410156,41.733333587646484,41.83000183105469,1393500
2003-11-25,22.319664001464844,22.319664001464844,42.276668548583984,41.900001525878906,42.18000030517578,1729200
2003-11-26,22.50849151611328,22.50849151611328,42.54666519165039,42.20000076293945,42.54666519165039,1257900
2003-11-28,22.543781280517578,22.543781280517578,42.68333435058594,42.46666717529297,42.663333892822266,1150800
2003-12-01,22.99024200439453,22.99024200439453,43.45000076293945,43.04999923706055,43.266666412353516,1906500
2003-12-02,23.044950485229492,23.044950485229492,43.60333251953125,43.28333282470703,43.33333206176758,965100
2003-12-03,23.090829849243164,23.090829849243164,44.016666412353516,43.616668701171875,43.766666412353516,1653600
2003-12-04,23.143770217895508,23.143770217895508,43.93000030517578,43.58000183105469,43.913333892822266,1448700
2003-12-05,22.977890014648438,22.977890014648438,43.72999954223633,43.383331298828125,43.663333892822266,1191300
2003-12-08,23.170244216918945,23.170244216918945,43.813331604003906,43.29666519165039,43.663333892822266,1851900
2003-12-09,23.07318115234375,23.07318115234375,44.08000183105469,43.400001525878906,44.040000915527344,2191500
2003-12-10,22.907306671142578,22.907306671142578,43.45000076293945,43.18000030517578,43.45000076293945,2155500
2003-12-11,23.161418914794922,23.161418914794922,43.83000183105469,43.27000045776367,43.29666519165039,1652400
2003-12-12,23.2372989654541,23.2372989654541,43.96333312988281,43.67333221435547,43.96333312988281,967800
2003-12-15,23.08201026916504,23.08201026916504,44.39666748046875,43.599998474121094,44.39666748046875,2520000
2003-12-16,23.377765655517578,23.377765655517578,44.03333282470703,43.66666793823242,43.66666793823242,1147200
2003-12-17,23.3228702545166,23.3228702545166,43.996665954589844,43.766666412353516,43.996665954589844,1482900
2003-12-18,23.67000389099121,23.67000389099121,44.62333297729492,44.04999923706055,44.246665954589844,3238800
2003-12-19,23.53717041015625,23.53717041015625,44.5966682434082,44.16666793823242,44.5966682434082,1152300
2003-12-22,23.692729949951172,23.692729949951172,44.08333206176758,43.83333206176758,44.08000183105469,1556400
2003-12-23,23.742919921875,23.742919921875,44.22666549682617,43.926666259765625,44.0966682434082,1662000
2003-12-24,23.800249099731445,23.800249099731445,44.63666534423828,44.17333221435547,44.20000076293945,549000
2003-12-26,23.757244110107422,23.757244110107422,44.516666412353516,44.186668395996094,44.37666702270508,477300
2003-12-29,24.156906127929688,24.156906127929688,44.93333435058594,44.439998626708984,44.6966667175293,2037300
2003-12-30,24.203500747680664,24.203500747680664,45.223331451416016,44.79999923706055,44.79999923706055,3807000
2003-12-31,24.5135555267334,24.5135555267334,45.633331298828125,45.186668395996094,45.41666793823242,3129000
2004-01-02,24.579870223999023,24.579870223999023,46.01333236694336,45.5966682434082,45.60333251953125,1593300
2004-01-05,25.053007125854492,25.053007125854492,46.633331298828125,46.133331298828125,46.33000183105469,2562600
2004-01-06,25.09064292907715,25.09064292907715,46.733333587646484,46.39666748046875,46.5966682434082,1701000
2004-01-07,24.83973503112793,24.83973503112793,46.383331298828125,45.866668701171875,46.16666793823242,1582200
2004-01-08,25.19637680053711,25.19637680053711,46.913333892822266,46.503334045410156,46.913333892822266,1532100
2004-01-09,25.0368709564209,25.0368709564209,46.82666778564453,46.503334045410156,46.630001068115234,1413300
2004-01-12,25.029701232910156,25.029701232910156,47.33333206176758,46.43000030517578,46.6966667175293,1629600
2004-01-13,24.88452911376953,24.88452911376953,46.79666519165039,46.16666793823242,46.79666519165039,1532400
2004-01-14,25.099592208862305,25.099592208862305,46.836666107177734,46.52333450317383,46.6533317565918,1325400
2004-01-15,24.9472599029541,24.9472599029541,46.64666748046875,46.16666793823242,46.630001068115234,1477800
2004-01-16,24.85765838623047,24.85765838623047,46.45000076293945,46.03333282470703,46.3466682434082,2704800
2004-01-20,25.126487731933594,25.126487731933594,46.893333435058594,46.65999984741211,46.75,1307400
2004-01-21,25.431148529052734,25.431148529052734,47.40999984741211,46.7599983215332,46.959999084472656,2350200
2004-01-22,25.447282791137695,25.447282791137695,47.46333312988281,47.20000076293945,47.45000076293945,3117900
2004-01-23,25.17487144470215,25.17487144470215,47.279998779296875,46.60333251953125,47.1966667175293,1104900
2004-01-26,25.255523681640625,25.255523681640625,46.98666763305664,46.60333251953125,46.91999816894531,2091000
2004-01-27,25.1444034576416,25.1444034576416,47.05666732788086,46.71333312988281,47.05666732788086,1978500
2004-01-28,24.821802139282227,24.821802139282227,47.116668701171875,46.08000183105469,46.90999984741211,1808700
2004-01-29,24.85407257080078,24.85407257080078,46.28333282470703,45.66999816894531,46.16666793823242,2433300
2004-01-30,24.78955078125,24.78955078125,46.163333892822266,45.849998474121094,45.99333190917969,2088300
2004-02-02,24.732208251953125,24.732208251953125,46.2400016784668,45.866668701171875,46.04666519165039,1497900
2004-02-03,24.77699851989746,24.77699851989746,46.23666763305664,46.003334045410156,46.23666763305664,714000
2004-02-04,24.5081729888916,24.5081729888916,45.939998626708984,45.563331604003906,45.913333892822266,1631400
2004-02-05,24.610326766967773,24.610326766967773,46.206668853759766,45.733333587646484,46.1533317565918,1060800
2004-02-06,25.07449722290039,25.07449722290039,46.746665954589844,46.25666809082031,46.413333892822266,1552200
2004-02-09,25.232213973999023,25.232213973999023,47.33333206176758,46.790000915527344,47.33333206176758,1095300
2004-02-10,25.3415470123291,25.3415470123291,47.16666793823242,46.93000030517578,47.03666687011719,771000
2004-02-11,25.6282958984375,25.6282958984375,47.77333450317383,46.83333206176758,47.05666732788086,930000
2004-02-12,25.404273986816406,25.404273986816406,47.40999984741211,47.16999816894531,47.33000183105469,1710300
2004-02-13,25.372011184692383,25.372011184692383,47.71333312988281,47.06999969482422,47.71333312988281,732600
2004-02-17,25.861270904541016,25.861270904541016,48.2400016784668,47.849998474121094,48.08000183105469,1516800
2004-02-18,25.50284194946289,25.50284194946289,48.163333892822266,47.40666580200195,48.11333465576172,1000500
2004-02-19,25.673093795776367,25.673093795776367,48.163333892822266,47.720001220703125,48.06999969482422,809100
2004-02-20,25.359458923339844,25.359458923339844,47.79999923706055,46.83333206176758,47.79999923706055,2603100
2004-02-23,25.431148529052734,25.431148529052734,47.55666732788086,47.060001373291016,47.55666732788086,1345800
2004-02-24,25.33258056640625,25.33258056640625,47.33000183105469,46.81666564941406,46.93000030517578,1583400
2004-02-25,25.1444034576416,25.1444034576416,47.17333221435547,46.46666717529297,47.0966682434082,1878000
2004-02-26,25.153364181518555,25.153364181518555,46.96333312988281,46.48666763305664,46.663333892822266,1798800
2004-02-27,25.359458923339844,25.359458923339844,47.323333740234375,46.95000076293945,47.119998931884766,2097300
2004-03-01,25.699974060058594,25.699974060058594,47.8466682434082,47.5,47.663333892822266,1406700
2004-03-02,25.287782669067383,25.287782669067383,47.676666259765625,47.00666809082031,47.53666687011719,1731300
2004-03-03,25.234006881713867,25.234006881713867,46.996665954589844,46.46666717529297,46.893333435058594,1524300
2004-03-04,25.31465721130371,25.31465721130371,47.293331146240234,46.83333206176758,46.92333221435547,1689900
2004-03-05,25.610366821289062,25.610366821289062,47.72999954223633,47.1966667175293,47.1966667175293,1098300
2004-03-08,25.445486068725586,25.445486068725586,47.70000076293945,47.32666778564453,47.61333465576172,1105500
2004-03-09,25.26984977722168,25.26984977722168,47.47999954223633,46.970001220703125,47.4466667175293,1269600
2004-03-10,24.864826202392578,24.864826202392578,46.93333435058594,46.246665954589844,46.880001068115234,1806300
2004-03-11,24.46158218383789,24.46158218383789,46.08000183105469,45.496665954589844,45.766666412353516,2135400
2004-03-12,24.676633834838867,24.676633834838867,45.89666748046875,45.43333435058594,45.68000030517578,1599300
2004-03-15,24.25727081298828,24.25727081298828,45.65666580200195,45.0,45.45333480834961,2073000
2004-03-16,24.481285095214844,24.481285095214844,45.75,45.233333587646484,45.70333480834961,1427400
2004-03-17,24.992069244384766,24.992069244384766,46.48666763305664,46.00666809082031,46.246665954589844,1678200
2004-03-18,24.98310661315918,24.98310661315918,46.53333282470703,46.150001525878906,46.4466667175293,2881500
2004-03-19,24.660512924194336,24.660512924194336,46.31666564941406,45.866668701171875,46.29666519165039,1089900
2004-03-22,24.339710235595703,24.339710235595703,45.68000030517578,45.16666793823242,45.68000030517578,1711500
2004-03-23,24.52608871459961,24.52608871459961,45.91999816894531,45.5,45.766666412353516,1414500
2004-03-24,24.429323196411133,24.429323196411133,45.71333312988281,45.27000045776367,45.57666778564453,1770900
2004-03-25,24.893497467041016,24.893497467041016,46.33000183105469,45.753334045410156,45.91999816894531,2658000
2004-03-26,24.785964965820312,24.785964965820312,46.3466682434082,46.0,46.26333236694336,1619700
2004-03-29,25.1444034576416,25.1444034576416,46.87666702270508,46.58333206176758,46.62666702270508,1683300
2004-03-30,25.19816017150879,25.19816017150879,46.893333435058594,46.54999923706055,46.68000030517578,1302600
2004-03-31,25.37738609313965,25.37738609313965,47.39666748046875,47.03666687011719,47.14666748046875,2627100
2004-04-01,25.71432113647461,25.71432113647461,47.83333206176758,47.18333435058594,47.470001220703125,2286300
2004-04-02,25.787792205810547,25.787792205810547,48.413333892822266,47.633331298828125,47.74333190917969,2089800
2004-04-05,25.787792205810547,25.787792205810547,47.96666717529297,47.516666412353516,47.663333892822266,1556700
2004-04-06,25.708948135375977,25.708948135375977,47.866668701171875,47.52000045776367,47.779998779296875,1522800
2004-04-07,25.748361587524414,25.748361587524414,47.96333312988281,47.709999084472656,47.96333312988281,1743300
2004-04-08,25.694604873657227,25.694604873657227,47.996665954589844,47.53666687011719,47.996665954589844,1018800
2004-04-12,25.861270904541016,25.861270904541016,48.133331298828125,47.83333206176758,47.996665954589844,880500
2004-04-13,25.529722213745117,25.529722213745117,47.813331604003906,47.369998931884766,47.79666519165039,972900
2004-04-14,25.266271591186523,25.266271591186523,46.99333190917969,46.53333282470703,46.64666748046875,1487400
2004-04-15,25.09064292907715,25.09064292907715,46.94333267211914,46.496665954589844,46.650001525878906,2116800
2004-04-16,25.359458923339844,25.359458923339844,47.21666717529297,46.78666687011719,46.89666748046875,814800
2004-04-19,25.386348724365234,25.386348724365234,47.21666717529297,46.900001525878906,47.12666702270508,1103100
2004-04-20,25.0368709564209,25.0368709564209,47.380001068115234,46.5,47.31666564941406,874200
2004-04-21,25.207120895385742,25.207120895385742,46.973331451416016,46.573333740234375,46.686668395996094,1887900
2004-04-22,25.386348724365234,25.386348724365234,47.36333465576172,46.586666107177734,46.72999954223633,1066200
2004-04-23,25.35050392150879,25.35050392150879,47.18333435058594,46.85333251953125,47.11333465576172,1048500
2004-04-26,25.343338012695312,25.343338012695312,47.45000076293945,46.91666793823242,47.45000076293945,1864200
2004-04-27,25.368427276611328,25.368427276611328,47.36333465576172,47.003334045410156,47.003334045410156,1936800
2004-04-28,24.900665283203125,24.900665283203125,47.003334045410156,46.25,47.003334045410156,2226900
2004-04-29,24.63362693786621,24.63362693786621,46.46333312988281,45.676666259765625,46.313331604003906,2768100
2004-04-30,24.51713752746582,24.51713752746582,46.26333236694336,45.5,46.26333236694336,4595100
2004-05-03,24.76803970336914,24.76803970336914,46.06666564941406,45.836666107177734,45.96333312988281,1395900
2004-05-04,25.08346939086914,25.08346939086914,46.8466682434082,46.37666702270508,46.64666748046875,1985400
2004-05-05,25.359458923339844,25.359458923339844,47.266666412353516,46.90666580200195,46.95000076293945,1707900
2004-05-06,24.821802139282227,24.821802139282227,46.5,45.95333480834961,46.5,1749000
2004-05-07,24.149738311767578,24.149738311767578,45.746665954589844,44.91666793823242,45.686668395996094,3348900
2004-05-10,23.53142738342285,23.53142738342285,44.23666763305664,43.470001220703125,43.78333282470703,5254200
2004-05-11,23.701690673828125,23.701690673828125,44.16666793823242,43.79999923706055,43.836666107177734,1500300
2004-05-12,23.854026794433594,23.854026794433594,44.46666717529297,43.619998931884766,44.46333312988281,2675700
2004-05-13,23.603118896484375,23.603118896484375,44.20333480834961,43.720001220703125,43.9466667175293,1188600
2004-05-14,23.583415985107422,23.583415985107422,43.996665954589844,43.66666793823242,43.9466667175293,972000
2004-05-17,23.325321197509766,23.325321197509766,43.54999923706055,43.27000045776367,43.27000045776367,1040100
2004-05-18,23.572668075561523,23.572668075561523,43.86333465576172,43.62333297729492,43.779998779296875,657300
2004-05-19,23.805641174316406,23.805641174316406,44.96333312988281,44.276668548583984,44.79666519165039,2612100
2004-05-20,23.836101531982422,23.836101531982422,44.54999923706055,44.06999969482422,44.27000045776367,1387800
2004-05-21,24.011743545532227,24.011743545532227,45.163333892822266,44.586666107177734,45.163333892822266,1630500
2004-05-24,24.165870666503906,24.165870666503906,45.16666793823242,44.66666793823242,45.11333465576172,1747800
2004-05-25,24.52608871459961,24.52608871459961,45.779998779296875,44.900001525878906,44.95000076293945,1480800
2004-05-26,24.481285095214844,24.481285095214844,45.70000076293945,45.38666534423828,45.62333297729492,1150200
2004-05-27,24.9472599029541,24.9472599029541,46.483333587646484,46.13666534423828,46.29666519165039,1328100
2004-05-28,24.796710968017578,24.796710968017578,46.37666702270508,46.03333282470703,46.36333465576172,1154400
2004-06-01,24.855863571166992,24.855863571166992,46.28333282470703,45.883331298828125,46.220001220703125,1382400
2004-06-02,24.927547454833984,24.927547454833984,46.573333740234375,46.1533317565918,46.529998779296875,1918500
2004-06-03,24.687393188476562,24.687393188476562,46.18000030517578,45.78333282470703,46.029998779296875,1050000
2004-06-04,24.98310661315918,24.98310661315918,46.630001068115234,46.133331298828125,46.3466682434082,1358400
2004-06-07,25.53509521484375,25.53509521484375,47.49333190917969,46.970001220703125,47.163333892822266,1045200
2004-06-08,25.391727447509766,25.391727447509766,47.27333450317383,46.91999816894531,47.233333587646484,1406700
2004-06-09,24.95622444152832,24.95622444152832,46.96666717529297,46.33333206176758,46.96333312988281,2286900
2004-06-10,25.251922607421875,25.251922607421875,47.0533332824707,46.720001220703125,46.83000183105469,804300
2004-06-14,24.64438247680664,24.64438247680664,46.1533317565918,45.7400016784668,46.08000183105469,1386300
2004-06-15,25.081676483154297,25.081676483154297,46.96333312988281,46.33333206176758,46.46333312988281,2062800
2004-06-16,25.07271385192871,25.07271385192871,46.83333206176758,46.496665954589844,46.650001525878906,636900
2004-06-17,25.234006881713867,25.234006881713867,46.97999954223633,46.573333740234375,46.686668395996094,932400
2004-06-18,25.27882194519043,25.27882194519043,47.323333740234375,46.84000015258789,46.88999938964844,1888800
2004-06-21,25.189207077026367,25.189207077026367,47.16666793823242,46.81666564941406,47.06666564941406,897600
2004-06-22,25.199966430664062,25.199966430664062,46.93333435058594,46.43333435058594,46.746665954589844,1382100
2004-06-23,25.359458923339844,25.359458923339844,47.233333587646484,46.599998474121094,46.78333282470703,979200
2004-06-24,25.45803451538086,25.45803451538086,47.47999954223633,47.233333587646484,47.3466682434082,1119000
2004-06-25,25.364837646484375,25.364837646484375,47.33333206176758,47.119998931884766,47.13666534423828,1457400
2004-06-28,25.520761489868164,25.520761489868164,47.75,47.33333206176758,47.68333435058594,2811900
2004-06-29,25.466995239257812,25.466995239257812,47.413333892822266,47.233333587646484,47.3033332824707,2685900
2004-06-30,25.6282958984375,25.6282958984375,47.71666717529297,47.119998931884766,47.529998779296875,5310000
2004-07-01,25.30569076538086,25.30569076538086,47.5533332824707,46.883331298828125,47.529998779296875,2171100
2004-07-02,25.447282791137695,25.447282791137695,47.380001068115234,47.10333251953125,47.10333251953125,1066800
2004-07-06,25.02789878845215,25.02789878845215,46.866668701171875,46.54999923706055,46.8466682434082,1130400
2004-07-07,25.32362174987793,25.32362174987793,47.19333267211914,46.90666580200195,46.97999954223633,979500
2004-07-08,25.162336349487305,25.162336349487305,47.03333282470703,46.66666793823242,46.913333892822266,1184100
2004-07-09,25.375593185424805,25.375593185424805,47.1966667175293,47.0,47.18000030517578,1107000
2004-07-12,25.44906997680664,25.44906997680664,47.33333206176758,47.03333282470703,47.20000076293945,576000
2004-07-13,25.32362174987793,25.32362174987793,47.21666717529297,46.82666778564453,47.21666717529297,1331700
2004-07-14,25.180238723754883,25.180238723754883,47.09000015258789,46.6966667175293,46.73666763305664,1405200
2004-07-15,24.866613388061523,24.866613388061523,46.71666717529297,46.223331451416016,46.68000030517578,2289300
2004-07-16,25.067344665527344,25.067344665527344,46.97999954223633,46.62333297729492,46.79999923706055,1351500
2004-07-19,25.087051391601562,25.087051391601562,46.849998474121094,46.43333435058594,46.79666519165039,769200
2004-07-20,25.099592208862305,25.099592208862305,46.71666717529297,46.356666564941406,46.529998779296875,777000
2004-07-21,24.55476951599121,24.55476951599121,46.813331604003906,45.66999816894531,46.813331604003906,1611000
2004-07-22,24.687393188476562,24.687393188476562,46.08333206176758,45.706668853759766,46.029998779296875,2698500
2004-07-23,24.232179641723633,24.232179641723633,45.663333892822266,45.02333450317383,45.663333892822266,1337700
2004-07-26,24.232179641723633,24.232179641723633,45.380001068115234,44.94333267211914,45.380001068115234,1568400
2004-07-27,24.382720947265625,24.382720947265625,45.40666580200195,44.91666793823242,45.1533317565918,1640400
2004-07-28,24.414981842041016,24.414981842041016,45.526668548583984,44.913333892822266,45.22999954223633,1755300
2004-07-29,24.44544792175293,24.44544792175293,45.650001525878906,45.25,45.39666748046875,2150100
2004-07-30,24.53506088256836,24.53506088256836,45.74333190917969,45.456668853759766,45.6966667175293,2845200
2004-08-02,24.65155029296875,24.65155029296875,45.89666748046875,45.516666412353516,45.630001068115234,1519800
2004-08-03,24.490245819091797,24.490245819091797,45.90666580200195,45.54999923706055,45.746665954589844,1063800
2004-08-04,24.48667335510254,24.48667335510254,45.66666793823242,45.133331298828125,45.163333892822266,969300
2004-08-05,24.12285614013672,24.12285614013672,45.51333236694336,44.85333251953125,45.51333236694336,1332900
2004-08-06,24.08700942993164,24.08700942993164,45.313331604003906,44.723331451416016,45.313331604003906,966900
2004-08-09,24.060131072998047,24.060131072998047,44.983333587646484,44.7400016784668,44.93000030517578,888000
2004-08-10,24.25727081298828,24.25727081298828,45.31666564941406,44.983333587646484,45.133331298828125,853800
2004-08-11,24.176616668701172,24.176616668701172,45.040000915527344,44.630001068115234,44.79999923706055,870900
2004-08-12,23.907791137695312,23.907791137695312,44.849998474121094,44.46666717529297,44.83333206176758,828600
2004-08-13,24.051166534423828,24.051166534423828,44.89666748046875,44.64666748046875,44.89666748046875,742500
2004-08-16,24.293123245239258,24.293123245239258,45.313331604003906,44.6966667175293,44.70000076293945,1028700
2004-08-17,24.311038970947266,24.311038970947266,45.380001068115234,45.116668701171875,45.33000183105469,807600
2004-08-18,24.495628356933594,24.495628356933594,45.58333206176758,44.9033317565918,44.95000076293945,1868700
2004-08-19,24.438283920288086,24.438283920288086,45.64666748046875,45.33333206176758,45.54666519165039,1177500
2004-08-20,24.55298614501953,24.55298614501953,45.766666412353516,45.266666412353516,45.36333465576172,1521300
2004-08-23,24.354045867919922,24.354045867919922,45.71333312988281,45.24333190917969,45.71333312988281,1457700
2004-08-24,24.348669052124023,24.348669052124023,45.516666412353516,45.223331451416016,45.516666412353516,2878500
2004-08-25,24.606746673583984,24.606746673583984,45.83333206176758,45.25,45.366668701171875,2217900
2004-08-26,24.62467384338379,24.62467384338379,45.883331298828125,45.633331298828125,45.68333435058594,958200
2004-08-27,24.687393188476562,24.687393188476562,46.016666412353516,45.77333450317383,45.96666717529297,1377600
2004-08-30,24.597776412963867,24.597776412963867,45.89666748046875,45.71666717529297,45.733333587646484,1250700
2004-08-31,24.827184677124023,24.827184677124023,46.20000076293945,45.75,45.86000061035156,1728300
2004-09-01,24.84868812561035,24.84868812561035,46.279998779296875,46.06999969482422,46.20000076293945,1734000
2004-09-02,25.108556747436523,25.108556747436523,46.70000076293945,46.16666793823242,46.21666717529297,1131900
2004-09-03,24.77521514892578,24.77521514892578,46.33333206176758,46.0,46.23666763305664,1324500
2004-09-07,25.121095657348633,25.121095657348633,46.72999954223633,46.4033317565918,46.54999923706055,1623600
2004-09-08,25.108556747436523,25.108556747436523,46.79666519165039,46.349998474121094,46.400001525878906,1557900
2004-09-09,25.02789878845215,25.02789878845215,46.66666793823242,46.30666732788086,46.483333587646484,1449300
2004-09-10,25.216089248657227,25.216089248657227,46.96666717529297,46.66666793823242,46.81666564941406,1054200
2004-09-13,25.30569076538086,25.30569076538086,47.233333587646484,46.936668395996094,46.99333190917969,850200
2004-09-14,25.368427276611328,25.368427276611328,47.25,47.03333282470703,47.130001068115234,1271100
2004-09-15,25.004615783691406,25.004615783691406,46.83333206176758,46.369998931884766,46.83333206176758,921300
2004-09-16,25.16948890686035,25.16948890686035,46.823333740234375,46.47666549682617,46.53333282470703,974400
2004-09-17,25.251922607421875,25.251922607421875,46.97999954223633,46.746665954589844,46.9466667175293,789600
2004-09-20,25.094223022460938,25.094223022460938,46.810001373291016,46.483333587646484,46.599998474121094,889200
2004-09-21,25.486711502075195,25.486711502075195,47.543331146240234,46.9900016784668,47.19333267211914,1576200
2004-09-22,25.07271385192871,25.07271385192871,47.016666412353516,46.586666107177734,47.016666412353516,1800900
2004-09-23,25.004615783691406,25.004615783691406,46.779998779296875,46.470001220703125,46.766666412353516,1859400
2004-09-24,25.0368709564209,25.0368709564209,46.72999954223633,46.503334045410156,46.66666793823242,1443000
2004-09-27,24.911418914794922,24.911418914794922,46.47999954223633,46.25,46.313331604003906,1306800
2004-09-28,25.155155181884766,25.155155181884766,46.88666534423828,46.44333267211914,46.70333480834961,1361100
2004-09-29,25.251922607421875,25.251922607421875,46.96666717529297,46.66666793823242,46.79999923706055,1462500
2004-09-30,25.3415470123291,25.3415470123291,47.22999954223633,46.91666793823242,47.099998474121094,3372000
2004-10-01,25.735824584960938,25.735824584960938,47.880001068115234,47.400001525878906,47.400001525878906,1596300
2004-10-04,25.775249481201172,25.775249481201172,48.03333282470703,47.766666412353516,47.95000076293945,1882500
2004-10-05,25.789592742919922,25.789592742919922,48.14666748046875,47.86333465576172,47.983333587646484,1347000
2004-10-06,25.88636016845703,25.88636016845703,48.18000030517578,47.733333587646484,47.883331298828125,1263300
2004-10-07,25.708948135375977,25.708948135375977,48.063331604003906,47.75,48.04999923706055,1461300
2004-10-08,25.88815689086914,25.88815689086914,48.29666519165039,48.07666778564453,48.133331298828125,2474400
2004-10-11,25.950885772705078,25.950885772705078,48.266666412353516,48.12666702270508,48.16666793823242,651300
2004-10-12,25.65517234802246,25.65517234802246,47.793331146240234,47.253334045410156,47.43333435058594,1691700
2004-10-13,25.475954055786133,25.475954055786133,47.676666259765625,47.22666549682617,47.65999984741211,2155200
2004-10-14,25.3415470123291,25.3415470123291,48.0,47.116668701171875,47.59000015258789,910800
2004-10-15,25.630088806152344,25.630088806152344,47.93333435058594,47.16666793823242,47.59333419799805,1442100
2004-10-18,25.732240676879883,25.732240676879883,47.866668701171875,47.47999954223633,47.65666580200195,1239600
2004-10-19,25.682056427001953,25.682056427001953,48.19333267211914,47.733333587646484,48.133331298828125,2419200
2004-10-20,25.78062629699707,25.78062629699707,48.30666732788086,47.62666702270508,47.83333206176758,2554200
2004-10-21,25.931169509887695,25.931169509887695,48.29999923706055,47.96666717529297,48.003334045410156,1383000
2004-10-22,25.771663665771484,25.771663665771484,48.65666580200195,47.80666732788086,48.25,1916700
2004-10-25,25.744781494140625,25.744781494140625,48.266666412353516,47.81666564941406,47.983333587646484,1527600
2004-10-26,25.88815689086914,25.88815689086914,48.209999084472656,47.90666580200195,48.04999923706055,2247600
2004-10-27,26.156984329223633,26.156984329223633,48.66666793823242,48.20000076293945,48.223331451416016,1210200
2004-10-28,26.228675842285156,26.228675842285156,48.883331298828125,48.5,48.68333435058594,1447200
2004-10-29,26.228675842285156,26.228675842285156,48.85333251953125,48.586666107177734,48.779998779296875,2553300
2004-11-01,26.273481369018555,26.273481369018555,49.063331604003906,48.793331146240234,48.793331146240234,4493400
2004-11-02,26.47779083251953,26.47779083251953,49.46666717529297,49.10333251953125,49.1966667175293,1418700
2004-11-03,26.791427612304688,26.791427612304688,50.0,49.2400016784668,49.96333312988281,1863900
2004-11-04,27.16598892211914,27.16598892211914,50.56666564941406,49.83333206176758,49.93333435058594,2343600
2004-11-05,27.293228149414062,27.293228149414062,50.81666564941406,50.413333892822266,50.41666793823242,2557200
2004-11-08,27.10325813293457,27.10325813293457,50.483333587646484,50.27000045776367,50.29999923706055,1785000
2004-11-09,27.035158157348633,27.035158157348633,50.41666793823242,50.25,50.26333236694336,1497000
2004-11-10,26.983186721801758,26.983186721801758,50.43000030517578,49.66999816894531,50.380001068115234,2506200
2004-11-11,27.277111053466797,27.277111053466797,50.78333282470703,50.37333297729492,50.413333892822266,1201800
2004-11-12,27.599695205688477,27.599695205688477,51.400001525878906,50.72666549682617,50.86333465576172,3053700
2004-11-15,27.626583099365234,27.626583099365234,51.383331298828125,51.060001373291016,51.266666412353516,2940000
2004-11-16,27.39360237121582,27.39360237121582,51.380001068115234,50.46666717529297,51.040000915527344,2542500
2004-11-17,27.743074417114258,27.743074417114258,51.766666412353516,51.43333435058594,51.496665954589844,1379400
2004-11-18,27.68035125732422,27.68035125732422,51.53666687011719,51.293331146240234,51.47999954223633,1743600
2004-11-19,27.501127243041992,27.501127243041992,51.71666717529297,51.026668548583984,51.71333312988281,2092800
2004-11-22,27.581777572631836,27.581777572631836,51.33333206176758,50.85333251953125,50.9466667175293,3271200
2004-11-23,27.63554573059082,27.63554573059082,51.51333236694336,51.16666793823242,51.33333206176758,2788800
2004-11-24,27.760995864868164,27.760995864868164,51.663333892822266,51.28666687011719,51.496665954589844,2311200
2004-11-26,27.922292709350586,27.922292709350586,52.0966682434082,51.83333206176758,51.95000076293945,900300
2004-11-29,28.011898040771484,28.011898040771484,52.413333892822266,51.96666717529297,52.28333282470703,1688700
2004-11-30,27.82371711730957,27.82371711730957,52.176666259765625,51.66999816894531,52.09333419799805,2875800
2004-12-01,28.3076114654541,28.3076114654541,52.650001525878906,52.0,52.099998474121094,3296700
2004-12-02,28.262807846069336,28.262807846069336,52.70000076293945,52.029998779296875,52.70000076293945,1785000
2004-12-03,28.431276321411133,28.431276321411133,52.93333435058594,52.5533332824707,52.630001068115234,3707400
2004-12-06,28.25743865966797,28.25743865966797,53.53333282470703,52.5099983215332,52.6966667175293,1775700
2004-12-07,28.103309631347656,28.103309631347656,53.31666564941406,52.20333480834961,52.866668701171875,2475600
2004-12-08,28.083589553833008,28.083589553833008,52.70000076293945,51.76333236694336,51.93333435058594,1833900
2004-12-09,27.967100143432617,27.967100143432617,52.13999938964844,51.30666732788086,51.599998474121094,1636500
2004-12-10,27.692895889282227,27.692895889282227,51.599998474121094,51.21666717529297,51.233333587646484,2391600
2004-12-13,28.110475540161133,28.110475540161133,52.46666717529297,51.50666809082031,51.95000076293945,2657100
2004-12-14,28.119434356689453,28.119434356689453,52.41666793823242,52.05666732788086,52.163333892822266,2719500
2004-12-15,28.289688110351562,28.289688110351562,52.72999954223633,52.53333282470703,52.56999969482422,1904700
2004-12-16,28.110475540161133,28.110475540161133,52.54999923706055,52.0533332824707,52.41666793823242,2297400
2004-12-17,28.02982521057129,28.02982521057129,52.21666717529297,51.973331451416016,52.14666748046875,3940800
2004-12-20,28.286109924316406,28.286109924316406,53.03333282470703,52.20000076293945,52.880001068115234,2919000
2004-12-21,28.485034942626953,28.485034942626953,52.97999954223633,52.41666793823242,52.746665954589844,5990100
2004-12-22,28.528053283691406,28.528053283691406,53.0966682434082,52.88666534423828,52.97999954223633,2148000
2004-12-23,28.715309143066406,28.715309143066406,52.66666793823242,52.46666717529297,52.563331604003906,3845700
2004-12-27,28.940942764282227,28.940942764282227,53.32666778564453,52.813331604003906,52.89666748046875,1929300
2004-12-28,29.13384246826172,29.13384246826172,53.41666793823242,53.10333251953125,53.15999984741211,2246100
2004-12-29,28.99372100830078,28.99372100830078,53.21666717529297,52.79999923706055,52.8033332824707,6386700
2004-12-30,28.997364044189453,28.997364044189453,53.393333435058594,53.11000061035156,53.21333312988281,4646400
2004-12-31,29.161136627197266,29.161136627197266,53.459999084472656,52.96666717529297,53.33333206176758,3647400
2005-01-03,28.951866149902344,28.951866149902344,53.5,52.93333435058594,53.39666748046875,5273700
2005-01-04,28.396852493286133,28.396852493286133,52.95000076293945,51.87333297729492,52.93000030517578,2983800
2005-01-05,28.378644943237305,28.378644943237305,52.650001525878906,51.689998626708984,52.06666564941406,3143700
2005-01-06,28.378644943237305,28.378644943237305,52.18333435058594,51.86333465576172,52.099998474121094,2673300
2005-01-07,28.251270294189453,28.251270294189453,52.51333236694336,51.73666763305664,52.51333236694336,2475300
2005-01-10,28.378644943237305,28.378644943237305,52.21666717529297,51.91666793823242,52.150001525878906,1698600
2005-01-11,28.32406234741211,28.32406234741211,52.130001068115234,51.80666732788086,52.130001068115234,2209800
2005-01-12,28.551525115966797,28.551525115966797,52.36000061035156,51.996665954589844,52.1966667175293,2629200
2005-01-13,28.305870056152344,28.305870056152344,52.16666793823242,51.766666412353516,52.14666748046875,1655100
2005-01-14,28.442333221435547,28.442333221435547,52.18333435058594,51.46666717529297,51.97999954223633,2011200
2005-01-18,28.464181900024414,28.464181900024414,52.21666717529297,51.66666793823242,51.849998474121094,3630000
2005-01-19,28.16938591003418,28.16938591003418,52.3466682434082,51.599998474121094,52.233333587646484,2236500
2005-01-20,27.98195457458496,27.98195457458496,51.5,51.133331298828125,51.46333312988281,2893500
2005-01-21,28.092958450317383,28.092958450317383,51.79999923706055,51.4033317565918,51.53333282470703,1255800
2005-01-24,28.1420841217041,28.1420841217041,51.83000183105469,51.54999923706055,51.61333465576172,1333500
2005-01-25,28.15118408203125,28.15118408203125,51.88666534423828,51.540000915527344,51.60333251953125,1710300
2005-01-26,28.491474151611328,28.491474151611328,52.31666564941406,52.06999969482422,52.163333892822266,2575800
2005-01-27,28.53333282470703,28.53333282470703,52.34333419799805,51.9466667175293,52.08000183105469,1803600
2005-01-28,28.469633102416992,28.469633102416992,52.209999084472656,51.849998474121094,52.1966667175293,1708500
2005-01-31,28.606121063232422,28.606121063232422,52.43333435058594,52.16666793823242,52.16666793823242,3236700
2005-02-01,28.784452438354492,28.784452438354492,52.79999923706055,52.31666564941406,52.383331298828125,3320100
2005-02-02,28.824495315551758,28.824495315551758,52.869998931884766,52.68333435058594,52.866668701171875,2643600
2005-02-03,28.66798210144043,28.66798210144043,52.56666564941406,52.2400016784668,52.46666717529297,1950600
2005-02-04,28.815383911132812,28.815383911132812,52.813331604003906,52.4900016784668,52.503334045410156,2401500
2005-02-07,28.633411407470703,28.633411407470703,52.7400016784668,52.26333236694336,52.68000030517578,1713600
2005-02-08,28.633411407470703,28.633411407470703,52.53333282470703,52.25,52.313331604003906,1944000
2005-02-09,28.56062126159668,28.56062126159668,52.543331146240234,52.30666732788086,52.45000076293945,1885200
2005-02-10,28.857242584228516,28.857242584228516,52.913333892822266,52.63999938964844,52.66666793823242,1296000
2005-02-11,29.057405471801758,29.057405471801758,53.31999969482422,52.86000061035156,52.9466667175293,3481800
2005-02-14,29.283058166503906,29.283058166503906,53.75,53.33333206176758,53.616668701171875,2572800
2005-02-15,29.47959327697754,29.47959327697754,54.01333236694336,53.67333221435547,53.68000030517578,2157000
2005-02-16,29.219364166259766,29.219364166259766,53.71666717529297,53.33333206176758,53.67333221435547,6873900
2005-02-17,29.27940559387207,29.27940559387207,53.87666702270508,53.58333206176758,53.689998626708984,2853000
2005-02-18,29.42499351501465,29.42499351501465,53.96333312988281,53.78333282470703,53.849998474121094,1808100
2005-02-22,29.355844497680664,29.355844497680664,54.16666793823242,53.70000076293945,54.016666412353516,2227800
2005-02-23,29.370405197143555,29.370405197143555,53.87333297729492,53.55666732788086,53.71333312988281,3172200
2005-02-24,29.415904998779297,29.415904998779297,53.95333480834961,53.56666564941406,53.86333465576172,3470700
2005-02-25,29.75800323486328,29.75800323486328,54.599998474121094,54.016666412353516,54.15999984741211,2302800
2005-02-28,29.688858032226562,29.688858032226562,54.6966667175293,54.209999084472656,54.56666564941406,2276400
2005-03-01,29.852636337280273,29.852636337280273,54.75666809082031,54.5,54.54666519165039,2256000
2005-03-02,29.628808975219727,29.628808975219727,54.46666717529297,54.06666564941406,54.06666564941406,3374700
2005-03-03,29.643360137939453,29.643360137939453,54.563331604003906,54.189998626708984,54.496665954589844,2220000
2005-03-04,30.1619815826416,30.1619815826416,55.36333465576172,54.516666412353516,54.81999969482422,2952900
2005-03-07,30.034603118896484,30.034603118896484,55.116668701171875,54.883331298828125,54.9466667175293,2007600
2005-03-08,30.11649513244629,30.11649513244629,55.29999923706055,55.09333419799805,55.24333190917969,2472900
2005-03-09,29.980003356933594,29.980003356933594,55.29666519165039,54.88666534423828,55.18000030517578,2828400
2005-03-10,30.078275680541992,30.078275680541992,55.1966667175293,54.84000015258789,55.163333892822266,1933800
2005-03-11,30.071002960205078,30.071002960205078,55.313331604003906,55.003334045410156,55.1966667175293,2505900
2005-03-14,29.97455406188965,29.97455406188965,54.90666580200195,54.61000061035156,54.813331604003906,1933200
2005-03-15,29.788944244384766,29.788944244384766,55.08333206176758,54.53666687011719,55.06666564941406,2351400
2005-03-16,29.823528289794922,29.823528289794922,54.926666259765625,54.54999923706055,54.900001525878906,2791200
2005-03-17,29.788944244384766,29.788944244384766,54.70333480834961,54.459999084472656,54.48666763305664,1601400
2005-03-18,29.72889518737793,29.72889518737793,54.599998474121094,54.31999969482422,54.5966682434082,1447200
2005-03-21,29.526905059814453,29.526905059814453,54.313331604003906,54.0,54.313331604003906,2524500
2005-03-22,29.188430786132812,29.188430786132812,54.413333892822266,53.4033317565918,54.0533332824707,2239800
2005-03-23,28.99372100830078,28.99372100830078,53.33000183105469,53.0099983215332,53.33000183105469,3244800
2005-03-24,28.988258361816406,28.988258361816406,53.400001525878906,53.099998474121094,53.19333267211914,2715900
2005-03-28,28.988258361816406,28.988258361816406,53.323333740234375,53.099998474121094,53.133331298828125,1452300
2005-03-29,28.688007354736328,28.688007354736328,53.0099983215332,52.45333480834961,52.83333206176758,2633400
2005-03-30,28.922739028930664,28.922739028930664,53.13666534423828,52.836666107177734,52.866668701171875,3034200
2005-03-31,28.910017013549805,28.910017013549805,53.366668701171875,52.87666702270508,53.33000183105469,5814300
2005-04-01,28.842683792114258,28.842683792114258,53.47999954223633,52.70000076293945,53.400001525878906,2720700
2005-04-04,28.851781845092773,28.851781845092773,52.900001525878906,52.47666549682617,52.65999984741211,1936800
2005-04-05,29.006460189819336,29.006460189819336,53.16999816894531,52.91999816894531,52.96666717529297,3195000
2005-04-06,29.088342666625977,29.088342666625977,53.45000076293945,53.10333251953125,53.150001525878906,2424300
2005-04-07,29.20663070678711,29.20663070678711,53.706668853759766,53.400001525878906,53.400001525878906,1803300
2005-04-08,29.20663070678711,29.20663070678711,53.72999954223633,53.366668701171875,53.5,5148000
2005-04-11,29.315811157226562,29.315811157226562,53.883331298828125,53.59333419799805,53.79666519165039,1389000
2005-04-12,29.388608932495117,29.388608932495117,53.939998626708984,53.16666793823242,53.383331298828125,2382600
2005-04-13,29.079261779785156,29.079261779785156,53.706668853759766,53.21666717529297,53.46666717529297,2060400
2005-04-14,28.697101593017578,28.697101593017578,53.106666564941406,52.56666564941406,53.106666564941406,2802900
2005-04-15,28.34589958190918,28.34589958190918,52.709999084472656,51.91999816894531,52.66666793823242,3907800
2005-04-18,28.242164611816406,28.242164611816406,52.0,51.599998474121094,51.79999923706055,4774500
2005-04-19,28.617040634155273,28.617040634155273,52.46333312988281,52.14666748046875,52.20000076293945,2568600
2005-04-20,28.251270294189453,28.251270294189453,52.31666564941406,51.70000076293945,52.106666564941406,3272700
2005-04-21,28.762611389160156,28.762611389160156,52.6966667175293,52.119998931884766,52.33333206176758,4253100
2005-04-22,28.66071319580078,28.66071319580078,52.766666412353516,52.086666107177734,52.599998474121094,2785200
2005-04-25,28.811752319335938,28.811752319335938,52.793331146240234,52.5,52.650001525878906,1811100
2005-04-26,28.451444625854492,28.451444625854492,52.43333435058594,52.116668701171875,52.400001525878906,2562300
2005-04-27,28.375011444091797,28.375011444091797,52.063331604003906,51.753334045410156,51.836666107177734,2814900
2005-04-28,27.992870330810547,27.992870330810547,51.84333419799805,51.27000045776367,51.65666580200195,2952000
2005-04-29,28.442333221435547,28.442333221435547,52.116668701171875,51.599998474121094,52.0,3655800
2005-05-02,28.43325424194336,28.43325424194336,52.15999984741211,51.91666793823242,52.016666412353516,6243000
2005-05-03,28.495119094848633,28.495119094848633,52.29999923706055,51.97999954223633,52.11000061035156,2449500
2005-05-04,28.83359146118164,28.83359146118164,52.996665954589844,52.33333206176758,52.45000076293945,1389600
2005-05-05,28.875436782836914,28.875436782836914,53.063331604003906,52.72999954223633,52.96666717529297,2568000
2005-05-06,28.749879837036133,28.749879837036133,52.91666793823242,52.60333251953125,52.883331298828125,1951500
2005-05-09,28.815383911132812,28.815383911132812,52.79666519165039,52.483333587646484,52.58333206176758,2148900
2005-05-10,28.415050506591797,28.415050506591797,52.46666717529297,52.04999923706055,52.366668701171875,3199500
2005-05-11,28.542430877685547,28.542430877685547,52.34000015258789,51.99333190917969,52.26333236694336,1905000
2005-05-12,28.18758201599121,28.18758201599121,52.04999923706055,51.53333282470703,51.9900016784668,5169600
2005-05-13,28.0238094329834,28.0238094329834,51.663333892822266,51.119998931884766,51.58333206176758,2818800
2005-05-16,28.136632919311523,28.136632919311523,51.58000183105469,51.13666534423828,51.150001525878906,4869000
2005-05-17,28.132991790771484,28.132991790771484,51.59333419799805,51.133331298828125,51.18333435058594,3548100
2005-05-18,28.451444625854492,28.451444625854492,52.253334045410156,51.50666809082031,51.54999923706055,3137100
2005-05-19,28.471454620361328,28.471454620361328,52.163333892822266,51.93333435058594,51.973331451416016,1799400
2005-05-20,28.351354598999023,28.351354598999023,51.959999084472656,51.63999938964844,51.83333206176758,2433900
2005-05-23,28.58609962463379,28.58609962463379,52.426666259765625,52.003334045410156,52.06666564941406,3382800
2005-05-24,28.51148796081543,28.51148796081543,52.293331146240234,52.11000061035156,52.25,3470400
2005-05-25,28.43325424194336,28.43325424194336,52.1966667175293,51.926666259765625,52.1966667175293,3068400
2005-05-26,28.451444625854492,28.451444625854492,52.15999984741211,51.96666717529297,52.00666809082031,3284700
2005-05-27,28.569725036621094,28.569725036621094,52.36333465576172,52.09333419799805,52.18333435058594,2327100
2005-05-31,28.196687698364258,28.196687698364258,51.99333190917969,51.599998474121094,51.96333312988281,5366100
2005-06-01,28.367721557617188,28.367721557617188,52.116668701171875,51.686668395996094,51.686668395996094,2512500
2005-06-02,28.60975456237793,28.60975456237793,52.41666793823242,52.03666687011719,52.086666107177734,1892400
2005-06-03,28.34226417541504,28.34226417541504,52.313331604003906,51.82666778564453,52.21666717529297,1814700
2005-06-06,28.529695510864258,28.529695510864258,52.29666519165039,52.10333251953125,52.206668853759766,1891500
2005-06-07,28.675268173217773,28.675268173217773,52.73666763305664,52.44333267211914,52.473331451416016,3360600
2005-06-08,28.569725036621094,28.569725036621094,52.87666702270508,52.28333282470703,52.81666564941406,4509600
2005-06-09,28.68254852294922,28.68254852294922,52.599998474121094,52.130001068115234,52.18000030517578,2432300
2005-06-10,28.5733642578125,28.5733642578125,52.65999984741211,52.08000183105469,52.630001068115234,3986200
2005-06-13,28.475107192993164,28.475107192993164,52.209999084472656,51.849998474121094,51.959999084472656,1466900
2005-06-14,28.442333221435547,28.442333221435547,52.2599983215332,52.02000045776367,52.119998931884766,1955100
2005-06-15,28.611583709716797,28.611583709716797,52.5,52.099998474121094,52.349998474121094,3046500
2005-06-16,28.704383850097656,28.704383850097656,52.70000076293945,52.36000061035156,52.599998474121094,4516400
2005-06-17,29.135662078857422,29.135662078857422,53.439998626708984,53.060001373291016,53.06999969482422,2686500
2005-06-20,28.862701416015625,28.862701416015625,53.029998779296875,52.58000183105469,52.869998931884766,1714000
2005-06-21,29.08106231689453,29.08106231689453,53.279998779296875,52.75,52.869998931884766,1552400
2005-06-22,28.99372100830078,28.99372100830078,53.2400016784668,52.95000076293945,53.150001525878906,1439300
2005-06-23,28.666168212890625,28.666168212890625,53.060001373291016,52.470001220703125,52.95000076293945,2070900
2005-06-24,28.66071319580078,28.66071319580078,52.72999954223633,52.45000076293945,52.689998626708984,1790800
2005-06-27,28.595197677612305,28.595197677612305,52.54999923706055,52.2599983215332,52.380001068115234,2304000
2005-06-28,28.75897216796875,28.75897216796875,52.79999923706055,52.349998474121094,52.349998474121094,1779500
2005-06-29,28.638872146606445,28.638872146606445,52.75,52.400001525878906,52.540000915527344,4981800
2005-06-30,28.60066032409668,28.60066032409668,52.72999954223633,52.22999954223633,52.5099983215332,2959400
2005-07-01,28.562440872192383,28.562440872192383,52.650001525878906,52.27000045776367,52.45000076293945,2779400
2005-07-05,28.595197677612305,28.595197677612305,52.45000076293945,51.95000076293945,51.95000076293945,3690000
2005-07-06,28.51877212524414,28.51877212524414,52.5099983215332,52.119998931884766,52.349998474121094,1836900
2005-07-07,28.36045265197754,28.36045265197754,52.099998474121094,51.2400016784668,51.279998779296875,4927400
2005-07-08,28.742597579956055,28.742597579956055,52.650001525878906,51.95000076293945,52.029998779296875,4205300
2005-07-11,28.95005226135254,28.95005226135254,53.150001525878906,52.650001525878906,52.790000915527344,2530600
2005-07-12,29.25031089782715,29.25031089782715,53.689998626708984,53.20000076293945,53.380001068115234,1680200
2005-07-13,29.015554428100586,29.015554428100586,53.29999923706055,52.9900016784668,53.18000030517578,5145700
2005-07-14,29.09745216369629,29.09745216369629,53.61000061035156,53.2400016784668,53.459999084472656,2711100
2005-07-15,29.02102279663086,29.02102279663086,53.310001373291016,53.0099983215332,53.099998474121094,2391700
2005-07-18,28.93913459777832,28.93913459777832,53.27000045776367,53.0,53.150001525878906,1931900
2005-07-19,29.0046329498291,29.0046329498291,53.25,52.79999923706055,52.88999938964844,1868000
2005-07-20,29.201169967651367,29.201169967651367,53.709999084472656,52.7599983215332,53.099998474121094,2667900
2005-07-21,29.26122283935547,29.26122283935547,53.91999816894531,53.33000183105469,53.68000030517578,2875400
2005-07-22,29.23392105102539,29.23392105102539,53.630001068115234,53.25,53.630001068115234,1609300
2005-07-25,29.15203094482422,29.15203094482422,53.540000915527344,53.310001373291016,53.380001068115234,2713700
2005-07-26,29.0646915435791,29.0646915435791,53.41999816894531,53.15999984741211,53.279998779296875,2755800
2005-07-27,29.397706985473633,29.397706985473633,53.88999938964844,53.40999984741211,53.61000061035156,2259700
2005-07-28,29.599689483642578,29.599689483642578,54.2599983215332,53.7599983215332,53.91999816894531,3058500
2005-07-29,29.457748413085938,29.457748413085938,54.220001220703125,53.900001525878906,54.130001068115234,3734500
2005-08-01,29.747087478637695,29.747087478637695,54.65999984741211,54.38999938964844,54.59000015258789,4786100
2005-08-02,29.959993362426758,29.959993362426758,54.9900016784668,54.70000076293945,54.79999923706055,2443700
2005-08-03,30.183820724487305,30.183820724487305,55.31999969482422,55.02000045776367,55.099998474121094,1682100
2005-08-04,29.938161849975586,29.938161849975586,55.279998779296875,54.83000183105469,54.959999084472656,2716800
2005-08-05,29.828981399536133,29.828981399536133,54.90999984741211,54.41999816894531,54.90999984741211,1971000
2005-08-08,29.899946212768555,29.899946212768555,55.11000061035156,54.70000076293945,55.099998474121094,2064000
2005-08-09,30.282085418701172,30.282085418701172,55.540000915527344,55.099998474121094,55.16999816894531,2101000
2005-08-10,30.489538192749023,30.489538192749023,56.279998779296875,55.70000076293945,56.029998779296875,1998200
2005-08-11,30.980863571166992,30.980863571166992,56.779998779296875,56.31999969482422,56.31999969482422,1175700
2005-08-12,30.789796829223633,30.789796829223633,56.599998474121094,56.20000076293945,56.400001525878906,1606600
2005-08-15,30.84439468383789,30.84439468383789,56.61000061035156,56.25,56.29999923706055,1636600
2005-08-16,30.511371612548828,30.511371612548828,56.29999923706055,55.810001373291016,56.29999923706055,2163600
2005-08-17,30.434938430786133,30.434938430786133,55.9900016784668,55.70000076293945,55.72999954223633,2994700
2005-08-18,30.10739517211914,30.10739517211914,55.31999969482422,55.04999923706055,55.31999969482422,1395300
2005-08-19,30.25478744506836,30.25478744506836,55.599998474121094,55.36000061035156,55.439998626708984,920400
2005-08-22,30.587800979614258,30.587800979614258,56.20000076293945,55.810001373291016,55.95000076293945,1383500
2005-08-23,30.456785202026367,30.456785202026367,55.849998474121094,55.5,55.54999923706055,1682000
2005-08-24,30.13469886779785,30.13469886779785,55.7400016784668,55.20000076293945,55.599998474121094,1171500
2005-08-25,30.24933433532715,30.24933433532715,55.619998931884766,55.369998931884766,55.470001220703125,1069700
2005-08-26,30.15105628967285,30.15105628967285,55.68000030517578,55.15999984741211,55.59000015258789,2065900
2005-08-29,30.13469886779785,30.13469886779785,55.25,54.90999984741211,55.0,1701500
2005-08-30,30.047344207763672,30.047344207763672,55.040000915527344,54.709999084472656,54.97999954223633,1669300
2005-08-31,30.587800979614258,30.587800979614258,56.04999923706055,55.20000076293945,55.27000045776367,2073600
2005-09-01,30.95356559753418,30.95356559753418,56.880001068115234,56.41999816894531,56.470001220703125,2482600
2005-09-02,31.0627498626709,31.0627498626709,57.040000915527344,56.79999923706055,56.880001068115234,2426400
2005-09-06,31.44489288330078,31.44489288330078,57.68000030517578,57.310001373291016,57.400001525878906,1571100
2005-09-07,31.357540130615234,31.357540130615234,57.5,57.189998626708984,57.290000915527344,2873600
2005-09-08,31.117351531982422,31.117351531982422,57.220001220703125,56.91999816894531,57.16999816894531,1847100
2005-09-09,31.526769638061523,31.526769638061523,57.83000183105469,57.400001525878906,57.470001220703125,1313600
2005-09-12,31.2811222076416,31.2811222076416,57.470001220703125,57.27000045776367,57.36000061035156,1162200
2005-09-13,31.068199157714844,31.068199157714844,57.150001525878906,56.81999969482422,57.08000183105469,2819700
2005-09-14,31.09004783630371,31.09004783630371,57.25,56.91999816894531,57.08000183105469,1404200
2005-09-15,31.111886978149414,31.111886978149414,57.150001525878906,56.90999984741211,57.150001525878906,2431700
2005-09-16,31.46126365661621,31.46126365661621,57.650001525878906,57.209999084472656,57.380001068115234,1952800
2005-09-19,31.25381851196289,31.25381851196289,57.34000015258789,57.060001373291016,57.34000015258789,3151000
2005-09-20,31.13918113708496,31.13918113708496,57.650001525878906,56.900001525878906,57.5,1926100
2005-09-21,31.17193031311035,31.17193031311035,57.47999954223633,57.0099983215332,57.439998626708984,2342400
2005-09-22,31.13918113708496,31.13918113708496,57.119998931884766,56.77000045776367,57.04999923706055,2868600
2005-09-23,31.008155822753906,31.008155822753906,56.970001220703125,56.650001525878906,56.83000183105469,2273500
2005-09-26,31.346630096435547,31.346630096435547,57.56999969482422,57.189998626708984,57.31999969482422,3019800
2005-09-27,31.22652816772461,31.22652816772461,57.400001525878906,56.93000030517578,57.150001525878906,1901900
2005-09-28,31.548614501953125,31.548614501953125,57.88999938964844,57.560001373291016,57.70000076293945,3054500
2005-09-29,31.92530632019043,31.92530632019043,58.56999969482422,57.880001068115234,57.970001220703125,2540400
2005-09-30,31.717853546142578,31.717853546142578,58.220001220703125,57.869998931884766,57.970001220703125,2702900
2005-10-03,31.608665466308594,31.608665466308594,58.0,57.72999954223633,57.91999816894531,1985900
2005-10-04,31.40122413635254,31.40122413635254,58.209999084472656,57.5099983215332,57.9900016784668,2071900
2005-10-05,31.128257751464844,31.128257751464844,57.650001525878906,56.9900016784668,57.599998474121094,2813000
2005-10-06,30.980863571166992,30.980863571166992,57.18000030517578,56.33000183105469,57.0,3380300
2005-10-07,31.09004783630371,31.09004783630371,57.08000183105469,56.79999923706055,57.0,1555800
2005-10-10,30.937185287475586,30.937185287475586,57.04999923706055,56.5099983215332,56.9900016784668,1096400
2005-10-11,30.975406646728516,30.975406646728516,57.130001068115234,56.65999984741211,57.060001373291016,1497800
2005-10-12,30.7679500579834,30.7679500579834,56.93000030517578,56.22999954223633,56.849998474121094,3101400
2005-10-13,30.702442169189453,30.702442169189453,56.33000183105469,55.619998931884766,55.93000030517578,2196500
2005-10-14,30.991792678833008,30.991792678833008,56.84000015258789,56.15999984741211,56.310001373291016,1748600
2005-10-17,30.680614471435547,30.680614471435547,56.33000183105469,56.0099983215332,56.2400016784668,2955500
2005-10-18,30.32577133178711,30.32577133178711,55.849998474121094,55.470001220703125,55.7599983215332,3051300
2005-10-19,30.57142448425293,30.57142448425293,56.0,54.88999938964844,54.95000076293945,2472800
2005-10-20,29.872652053833008,29.872652053833008,55.459999084472656,54.54999923706055,55.439998626708984,2368500
2005-10-21,30.0036678314209,30.0036678314209,55.33000183105469,54.779998779296875,55.15999984741211,1385300
2005-10-24,30.473155975341797,30.473155975341797,55.83000183105469,55.150001525878906,55.220001220703125,2223400
2005-10-25,30.505916595458984,30.505916595458984,56.13999938964844,55.59000015258789,55.880001068115234,2192200
2005-10-26,30.45132064819336,30.45132064819336,56.25,55.70000076293945,55.95000076293945,3255800
2005-10-27,30.391277313232422,30.391277313232422,56.29999923706055,55.599998474121094,56.25,1573000
2005-10-28,30.6533145904541,30.6533145904541,56.20000076293945,55.56999969482422,55.79999923706055,3726800
2005-10-31,30.70790672302246,30.70790672302246,56.619998931884766,56.20000076293945,56.349998474121094,4862900
2005-11-01,30.96994400024414,30.96994400024414,56.84000015258789,56.5,56.689998626708984,2795300
2005-11-02,31.395761489868164,31.395761489868164,57.5099983215332,56.63999938964844,56.650001525878906,3075900
2005-11-03,31.379379272460938,31.379379272460938,57.70000076293945,57.279998779296875,57.58000183105469,2471300
2005-11-04,31.09004783630371,31.09004783630371,57.459999084472656,56.709999084472656,57.41999816894531,1951400
2005-11-07,31.270200729370117,31.270200729370117,57.34000015258789,56.900001525878906,57.04999923706055,1630300
2005-11-08,31.19377326965332,31.19377326965332,57.25,56.91999816894531,57.040000915527344,3971600
2005-11-09,31.17193031311035,31.17193031311035,57.20000076293945,56.720001220703125,56.869998931884766,3981500
2005-11-10,31.133726119995117,31.133726119995117,57.130001068115234,56.599998474121094,57.0,2539600
2005-11-11,31.297496795654297,31.297496795654297,57.36000061035156,56.9900016784668,56.9900016784668,1850000
2005-11-14,31.111886978149414,31.111886978149414,57.22999954223633,56.77000045776367,57.22999954223633,2313900
2005-11-15,30.942655563354492,30.942655563354492,56.900001525878906,56.040000915527344,56.65999984741211,2382200
2005-11-16,30.888059616088867,30.888059616088867,56.59000015258789,56.33000183105469,56.47999954223633,1761000
2005-11-17,31.417587280273438,31.417587280273438,57.54999923706055,57.0,57.0,2169700
2005-11-18,31.63596534729004,31.63596534729004,57.95000076293945,57.369998931884766,57.790000915527344,5674400
2005-11-21,31.679641723632812,31.679641723632812,58.09000015258789,57.68000030517578,57.9900016784668,2170100
2005-11-22,31.783367156982422,31.783367156982422,58.2599983215332,57.43000030517578,57.529998779296875,2834400
2005-11-23,31.936222076416016,31.936222076416016,58.54999923706055,58.13999938964844,58.20000076293945,3026800
2005-11-25,31.6304988861084,31.6304988861084,58.25,57.849998474121094,58.13999938964844,2582900
2005-11-28,31.712390899658203,31.712390899658203,58.2400016784668,57.849998474121094,58.119998931884766,3798500
2005-11-29,31.66326332092285,31.66326332092285,58.209999084472656,57.900001525878906,58.16999816894531,2672700
2005-11-30,31.417587280273438,31.417587280273438,57.93000030517578,57.439998626708984,57.880001068115234,4958500
2005-12-01,32.0072021484375,32.0072021484375,58.650001525878906,58.099998474121094,58.16999816894531,2846500
2005-12-02,32.127288818359375,32.127288818359375,58.86000061035156,58.45000076293945,58.66999816894531,2407900
2005-12-05,32.26923751831055,32.26923751831055,59.209999084472656,58.70000076293945,59.209999084472656,1974800
2005-12-06,32.367496490478516,32.367496490478516,59.59000015258789,59.0099983215332,59.209999084472656,2462800
2005-12-07,32.15458679199219,32.15458679199219,59.22999954223633,58.689998626708984,59.209999084472656,2433700
2005-12-08,32.14912414550781,32.14912414550781,59.279998779296875,58.65999984741211,58.88999938964844,6019200
2005-12-09,32.47121047973633,32.47121047973633,59.540000915527344,59.20000076293945,59.25,2044400
2005-12-12,32.880653381347656,32.880653381347656,60.25,60.0,60.13999938964844,2521200
2005-12-13,33.03897476196289,33.03897476196289,60.599998474121094,60.0099983215332,60.15999984741211,2861000
2005-12-14,33.0225944519043,33.0225944519043,60.619998931884766,60.29999923706055,60.400001525878906,1811000
2005-12-15,32.71688461303711,32.71688461303711,60.279998779296875,59.77000045776367,60.279998779296875,5016800
2005-12-16,32.97346496582031,32.97346496582031,60.599998474121094,60.29999923706055,60.400001525878906,2155700
2005-12-19,32.91341781616211,32.91341781616211,60.66999816894531,60.20000076293945,60.66999816894531,2335400
2005-12-20,32.91887664794922,32.91887664794922,60.45000076293945,60.13999938964844,60.41999816894531,3313900
2005-12-21,33.07718276977539,33.07718276977539,60.650001525878906,60.279998779296875,60.58000183105469,4912400
2005-12-22,33.26826095581055,33.26826095581055,60.95000076293945,59.59000015258789,60.689998626708984,2659000
2005-12-23,33.25157928466797,33.25157928466797,59.79999923706055,59.5099983215332,59.58000183105469,2142700
2005-12-27,32.94575881958008,32.94575881958008,59.900001525878906,59.119998931884766,59.900001525878906,3543800
2005-12-28,33.184852600097656,33.184852600097656,60.0,59.52000045776367,59.84000015258789,3248600
2005-12-29,33.19597625732422,33.19597625732422,59.9900016784668,59.619998931884766,59.79999923706055,6123300
2005-12-30,33.045841217041016,33.045841217041016,59.470001220703125,59.04999923706055,59.349998474121094,4236600
2006-01-03,34.152366638183594,34.152366638183594,61.470001220703125,60.279998779296875,60.5,7778500
2006-01-04,34.43594741821289,34.43594741821289,61.970001220703125,61.540000915527344,61.650001525878906,5231500
2006-01-05,34.26359558105469,34.26359558105469,61.72999954223633,61.47999954223633,61.619998931884766,4953800
2006-01-06,34.72510528564453,34.72510528564453,62.5,61.9900016784668,62.15999984741211,5326600
2006-01-09,34.741783142089844,34.741783142089844,62.47999954223633,62.189998626708984,62.369998931884766,3057200
2006-01-10,34.430397033691406,34.430397033691406,61.91999816894531,61.4900016784668,61.4900016784668,3608400
2006-01-11,34.72510528564453,34.72510528564453,62.47999954223633,61.88999938964844,61.88999938964844,4077000
2006-01-12,34.44152069091797,34.44152069091797,62.25,61.81999969482422,62.099998474121094,3438400
2006-01-13,34.57497024536133,34.57497024536133,62.86000061035156,61.75,61.790000915527344,2582100
2006-01-17,34.14125442504883,34.14125442504883,61.40999984741211,61.06999969482422,61.189998626708984,3501700
2006-01-18,33.67972946166992,33.67972946166992,60.86000061035156,60.27000045776367,60.66999816894531,3444800
2006-01-19,34.063419342041016,34.063419342041016,61.34000015258789,60.86000061035156,60.93000030517578,5194300
2006-01-20,33.54629135131836,33.54629135131836,61.45000076293945,60.209999084472656,61.400001525878906,5101100
2006-01-23,34.013370513916016,34.013370513916016,61.2599983215332,60.86000061035156,60.970001220703125,5957000
2006-01-24,34.18574142456055,34.18574142456055,61.779998779296875,61.15999984741211,61.220001220703125,3037100
2006-01-25,34.302513122558594,34.302513122558594,61.849998474121094,61.400001525878906,61.70000076293945,3563000
2006-01-26,34.70841598510742,34.70841598510742,62.59000015258789,62.119998931884766,62.220001220703125,3474100
2006-01-27,34.89191436767578,34.89191436767578,63.08000183105469,62.45000076293945,62.88999938964844,3571300
2006-01-30,34.91971206665039,34.91971206665039,62.849998474121094,62.619998931884766,62.720001220703125,3050100
2006-01-31,34.95308303833008,34.95308303833008,63.220001220703125,62.70000076293945,62.86000061035156,3681800
2006-02-01,35.05873107910156,35.05873107910156,63.209999084472656,62.83000183105469,62.880001068115234,4100900
2006-02-02,34.66393280029297,34.66393280029297,62.9900016784668,62.25,62.77000045776367,4136500
2006-02-03,34.57497024536133,34.57497024536133,62.45000076293945,61.81999969482422,61.93000030517578,7103400
2006-02-06,34.52491760253906,34.52491760253906,62.36000061035156,61.88999938964844,62.36000061035156,2528900
2006-02-07,34.26914596557617,34.26914596557617,62.130001068115234,61.43000030517578,62.02000045776367,3779000
2006-02-08,34.39147186279297,34.39147186279297,61.9900016784668,61.279998779296875,61.5,4463400
2006-02-09,34.45820999145508,34.45820999145508,62.4900016784668,61.880001068115234,62.119998931884766,3885000
2006-02-10,34.3803596496582,34.3803596496582,62.20000076293945,61.4900016784668,62.18000030517578,2125000
2006-02-13,34.14125442504883,34.14125442504883,61.599998474121094,61.25,61.29999923706055,3482600
2006-02-14,34.519371032714844,34.519371032714844,62.9900016784668,61.27000045776367,61.29999923706055,3066500
2006-02-15,34.20798110961914,34.20798110961914,62.0,61.27000045776367,61.709999084472656,6430600
2006-02-16,34.536048889160156,34.536048889160156,62.150001525878906,61.470001220703125,61.58000183105469,2418100
2006-02-17,34.43594741821289,34.43594741821289,62.130001068115234,61.54999923706055,61.650001525878906,6936300
2006-02-21,34.44152069091797,34.44152069091797,62.290000915527344,61.849998474121094,62.150001525878906,2872600
2006-02-22,34.702857971191406,34.702857971191406,62.5,61.93000030517578,62.099998474121094,6620200
2006-02-23,34.79183578491211,34.79183578491211,62.83000183105469,62.40999984741211,62.72999954223633,3203900
2006-02-24,34.90859603881836,34.90859603881836,62.869998931884766,62.59000015258789,62.70000076293945,3580600
2006-02-27,35.03092575073242,35.03092575073242,63.150001525878906,62.83000183105469,62.91999816894531,2755700
2006-02-28,34.70841598510742,34.70841598510742,62.84000015258789,62.400001525878906,62.779998779296875,11384100
2006-03-01,35.064292907714844,35.064292907714844,63.150001525878906,62.68000030517578,62.869998931884766,4076900
2006-03-02,34.9975700378418,34.9975700378418,62.95000076293945,62.40999984741211,62.650001525878906,2822200
2006-03-03,34.85299301147461,34.85299301147461,62.970001220703125,62.380001068115234,62.47999954223633,5237600
2006-03-06,34.719539642333984,34.719539642333984,62.90999984741211,62.310001373291016,62.90999984741211,2946500
2006-03-07,34.29694747924805,34.29694747924805,62.400001525878906,61.5099983215332,61.75,3858200
2006-03-08,34.41371154785156,34.41371154785156,61.97999954223633,61.36000061035156,61.5099983215332,2873700
2006-03-09,34.37479782104492,34.37479782104492,62.31999969482422,61.810001373291016,62.18000030517578,4765700
2006-03-10,34.89747619628906,34.89747619628906,62.810001373291016,61.90999984741211,62.119998931884766,3744300
2006-03-13,35.186622619628906,35.186622619628906,63.29999923706055,63.0,63.119998931884766,2515800
2006-03-14,35.55916976928711,35.55916976928711,64.05000305175781,63.150001525878906,63.25,3769000
2006-03-15,35.68706512451172,35.68706512451172,64.20999908447266,63.72999954223633,64.05999755859375,5171500
2006-03-16,35.8038330078125,35.8038330078125,64.55999755859375,64.0199966430664,64.0999984741211,3464200
2006-03-17,35.97620391845703,35.97620391845703,64.69999694824219,64.30999755859375,64.5999984741211,2797000
2006-03-20,36.04849624633789,36.04849624633789,65.04000091552734,64.63999938964844,65.01000213623047,2259000
2006-03-21,35.675941467285156,35.675941467285156,64.6500015258789,64.05000305175781,64.52999877929688,4341300
2006-03-22,36.00957489013672,36.00957489013672,64.9000015258789,64.37000274658203,64.4800033569336,3161400
2006-03-23,35.57585144042969,35.57585144042969,64.44000244140625,63.77000045776367,64.4000015258789,5467700
2006-03-24,35.859458923339844,35.859458923339844,64.5199966430664,63.939998626708984,64.06999969482422,3362600
2006-03-27,35.798274993896484,35.798274993896484,64.47000122070312,64.0999984741211,64.36000061035156,4893200
2006-03-28,35.453514099121094,35.453514099121094,64.5199966430664,63.650001525878906,64.33999633789062,3977600
2006-03-29,35.92060089111328,35.92060089111328,64.68000030517578,63.970001220703125,64.05000305175781,2738000
2006-03-30,36.35431671142578,36.35431671142578,65.5199966430664,64.86000061035156,64.87000274658203,5073200
2006-03-31,36.09852981567383,36.09852981567383,65.11000061035156,64.81999969482422,65.05000305175781,5380100
2006-04-03,36.493324279785156,36.493324279785156,65.86000061035156,65.12000274658203,65.18000030517578,6945100
2006-04-04,36.78247833251953,36.78247833251953,66.16999816894531,65.73999786376953,65.80000305175781,3560600
2006-04-05,36.904808044433594,36.904808044433594,66.58000183105469,66.05000305175781,66.16999816894531,3615600
2006-04-06,36.93817901611328,36.93817901611328,66.69999694824219,66.1500015258789,66.44999694824219,2806400
2006-04-07,36.51556396484375,36.51556396484375,66.86000061035156,65.51000213623047,66.41999816894531,4531900
2006-04-10,36.582305908203125,36.582305908203125,65.94999694824219,65.62999725341797,65.8499984741211,3222100
2006-04-11,36.337642669677734,36.337642669677734,65.9000015258789,65.1500015258789,65.8499984741211,5924600
2006-04-12,36.159698486328125,36.159698486328125,65.31999969482422,64.87000274658203,65.16000366210938,6929500
2006-04-13,36.25423049926758,36.25423049926758,65.27999877929688,64.87999725341797,64.97000122070312,3974900
2006-04-17,36.421043395996094,36.421043395996094,65.7699966430664,65.31999969482422,65.56999969482422,2309400
2006-04-18,37.16614532470703,37.16614532470703,66.8499984741211,65.6500015258789,66.06999969482422,4494100
2006-04-19,37.42192459106445,37.42192459106445,67.33000183105469,66.48999786376953,66.62000274658203,3753900
2006-04-20,37.2551155090332,37.2551155090332,67.19999694824219,66.80999755859375,66.9800033569336,6370500
2006-04-21,37.505340576171875,37.505340576171875,67.6500015258789,67.11000061035156,67.44999694824219,2464500
2006-04-24,37.54426574707031,37.54426574707031,67.63999938964844,67.13999938964844,67.37999725341797,1778000
2006-04-25,37.52202224731445,37.52202224731445,67.8499984741211,67.2300033569336,67.69999694824219,4088800
2006-04-26,37.755550384521484,37.755550384521484,67.97000122070312,67.6500015258789,67.75,4610400
2006-04-27,37.82228088378906,37.82228088378906,68.30000305175781,67.13999938964844,67.13999938964844,3101300
2006-04-28,37.82783889770508,37.82783889770508,68.27999877929688,67.22000122070312,67.8499984741211,3910500
2006-05-01,37.8111572265625,37.8111572265625,68.77999877929688,67.91000366210938,68.69999694824219,3377000
2006-05-02,38.38945388793945,38.38945388793945,69.04000091552734,68.69000244140625,68.81999969482422,6046400
2006-05-03,38.161468505859375,38.161468505859375,68.81999969482422,65.75,68.77999877929688,4595600
2006-05-04,38.4561767578125,38.4561767578125,69.23999786376953,68.55000305175781,68.62999725341797,2996100
2006-05-05,39.04558181762695,39.04558181762695,70.23999786376953,69.19999694824219,69.6500015258789,3404600
2006-05-08,39.01222610473633,39.01222610473633,70.4000015258789,70.0199966430664,70.4000015258789,3313400
2006-05-09,39.245750427246094,39.245750427246094,70.63999938964844,70.2300033569336,70.31999969482422,3747200
2006-05-10,39.123435974121094,39.123435974121094,70.6500015258789,70.13999938964844,70.3499984741211,4080100
2006-05-11,38.7286491394043,38.7286491394043,70.4000015258789,69.45999908447266,70.33000183105469,6549900
2006-05-12,38.22819137573242,38.22819137573242,69.61000061035156,68.61000061035156,69.41999816894531,5935200
2006-05-15,37.90012741088867,37.90012741088867,68.38999938964844,67.62999725341797,67.87000274658203,5947000
2006-05-16,37.844520568847656,37.844520568847656,68.37000274658203,67.68000030517578,68.27999877929688,2687500
2006-05-17,36.63789749145508,36.63789749145508,67.75,65.62000274658203,67.61000061035156,4996900
2006-05-18,36.52669906616211,36.52669906616211,66.72000122070312,65.52999877929688,66.23999786376953,5215300
2006-05-19,36.71018981933594,36.71018981933594,66.08999633789062,65.23999786376953,65.6500015258789,3712900
2006-05-22,35.903926849365234,35.903926849365234,64.91000366210938,63.93000030517578,64.3499984741211,5725300
2006-05-23,35.91504669189453,35.91504669189453,65.79000091552734,64.58999633789062,65.12000274658203,5083400
2006-05-24,35.89280319213867,35.89280319213867,64.7699966430664,63.75,64.66000366210938,4414000
2006-05-25,36.376564025878906,36.376564025878906,65.41999816894531,64.70999908447266,64.97000122070312,5204000
2006-05-26,36.6712646484375,36.6712646484375,66.0199966430664,65.3499984741211,65.94999694824219,5687200
2006-05-30,36.11521530151367,36.11521530151367,65.70999908447266,64.80000305175781,65.5,2933100
2006-05-31,36.38212966918945,36.38212966918945,65.55000305175781,64.97000122070312,65.33000183105469,5671700
2006-06-01,36.61566162109375,36.61566162109375,65.8499984741211,64.47000122070312,64.75,4111200
2006-06-02,36.97153091430664,36.97153091430664,66.77999877929688,66.05000305175781,66.63999938964844,4277800
2006-06-05,36.170833587646484,36.170833587646484,66.26000213623047,64.93000030517578,66.25,3549700
2006-06-06,35.731544494628906,35.731544494628906,64.61000061035156,63.70000076293945,64.55000305175781,4594400
2006-06-07,35.242225646972656,35.242225646972656,64.4000015258789,63.380001068115234,63.95000076293945,3892300
2006-06-08,34.46376419067383,34.46376419067383,62.150001525878906,61.09000015258789,62.04999923706055,12178100
2006-06-09,34.424842834472656,34.424842834472656,62.720001220703125,61.84000015258789,62.540000915527344,4961800
2006-06-12,34.1301383972168,34.1301383972168,62.470001220703125,61.310001373291016,62.29999923706055,3024300
2006-06-13,33.06252670288086,33.06252670288086,60.75,59.400001525878906,60.29999923706055,6131600
2006-06-14,33.54072570800781,33.54072570800781,60.72999954223633,59.849998474121094,60.40999984741211,5532100
2006-06-15,34.69729995727539,34.69729995727539,62.59000015258789,61.349998474121094,61.5099983215332,6355700
2006-06-16,34.41927719116211,34.41927719116211,62.2400016784668,61.7400016784668,62.13999938964844,4610800
2006-06-19,34.24690628051758,34.24690628051758,62.400001525878906,61.45000076293945,62.189998626708984,4358900
2006-06-20,34.452632904052734,34.452632904052734,62.29999923706055,61.599998474121094,61.849998474121094,3953400
2006-06-21,34.89747619628906,34.89747619628906,63.06999969482422,61.959999084472656,62.0,3138600
2006-06-22,34.7139778137207,34.7139778137207,63.650001525878906,62.16999816894531,62.63999938964844,4670300
2006-06-23,34.6139030456543,34.6139030456543,62.619998931884766,61.97999954223633,62.06999969482422,2508200
2006-06-26,34.88636016845703,34.88636016845703,62.77000045776367,62.22999954223633,62.47999954223633,2044000
2006-06-27,34.24135208129883,34.24135208129883,62.70000076293945,61.54999923706055,62.68000030517578,4121700
2006-06-28,34.63057327270508,34.63057327270508,62.349998474121094,61.810001373291016,62.099998474121094,4952700
2006-06-29,35.90947723388672,35.90947723388672,64.66999816894531,62.810001373291016,62.810001373291016,7741100
2006-06-30,36.35987091064453,36.35987091064453,65.41000366210938,64.93000030517578,65.27999877929688,5907200
2006-07-03,36.5489387512207,36.5489387512207,65.9000015258789,65.36000061035156,65.5,9164600
2006-07-05,35.85386657714844,35.85386657714844,64.94999694824219,64.19999694824219,64.9000015258789,6388500
2006-07-06,36.23199462890625,36.23199462890625,65.29000091552734,64.86000061035156,64.88999938964844,4385500
2006-07-07,36.06517791748047,36.06517791748047,65.58999633789062,64.8499984741211,65.44000244140625,3124800
2006-07-10,36.36544418334961,36.36544418334961,65.58999633789062,65.19000244140625,65.4000015258789,3957500
2006-07-11,36.46553039550781,36.46553039550781,65.6500015258789,64.69999694824219,65.1500015258789,4199400
2006-07-12,35.781593322753906,35.781593322753906,64.87999725341797,64.1500015258789,64.7699966430664,3154800
2006-07-13,35.15325927734375,35.15325927734375,63.900001525878906,63.099998474121094,63.75,4183900
2006-07-14,34.85299301147461,34.85299301147461,63.0,61.5,62.880001068115234,3555800
2006-07-17,34.363685607910156,34.363685607910156,62.0,61.560001373291016,61.630001068115234,2899700
2006-07-18,34.30807113647461,34.30807113647461,61.88999938964844,60.93000030517578,61.79999923706055,3659800
2006-07-19,35.15325927734375,35.15325927734375,63.4900016784668,61.38999938964844,63.4900016784668,5192700
2006-07-20,34.96420669555664,34.96420669555664,63.68000030517578,62.79999923706055,63.459999084472656,2644500
2006-07-21,34.96420669555664,34.96420669555664,63.349998474121094,62.79999923706055,63.27000045776367,3641900
2006-07-24,35.598087310791016,35.598087310791016,64.05999755859375,63.130001068115234,63.18000030517578,3025500
2006-07-25,35.58696746826172,35.58696746826172,64.31999969482422,63.619998931884766,64.05999755859375,4507400
2006-07-26,35.83719253540039,35.83719253540039,64.61000061035156,63.7400016784668,63.91999816894531,3045900
2006-07-27,36.05961608886719,36.05961608886719,65.52999877929688,64.58000183105469,65.41000366210938,4190200
2006-07-28,36.78247833251953,36.78247833251953,66.1500015258789,65.41000366210938,65.44999694824219,3029200
2006-07-31,36.65458297729492,36.65458297729492,66.0,65.75,65.94000244140625,3475500
2006-08-01,36.3988037109375,36.3988037109375,65.6500015258789,64.9800033569336,65.5,3778900
2006-08-02,36.79914474487305,36.79914474487305,66.3499984741211,65.81999969482422,65.81999969482422,3247200
2006-08-03,36.737998962402344,36.737998962402344,66.25,65.4000015258789,65.4800033569336,3939100
2006-08-04,36.76578903198242,36.76578903198242,66.80000305175781,65.87999725341797,66.54000091552734,4047200
2006-08-07,36.537811279296875,36.537811279296875,65.87999725341797,65.5,65.63999938964844,2061800
2006-08-08,36.40993118286133,36.40993118286133,66.20999908447266,65.31999969482422,65.69999694824219,2627000
2006-08-09,36.587867736816406,36.587867736816406,66.66999816894531,65.77999877929688,66.37000274658203,3065500
2006-08-10,36.6712646484375,36.6712646484375,65.97000122070312,65.47000122070312,65.7300033569336,3848800
2006-08-11,36.35431671142578,36.35431671142578,65.6500015258789,65.22000122070312,65.43000030517578,1996200
2006-08-14,36.47665023803711,36.47665023803711,66.1500015258789,65.58999633789062,65.88999938964844,2221000
2006-08-15,37.266239166259766,37.266239166259766,67.1500015258789,66.68000030517578,66.80000305175781,2887400
2006-08-16,37.60541915893555,37.60541915893555,67.69999694824219,67.37000274658203,67.55000305175781,2618500
2006-08-17,37.46641540527344,37.46641540527344,67.80000305175781,67.25,67.55000305175781,2464400
2006-08-18,37.62211608886719,37.62211608886719,67.68000030517578,67.16999816894531,67.55000305175781,2019400
2006-08-21,37.505340576171875,37.505340576171875,67.80000305175781,67.44000244140625,67.52999877929688,3163500
2006-08-22,37.39967727661133,37.39967727661133,67.4800033569336,67.0,67.19999694824219,2552400
2006-08-23,37.266239166259766,37.266239166259766,67.5999984741211,66.9000015258789,67.44999694824219,2570600
2006-08-24,37.160587310791016,37.160587310791016,67.38999938964844,66.66000366210938,67.3499984741211,2849700
2006-08-25,37.13277816772461,37.13277816772461,66.97000122070312,66.62999725341797,66.81999969482422,3690800
2006-08-28,37.288475036621094,37.288475036621094,67.30000305175781,66.76000213623047,66.83000183105469,3573200
2006-08-29,37.5887336730957,37.5887336730957,67.68000030517578,66.9800033569336,67.45999908447266,3565000
2006-08-30,37.5887336730957,37.5887336730957,67.87999725341797,67.4800033569336,67.87999725341797,5866400
2006-08-31,37.5887336730957,37.5887336730957,67.95999908447266,67.5,67.95999908447266,5035800
2006-09-01,37.86676025390625,37.86676025390625,68.22000122070312,67.75,67.81999969482422,2611300
2006-09-05,38.06694412231445,38.06694412231445,68.5199966430664,68.12000274658203,68.37999725341797,3383200
2006-09-06,37.42748260498047,37.42748260498047,67.69000244140625,67.2300033569336,67.68000030517578,3474200
2006-09-07,36.97709655761719,36.97709655761719,66.93000030517578,66.36000061035156,66.5999984741211,3539200
2006-09-08,36.98820114135742,36.98820114135742,66.66000366210938,66.36000061035156,66.4800033569336,2230400
2006-09-11,36.76578903198242,36.76578903198242,66.4000015258789,65.77999877929688,66.13999938964844,3626400
2006-09-12,37.188385009765625,37.188385009765625,66.97000122070312,66.25,66.37999725341797,3787600
2006-09-13,37.116111755371094,37.116111755371094,66.94999694824219,66.4800033569336,66.5999984741211,2231000
2006-09-14,37.16614532470703,37.16614532470703,66.95999908447266,66.72000122070312,66.87999725341797,2314600
2006-09-15,37.08829879760742,37.08829879760742,67.05000305175781,66.5199966430664,67.02999877929688,3204300
2006-09-18,37.243995666503906,37.243995666503906,67.0999984741211,66.54000091552734,66.5999984741211,3239400
2006-09-19,36.89925765991211,36.89925765991211,66.94999694824219,66.0,66.9000015258789,2981300
2006-09-20,37.26068115234375,37.26068115234375,67.23999786376953,66.8499984741211,66.9000015258789,2951400
2006-09-21,37.349647521972656,37.349647521972656,67.51000213623047,67.02999877929688,67.47000122070312,3259600
2006-09-22,37.16614532470703,37.16614532470703,67.30999755859375,66.70999908447266,67.30999755859375,2685200
2006-09-25,37.32184600830078,37.32184600830078,67.23999786376953,66.25,67.0,6174600
2006-09-26,37.410804748535156,37.410804748535156,67.30000305175781,66.80000305175781,66.80000305175781,4046900
2006-09-27,37.6499137878418,37.6499137878418,67.79000091552734,67.4800033569336,67.5,3299600
2006-09-28,37.755550384521484,37.755550384521484,68.0,67.62000274658203,67.87000274658203,3508000
2006-09-29,37.672149658203125,37.672149658203125,67.9000015258789,67.66000366210938,67.8499984741211,6423000
2006-10-02,37.777793884277344,37.777793884277344,68.37000274658203,67.9000015258789,68.05000305175781,4369800
2006-10-03,37.8111572265625,37.8111572265625,68.22000122070312,67.61000061035156,67.7699966430664,4013800
2006-10-04,38.1725959777832,38.1725959777832,68.72000122070312,67.7699966430664,67.83000183105469,5653600
2006-10-05,38.217079162597656,38.217079162597656,68.79000091552734,68.12000274658203,68.66999816894531,6165000
2006-10-06,37.87789535522461,37.87789535522461,68.41000366210938,67.91999816894531,68.2699966430664,4727600
2006-10-09,37.90568923950195,37.90568923950195,68.22000122070312,67.86000061035156,67.95999908447266,1671700
2006-10-10,37.95017623901367,37.95017623901367,68.37999725341797,68.01000213623047,68.33000183105469,2482800
2006-10-11,37.92238235473633,37.92238235473633,68.5999984741211,67.95999908447266,68.12999725341797,2174200
2006-10-12,38.328277587890625,38.328277587890625,69.0199966430664,68.43000030517578,68.43000030517578,3457900
2006-10-13,38.39501190185547,38.39501190185547,69.0999984741211,68.68000030517578,68.87999725341797,2296200
2006-10-16,38.53957748413086,38.53957748413086,69.3499984741211,69.08000183105469,69.22000122070312,3775800
2006-10-17,38.30047607421875,38.30047607421875,69.0,68.55000305175781,68.98999786376953,2322400
2006-10-18,38.39501190185547,38.39501190185547,69.30999755859375,68.80000305175781,69.19000244140625,3554300
2006-10-19,38.68415451049805,38.68415451049805,69.69000244140625,69.20999908447266,69.27999877929688,4728700
2006-10-20,38.80649948120117,38.80649948120117,69.83999633789062,69.38999938964844,69.79000091552734,3792600
2006-10-23,38.83984375,38.83984375,69.93000030517578,69.25,69.33999633789062,2221500
2006-10-24,38.84541320800781,38.84541320800781,69.94999694824219,69.55999755859375,69.63999938964844,3483600
2006-10-25,39.11787033081055,39.11787033081055,70.44999694824219,69.87999725341797,69.94999694824219,3332400
2006-10-26,39.41814041137695,39.41814041137695,70.97000122070312,70.41000366210938,70.72000122070312,5856600
2006-10-27,39.14567565917969,39.14567565917969,70.76000213623047,70.30000305175781,70.69999694824219,5966100
2006-10-30,39.06227111816406,39.06227111816406,70.41000366210938,70.04000091552734,70.18000030517578,2264000
2006-10-31,39.08450698852539,39.08450698852539,70.4800033569336,70.08000183105469,70.18000030517578,2783000
2006-11-01,39.01778030395508,39.01778030395508,70.98999786376953,70.05999755859375,70.91999816894531,5579400
2006-11-02,39.162357330322266,39.162357330322266,70.47000122070312,70.12000274658203,70.19000244140625,3685800
2006-11-03,39.01222610473633,39.01222610473633,70.5,70.06999969482422,70.44999694824219,3242300
2006-11-06,39.59050369262695,39.59050369262695,71.22000122070312,70.51000213623047,70.63999938964844,5598700
2006-11-07,39.6349983215332,39.6349983215332,71.7699966430664,71.19000244140625,71.4000015258789,6005500
2006-11-08,39.64609909057617,39.64609909057617,71.4000015258789,70.8499984741211,70.9000015258789,3607400
2006-11-09,39.44594955444336,39.44594955444336,71.30000305175781,70.83000183105469,71.01000213623047,3768800
2006-11-10,39.60163116455078,39.60163116455078,71.30000305175781,71.05000305175781,71.25,4116400
2006-11-13,39.351409912109375,39.351409912109375,71.0199966430664,70.70999908447266,70.87999725341797,4064600
2006-11-14,39.78512191772461,39.78512191772461,71.58999633789062,70.87999725341797,71.44000244140625,6901700
2006-11-15,39.77400588989258,39.77400588989258,71.63999938964844,71.0,71.0999984741211,2810700
2006-11-16,39.69060516357422,39.69060516357422,71.44999694824219,71.18000030517578,71.41999816894531,3451900
2006-11-17,39.573829650878906,39.573829650878906,71.16999816894531,70.44999694824219,70.62000274658203,3346400
2006-11-20,39.2735595703125,39.2735595703125,70.73999786376953,70.44000244140625,70.54000091552734,3933700
2006-11-21,39.46818542480469,39.46818542480469,71.04000091552734,70.68000030517578,70.79000091552734,3291700
2006-11-22,39.85184860229492,39.85184860229492,71.69999694824219,71.38999938964844,71.55999755859375,4944600
2006-11-24,39.64055252075195,39.64055252075195,71.66999816894531,71.29000091552734,71.43000030517578,3341800
2006-11-27,39.31248092651367,39.31248092651367,71.5,70.62999725341797,71.44999694824219,4632000
2006-11-28,39.66279602050781,39.66279602050781,71.36000061035156,70.77999877929688,70.80000305175781,5369000
2006-11-29,40.113189697265625,40.113189697265625,72.16999816894531,71.73999786376953,71.94999694824219,4843500
2006-11-30,40.28556823730469,40.28556823730469,72.66000366210938,72.19000244140625,72.5,7728700
2006-12-01,40.23552322387695,40.23552322387695,72.56999969482422,71.83000183105469,72.54000091552734,4977800
2006-12-04,40.49687194824219,40.49687194824219,72.94999694824219,72.19999694824219,72.30000305175781,4143500
2006-12-05,40.7248420715332,40.7248420715332,73.30000305175781,72.80999755859375,72.94000244140625,13172300
2006-12-06,40.63588333129883,40.63588333129883,73.2300033569336,72.8499984741211,72.94999694824219,4641000
2006-12-07,40.774898529052734,40.774898529052734,73.72000122070312,73.25,73.66000366210938,3735000
2006-12-08,40.6748046875,40.6748046875,73.62000274658203,72.98999786376953,73.44999694824219,5172700
2006-12-11,40.84161376953125,40.84161376953125,73.62999725341797,73.02999877929688,73.06999969482422,2909400
2006-12-12,41.00843811035156,41.00843811035156,73.80000305175781,73.2300033569336,73.55999755859375,4246600
2006-12-13,41.164119720458984,41.164119720458984,74.02999877929688,73.7300033569336,73.87999725341797,3111900
2006-12-14,41.3309326171875,41.3309326171875,74.37000274658203,74.05000305175781,74.12999725341797,6839800
2006-12-15,41.164119720458984,41.164119720458984,74.52999877929688,73.87999725341797,74.52999877929688,6932400
2006-12-18,41.10295486450195,41.10295486450195,74.30000305175781,73.80000305175781,74.30000305175781,3569600
2006-12-19,41.28645324707031,41.28645324707031,74.33000183105469,73.69000244140625,73.7699966430664,6391600
2006-12-20,41.214168548583984,41.214168548583984,74.66000366210938,74.05000305175781,74.52999877929688,4919700
2006-12-21,41.19316864013672,41.19316864013672,72.8499984741211,72.41999816894531,72.5999984741211,6433600
2006-12-22,41.09663391113281,41.09663391113281,72.80999755859375,72.08000183105469,72.80999755859375,5377900
2006-12-26,41.07958984375,41.07958984375,72.62000274658203,72.19999694824219,72.44999694824219,3353800
2006-12-27,41.59060287475586,41.59060287475586,73.25,72.83999633789062,72.86000061035156,3522400
2006-12-28,41.61899948120117,41.61899948120117,73.44000244140625,73.05000305175781,73.41000366210938,4539600
2006-12-29,41.57358169555664,41.57358169555664,73.44999694824219,73.0999984741211,73.18000030517578,5536000
2007-01-03,41.738243103027344,41.738243103027344,74.06999969482422,73.27999877929688,73.95999908447266,12081400
2007-01-04,41.61899948120117,41.61899948120117,73.47000122070312,73.0199966430664,73.30999755859375,8674000
2007-01-05,40.99443435668945,40.99443435668945,72.79000091552734,72.0999984741211,72.79000091552734,8961600
2007-01-08,41.051204681396484,41.051204681396484,72.47000122070312,72.11000061035156,72.47000122070312,6584100
2007-01-09,41.09096145629883,41.09096145629883,72.66999816894531,72.02999877929688,72.6500015258789,8505700
2007-01-10,40.778663635253906,40.778663635253906,71.91999816894531,71.5,71.69999694824219,5273600
2007-01-11,41.039859771728516,41.039859771728516,72.5199966430664,71.76000213623047,71.81999969482422,4562000
2007-01-12,41.505435943603516,41.505435943603516,73.16000366210938,72.58000183105469,72.61000061035156,6611900
2007-01-16,41.45433807373047,41.45433807373047,73.37999725341797,72.87000274658203,73.29000091552734,6899500
2007-01-17,41.47705078125,41.47705078125,73.31999969482422,72.81999969482422,72.91999816894531,3764900
2007-01-18,41.335113525390625,41.335113525390625,73.48999786376953,72.80000305175781,73.4000015258789,7926000
2007-01-19,41.84043502807617,41.84043502807617,73.77999877929688,73.08999633789062,73.12000274658203,7582600
2007-01-22,41.630348205566406,41.630348205566406,74.0,73.19999694824219,73.91999816894531,6171500
2007-01-23,41.999420166015625,41.999420166015625,74.12999725341797,73.5999984741211,73.6500015258789,5401500
2007-01-24,42.27194595336914,42.27194595336914,74.51000213623047,74.05999755859375,74.0999984741211,7744400
2007-01-25,41.584930419921875,41.584930419921875,74.16999816894531,73.0999984741211,74.12000274658203,5003800
2007-01-26,41.66442108154297,41.66442108154297,73.4800033569336,72.97000122070312,73.4000015258789,5965500
2007-01-29,41.7098388671875,41.7098388671875,73.66000366210938,73.26000213623047,73.4000015258789,5772600
2007-01-30,41.993743896484375,41.993743896484375,73.9800033569336,73.61000061035156,73.7300033569336,4124800
2007-01-31,42.15272521972656,42.15272521972656,74.33000183105469,73.27999877929688,73.44999694824219,5358500
2007-02-01,42.504764556884766,42.504764556884766,74.93000030517578,74.55999755859375,74.73999786376953,7254100
2007-02-02,42.41958999633789,42.41958999633789,74.80999755859375,74.5,74.75,7174500
2007-02-05,42.2833137512207,42.2833137512207,74.56999969482422,74.20999908447266,74.29000091552734,3339100
2007-02-06,42.612632751464844,42.612632751464844,75.11000061035156,74.66999816894531,74.98999786376953,4497700
2007-02-07,42.731876373291016,42.731876373291016,75.44999694824219,75.02999877929688,75.18000030517578,5121800
2007-02-08,42.5615234375,42.5615234375,75.0,74.45999908447266,74.58999633789062,3842600
2007-02-09,42.37982940673828,42.37982940673828,75.1500015258789,74.43000030517578,75.06999969482422,4636400
2007-02-12,42.21517562866211,42.21517562866211,74.56999969482422,74.22000122070312,74.52999877929688,5846900
2007-02-13,42.75458908081055,42.75458908081055,75.33999633789062,74.7699966430664,74.83000183105469,4569100
2007-02-14,43.333717346191406,43.333717346191406,76.4000015258789,75.62999725341797,75.66000366210938,5539000
2007-02-15,43.38482666015625,43.38482666015625,76.5199966430664,76.16999816894531,76.38999938964844,4191200
2007-02-16,43.36779022216797,43.36779022216797,76.94000244140625,75.5,76.31999969482422,4899400
2007-02-20,43.430240631103516,43.430240631103516,77.0,76.0,76.31999969482422,7949700
2007-02-21,43.20880126953125,43.20880126953125,76.37999725341797,75.69999694824219,75.83999633789062,6819200
2007-02-22,43.40186309814453,43.40186309814453,76.45999908447266,76.16999816894531,76.27999877929688,4327600
2007-02-23,43.53812789916992,43.53812789916992,76.79000091552734,76.4800033569336,76.55000305175781,3728100
2007-02-26,43.56085205078125,43.56085205078125,77.18000030517578,76.70999908447266,77.16000366210938,5972100
2007-02-27,41.806365966796875,41.806365966796875,75.76000213623047,73.01000213623047,75.66000366210938,12980000
2007-02-28,42.101619720458984,42.101619720458984,74.66000366210938,73.87999725341797,74.0,8136300
2007-03-01,41.67011260986328,41.67011260986328,73.66000366210938,72.0,72.9800033569336,11055900
2007-03-02,41.10799026489258,41.10799026489258,73.18000030517578,72.33999633789062,72.9000015258789,6951000
2007-03-05,40.256309509277344,40.256309509277344,72.23999786376953,70.9000015258789,71.45999908447266,8286300
2007-03-06,41.505435943603516,41.505435943603516,73.25,72.25,72.44000244140625,8908400
2007-03-07,41.51679229736328,41.51679229736328,73.58999633789062,72.94000244140625,73.06999969482422,6005700
2007-03-08,42.005088806152344,42.005088806152344,74.19999694824219,73.75,73.7699966430664,5305700
2007-03-09,42.0732307434082,42.0732307434082,74.30000305175781,73.77999877929688,74.18000030517578,8451700
2007-03-12,42.345760345458984,42.345760345458984,74.63999938964844,73.9800033569336,74.13999938964844,5143100
2007-03-13,41.335113525390625,41.335113525390625,74.18000030517578,72.69000244140625,73.97000122070312,5769600
2007-03-14,41.35214614868164,41.35214614868164,72.91000366210938,71.43000030517578,72.33000183105469,9299900
2007-03-15,41.539512634277344,41.539512634277344,73.30999755859375,72.66000366210938,72.69999694824219,4313700
2007-03-16,41.59060287475586,41.59060287475586,73.83999633789062,73.05999755859375,73.43000030517578,4659400
2007-03-19,42.23221206665039,42.23221206665039,74.37999725341797,73.87999725341797,74.0199966430664,6262200
2007-03-20,42.58993148803711,42.58993148803711,75.08000183105469,74.19999694824219,74.23999786376953,4477900
2007-03-21,43.49838638305664,43.49838638305664,76.72000122070312,75.01000213623047,75.25,6514700
2007-03-22,43.333717346191406,43.333717346191406,76.68000030517578,76.1500015258789,76.58000183105469,4099400
2007-03-23,43.4359245300293,43.4359245300293,76.69999694824219,76.37000274658203,76.5,5361600
2007-03-26,43.45296096801758,43.45296096801758,76.63999938964844,75.80999755859375,76.47000122070312,4736400
2007-03-27,43.259910583496094,43.259910583496094,76.52999877929688,75.94999694824219,76.52999877929688,4700700
2007-03-28,42.87949752807617,42.87949752807617,75.87999725341797,75.30000305175781,75.70999908447266,7258800
2007-03-29,43.25423049926758,43.25423049926758,76.37999725341797,75.75,76.2699966430664,6979600
2007-03-30,43.32236862182617,43.32236862182617,76.48999786376953,76.08000183105469,76.16000366210938,8504700
2007-04-02,43.4359245300293,43.4359245300293,76.62999725341797,76.05000305175781,76.30000305175781,7702400
2007-04-03,43.799312591552734,43.799312591552734,77.61000061035156,76.7699966430664,76.81999969482422,5387500
2007-04-04,43.98101043701172,43.98101043701172,77.5,77.05999755859375,77.25,7809700
2007-04-05,44.139991760253906,44.139991760253906,77.87999725341797,77.43000030517578,77.5,3051600
2007-04-09,44.10591506958008,44.10591506958008,77.8499984741211,77.52999877929688,77.75,4103200
2007-04-10,44.43523025512695,44.43523025512695,78.41000366210938,77.97000122070312,78.05000305175781,5112200
2007-04-11,44.21946716308594,44.21946716308594,78.44999694824219,77.68000030517578,78.4000015258789,7729600
2007-04-12,44.51473617553711,44.51473617553711,78.48999786376953,77.52999877929688,77.68000030517578,6007200
2007-04-13,44.6623649597168,44.6623649597168,78.69000244140625,78.23999786376953,78.54000091552734,3711700
2007-04-16,45.13360595703125,45.13360595703125,79.66999816894531,79.22000122070312,79.25,12054000
2007-04-17,45.13928985595703,45.13928985595703,79.62000274658203,79.1500015258789,79.48999786376953,24911200
2007-04-18,45.12226486206055,45.12226486206055,79.7300033569336,79.19000244140625,79.30000305175781,5797900
2007-04-19,44.95192337036133,44.95192337036133,79.37999725341797,78.62000274658203,78.66000366210938,6385900
2007-04-20,45.46862030029297,45.46862030029297,80.08000183105469,79.63999938964844,79.81999969482422,6654100
2007-04-23,45.0257453918457,45.0257453918457,79.68000030517578,79.23999786376953,79.5999984741211,6250100
2007-04-24,44.99734878540039,44.99734878540039,79.3499984741211,78.87999725341797,79.19000244140625,8034800
2007-04-25,45.41750717163086,45.41750717163086,80.02999877929688,79.30999755859375,79.6500015258789,6584200
2007-04-26,45.20743179321289,45.20743179321289,79.94999694824219,79.25,79.94999694824219,9558700
2007-04-27,45.11091232299805,45.11091232299805,79.58999633789062,79.11000061035156,79.30000305175781,3837700
2007-04-30,44.94626235961914,44.94626235961914,79.80000305175781,78.98999786376953,79.41999816894531,6285400
2007-05-01,44.90082550048828,44.90082550048828,79.4000015258789,78.63999938964844,79.3499984741211,5349800
2007-05-02,45.24149703979492,45.24149703979492,79.75,79.19999694824219,79.30000305175781,6366000
2007-05-03,45.30396270751953,45.30396270751953,79.79000091552734,79.41000366210938,79.70999908447266,5510700
2007-05-04,45.72980880737305,45.72980880737305,80.55999755859375,80.19999694824219,80.19999694824219,6404800
2007-05-07,45.797943115234375,45.797943115234375,80.80000305175781,80.5999984741211,80.68000030517578,4647500
2007-05-08,45.42321014404297,45.42321014404297,80.05999755859375,79.55999755859375,80.05000305175781,8882800
2007-05-09,45.67301940917969,45.67301940917969,80.48999786376953,79.94000244140625,80.08000183105469,7718100
2007-05-10,44.77023696899414,44.77023696899414,79.98999786376953,78.66000366210938,79.70999908447266,7110200
2007-05-11,45.525394439697266,45.525394439697266,80.23999786376953,79.33999633789062,79.33999633789062,5222000
2007-05-14,45.355064392089844,45.355064392089844,80.69000244140625,79.52999877929688,80.69000244140625,5662900
2007-05-15,45.434547424316406,45.434547424316406,80.55000305175781,79.62999725341797,79.72000122070312,6407900
2007-05-16,45.5026741027832,45.5026741027832,80.19999694824219,79.58999633789062,80.12000274658203,5397900
2007-05-17,45.2698974609375,45.2698974609375,79.91999816894531,79.45999908447266,79.66999816894531,3868000
2007-05-18,45.61621856689453,45.61621856689453,80.5,79.9800033569336,80.13999938964844,3817800
2007-05-21,45.40615463256836,45.40615463256836,80.27999877929688,79.94999694824219,80.1500015258789,7652800
2007-05-22,45.445899963378906,45.445899963378906,80.44000244140625,80.04000091552734,80.38999938964844,3605500
2007-05-23,45.678707122802734,45.678707122802734,80.9800033569336,80.33000183105469,80.83999633789062,11083800
2007-05-24,45.24149703979492,45.24149703979492,80.63999938964844,79.44999694824219,80.4800033569336,6064400
2007-05-25,45.53105926513672,45.53105926513672,80.19000244140625,79.79000091552734,79.94999694824219,6213100
2007-05-29,45.58784866333008,45.58784866333008,80.66999816894531,79.94000244140625,80.5199966430664,5330900
2007-05-30,45.7808837890625,45.7808837890625,80.62999725341797,79.55999755859375,79.5999984741211,5249800
2007-05-31,46.008018493652344,46.008018493652344,81.13999938964844,80.80000305175781,80.9000015258789,9318400
2007-06-01,46.30893325805664,46.30893325805664,81.5999984741211,81.30999755859375,81.36000061035156,3408400
2007-06-04,46.43385696411133,46.43385696411133,81.79000091552734,81.52999877929688,81.52999877929688,4870000
2007-06-05,46.195377349853516,46.195377349853516,81.7300033569336,81.01000213623047,81.66999816894531,4022000
2007-06-06,45.53105926513672,45.53105926513672,81.0999984741211,80.08000183105469,81.05000305175781,5453700
2007-06-07,44.753196716308594,44.753196716308594,80.19000244140625,78.68000030517578,78.83000183105469,10025900
2007-06-08,45.24149703979492,45.24149703979492,79.7699966430664,78.75,79.04000091552734,5170600
2007-06-11,45.39479446411133,45.39479446411133,80.13999938964844,79.33999633789062,79.4800033569336,3701900
2007-06-12,44.58854293823242,44.58854293823242,79.61000061035156,78.4800033569336,79.08000183105469,6530400
2007-06-13,45.16767883300781,45.16767883300781,79.63999938964844,78.70999908447266,78.80000305175781,8119500
2007-06-14,45.5026741027832,45.5026741027832,80.25,79.61000061035156,79.68000030517578,7109200
2007-06-15,45.87175369262695,45.87175369262695,81.30999755859375,80.79000091552734,81.02999877929688,4672300
2007-06-18,46.12724685668945,46.12724685668945,81.4800033569336,80.9800033569336,81.41000366210938,4333800
2007-06-19,46.17267608642578,46.17267608642578,81.41999816894531,80.9800033569336,81.12000274658203,3381500
2007-06-20,45.627593994140625,45.627593994140625,81.73999786376953,80.31999969482422,81.66999816894531,5157500
2007-06-21,46.042083740234375,46.042083740234375,81.44999694824219,80.26000213623047,80.5,4977900
2007-06-22,45.40615463256836,45.40615463256836,80.83999633789062,79.80000305175781,80.80000305175781,7624600
2007-06-25,45.39479446411133,45.39479446411133,80.69999694824219,79.68000030517578,80.05999755859375,6233400
2007-06-26,45.16767883300781,45.16767883300781,80.5,79.55000305175781,80.41999816894531,8359900
2007-06-27,45.4913330078125,45.4913330078125,80.1500015258789,79.22000122070312,79.2699966430664,6194900
2007-06-28,45.525394439697266,45.525394439697266,80.70999908447266,80.0999984741211,80.27999877929688,7796800
2007-06-29,45.860382080078125,45.860382080078125,81.16000366210938,80.33999633789062,80.7699966430664,10251500
2007-07-02,46.524696350097656,46.524696350097656,81.9800033569336,81.19000244140625,81.44999694824219,6357400
2007-07-03,46.746150970458984,46.746150970458984,82.61000061035156,82.06999969482422,82.18000030517578,2146300
2007-07-05,46.51334762573242,46.51334762573242,82.30000305175781,81.63999938964844,82.19999694824219,6216300
2007-07-06,46.848331451416016,46.848331451416016,82.55999755859375,81.95999908447266,82.12000274658203,3310600
2007-07-09,46.96189880371094,46.96189880371094,82.91999816894531,82.61000061035156,82.77999877929688,6013200
2007-07-10,46.388431549072266,46.388431549072266,82.4800033569336,81.61000061035156,82.25,5760000
2007-07-11,46.82564163208008,46.82564163208008,82.5199966430664,81.87000274658203,82.0,5451600
2007-07-12,47.47858810424805,47.47858810424805,83.80000305175781,82.62000274658203,82.62000274658203,5022800
2007-07-13,47.444515228271484,47.444515228271484,83.66000366210938,83.08999633789062,83.11000061035156,5231000
2007-07-16,47.336647033691406,47.336647033691406,83.69999694824219,83.27999877929688,83.55999755859375,3503000
2007-07-17,47.17766189575195,47.17766189575195,83.4800033569336,83.08999633789062,83.2699966430664,4005300
2007-07-18,47.01300811767578,47.01300811767578,83.08999633789062,82.22000122070312,82.80000305175781,10019900
2007-07-19,47.27986526489258,47.27986526489258,83.69000244140625,83.19000244140625,83.4800033569336,5586300
2007-07-20,46.79157638549805,46.79157638549805,83.2699966430664,82.18000030517578,83.19999694824219,5625600
2007-07-23,47.075462341308594,47.075462341308594,83.2699966430664,82.80000305175781,82.98999786376953,5016700
2007-07-24,46.36572265625,46.36572265625,82.68000030517578,81.2699966430664,82.68000030517578,9805600
2007-07-25,46.240806579589844,46.240806579589844,82.01000213623047,80.83999633789062,81.95999908447266,8867500
2007-07-26,44.702110290527344,44.702110290527344,81.05000305175781,78.04000091552734,81.05000305175781,13657300
2007-07-27,44.08320236206055,44.08320236206055,79.0,77.52999877929688,78.6500015258789,9895400
2007-07-30,44.86675262451172,44.86675262451172,79.30999755859375,78.37000274658203,78.7699966430664,9021100
2007-07-31,44.80998992919922,44.80998992919922,80.16000366210938,78.80000305175781,79.7699966430664,11469500
2007-08-01,44.883792877197266,44.883792877197266,79.63999938964844,77.7699966430664,78.6500015258789,11344300
2007-08-02,45.02006530761719,45.02006530761719,79.37000274658203,78.55000305175781,79.0,9015000
2007-08-03,44.2081298828125,44.2081298828125,79.01000213623047,77.52999877929688,78.68000030517578,7883200
2007-08-06,44.690731048583984,44.690731048583984,78.94999694824219,77.80000305175781,78.29000091552734,7220900
2007-08-07,44.84404754638672,44.84404754638672,79.41999816894531,78.08000183105469,78.1500015258789,8305700
2007-08-08,45.5708122253418,45.5708122253418,80.68000030517578,79.66999816894531,79.75,8609500
2007-08-09,44.27058029174805,44.27058029174805,78.94999694824219,77.80999755859375,78.26000213623047,8844100
2007-08-10,43.509742736816406,43.509742736816406,77.33999633789062,76.0,76.30000305175781,11124300
2007-08-13,43.59491729736328,43.59491729736328,77.7699966430664,76.77999877929688,77.55999755859375,5942900
2007-08-14,43.174739837646484,43.174739837646484,77.41999816894531,75.7699966430664,77.38999938964844,8083000
2007-08-15,42.164085388183594,42.164085388183594,76.5199966430664,74.08000183105469,75.08000183105469,11236300
2007-08-16,41.982391357421875,41.982391357421875,74.0,67.5,71.0,22832500
2007-08-17,42.36848831176758,42.36848831176758,75.37999725341797,73.80999755859375,74.94999694824219,11580600
2007-08-20,42.504764556884766,42.504764556884766,75.22000122070312,74.1500015258789,75.1500015258789,7638200
2007-08-21,42.47634506225586,42.47634506225586,75.25,74.5999984741211,74.75,6882500
2007-08-22,43.48136520385742,43.48136520385742,76.66999816894531,75.95999908447266,76.05999755859375,8277500
2007-08-23,43.67439270019531,43.67439270019531,77.44000244140625,76.47000122070312,77.41999816894531,4939500
2007-08-24,44.43523025512695,44.43523025512695,78.30000305175781,77.0199966430664,77.0999984741211,4861900
2007-08-27,43.9639778137207,43.9639778137207,77.9800033569336,77.43000030517578,77.95999908447266,7691500
2007-08-28,43.07822036743164,43.07822036743164,77.16000366210938,75.54000091552734,77.12000274658203,8262100
2007-08-29,44.06616973876953,44.06616973876953,77.75,76.43000030517578,76.69000244140625,5959300
2007-08-30,43.75957107543945,43.75957107543945,77.69999694824219,76.4000015258789,76.80000305175781,6076800
2007-08-31,44.52608108520508,44.52608108520508,78.97000122070312,78.18000030517578,78.70999908447266,7313400
2007-09-04,44.93489074707031,44.93489074707031,79.4800033569336,78.0999984741211,78.22000122070312,5454400
2007-09-05,44.28193283081055,44.28193283081055,78.22000122070312,77.6500015258789,78.13999938964844,7351400
2007-09-06,44.44658279418945,44.44658279418945,78.69000244140625,77.25,78.05000305175781,4950000
2007-09-07,43.90719223022461,43.90719223022461,77.72000122070312,77.02999877929688,77.4800033569336,7796000
2007-09-10,43.72550582885742,43.72550582885742,77.58999633789062,76.4000015258789,77.55000305175781,4196600
2007-09-11,44.480655670166016,44.480655670166016,78.36000061035156,77.54000091552734,77.62999725341797,7243200
2007-09-12,44.52608108520508,44.52608108520508,78.68000030517578,77.87999725341797,77.95999908447266,4960400
2007-09-13,44.71345901489258,44.71345901489258,79.06999969482422,78.45999908447266,78.72000122070312,7211100
2007-09-14,44.4522819519043,44.4522819519043,78.52999877929688,77.7699966430664,77.88999938964844,5239800
2007-09-17,43.82771301269531,43.82771301269531,77.83000183105469,76.91999816894531,77.55000305175781,5785200
2007-09-18,45.25284957885742,45.25284957885742,79.80999755859375,77.51000213623047,77.79000091552734,10021300
2007-09-19,45.661651611328125,45.661651611328125,80.91999816894531,80.18000030517578,80.5,6846200
2007-09-20,45.621925354003906,45.621925354003906,80.87000274658203,80.01000213623047,80.55999755859375,7612300
2007-09-21,45.8206672668457,45.8206672668457,81.19999694824219,80.69999694824219,80.86000061035156,5809500
2007-09-24,45.92284393310547,45.92284393310547,81.91000366210938,80.75,81.25,5901800
2007-09-25,45.97962951660156,45.97962951660156,81.05000305175781,80.4000015258789,80.4000015258789,4832900
2007-09-26,46.20674514770508,46.20674514770508,81.62000274658203,81.04000091552734,81.44999694824219,5547100
2007-09-27,46.8199577331543,46.8199577331543,82.5199966430664,80.45999908447266,82.41999816894531,6117100
2007-09-28,46.89377975463867,46.89377975463867,82.93000030517578,82.16999816894531,82.56999969482422,15156000
2007-10-01,47.495628356933594,47.495628356933594,83.94999694824219,82.6500015258789,82.73999786376953,8508100
2007-10-02,47.37638473510742,47.37638473510742,83.66999816894531,83.08000183105469,83.5999984741211,5801400
2007-10-03,47.16062545776367,47.16062545776367,83.44999694824219,82.93000030517578,83.41999816894531,6839700
2007-10-04,47.325286865234375,47.325286865234375,83.58999633789062,83.0199966430664,83.33999633789062,3061400
2007-10-05,47.80790710449219,47.80790710449219,84.44000244140625,83.6500015258789,83.6500015258789,5486700
2007-10-08,47.365020751953125,47.365020751953125,85.19999694824219,82.56999969482422,82.62000274658203,3801400
2007-10-09,47.89306640625,47.89306640625,84.38999938964844,83.56999969482422,83.56999969482422,4796200
2007-10-10,47.802242279052734,47.802242279052734,84.33000183105469,83.20999908447266,83.69999694824219,5991100
2007-10-11,48.02366256713867,48.02366256713867,85.5999984741211,84.26000213623047,85.5999984741211,7069500
2007-10-12,48.2337532043457,48.2337532043457,85.08999633789062,84.43000030517578,84.52999877929688,4354600
2007-10-15,47.84199523925781,47.84199523925781,84.91000366210938,83.8499984741211,84.87000274658203,5428100
2007-10-16,47.103858947753906,47.103858947753906,83.37000274658203,82.9000015258789,83.25,7389800
2007-10-17,47.60350799560547,47.60350799560547,84.08999633789062,83.16999816894531,83.94999694824219,6810300
2007-10-18,47.71706771850586,47.71706771850586,84.13999938964844,83.5999984741211,83.6500015258789,3925000
2007-10-19,46.66664123535156,46.66664123535156,83.5999984741211,82.13999938964844,83.5999984741211,9232400
2007-10-22,46.60984420776367,46.60984420776367,82.0999984741211,81.30999755859375,81.31999969482422,6704000
2007-10-23,47.26850891113281,47.26850891113281,83.41000366210938,82.5999984741211,83.12999725341797,7097000
2007-10-24,47.166316986083984,47.166316986083984,83.12000274658203,81.83999633789062,82.87999725341797,9818100
2007-10-25,47.38207244873047,47.38207244873047,83.44999694824219,82.76000213623047,83.29000091552734,8531500
2007-10-26,48.23942565917969,48.23942565917969,85.0199966430664,84.25,84.43000030517578,5992900
2007-10-29,48.591461181640625,48.591461181640625,85.69999694824219,85.16999816894531,85.26000213623047,5745100
2007-10-30,48.20535659790039,48.20535659790039,85.33999633789062,84.8499984741211,85.0,8347700
2007-10-31,48.8867073059082,48.8867073059082,86.5,85.2300033569336,85.36000061035156,8751300
2007-11-01,47.85901641845703,47.85901641845703,84.9000015258789,84.0,84.76000213623047,9412700
2007-11-02,48.125885009765625,48.125885009765625,84.76000213623047,83.7300033569336,84.27999877929688,9559700
2007-11-05,47.35935592651367,47.35935592651367,83.77999877929688,83.02999877929688,83.4800033569336,6812300
2007-11-06,48.07475662231445,48.07475662231445,84.68000030517578,83.94999694824219,84.02999877929688,6590000
2007-11-07,47.2401237487793,47.2401237487793,84.43000030517578,82.94000244140625,84.0,7956300
2007-11-08,47.325286865234375,47.325286865234375,83.77999877929688,82.54000091552734,83.01000213623047,9869300
2007-11-09,46.405487060546875,46.405487060546875,82.76000213623047,81.5,82.76000213623047,8293000
2007-11-12,45.64463424682617,45.64463424682617,81.55000305175781,80.30000305175781,80.80000305175781,7366400
2007-11-13,46.871055603027344,46.871055603027344,82.75,81.5,81.5,6678000
2007-11-14,46.797245025634766,46.797245025634766,83.73999786376953,82.12000274658203,83.73999786376953,9712300
2007-11-15,46.025054931640625,46.025054931640625,81.87999725341797,80.54000091552734,81.55000305175781,10754300
2007-11-16,46.17267608642578,46.17267608642578,81.58000183105469,80.63999938964844,81.56999969482422,13421500
2007-11-19,44.95192337036133,44.95192337036133,81.0,78.0,81.0,12391600
2007-11-20,45.956912994384766,45.956912994384766,81.20999908447266,80.02999877929688,80.2699966430664,11649200
2007-11-21,44.91785430908203,44.91785430908203,79.9800033569336,78.76000213623047,79.37999725341797,11096600
2007-11-23,46.04775619506836,46.04775619506836,81.12000274658203,80.30000305175781,80.30000305175781,3629400
2007-11-26,45.3266716003418,45.3266716003418,81.48999786376953,79.66999816894531,81.22000122070312,9880400
2007-11-27,45.93989181518555,45.93989181518555,81.12999725341797,80.11000061035156,80.9800033569336,10679800
2007-11-28,47.24579620361328,47.24579620361328,83.62999725341797,81.05000305175781,81.4000015258789,12647900
2007-11-29,46.85971450805664,46.85971450805664,83.0,82.0999984741211,82.0999984741211,8476000
2007-11-30,47.115203857421875,47.115203857421875,83.91000366210938,82.45999908447266,83.88999938964844,14157700
2007-12-03,46.93918991088867,46.93918991088867,83.11000061035156,82.52999877929688,83.11000061035156,11526100
2007-12-04,46.64393997192383,46.64393997192383,82.31999969482422,81.9000015258789,82.05000305175781,8961000
2007-12-05,47.18334197998047,47.18334197998047,83.41999816894531,82.76000213623047,82.76000213623047,8764100
2007-12-06,47.63191223144531,47.63191223144531,83.95999908447266,82.72000122070312,82.8499984741211,8492400
2007-12-07,47.444515228271484,47.444515228271484,83.80000305175781,83.43000030517578,83.76000213623047,9451900
2007-12-10,47.93281555175781,47.93281555175781,84.5199966430664,83.91000366210938,84.02999877929688,14407800
2007-12-11,46.68370819091797,46.68370819091797,84.54000091552734,82.0999984741211,84.29000091552734,15626400
2007-12-12,47.62053298950195,47.62053298950195,84.66999816894531,83.08999633789062,84.5,12330400
2007-12-13,46.64963150024414,46.64963150024414,82.44999694824219,81.38999938964844,82.23999786376953,26822200
2007-12-14,45.38914489746094,45.38914489746094,80.95999908447266,79.94000244140625,80.56999969482422,18638800
2007-12-17,44.423866271972656,44.423866271972656,79.27999877929688,78.20999908447266,79.0999984741211,21841800
2007-12-18,44.98031997680664,44.98031997680664,79.61000061035156,78.12000274658203,79.58999633789062,18508900
2007-12-19,44.61124801635742,44.61124801635742,79.13999938964844,78.13999938964844,78.93000030517578,13308700
2007-12-20,44.92921447753906,44.92921447753906,79.12999725341797,78.48999786376953,78.95999908447266,13827600
2007-12-21,45.5708122253418,45.5708122253418,80.26000213623047,79.62000274658203,79.83000183105469,26845200
2007-12-24,45.75716018676758,45.75716018676758,79.30000305175781,78.0,79.30000305175781,5156500
2007-12-26,45.8852653503418,45.8852653503418,79.12999725341797,78.5199966430664,78.83999633789062,7051800
2007-12-27,45.605743408203125,45.605743408203125,78.94000244140625,78.26000213623047,78.87999725341797,9729400
2007-12-28,45.99590301513672,45.99590301513672,79.2699966430664,78.8499984741211,79.2300033569336,6358300
2007-12-31,45.710567474365234,45.710567474365234,79.23999786376953,78.13999938964844,79.2300033569336,14091500
2008-01-02,45.54751205444336,45.54751205444336,79.22000122070312,78.0199966430664,79.02999877929688,13770500
2008-01-03,45.62322235107422,45.62322235107422,78.6500015258789,78.19999694824219,78.33999633789062,13924700
2008-01-04,44.586727142333984,44.586727142333984,78.0199966430664,76.5,78.0199966430664,11883900
2008-01-07,44.6333122253418,44.6333122253418,77.11000061035156,76.29000091552734,77.05000305175781,18197300
2008-01-08,44.38291931152344,44.38291931152344,77.77999877929688,76.08999633789062,77.43000030517578,15632600
2008-01-09,44.70318603515625,44.70318603515625,76.86000061035156,75.75,76.22000122070312,14863600
2008-01-10,44.65660858154297,44.65660858154297,77.0199966430664,75.72000122070312,75.87000274658203,14018200
2008-01-11,43.76569366455078,43.76569366455078,75.91000366210938,74.91999816894531,75.81999969482422,10759900
2008-01-14,44.464439392089844,44.464439392089844,76.62999725341797,76.0199966430664,76.5999984741211,10031000
2008-01-15,43.02033615112305,43.02033615112305,75.26000213623047,73.73999786376953,75.19000244140625,12630400
2008-01-16,42.152713775634766,42.152713775634766,73.94999694824219,72.13999938964844,73.3499984741211,16323300
2008-01-17,41.518009185791016,41.518009185791016,73.4000015258789,71.01000213623047,73.16999816894531,22476600
2008-01-18,41.756752014160156,41.756752014160156,72.97000122070312,71.1500015258789,72.5999984741211,21939600
2008-01-22,40.59214782714844,40.59214782714844,69.94000244140625,66.12999725341797,66.5,24637000
2008-01-23,40.35340881347656,40.35340881347656,69.37000274658203,65.62999725341797,66.25,33608600
2008-01-24,41.768402099609375,41.768402099609375,71.7300033569336,69.95999908447266,70.44999694824219,14649000
2008-01-25,41.162811279296875,41.162811279296875,72.77999877929688,70.20999908447266,72.7300033569336,15052900
2008-01-28,41.62284469604492,41.62284469604492,71.52999877929688,69.80000305175781,70.54000091552734,17770100
2008-01-29,41.87321090698242,41.87321090698242,71.9800033569336,71.1500015258789,71.80999755859375,12914400
2008-01-30,41.68104934692383,41.68104934692383,73.06999969482422,70.87999725341797,71.33999633789062,15417100
2008-01-31,42.12359619140625,42.12359619140625,72.76000213623047,70.20999908447266,70.25,18976200
2008-02-01,42.828182220458984,42.828182220458984,73.55000305175781,72.55000305175781,72.95999908447266,13916700
2008-02-04,42.3914680480957,42.3914680480957,73.43000030517578,72.72000122070312,73.41000366210938,11102300
2008-02-05,40.446590423583984,40.446590423583984,71.06999969482422,69.4000015258789,70.9800033569336,15487400
2008-02-06,40.4116325378418,40.4116325378418,70.54000091552734,69.31999969482422,70.20999908447266,15260200
2008-02-07,40.207828521728516,40.207828521728516,69.52999877929688,68.30999755859375,68.69999694824219,14439600
2008-02-08,39.794403076171875,39.794403076171875,69.0199966430664,67.9000015258789,68.3499984741211,12543800
2008-02-11,40.0040283203125,40.0040283203125,68.81999969482422,67.81999969482422,68.6500015258789,11886900
2008-02-12,40.865840911865234,40.865840911865234,70.70999908447266,69.62000274658203,69.76000213623047,14224000
2008-02-13,41.14533615112305,41.14533615112305,70.87000274658203,69.83000183105469,70.44000244140625,10028700
2008-02-14,40.9589958190918,40.9589958190918,71.33999633789062,70.2699966430664,71.27999877929688,9046200
2008-02-15,41.110408782958984,41.110408782958984,70.61000061035156,69.94999694824219,70.30000305175781,9362200
2008-02-19,41.51219940185547,41.51219940185547,72.2300033569336,71.08000183105469,72.19000244140625,10562000
2008-02-20,41.296730041503906,41.296730041503906,71.22000122070312,69.83000183105469,69.88999938964844,20118300
2008-02-21,41.22102355957031,41.22102355957031,71.83999633789062,70.73999786376953,71.69000244140625,11478900
2008-02-22,41.74510955810547,41.74510955810547,71.69000244140625,70.36000061035156,71.66999816894531,12524600
2008-02-25,42.408939361572266,42.408939361572266,72.86000061035156,71.52999877929688,71.91999816894531,12643600
2008-02-26,43.03780746459961,43.03780746459961,74.23999786376953,72.63999938964844,72.88999938964844,11409300
2008-02-27,43.17756271362305,43.17756271362305,74.52999877929688,73.37000274658203,73.4000015258789,12680700
2008-02-28,42.76413345336914,42.76413345336914,73.87000274658203,73.20999908447266,73.55999755859375,9345600
2008-02-29,41.69270706176758,41.69270706176758,72.5999984741211,71.45999908447266,72.54000091552734,16244300
2008-03-03,41.81496810913086,41.81496810913086,72.19000244140625,71.08999633789062,71.5199966430664,11907200
2008-03-04,41.18027877807617,41.18027877807617,70.9800033569336,69.94000244140625,70.52999877929688,14389700
2008-03-05,41.675228118896484,41.675228118896484,72.05999755859375,70.95999908447266,71.31999969482422,11441200
2008-03-06,41.08128356933594,41.08128356933594,71.7300033569336,70.52999877929688,71.5999984741211,11643200
2008-03-07,40.59797668457031,40.59797668457031,70.73999786376953,69.44999694824219,69.94999694824219,10738500
2008-03-10,40.39417266845703,40.39417266845703,72.5,68.97000122070312,70.19999694824219,25154900
2008-03-11,41.669410705566406,41.669410705566406,71.55999755859375,70.05000305175781,71.08000183105469,14641800
2008-03-12,41.669410705566406,41.669410705566406,72.0,71.25,71.80999755859375,15803200
2008-03-13,41.73928451538086,41.73928451538086,71.94999694824219,70.13999938964844,70.44000244140625,11435300
2008-03-14,40.73189926147461,40.73189926147461,71.79000091552734,69.43000030517578,71.63999938964844,13901300
2008-03-17,40.11467361450195,40.11467361450195,69.47000122070312,67.87999725341797,68.16000366210938,17473700
2008-03-18,41.34331512451172,41.34331512451172,71.0,69.80000305175781,70.05000305175781,18299700
2008-03-19,39.84680938720703,39.84680938720703,70.6500015258789,68.30999755859375,70.33999633789062,13885800
2008-03-20,40.446590423583984,40.446590423583984,69.58000183105469,67.79000091552734,68.0,14106800
2008-03-24,41.18611145019531,41.18611145019531,71.08000183105469,69.7699966430664,69.7699966430664,13955800
2008-03-25,41.78585433959961,41.78585433959961,71.91999816894531,70.87999725341797,71.30000305175781,18299600
2008-03-26,41.78585433959961,41.78585433959961,72.06999969482422,71.38999938964844,71.79000091552734,12468500
2008-03-27,41.75093078613281,41.75093078613281,72.86000061035156,71.68000030517578,72.86000061035156,10316600
2008-03-28,41.71598815917969,41.71598815917969,72.29000091552734,71.55999755859375,72.12000274658203,11224600
2008-03-31,41.867393493652344,41.867393493652344,72.38999938964844,71.62000274658203,71.69000244140625,15065500
2008-04-01,43.189208984375,43.189208984375,74.23999786376953,72.73999786376953,72.9000015258789,18534500
2008-04-02,43.28237533569336,43.28237533569336,74.58999633789062,73.77999877929688,74.1500015258789,10982700
2008-04-03,43.41048812866211,43.41048812866211,74.80999755859375,73.80999755859375,73.8499984741211,7069400
2008-04-04,43.55606460571289,43.55606460571289,75.13999938964844,74.26000213623047,74.77999877929688,9901600
2008-04-07,43.82392120361328,43.82392120361328,75.62000274658203,75.0999984741211,75.5,7494700
2008-04-08,43.36389923095703,43.36389923095703,74.6500015258789,74.13999938964844,74.23999786376953,7534000
2008-04-09,43.008689880371094,43.008689880371094,74.48999786376953,73.73999786376953,74.44999694824219,11748900
2008-04-10,42.8747673034668,42.8747673034668,74.04000091552734,73.23999786376953,73.68000030517578,12757700
2008-04-11,42.29828643798828,42.29828643798828,73.44999694824219,72.63999938964844,73.19999694824219,7246900
2008-04-14,42.3914680480957,42.3914680480957,73.11000061035156,72.58000183105469,72.87000274658203,7161800
2008-04-15,42.68842697143555,42.68842697143555,73.33999633789062,72.73999786376953,73.26000213623047,10849500
2008-04-16,44.03355407714844,44.03355407714844,75.62000274658203,74.41000366210938,74.4800033569336,10529100
2008-04-17,43.544410705566406,43.544410705566406,74.88999938964844,74.30000305175781,74.4000015258789,17629000
2008-04-18,43.853031158447266,43.853031158447266,75.66999816894531,75.01000213623047,75.26000213623047,19354900
2008-04-21,44.19657897949219,44.19657897949219,75.93000030517578,75.29000091552734,75.47000122070312,6355100
2008-04-22,43.736576080322266,43.736576080322266,75.44999694824219,74.81999969482422,75.3499984741211,7264100
2008-04-23,43.96367645263672,43.96367645263672,75.63999938964844,74.69000244140625,75.0999984741211,10522800
2008-04-24,43.67835235595703,43.67835235595703,75.43000030517578,74.23999786376953,74.73999786376953,8145200
2008-04-25,44.039363861083984,44.039363861083984,75.9800033569336,75.33999633789062,75.79000091552734,17696000
2008-04-28,44.29558181762695,44.29558181762695,76.37000274658203,76.01000213623047,76.25,7686400
2008-04-29,43.90544128417969,43.90544128417969,75.66000366210938,75.29000091552734,75.56999969482422,7570100
2008-04-30,44.14418029785156,44.14418029785156,76.4000015258789,75.62000274658203,75.62999725341797,9458000
2008-05-01,44.41205596923828,44.41205596923828,76.33999633789062,75.33999633789062,75.4000015258789,11560300
2008-05-02,44.534324645996094,44.534324645996094,76.9000015258789,76.08999633789062,76.80000305175781,15374600
2008-05-05,44.610023498535156,44.610023498535156,76.77999877929688,76.41999816894531,76.69999694824219,7669900
2008-05-06,44.94192886352539,44.94192886352539,77.2699966430664,76.2699966430664,76.3499984741211,8318300
2008-05-07,44.15581512451172,44.15581512451172,76.87000274658203,75.7300033569336,76.69000244140625,9339200
2008-05-08,44.54012680053711,44.54012680053711,76.7699966430664,76.2300033569336,76.43000030517578,6971300
2008-05-09,44.18495178222656,44.18495178222656,76.1500015258789,75.62999725341797,75.7300033569336,5649300
2008-05-12,44.62749099731445,44.62749099731445,76.7699966430664,76.02999877929688,76.1500015258789,6293200
2008-05-13,44.47609329223633,44.47609329223633,76.47000122070312,76.05000305175781,76.41000366210938,8349900
2008-05-14,44.47609329223633,44.47609329223633,76.97000122070312,76.37999725341797,76.56999969482422,7236300
2008-05-15,45.23307800292969,45.23307800292969,77.73999786376953,76.83000183105469,76.97000122070312,6406700
2008-05-16,45.72221374511719,45.72221374511719,78.52999877929688,77.80000305175781,78.0,8314200
2008-05-19,45.5358772277832,45.5358772277832,78.7699966430664,78.08000183105469,78.55999755859375,7394100
2008-05-20,45.11663055419922,45.11663055419922,78.01000213623047,77.37000274658203,77.95999908447266,11190900
2008-05-21,44.60418701171875,44.60418701171875,77.69000244140625,76.52999877929688,77.56999969482422,13505300
2008-05-22,45.1224479675293,45.1224479675293,77.7300033569336,77.25,77.45999908447266,9171800
2008-05-23,44.610023498535156,44.610023498535156,77.33999633789062,76.5,77.33000183105469,7094000
2008-05-27,44.52268600463867,44.52268600463867,76.47000122070312,75.91000366210938,76.13999938964844,7625800
2008-05-28,44.516849517822266,44.516849517822266,76.48999786376953,75.8499984741211,76.37000274658203,7705900
2008-05-29,44.41787338256836,44.41787338256836,76.55999755859375,75.80000305175781,75.87000274658203,9804200
2008-05-30,44.66824722290039,44.66824722290039,76.9000015258789,76.54000091552734,76.5999984741211,8651600
2008-06-02,44.202423095703125,44.202423095703125,76.1500015258789,75.6500015258789,76.08000183105469,9327700
2008-06-03,44.10923767089844,44.10923767089844,76.29000091552734,75.30999755859375,76.08000183105469,9969600
2008-06-04,43.853031158447266,43.853031158447266,75.80000305175781,75.12999725341797,75.27999877929688,8132200
2008-06-05,44.580902099609375,44.580902099609375,76.55999755859375,75.30000305175781,75.5,8738200
2008-06-06,43.29985046386719,43.29985046386719,75.63999938964844,74.3499984741211,75.58999633789062,9983700
2008-06-09,43.24162673950195,43.24162673950195,75.01000213623047,73.88999938964844,75.0,8157900
2008-06-10,42.50792694091797,42.50792694091797,73.4800033569336,72.81999969482422,72.97000122070312,8925100
2008-06-11,41.96638870239258,41.96638870239258,72.98999786376953,71.97000122070312,72.9000015258789,13177900
2008-06-12,41.820796966552734,41.820796966552734,72.25,71.54000091552734,71.8499984741211,11209500
2008-06-13,42.20511245727539,42.20511245727539,72.4800033569336,71.58000183105469,71.69999694824219,10236300
2008-06-16,42.42057800292969,42.42057800292969,72.94000244140625,72.29000091552734,72.4000015258789,9815600
2008-06-17,42.548683166503906,42.548683166503906,73.66000366210938,72.9000015258789,73.66000366210938,7013000
2008-06-18,42.19929885864258,42.19929885864258,72.62000274658203,72.06999969482422,72.33000183105469,14861100
2008-06-19,42.11779022216797,42.11779022216797,72.5,71.8499984741211,72.08999633789062,25370000
2008-06-20,41.1977424621582,41.1977424621582,71.36000061035156,70.5999984741211,71.30000305175781,14909700
2008-06-23,41.19190979003906,41.19190979003906,70.91000366210938,70.43000030517578,70.80999755859375,12852800
2008-06-24,41.00559616088867,41.00559616088867,70.86000061035156,70.0,70.30999755859375,18685000
2008-06-25,41.443450927734375,41.443450927734375,70.4800033569336,69.6500015258789,69.6500015258789,21446000
2008-06-26,40.393287658691406,40.393287658691406,69.30000305175781,68.08000183105469,69.19999694824219,18484600
2008-06-27,40.50008773803711,40.50008773803711,68.80999755859375,68.05999755859375,68.70999908447266,28977200
2008-06-30,40.74333953857422,40.74333953857422,69.05999755859375,68.6500015258789,68.70999908447266,16126000
2008-07-01,40.30427551269531,40.30427551269531,67.97000122070312,66.88999938964844,67.55000305175781,19350900
2008-07-02,39.66350173950195,39.66350173950195,68.37000274658203,66.66999816894531,68.3499984741211,16759900
2008-07-03,39.918617248535156,39.918617248535156,67.56999969482422,66.62999725341797,67.5,14420600
2008-07-07,39.574501037597656,39.574501037597656,67.43000030517578,66.2699966430664,67.04000091552734,13827600
2008-07-08,39.782161712646484,39.782161712646484,67.08999633789062,65.93000030517578,66.41000366210938,13982800
2008-07-09,39.26597595214844,39.26597595214844,67.5,66.18000030517578,67.37999725341797,12121800
2008-07-10,39.604164123535156,39.604164123535156,66.80999755859375,66.05999755859375,66.38999938964844,14732600
2008-07-11,38.98116683959961,38.98116683959961,66.11000061035156,64.9800033569336,65.69000244140625,15132800
2008-07-14,38.89811706542969,38.89811706542969,66.4000015258789,65.38999938964844,66.4000015258789,9231800
2008-07-15,38.275115966796875,38.275115966796875,65.19999694824219,64.06999969482422,64.63999938964844,21612800
2008-07-16,38.98116683959961,38.98116683959961,65.80000305175781,64.08000183105469,64.25,16201500
2008-07-17,39.574501037597656,39.574501037597656,66.87000274658203,66.16999816894531,66.62000274658203,13884100
2008-07-18,39.82961654663086,39.82961654663086,67.16000366210938,66.45999908447266,66.7699966430664,14274700
2008-07-21,40.06101608276367,40.06101608276367,67.75,67.19000244140625,67.7300033569336,9320000
2008-07-22,40.19748306274414,40.19748306274414,67.77999877929688,66.61000061035156,66.66999816894531,10336400
2008-07-23,40.34581756591797,40.34581756591797,68.38999938964844,67.81999969482422,67.97000122070312,10399000
2008-07-24,39.61009216308594,39.61009216308594,67.94999694824219,66.68000030517578,67.94999694824219,9628200
2008-07-25,39.69316101074219,39.69316101074219,67.22000122070312,66.55000305175781,66.87000274658203,7867600
2008-07-28,39.02864456176758,39.02864456176758,66.97000122070312,65.72000122070312,66.97000122070312,11142000
2008-07-29,39.414310455322266,39.414310455322266,66.45999908447266,65.66999816894531,65.69000244140625,10323600
2008-07-30,39.782161712646484,39.782161712646484,67.08999633789062,66.45999908447266,66.75,14376900
2008-07-31,39.390567779541016,39.390567779541016,67.0,66.23999786376953,66.69999694824219,11372800
2008-08-01,38.803184509277344,38.803184509277344,66.19000244140625,65.29000091552734,66.1500015258789,11859500
2008-08-04,38.43531799316406,38.43531799316406,65.37999725341797,64.7300033569336,65.3499984741211,8556700
2008-08-05,39.408355712890625,39.408355712890625,66.43000030517578,65.4800033569336,65.6500015258789,14263900
2008-08-06,39.42023468017578,39.42023468017578,66.55000305175781,65.73999786376953,65.95999908447266,11507700
2008-08-07,38.63111114501953,38.63111114501953,65.91999816894531,65.0,65.91000366210938,8099900
2008-08-08,38.791316986083984,38.791316986083984,65.55000305175781,64.06999969482422,64.23999786376953,10579200
2008-08-11,38.75571823120117,38.75571823120117,65.7300033569336,65.1500015258789,65.43000030517578,10024200
2008-08-12,38.47685241699219,38.47685241699219,65.33999633789062,64.62000274658203,65.31999969482422,9630900
2008-08-13,37.871665954589844,37.871665954589844,64.23999786376953,63.31999969482422,63.9900016784668,12559300
2008-08-14,37.72334289550781,37.72334289550781,63.97999954223633,63.25,63.36000061035156,10306700
2008-08-15,37.47414016723633,37.47414016723633,63.45000076293945,62.939998626708984,63.189998626708984,8640600
2008-08-18,37.284271240234375,37.284271240234375,63.79999923706055,62.599998474121094,63.779998779296875,11535300
2008-08-19,36.86301803588867,36.86301803588867,62.220001220703125,61.7599983215332,62.099998474121094,11853200
2008-08-20,37.08255386352539,37.08255386352539,62.5,61.900001525878906,62.29999923706055,15433500
2008-08-21,37.23088836669922,37.23088836669922,62.900001525878906,62.2400016784668,62.34000015258789,8964200
2008-08-22,37.40294647216797,37.40294647216797,63.189998626708984,62.70000076293945,62.83000183105469,6582300
2008-08-25,36.8155517578125,36.8155517578125,62.9900016784668,61.90999984741211,62.91999816894531,10955100
2008-08-26,36.999488830566406,36.999488830566406,62.650001525878906,61.93000030517578,62.119998931884766,7745000
2008-08-27,37.34954071044922,37.34954071044922,63.0099983215332,62.5,62.689998626708984,9295000
2008-08-28,37.83012771606445,37.83012771606445,63.83000183105469,63.5099983215332,63.720001220703125,11277400
2008-08-29,37.7173957824707,37.7173957824707,64.1500015258789,63.5099983215332,63.88999938964844,11080000
2008-09-02,37.13594436645508,37.13594436645508,63.540000915527344,62.540000915527344,63.41999816894531,14645400
2008-09-03,36.981689453125,36.981689453125,62.61000061035156,61.97999954223633,62.349998474121094,10635700
2008-09-04,35.39752197265625,35.39752197265625,61.68000030517578,59.619998931884766,61.61000061035156,16723100
2008-09-05,35.26698303222656,35.26698303222656,59.68000030517578,58.66999816894531,59.349998474121094,17543700
2008-09-08,36.05610656738281,36.05610656738281,61.38999938964844,59.959999084472656,61.33000183105469,19143200
2008-09-09,34.88726043701172,34.88726043701172,60.540000915527344,58.77000045776367,60.33000183105469,12860600
2008-09-10,35.22545623779297,35.22545623779297,59.83000183105469,59.060001373291016,59.68000030517578,15264600
2008-09-11,35.1483268737793,35.1483268737793,59.290000915527344,57.72999954223633,58.0,16722400
2008-09-12,35.83657455444336,35.83657455444336,60.5,59.06999969482422,59.36000061035156,16526900
2008-09-15,34.31174087524414,34.31174087524414,58.869998931884766,57.25,57.75,31607800
2008-09-16,34.056610107421875,34.056610107421875,57.709999084472656,55.75,56.15999984741211,26092500
2008-09-17,32.757240295410156,32.757240295410156,56.75,54.849998474121094,56.31999969482422,31227800
2008-09-18,34.2464714050293,34.2464714050293,58.15999984741211,55.2599983215332,56.630001068115234,30062000
2008-09-19,36.67315673828125,36.67315673828125,63.7400016784668,59.470001220703125,60.689998626708984,38923300
2008-09-22,35.4212532043457,35.4212532043457,61.61000061035156,59.70000076293945,61.36000061035156,27789800
2008-09-23,34.92285919189453,34.92285919189453,60.15999984741211,58.439998626708984,59.70000076293945,14862000
2008-09-24,35.02373123168945,35.02373123168945,59.7599983215332,58.75,59.68000030517578,12657200
2008-09-25,35.83064651489258,35.83064651489258,60.540000915527344,59.689998626708984,59.790000915527344,16568100
2008-09-26,35.450927734375,35.450927734375,59.81999969482422,58.88999938964844,59.099998474121094,22570500
2008-09-29,31.493465423583984,31.493465423583984,56.849998474121094,52.36000061035156,56.84000015258789,35675800
2008-09-30,33.403961181640625,33.403961181640625,56.29999923706055,54.84000015258789,55.2400016784668,29246900
2008-10-01,33.15476608276367,33.15476608276367,56.41999816894531,54.90999984741211,55.54999923706055,27952600
2008-10-02,31.707059860229492,31.707059860229492,54.95000076293945,53.29999923706055,54.810001373291016,23232500
2008-10-03,31.582468032836914,31.582468032836914,55.470001220703125,53.09000015258789,53.54999923706055,34402700
2008-10-06,29.796567916870117,29.796567916870117,51.25,48.150001525878906,51.18000030517578,53409500
2008-10-07,28.402263641357422,28.402263641357422,51.4900016784668,47.869998931884766,51.29999923706055,37326000
2008-10-08,27.76740837097168,27.76740837097168,48.84000015258789,46.29999923706055,47.150001525878906,42426500
2008-10-09,26.10611343383789,26.10611343383789,48.310001373291016,43.630001068115234,48.13999938964844,35533300
2008-10-10,25.133060455322266,25.133060455322266,43.7599983215332,40.02000045776367,41.310001373291016,59719300
2008-10-13,29.126117706298828,29.126117706298828,49.52000045776367,45.31999969482422,45.650001525878906,57779900
2008-10-14,28.52686882019043,28.52686882019043,50.88999938964844,47.060001373291016,50.40999984741211,41811500
2008-10-15,25.483129501342773,25.483129501342773,47.0,42.90999984741211,46.849998474121094,35975400
2008-10-16,26.984228134155273,26.984228134155273,45.540000915527344,41.97999954223633,44.2599983215332,44651300
2008-10-17,26.408706665039062,26.408706665039062,46.5,43.209999084472656,43.40999984741211,31032400
2008-10-20,28.093734741210938,28.093734741210938,47.349998474121094,45.36000061035156,45.65999984741211,29347500
2008-10-21,26.509565353393555,26.509565353393555,46.34000015258789,44.540000915527344,45.66999816894531,34623800
2008-10-22,24.575349807739258,24.575349807739258,43.34000015258789,40.459999084472656,43.209999084472656,31546700
2008-10-23,25.11526107788086,25.11526107788086,42.77000045776367,40.22999954223633,41.619998931884766,33626600
2008-10-24,23.489564895629883,23.489564895629883,40.779998779296875,38.189998626708984,38.47999954223633,32920600
2008-10-27,22.25545883178711,22.25545883178711,39.459999084472656,37.5,38.099998474121094,31682200
2008-10-28,25.322935104370117,25.322935104370117,43.04999923706055,38.33000183105469,39.790000915527344,41688400
2008-10-29,25.382259368896484,25.382259368896484,44.20000076293945,41.810001373291016,42.189998626708984,34384700
2008-10-30,26.272247314453125,26.272247314453125,45.04999923706055,43.18000030517578,44.91999816894531,33312100
2008-10-31,26.444303512573242,26.444303512573242,45.279998779296875,43.02000045776367,43.290000915527344,40976800
2008-11-03,26.551095962524414,26.551095962524414,45.040000915527344,44.2599983215332,44.380001068115234,20436100
2008-11-04,28.372594833374023,28.372594833374023,47.900001525878906,46.08000183105469,46.20000076293945,29640600
2008-11-05,26.829965591430664,26.829965591430664,47.75,45.119998931884766,46.939998626708984,29660700
2008-11-06,25.09746551513672,25.09746551513672,45.060001373291016,41.91999816894531,44.77000045776367,35121300
2008-11-07,26.515512466430664,26.515512466430664,44.810001373291016,43.599998474121094,43.84000015258789,28171200
2008-11-10,26.117971420288086,26.117971420288086,45.4900016784668,43.310001373291016,45.45000076293945,25590000
2008-11-11,25.257665634155273,25.257665634155273,43.31999969482422,41.81999969482422,43.029998779296875,34095000
2008-11-12,23.898958206176758,23.898958206176758,41.810001373291016,40.25,41.61000061035156,35248700
2008-11-13,25.934051513671875,25.934051513671875,43.709999084472656,39.310001373291016,40.79999923706055,51118000
2008-11-14,24.444814682006836,24.444814682006836,42.7400016784668,40.77000045776367,41.68000030517578,48148100
2008-11-17,23.999832153320312,23.999832153320312,41.650001525878906,40.040000915527344,40.7599983215332,30054400
2008-11-18,24.041358947753906,24.041358947753906,41.029998779296875,39.5,40.0,44628000
2008-11-19,22.433460235595703,22.433460235595703,40.5,37.7400016784668,40.099998474121094,45216100
2008-11-20,21.199344635009766,21.199344635009766,38.47999954223633,35.529998779296875,37.68000030517578,54184200
2008-11-21,22.706382751464844,22.706382751464844,38.33000183105469,35.84000015258789,37.709999084472656,49797000
2008-11-24,24.06508445739746,24.06508445739746,41.5099983215332,38.75,39.09000015258789,41988500
2008-11-25,24.504154205322266,24.504154205322266,41.97999954223633,40.150001525878906,41.83000183105469,46002000
2008-11-26,24.771142959594727,24.771142959594727,41.900001525878906,40.11000061035156,40.189998626708984,34099900
2008-11-28,24.7592716217041,24.7592716217041,41.90999984741211,41.09000015258789,41.290000915527344,17627900
2008-12-01,22.736055374145508,22.736055374145508,40.400001525878906,38.18000030517578,40.310001373291016,50272000
2008-12-02,23.970155715942383,23.970155715942383,40.59000015258789,39.2400016784668,39.7400016784668,44399000
2008-12-03,24.290555953979492,24.290555953979492,40.939998626708984,39.040000915527344,39.18000030517578,41980400
2008-12-04,23.54296875,23.54296875,40.52000045776367,38.81999969482422,39.630001068115234,41836300
2008-12-05,23.839628219604492,23.839628219604492,40.349998474121094,38.09000015258789,38.95000076293945,41059200
2008-12-08,24.972867965698242,24.972867965698242,42.400001525878906,41.119998931884766,41.349998474121094,45982000
2008-12-09,24.74148178100586,24.74148178100586,42.630001068115234,41.439998626708984,41.810001373291016,38538000
2008-12-10,25.394126892089844,25.394126892089844,43.0,42.04999923706055,42.459999084472656,39997900
2008-12-11,25.281396865844727,25.281396865844727,43.63999938964844,42.29999923706055,42.939998626708984,36787800
2008-12-12,25.53059196472168,25.53059196472168,43.29999923706055,41.720001220703125,41.81999969482422,42675200
2008-12-15,25.595853805541992,25.595853805541992,43.31999969482422,42.470001220703125,43.220001220703125,44527700
2008-12-16,27.067293167114258,27.067293167114258,45.790000915527344,43.04999923706055,43.04999923706055,47026500
2008-12-17,26.930828094482422,26.930828094482422,45.779998779296875,44.5099983215332,44.59000015258789,45054900
2008-12-18,26.10611343383789,26.10611343383789,45.29999923706055,43.439998626708984,45.279998779296875,42315200
2008-12-19,25.72638702392578,25.72638702392578,44.119998931884766,43.02000045776367,43.63999938964844,38356000
2008-12-22,25.54839515686035,25.54839515686035,43.70000076293945,42.45000076293945,43.619998931884766,36928300
2008-12-23,25.35672378540039,25.35672378540039,42.97999954223633,41.970001220703125,42.880001068115234,32553600
2008-12-24,25.69321060180664,25.69321060180664,42.83000183105469,42.310001373291016,42.65999984741211,16114600
2008-12-26,25.813373565673828,25.813373565673828,43.2400016784668,42.599998474121094,42.880001068115234,13297600
2008-12-29,25.819385528564453,25.819385528564453,43.65999984741211,42.689998626708984,43.59000015258789,29150100
2008-12-30,26.594511032104492,26.594511032104492,44.33000183105469,43.310001373291016,43.45000076293945,28477600
2008-12-31,26.955032348632812,26.955032348632812,45.150001525878906,43.88999938964844,44.119998931884766,26881200
2009-01-02,27.30353355407715,27.30353355407715,45.619998931884766,44.45000076293945,44.59000015258789,21928500
2009-01-05,26.864900588989258,26.864900588989258,45.060001373291016,44.40999984741211,44.689998626708984,27947600
2009-01-06,27.153322219848633,27.153322219848633,45.5,44.529998779296875,44.900001525878906,23282100
2009-01-07,26.684640884399414,26.684640884399414,44.9900016784668,44.130001068115234,44.849998474121094,23930600
2009-01-08,27.081214904785156,27.081214904785156,45.099998474121094,44.13999938964844,44.470001220703125,19883800
2009-01-09,26.143850326538086,26.143850326538086,44.599998474121094,43.470001220703125,44.54999923706055,31728900
2009-01-12,25.512935638427734,25.512935638427734,43.31999969482422,42.2599983215332,43.279998779296875,28816400
2009-01-13,25.044261932373047,25.044261932373047,42.029998779296875,41.27000045776367,41.619998931884766,29424100
2009-01-14,24.016786575317383,24.016786575317383,40.59000015258789,39.709999084472656,40.56999969482422,37212600
2009-01-15,24.233095169067383,24.233095169067383,40.709999084472656,39.209999084472656,40.2400016784668,42030800
2009-01-16,24.377302169799805,24.377302169799805,41.310001373291016,39.709999084472656,41.25,39032500
2009-01-20,22.59272003173828,22.59272003173828,39.20000076293945,37.56999969482422,39.13999938964844,58657300
2009-01-21,23.69831085205078,23.69831085205078,39.47999954223633,37.900001525878906,38.400001525878906,48048200
2009-01-22,23.145511627197266,23.145511627197266,38.810001373291016,37.68000030517578,38.13999938964844,40891400
2009-01-23,22.983280181884766,22.983280181884766,38.529998779296875,37.0,37.11000061035156,37917500
2009-01-26,23.433929443359375,23.433929443359375,39.52000045776367,38.470001220703125,38.619998931884766,38347800
2009-01-27,23.89059066772461,23.89059066772461,39.93000030517578,39.150001525878906,39.40999984741211,35276200
2009-01-28,24.593616485595703,24.593616485595703,41.2400016784668,40.5,40.75,37581800
2009-01-29,23.475990295410156,23.475990295410156,39.939998626708984,38.959999084472656,39.900001525878906,26066100
2009-01-30,23.253677368164062,23.253677368164062,39.58000183105469,38.5099983215332,39.4900016784668,33244900
2009-02-02,23.025339126586914,23.025339126586914,38.599998474121094,37.880001068115234,37.970001220703125,29679400
2009-02-03,23.686290740966797,23.686290740966797,39.77000045776367,38.47999954223633,38.810001373291016,28446900
2009-02-04,23.566120147705078,23.566120147705078,40.20000076293945,39.02000045776367,39.54999923706055,29274800
2009-02-05,23.90260887145996,23.90260887145996,40.11000061035156,38.68000030517578,38.9900016784668,31645600
2009-02-06,24.455406188964844,24.455406188964844,40.88999938964844,39.849998474121094,39.939998626708984,28635900
2009-02-09,24.449403762817383,24.449403762817383,40.959999084472656,40.40999984741211,40.68000030517578,27143500
2009-02-10,23.235641479492188,23.235641479492188,40.5099983215332,38.47999954223633,40.25,35169400
2009-02-11,23.48801040649414,23.48801040649414,39.439998626708984,38.5099983215332,39.279998779296875,24101600
2009-02-12,23.41590690612793,23.41590690612793,39.0,37.869998931884766,38.2599983215332,40755800
2009-02-13,23.163536071777344,23.163536071777344,39.08000183105469,38.47999954223633,38.790000915527344,21184200
2009-02-17,21.931760787963867,21.931760787963867,37.04999923706055,36.369998931884766,36.93000030517578,32955300
2009-02-18,21.913732528686523,21.913732528686523,36.790000915527344,36.029998779296875,36.779998779296875,35001300
2009-02-19,21.88368797302246,21.88368797302246,37.439998626708984,36.25,37.290000915527344,25953000
2009-02-20,21.565223693847656,21.565223693847656,36.33000183105469,35.25,35.29999923706055,52151800
2009-02-23,20.742036819458008,20.742036819458008,36.20000076293945,34.52000045776367,36.18000030517578,38218200
2009-02-24,21.607288360595703,21.607288360595703,36.099998474121094,34.58000183105469,34.86000061035156,36854600
2009-02-25,21.01242446899414,21.01242446899414,35.61000061035156,34.5099983215332,35.43000030517578,39168800
2009-02-26,20.83817481994629,20.83817481994629,35.79999923706055,34.61000061035156,35.58000183105469,27205700
2009-02-27,20.83817481994629,20.83817481994629,35.36000061035156,34.33000183105469,34.33000183105469,38490900
2009-03-02,19.642444610595703,19.642444610595703,33.79999923706055,32.61000061035156,33.63999938964844,42422600
2009-03-03,19.564332962036133,19.564332962036133,33.209999084472656,32.189998626708984,33.20000076293945,38727800
2009-03-04,20.43558692932129,20.43558692932129,34.45000076293945,33.220001220703125,33.36000061035156,52339900
2009-03-05,19.612401962280273,19.612401962280273,33.459999084472656,32.29999923706055,33.060001373291016,36082700
2009-03-06,19.57634735107422,19.57634735107422,33.45000076293945,31.8700008392334,33.08000183105469,42251800
2009-03-09,19.04758071899414,19.04758071899414,32.36000061035156,31.559999465942383,31.600000381469727,36485300
2009-03-10,20.327436447143555,20.327436447143555,34.02000045776367,32.91999816894531,32.97999954223633,50262200
2009-03-11,20.44160270690918,20.44160270690918,34.529998779296875,33.630001068115234,34.25,34253300
2009-03-12,20.90427589416504,20.90427589416504,34.880001068115234,33.34000015258789,33.65999984741211,32384600
2009-03-13,21.042469024658203,21.042469024658203,35.13999938964844,34.41999816894531,34.959999084472656,31335400
2009-03-16,21.270797729492188,21.270797729492188,36.22999954223633,35.310001373291016,35.61000061035156,29486900
2009-03-17,21.829608917236328,21.829608917236328,36.400001525878906,35.099998474121094,35.279998779296875,33219600
2009-03-18,22.454511642456055,22.454511642456055,37.54999923706055,35.54999923706055,35.90999984741211,40962300
2009-03-19,22.442495346069336,22.442495346069336,38.290000915527344,37.290000915527344,38.25,36731100
2009-03-20,22.130048751831055,22.130048751831055,37.560001373291016,36.65999984741211,37.400001525878906,35560500
2009-03-23,23.722352981567383,23.722352981567383,39.5099983215332,37.91999816894531,38.119998931884766,42113200
2009-03-24,22.977270126342773,22.977270126342773,39.029998779296875,38.18000030517578,38.459999084472656,30868900
2009-03-25,23.331785202026367,23.331785202026367,39.459999084472656,38.02000045776367,38.560001373291016,30873600
2009-03-26,23.64423370361328,23.64423370361328,39.560001373291016,38.7599983215332,39.130001068115234,30230400
2009-03-27,22.88713836669922,22.88713836669922,38.47999954223633,37.970001220703125,38.33000183105469,34326000
2009-03-30,22.0158748626709,22.0158748626709,37.0,36.310001373291016,36.959999084472656,25835700
2009-03-31,22.586698532104492,22.586698532104492,38.09000015258789,37.11000061035156,37.349998474121094,32838300
2009-04-01,23.175556182861328,23.175556182861328,38.7400016784668,37.279998779296875,37.36000061035156,25661700
2009-04-02,24.2210750579834,24.2210750579834,40.959999084472656,39.86000061035156,39.900001525878906,57242400
2009-04-03,24.35927391052246,24.35927391052246,40.540000915527344,39.79999923706055,40.13999938964844,41385200
2009-04-06,23.854541778564453,23.854541778564453,39.869998931884766,39.20000076293945,39.68000030517578,27320400
2009-04-07,23.355819702148438,23.355819702148438,39.349998474121094,38.7400016784668,39.09000015258789,19333900
2009-04-08,23.59015464782715,23.59015464782715,39.61000061035156,38.810001373291016,39.20000076293945,22120900
2009-04-09,24.2210750579834,24.2210750579834,40.36000061035156,39.83000183105469,40.150001525878906,23172500
2009-04-13,24.461416244506836,24.461416244506836,40.9900016784668,40.060001373291016,40.119998931884766,21135700
2009-04-14,24.22707748413086,24.22707748413086,40.900001525878906,40.209999084472656,40.349998474121094,41502500
2009-04-15,24.54553985595703,24.54553985595703,40.95000076293945,40.06999969482422,40.15999984741211,25623000
2009-04-16,24.7017765045166,24.7017765045166,41.400001525878906,40.650001525878906,41.02000045776367,25014400
2009-04-17,24.61764144897461,24.61764144897461,41.220001220703125,40.7599983215332,41.189998626708984,61325800
2009-04-20,23.608186721801758,23.608186721801758,40.06999969482422,39.279998779296875,40.02000045776367,26049700
2009-04-21,24.148963928222656,24.148963928222656,40.22999954223633,38.900001525878906,38.939998626708984,25499800
2009-04-22,23.956689834594727,23.956689834594727,40.58000183105469,39.41999816894531,39.560001373291016,25022000
2009-04-23,24.55755043029785,24.55755043029785,40.869998931884766,40.06999969482422,40.41999816894531,30545300
2009-04-24,24.936105728149414,24.936105728149414,41.790000915527344,41.22999954223633,41.4900016784668,25969200
2009-04-27,24.64168357849121,24.64168357849121,41.540000915527344,40.709999084472656,40.88999938964844,26745300
2009-04-28,24.407339096069336,24.407339096069336,41.029998779296875,40.16999816894531,40.220001220703125,18634000
2009-04-29,25.032251358032227,25.032251358032227,42.119998931884766,41.2400016784668,41.310001373291016,20784800
2009-04-30,25.188472747802734,25.188472747802734,42.61000061035156,41.61000061035156,42.2599983215332,26982200
2009-05-01,25.482891082763672,25.482891082763672,42.5,41.86000061035156,42.150001525878906,17786700
2009-05-04,26.54043197631836,26.54043197631836,44.189998626708984,42.869998931884766,42.88999938964844,23451200
2009-05-05,26.27604866027832,26.27604866027832,44.119998931884766,43.4900016784668,44.029998779296875,22298600
2009-05-06,26.912965774536133,26.912965774536133,44.900001525878906,43.970001220703125,44.59000015258789,21040600
2009-05-07,26.462312698364258,26.462312698364258,45.220001220703125,43.7400016784668,45.16999816894531,23946300
2009-05-08,27.6099853515625,27.6099853515625,46.02000045776367,44.7599983215332,45.02000045776367,22988400
2009-05-11,26.906959533691406,26.906959533691406,45.11000061035156,44.619998931884766,44.84000015258789,17460900
2009-05-12,27.195377349853516,27.195377349853516,45.4900016784668,44.66999816894531,45.380001068115234,26285000
2009-05-13,26.270042419433594,26.270042419433594,44.279998779296875,43.59000015258789,44.220001220703125,23257600
2009-05-14,26.52840805053711,26.52840805053711,44.459999084472656,43.58000183105469,43.689998626708984,27380600
2009-05-15,26.28806495666504,26.28806495666504,44.56999969482422,43.56999969482422,44.25,20457900
2009-05-18,27.291519165039062,27.291519165039062,45.5,44.529998779296875,44.68000030517578,18600700
2009-05-19,27.537878036499023,27.537878036499023,46.11000061035156,45.4900016784668,45.619998931884766,19522000
2009-05-20,27.718141555786133,27.718141555786133,46.849998474121094,46.029998779296875,46.2599983215332,18872900
2009-05-21,27.507837295532227,27.507837295532227,45.93000030517578,45.29999923706055,45.54999923706055,20081100
2009-05-22,27.664058685302734,27.664058685302734,46.34000015258789,45.849998474121094,46.209999084472656,14279100
2009-05-26,28.21686553955078,28.21686553955078,47.08000183105469,45.36000061035156,45.38999938964844,16247300
2009-05-27,27.670066833496094,27.670066833496094,47.02000045776367,45.959999084472656,46.959999084472656,16274500
2009-05-28,27.952484130859375,27.952484130859375,46.720001220703125,45.77000045776367,46.400001525878906,15523500
2009-05-29,28.51128578186035,28.51128578186035,47.45000076293945,46.810001373291016,47.18000030517578,24526200
2009-06-01,29.214298248291016,29.214298248291016,49.0,48.27000045776367,48.36000061035156,22592800
2009-06-02,29.4666690826416,29.4666690826416,49.119998931884766,48.380001068115234,48.470001220703125,22182800
2009-06-03,28.589405059814453,28.589405059814453,48.13999938964844,47.15999984741211,48.060001373291016,20937800
2009-06-04,28.76966094970703,28.76966094970703,48.0,47.439998626708984,47.720001220703125,17158800
2009-06-05,28.415143966674805,28.415143966674805,48.040000915527344,47.099998474121094,48.0,19216500
2009-06-08,28.35505485534668,28.35505485534668,47.4900016784668,46.43000030517578,46.77000045776367,13937000
2009-06-09,28.703561782836914,28.703561782836914,47.939998626708984,47.209999084472656,47.470001220703125,15957400
2009-06-10,28.757644653320312,28.757644653320312,48.52000045776367,47.279998779296875,48.4900016784668,18468000
2009-06-11,29.250354766845703,29.250354766845703,49.18000030517578,48.25,48.2599983215332,20225500
2009-06-12,29.10013771057129,29.10013771057129,48.5099983215332,47.91999816894531,48.15999984741211,21098000
2009-06-15,28.054615020751953,28.054615020751953,47.45000076293945,46.31999969482422,47.38999938964844,31484000
2009-06-16,27.730154037475586,27.730154037475586,47.04999923706055,46.099998474121094,47.02000045776367,23389000
2009-06-17,27.80826187133789,27.80826187133789,46.650001525878906,45.689998626708984,46.18000030517578,23802600
2009-06-18,27.76020050048828,27.76020050048828,46.7400016784668,45.970001220703125,46.15999984741211,22429300
2009-06-19,28.198835372924805,28.198835372924805,47.130001068115234,46.66999816894531,46.93000030517578,19576300
2009-06-22,27.291519165039062,27.291519165039062,46.150001525878906,45.2599983215332,46.11000061035156,21491900
2009-06-23,27.650501251220703,27.650501251220703,45.25,44.529998779296875,44.939998626708984,26980500
2009-06-24,27.675046920776367,27.675046920776367,45.9900016784668,44.93000030517578,45.58000183105469,25708600
2009-06-25,28.25799560546875,28.25799560546875,46.060001373291016,44.720001220703125,44.84000015258789,23606800
2009-06-26,28.202774047851562,28.202774047851562,46.18000030517578,45.66999816894531,45.91999816894531,20799800
2009-06-29,28.44208526611328,28.44208526611328,46.58000183105469,45.91999816894531,46.15999984741211,21139400
2009-06-30,28.11072540283203,28.11072540283203,46.45000076293945,45.47999954223633,46.349998474121094,31292000
2009-07-01,28.577083587646484,28.577083587646484,46.97999954223633,46.41999816894531,46.4900016784668,20169200
2009-07-02,27.754810333251953,27.754810333251953,45.68000030517578,45.060001373291016,45.630001068115234,20744600
2009-07-06,27.791622161865234,27.791622161865234,45.290000915527344,44.58000183105469,44.65999984741211,17299200
2009-07-07,27.11663246154785,27.11663246154785,45.06999969482422,44.11000061035156,45.02000045776367,20032700
2009-07-08,27.00617790222168,27.00617790222168,44.41999816894531,43.4900016784668,44.290000915527344,24263500
2009-07-09,27.337543487548828,27.337543487548828,44.70000076293945,44.20000076293945,44.52000045776367,22637100
2009-07-10,27.018447875976562,27.018447875976562,45.150001525878906,43.290000915527344,43.880001068115234,16245600
2009-07-13,27.490951538085938,27.490951538085938,44.93000030517578,43.81999969482422,44.130001068115234,19678700
2009-07-14,27.638219833374023,27.638219833374023,45.189998626708984,44.630001068115234,45.060001373291016,15241000
2009-07-15,28.583234786987305,28.583234786987305,46.689998626708984,45.939998626708984,46.0099983215332,21318700
2009-07-16,28.834819793701172,28.834819793701172,47.119998931884766,46.400001525878906,46.58000183105469,15476600
2009-07-17,28.730501174926758,28.730501174926758,46.959999084472656,46.5099983215332,46.689998626708984,16180900
2009-07-20,29.288909912109375,29.288909912109375,47.83000183105469,47.279998779296875,47.58000183105469,15950700
2009-07-21,29.472999572753906,29.472999572753906,48.31999969482422,47.5,48.310001373291016,19663900
2009-07-22,29.5466365814209,29.5466365814209,48.369998931884766,47.630001068115234,47.650001525878906,16927500
2009-07-23,30.043678283691406,30.043678283691406,49.220001220703125,48.029998779296875,48.06999969482422,19940000
2009-07-24,30.227766036987305,30.227766036987305,49.290000915527344,48.619998931884766,48.869998931884766,15432700
2009-07-27,30.25845718383789,30.25845718383789,49.369998931884766,48.7599983215332,49.06999969482422,14807400
2009-07-28,30.12959098815918,30.12959098815918,49.20000076293945,48.52000045776367,48.939998626708984,18335000
2009-07-29,29.88413429260254,29.88413429260254,49.11000061035156,48.45000076293945,48.959999084472656,20032100
2009-07-30,30.46708869934082,30.46708869934082,50.099998474121094,49.43000030517578,49.59000015258789,19165900
2009-07-31,30.93345069885254,30.93345069885254,50.529998779296875,49.70000076293945,49.91999816894531,20636100
2009-08-03,31.651409149169922,31.651409149169922,51.709999084472656,51.04999923706055,51.220001220703125,22184800
2009-08-04,31.602325439453125,31.602325439453125,51.58000183105469,50.380001068115234,51.09000015258789,18395300
2009-08-05,31.473453521728516,31.473453521728516,51.400001525878906,50.599998474121094,51.380001068115234,18679100
2009-08-06,31.277101516723633,31.277101516723633,51.5,50.59000015258789,51.41999816894531,16284900
2009-08-07,31.246414184570312,31.246414184570312,51.29999923706055,50.810001373291016,51.15999984741211,19822400
2009-08-10,31.056182861328125,31.056182861328125,50.86000061035156,50.349998474121094,50.70000076293945,14593800
2009-08-11,30.878231048583984,30.878231048583984,50.439998626708984,50.029998779296875,50.38999938964844,13047300
2009-08-12,31.228002548217773,31.228002548217773,51.290000915527344,50.27000045776367,50.29999923706055,18246400
2009-08-13,31.706640243530273,31.706640243530273,51.79999923706055,51.16999816894531,51.599998474121094,17806800
2009-08-14,31.43663215637207,31.43663215637207,51.790000915527344,50.84000015258789,51.790000915527344,17855000
2009-08-17,30.42413330078125,30.42413330078125,49.7599983215332,49.40999984741211,49.70000076293945,23357700
2009-08-18,30.95186424255371,30.95186424255371,50.630001068115234,49.689998626708984,49.90999984741211,17125200
2009-08-19,31.215730667114258,31.215730667114258,51.060001373291016,49.79999923706055,49.83000183105469,18921900
2009-08-20,31.43663215637207,31.43663215637207,51.5,50.7599983215332,50.849998474121094,14815500
2009-08-21,32.1239128112793,32.1239128112793,52.529998779296875,51.95000076293945,51.9900016784668,20819300
2009-08-24,32.11777114868164,32.11777114868164,52.849998474121094,52.209999084472656,52.56999969482422,19589500
2009-08-25,32.43687057495117,32.43687057495117,53.2400016784668,52.709999084472656,52.88999938964844,20682000
2009-08-26,32.30187225341797,32.30187225341797,52.66999816894531,52.16999816894531,52.43000030517578,16828400
2009-08-27,32.54732894897461,32.54732894897461,53.2599983215332,52.029998779296875,52.59000015258789,18976000
2009-08-28,32.56573486328125,32.56573486328125,53.630001068115234,52.84000015258789,53.52000045776367,17008900
2009-08-31,32.32640838623047,32.32640838623047,52.7599983215332,52.290000915527344,52.439998626708984,18793900
2009-09-01,31.522554397583008,31.522554397583008,52.88999938964844,51.22999954223633,52.13999938964844,33136100
2009-09-02,31.485733032226562,31.485733032226562,51.619998931884766,51.040000915527344,51.09000015258789,20632100
2009-09-03,31.731185913085938,31.731185913085938,51.849998474121094,51.25,51.83000183105469,14848800
2009-09-04,32.21596145629883,32.21596145629883,52.61000061035156,51.540000915527344,51.790000915527344,13312100
2009-09-08,32.85414505004883,32.85414505004883,53.70000076293945,53.279998779296875,53.650001525878906,17093100
2009-09-09,33.25914764404297,33.25914764404297,54.40999984741211,50.06999969482422,53.869998931884766,21243900
2009-09-10,33.55369186401367,33.55369186401367,54.779998779296875,53.75,54.099998474121094,17004400
2009-09-11,33.51072692871094,33.51072692871094,55.02000045776367,54.40999984741211,54.869998931884766,16105400
2009-09-14,33.5782356262207,33.5782356262207,54.75,53.970001220703125,54.0,18704400
2009-09-15,33.5843620300293,33.5843620300293,54.900001525878906,54.08000183105469,54.45000076293945,24528200
2009-09-16,34.247100830078125,34.247100830078125,55.83000183105469,55.119998931884766,55.36000061035156,22163300
2009-09-17,34.026187896728516,34.026187896728516,55.88999938964844,55.209999084472656,55.400001525878906,20940900
2009-09-18,34.11822509765625,34.11822509765625,55.880001068115234,55.349998474121094,55.849998474121094,15180700
2009-09-21,33.75617980957031,33.75617980957031,55.13999938964844,54.4900016784668,54.650001525878906,17452700
2009-09-22,34.222557067871094,34.222557067871094,55.91999816894531,55.540000915527344,55.869998931884766,13731800
2009-09-23,33.92801284790039,33.92801284790039,56.310001373291016,55.18000030517578,55.9900016784668,22848100
2009-09-24,33.43095397949219,33.43095397949219,55.779998779296875,54.16999816894531,55.650001525878906,27611900
2009-09-25,33.28982925415039,33.28982925415039,54.84000015258789,54.119998931884766,54.36000061035156,22919400
2009-09-28,33.743919372558594,33.743919372558594,55.369998931884766,54.369998931884766,54.439998626708984,15643900
2009-09-29,33.54142379760742,33.54142379760742,55.04999923706055,54.41999816894531,54.84000015258789,16359800
2009-09-30,33.55369186401367,33.55369186401367,55.189998626708984,54.25,55.11000061035156,25290400
2009-10-01,32.676177978515625,32.676177978515625,54.380001068115234,53.189998626708984,54.34000015258789,22406000
2009-10-02,32.314144134521484,32.314144134521484,53.11000061035156,52.41999816894531,52.45000076293945,27674800
2009-10-05,32.78050231933594,32.78050231933594,53.619998931884766,52.599998474121094,52.689998626708984,15838800
2009-10-06,33.3327751159668,33.3327751159668,54.72999954223633,54.0,54.040000915527344,18768200
2009-10-07,33.45550537109375,33.45550537109375,54.529998779296875,54.099998474121094,54.290000915527344,20064200
2009-10-08,33.940277099609375,33.940277099609375,55.650001525878906,54.900001525878906,55.220001220703125,14926100
2009-10-09,33.854373931884766,33.854373931884766,55.25,54.880001068115234,55.11000061035156,9190200
2009-10-12,34.0568733215332,34.0568733215332,55.900001525878906,55.38999938964844,55.72999954223633,9631800
2009-10-13,33.98323440551758,33.98323440551758,55.540000915527344,55.0,55.470001220703125,11697400
2009-10-14,34.79936981201172,34.79936981201172,56.77000045776367,56.209999084472656,56.459999084472656,16624600
2009-10-15,34.95892333984375,34.95892333984375,56.970001220703125,56.369998931884766,56.43000030517578,16062400
2009-10-16,34.43118667602539,34.43118667602539,56.34000015258789,55.75,56.02000045776367,19457400
2009-10-19,34.98346710205078,34.98346710205078,57.189998626708984,56.400001525878906,56.650001525878906,16127900
2009-10-20,34.79936981201172,34.79936981201172,57.189998626708984,56.29999923706055,57.18000030517578,14700400
2009-10-21,34.682777404785156,34.682777404785156,57.459999084472656,56.459999084472656,56.59000015258789,19720200
2009-10-22,35.0202751159668,35.0202751159668,57.22999954223633,56.029998779296875,56.47999954223633,15890400
2009-10-23,34.46799850463867,34.46799850463867,56.93000030517578,55.900001525878906,56.91999816894531,19383000
2009-10-26,33.94643020629883,33.94643020629883,56.790000915527344,55.099998474121094,56.369998931884766,21031300
2009-10-27,33.676422119140625,33.676422119140625,55.630001068115234,54.79999923706055,55.43000030517578,23313000
2009-10-28,32.86641311645508,32.86641311645508,54.61000061035156,53.40999984741211,54.349998474121094,25441000
2009-10-29,33.83596420288086,33.83596420288086,55.33000183105469,54.119998931884766,54.560001373291016,21274300
2009-10-30,32.70686340332031,32.70686340332031,54.959999084472656,53.209999084472656,54.779998779296875,31478700
2009-11-02,33.02595520019531,33.02595520019531,54.560001373291016,53.209999084472656,53.77000045776367,25878000
2009-11-03,32.897090911865234,32.897090911865234,53.720001220703125,52.779998779296875,52.849998474121094,19567300
2009-11-04,33.22846603393555,33.22846603393555,54.66999816894531,53.97999954223633,54.310001373291016,24340600
2009-11-05,33.65800857543945,33.65800857543945,55.13999938964844,54.5099983215332,54.68000030517578,13490700
2009-11-06,33.75617980957031,33.75617980957031,55.09000015258789,54.349998474121094,54.470001220703125,12750300
2009-11-09,34.70119094848633,34.70119094848633,56.560001373291016,55.90999984741211,56.0,17554500
2009-11-10,34.51710510253906,34.51710510253906,56.38999938964844,55.880001068115234,55.970001220703125,19583800
2009-11-11,34.621421813964844,34.621421813964844,56.90999984741211,56.150001525878906,56.63999938964844,14746200
2009-11-12,34.11822509765625,34.11822509765625,56.4900016784668,55.4900016784668,56.20000076293945,18177000
2009-11-13,34.59687423706055,34.59687423706055,56.560001373291016,55.619998931884766,55.93000030517578,20592200
2009-11-16,35.149147033691406,35.149147033691406,57.61000061035156,56.84000015258789,56.869998931884766,18105000
2009-11-17,34.915958404541016,34.915958404541016,56.95000076293945,56.349998474121094,56.689998626708984,15367600
2009-11-18,34.80551528930664,34.80551528930664,56.97999954223633,56.400001525878906,56.939998626708984,12114400
2009-11-19,34.14891815185547,34.14891815185547,55.90999984741211,55.209999084472656,55.90999984741211,21816500
2009-11-20,33.95868682861328,33.95868682861328,55.38999938964844,54.93000030517578,54.970001220703125,15379300
2009-11-23,34.566184997558594,34.566184997558594,56.77000045776367,56.16999816894531,56.459999084472656,17112800
2009-11-24,34.4250602722168,34.4250602722168,56.33000183105469,55.68000030517578,56.20000076293945,23601500
2009-11-25,34.88527297973633,34.88527297973633,56.88999938964844,56.29999923706055,56.56999969482422,15283000
2009-11-27,33.8789176940918,33.8789176940918,55.619998931884766,54.439998626708984,54.52000045776367,14507600
2009-11-30,33.98936462402344,33.98936462402344,55.75,54.900001525878906,55.2400016784668,20857000
2009-12-01,34.92210006713867,34.92210006713867,57.09000015258789,56.369998931884766,56.470001220703125,17952200
2009-12-02,34.97734069824219,34.97734069824219,57.310001373291016,56.7599983215332,56.880001068115234,13034600
2009-12-03,34.897552490234375,34.897552490234375,57.630001068115234,56.709999084472656,57.33000183105469,15714100
2009-12-04,34.77482986450195,34.77482986450195,57.65999984741211,56.29999923706055,57.36000061035156,17862600
2009-12-07,34.584590911865234,34.584590911865234,56.83000183105469,56.2599983215332,56.310001373291016,13057600
2009-12-08,33.98323440551758,33.98323440551758,55.79999923706055,55.22999954223633,55.790000915527344,16547700
2009-12-09,33.940277099609375,33.940277099609375,55.5,54.720001220703125,55.25,16435300
2009-12-10,34.04459762573242,34.04459762573242,55.779998779296875,54.77000045776367,55.599998474121094,12430600
2009-12-11,34.03232192993164,34.03232192993164,55.7400016784668,55.33000183105469,55.650001525878906,22797300
2009-12-14,34.363685607910156,34.363685607910156,56.02000045776367,55.63999938964844,55.86000061035156,23188500
2009-12-15,33.98323440551758,33.98323440551758,55.709999084472656,55.2400016784668,55.290000915527344,16211400
2009-12-16,34.38208770751953,34.38208770751953,56.310001373291016,55.849998474121094,55.90999984741211,17313400
2009-12-17,33.572105407714844,33.572105407714844,55.130001068115234,54.56999969482422,55.02000045776367,20345600
2009-12-18,33.6518669128418,33.6518669128418,55.060001373291016,54.22999954223633,54.939998626708984,18769700
2009-12-21,33.75004196166992,33.75004196166992,55.279998779296875,54.88999938964844,54.95000076293945,15019700
2009-12-22,33.96430969238281,33.96430969238281,54.97999954223633,54.58000183105469,54.77000045776367,15589200
2009-12-23,34.27391052246094,34.27391052246094,55.349998474121094,54.90999984741211,55.150001525878906,10683500
2009-12-24,34.410133361816406,34.410133361816406,55.650001525878906,55.45000076293945,55.560001373291016,4979300
2009-12-28,34.55875015258789,34.55875015258789,55.849998474121094,55.630001068115234,55.849998474121094,11762300
2009-12-29,34.6144905090332,34.6144905090332,56.20000076293945,55.689998626708984,56.189998626708984,10648300
2009-12-30,34.472068786621094,34.472068786621094,55.66999816894531,55.2599983215332,55.38999938964844,12566200
2009-12-31,34.23056411743164,34.23056411743164,55.95000076293945,55.220001220703125,55.91999816894531,13893400
2010-01-04,35.128440856933594,35.128440856933594,56.939998626708984,56.40999984741211,56.41999816894531,18556900
2010-01-05,35.15940856933594,35.15940856933594,57.099998474121094,56.5099983215332,56.869998931884766,14352800
2010-01-06,35.30800247192383,35.30800247192383,57.09000015258789,56.66999816894531,56.68000030517578,11888100
2010-01-07,35.17176818847656,35.17176818847656,56.84000015258789,56.369998931884766,56.63999938964844,10906600
2010-01-08,35.450439453125,35.450439453125,57.310001373291016,56.7400016784668,56.900001525878906,12826500
2010-01-11,35.741477966308594,35.741477966308594,57.86000061035156,57.470001220703125,57.83000183105469,12387500
2010-01-12,35.320396423339844,35.320396423339844,57.380001068115234,56.599998474121094,57.11000061035156,19029700
2010-01-13,35.61762237548828,35.61762237548828,57.70000076293945,56.939998626708984,57.279998779296875,15446600
2010-01-14,35.89008712768555,35.89008712768555,58.0,57.5,57.5,13362600
2010-01-15,35.32658767700195,35.32658767700195,57.61000061035156,56.779998779296875,57.5099983215332,19281700
2010-01-19,35.67335510253906,35.67335510253906,57.68000030517578,56.84000015258789,56.880001068115234,17507700
2010-01-20,34.76309585571289,34.76309585571289,56.400001525878906,55.619998931884766,56.369998931884766,24510100
2010-01-21,34.02001953125,34.02001953125,56.18000030517578,54.58000183105469,56.040000915527344,22979100
2010-01-22,33.35746383666992,33.35746383666992,55.04999923706055,53.790000915527344,54.70000076293945,27432500
2010-01-25,33.76615524291992,33.76615524291992,54.97999954223633,54.38999938964844,54.86000061035156,20242700
2010-01-26,33.57419204711914,33.57419204711914,54.68000030517578,53.90999984741211,54.04999923706055,22135300
2010-01-27,33.53703689575195,33.53703689575195,54.209999084472656,53.380001068115234,53.880001068115234,27156000
2010-01-28,32.973548889160156,32.973548889160156,54.20000076293945,52.849998474121094,54.189998626708984,26142600
2010-01-29,32.496742248535156,32.496742248535156,53.630001068115234,52.33000183105469,53.31999969482422,28917200
2010-02-01,33.0911979675293,33.0911979675293,53.52000045776367,52.47999954223633,53.20000076293945,23123800
2010-02-02,33.642303466796875,33.642303466796875,54.459999084472656,53.650001525878906,53.81999969482422,19720200
2010-02-03,33.28935623168945,33.28935623168945,54.20000076293945,53.47999954223633,53.97999954223633,20225900
2010-02-04,31.933252334594727,31.933252334594727,52.79999923706055,51.540000915527344,52.7400016784668,32202200
2010-02-05,31.877521514892578,31.877521514892578,51.47999954223633,49.939998626708984,51.290000915527344,43046100
2010-02-08,31.24592399597168,31.24592399597168,51.45000076293945,50.45000076293945,50.970001220703125,19238000
2010-02-09,32.2304801940918,32.2304801940918,52.52000045776367,51.09000015258789,51.59000015258789,30811800
2010-02-10,32.0261344909668,32.0261344909668,51.95000076293945,51.209999084472656,51.77000045776367,23502500
2010-02-11,32.323368072509766,32.323368072509766,52.290000915527344,51.150001525878906,51.540000915527344,19397300
2010-02-12,32.04471206665039,32.04471206665039,51.849998474121094,51.04999923706055,51.29999923706055,18994900
2010-02-16,32.7568244934082,32.7568244934082,53.0099983215332,51.810001373291016,51.9900016784668,19592800
2010-02-17,32.8001594543457,32.8001594543457,53.27000045776367,52.75,53.13999938964844,19682000
2010-02-18,32.985931396484375,32.985931396484375,53.349998474121094,52.810001373291016,52.810001373291016,13747600
2010-02-19,32.781578063964844,32.781578063964844,53.06999969482422,52.380001068115234,52.529998779296875,16069000
2010-02-22,32.84351348876953,32.84351348876953,53.310001373291016,52.90999984741211,53.22999954223633,14422100
2010-02-23,32.37910079956055,32.37910079956055,53.040000915527344,52.119998931884766,52.79999923706055,18038800
2010-02-24,32.583438873291016,32.583438873291016,52.93000030517578,52.22999954223633,52.369998931884766,15789800
2010-02-25,32.38528823852539,32.38528823852539,52.310001373291016,51.470001220703125,51.58000183105469,18544400
2010-02-26,32.583438873291016,32.583438873291016,52.849998474121094,51.90999984741211,52.189998626708984,19714200
2010-03-01,32.837318420410156,32.837318420410156,53.130001068115234,52.599998474121094,52.7400016784668,14774400
2010-03-02,33.08501434326172,33.08501434326172,53.790000915527344,53.16999816894531,53.38999938964844,14135700
2010-03-03,33.4813117980957,33.4813117980957,54.40999984741211,53.83000183105469,53.90999984741211,15292400
2010-03-04,33.39461898803711,33.39461898803711,54.22999954223633,53.619998931884766,54.130001068115234,12645600
2010-03-05,34.044803619384766,34.044803619384766,55.060001373291016,54.209999084472656,54.310001373291016,18656300
2010-03-08,34.044803619384766,34.044803619384766,55.209999084472656,54.810001373291016,55.060001373291016,11336100
2010-03-09,33.96430969238281,33.96430969238281,55.11000061035156,54.45000076293945,54.470001220703125,15356500
2010-03-10,34.106727600097656,34.106727600097656,55.34000015258789,54.779998779296875,54.849998474121094,13641100
2010-03-11,34.23677062988281,34.23677062988281,55.349998474121094,54.810001373291016,55.04999923706055,13015300
2010-03-12,34.46587371826172,34.46587371826172,55.75,55.369998931884766,55.72999954223633,11743300
2010-03-15,34.224369049072266,34.224369049072266,55.34000015258789,54.849998474121094,55.20000076293945,10182300
2010-03-16,34.657833099365234,34.657833099365234,56.029998779296875,55.31999969482422,55.459999084472656,15718300
2010-03-17,34.84359359741211,34.84359359741211,56.5099983215332,56.11000061035156,56.18000030517578,17400500
2010-03-18,34.63924789428711,34.63924789428711,56.189998626708984,55.58000183105469,56.08000183105469,15899600
2010-03-19,34.286293029785156,34.286293029785156,55.90999984741211,55.11000061035156,55.369998931884766,17819700
2010-03-22,34.3853645324707,34.3853645324707,55.599998474121094,54.599998474121094,54.63999938964844,17473800
2010-03-23,34.62687301635742,34.62687301635742,56.0099983215332,55.349998474121094,55.560001373291016,15533000
2010-03-24,34.057186126708984,34.057186126708984,55.209999084472656,54.7599983215332,55.0,18234000
2010-03-25,34.03860855102539,34.03860855102539,55.65999984741211,54.900001525878906,55.45000076293945,18633000
2010-03-26,34.372982025146484,34.372982025146484,55.720001220703125,55.15999984741211,55.33000183105469,23466200
2010-03-29,34.664024353027344,34.664024353027344,56.040000915527344,55.68000030517578,55.779998779296875,13605700
2010-03-30,34.664024353027344,34.664024353027344,56.310001373291016,55.720001220703125,56.15999984741211,16768000
2010-03-31,34.664024353027344,34.664024353027344,56.18000030517578,55.63999938964844,55.77000045776367,22702600
2010-04-01,35.277061462402344,35.277061462402344,56.9900016784668,56.52000045776367,56.54999923706055,20493900
2010-04-05,35.314212799072266,35.314212799072266,57.20000076293945,56.75,56.939998626708984,14434000
2010-04-06,35.215126037597656,35.215126037597656,56.95000076293945,56.380001068115234,56.439998626708984,15025700
2010-04-07,34.96744155883789,34.96744155883789,56.68000030517578,56.2599983215332,56.560001373291016,19574500
2010-04-08,34.93029022216797,34.93029022216797,56.459999084472656,55.7400016784668,55.86000061035156,13853000
2010-04-09,35.388519287109375,35.388519287109375,57.220001220703125,56.560001373291016,56.58000183105469,17131200
2010-04-12,35.499969482421875,35.499969482421875,57.5,57.209999084472656,57.34000015258789,11992200
2010-04-13,35.469017028808594,35.469017028808594,57.439998626708984,56.849998474121094,57.38999938964844,9094000
2010-04-14,35.93962478637695,35.93962478637695,58.08000183105469,57.52000045776367,57.689998626708984,20763800
2010-04-15,35.914852142333984,35.914852142333984,58.09000015258789,57.63999938964844,57.689998626708984,13534200
2010-04-16,35.12224578857422,35.12224578857422,57.709999084472656,56.43000030517578,57.47999954223633,30341100
2010-04-19,35.029361724853516,35.029361724853516,56.61000061035156,55.88999938964844,56.08000183105469,19657000
2010-04-20,35.24608612060547,35.24608612060547,57.08000183105469,56.779998779296875,57.0,14039800
2010-04-21,35.0169792175293,35.0169792175293,56.790000915527344,56.2599983215332,56.689998626708984,15597400
2010-04-22,34.70118713378906,34.70118713378906,56.13999938964844,55.31999969482422,55.68000030517578,22128200
2010-04-23,34.96125030517578,34.96125030517578,56.4900016784668,55.630001068115234,55.810001373291016,18250100
2010-04-26,34.99839401245117,34.99839401245117,56.75,56.400001525878906,56.619998931884766,19670500
2010-04-27,33.592769622802734,33.592769622802734,56.08000183105469,54.119998931884766,55.70000076293945,39699100
2010-04-28,33.598960876464844,33.598960876464844,54.790000915527344,53.68000030517578,54.689998626708984,32895300
2010-04-29,34.11910629272461,34.11910629272461,55.22999954223633,54.709999084472656,54.849998474121094,21405900
2010-04-30,33.69184112548828,33.69184112548828,55.18000030517578,54.27000045776367,55.119998931884766,24817100
2010-05-03,33.9333381652832,33.9333381652832,54.9900016784668,54.40999984741211,54.5099983215332,22046300
2010-05-04,32.58962631225586,32.58962631225586,53.41999816894531,52.40999984741211,53.38999938964844,42932500
2010-05-05,31.96421241760254,31.96421241760254,52.2400016784668,51.34000015258789,51.45000076293945,40791300
2010-05-06,30.540008544921875,30.540008544921875,51.599998474121094,47.2599983215332,51.279998779296875,64526400
2010-05-07,30.471885681152344,30.471885681152344,50.310001373291016,48.29999923706055,49.810001373291016,66179200
2010-05-10,32.44720458984375,32.44720458984375,52.849998474121094,51.95000076293945,52.45000076293945,63301700
2010-05-11,31.92086410522461,31.92086410522461,52.36000061035156,51.15999984741211,51.209999084472656,42343600
2010-05-12,32.28002166748047,32.28002166748047,52.439998626708984,51.900001525878906,51.9900016784668,27785600
2010-05-13,31.85894775390625,31.85894775390625,52.119998931884766,51.31999969482422,51.7599983215332,29675400
2010-05-14,30.954891204833984,30.954891204833984,50.91999816894531,49.54999923706055,50.81999969482422,40366200
2010-05-17,30.998239517211914,30.998239517211914,50.400001525878906,48.900001525878906,50.16999816894531,33131000
2010-05-18,30.329479217529297,30.329479217529297,50.630001068115234,48.72999954223633,50.540000915527344,39152500
2010-05-19,30.447124481201172,30.447124481201172,49.34000015258789,48.349998474121094,48.880001068115234,41441600
2010-05-20,29.388256072998047,29.388256072998047,48.27000045776367,46.970001220703125,47.709999084472656,50013100
2010-05-21,30.106550216674805,30.106550216674805,48.68000030517578,46.90999984741211,47.02000045776367,52184600
2010-05-24,29.41301727294922,29.41301727294922,48.31999969482422,47.470001220703125,47.939998626708984,26489400
2010-05-25,29.301565170288086,29.301565170288086,47.38999938964844,45.849998474121094,46.09000015258789,53441800
2010-05-26,28.86811637878418,28.86811637878418,47.779998779296875,46.5099983215332,47.369998931884766,42125600
2010-05-27,30.50905418395996,30.50905418395996,49.29999923706055,48.0099983215332,48.29999923706055,33506900
2010-05-28,29.92078399658203,29.92078399658203,49.150001525878906,48.11000061035156,49.029998779296875,39482100
2010-06-01,29.623565673828125,29.623565673828125,49.02000045776367,47.79999923706055,47.88999938964844,34753600
2010-06-02,30.41615867614746,30.41615867614746,49.150001525878906,47.790000915527344,48.060001373291016,25336300
2010-06-03,30.323291778564453,30.323291778564453,49.459999084472656,48.52000045776367,49.369998931884766,27019600
2010-06-04,29.02910614013672,29.02910614013672,48.02000045776367,46.650001525878906,47.7599983215332,36685200
2010-06-07,28.66376304626465,28.66376304626465,47.29999923706055,46.279998779296875,47.06999969482422,24384100
2010-06-08,29.121984481811523,29.121984481811523,47.09000015258789,46.130001068115234,46.54999923706055,33911600
2010-06-09,29.016719818115234,29.016719818115234,47.83000183105469,46.630001068115234,47.34000015258789,30395500
2010-06-10,30.242780685424805,30.242780685424805,48.880001068115234,48.08000183105469,48.2400016784668,30506000
2010-06-11,30.2861270904541,30.2861270904541,48.93000030517578,48.20000076293945,48.290000915527344,22459100
2010-06-14,30.47808265686035,30.47808265686035,49.93000030517578,49.130001068115234,49.630001068115234,29477200
2010-06-15,31.44406509399414,31.44406509399414,50.810001373291016,49.81999969482422,50.0,28365100
2010-06-16,31.295452117919922,31.295452117919922,50.7400016784668,50.040000915527344,50.150001525878906,21785900
2010-06-17,31.394527435302734,31.394527435302734,50.79999923706055,50.20000076293945,50.779998779296875,23402900
2010-06-18,31.338804244995117,31.338804244995117,50.849998474121094,50.45000076293945,50.630001068115234,20182700
2010-06-21,31.33260726928711,31.33260726928711,51.4900016784668,50.400001525878906,51.38999938964844,26081200
2010-06-22,30.93630599975586,30.93630599975586,50.93000030517578,49.869998931884766,50.720001220703125,29123900
2010-06-23,31.14359474182129,31.14359474182129,49.779998779296875,48.83000183105469,49.459999084472656,31159100
2010-06-24,30.60174560546875,30.60174560546875,49.16999816894531,48.43000030517578,49.099998474121094,24218700
2010-06-25,30.778167724609375,30.778167724609375,48.9900016784668,48.16999816894531,48.540000915527344,31883900
2010-06-28,30.551342010498047,30.551342010498047,49.11000061035156,48.380001068115234,48.75,23915000
2010-06-29,29.505451202392578,29.505451202392578,47.599998474121094,46.66999816894531,47.599998474121094,39759300
2010-06-30,29.303836822509766,29.303836822509766,47.380001068115234,46.47999954223633,46.900001525878906,40112000
2010-07-01,29.732263565063477,29.732263565063477,47.2599983215332,46.45000076293945,47.099998474121094,43453600
2010-07-02,29.66926383972168,29.66926383972168,47.65999984741211,46.77000045776367,47.470001220703125,24580500
2010-07-06,30.261516571044922,30.261516571044922,48.790000915527344,47.709999084472656,48.43000030517578,26225800
2010-07-07,31.206592559814453,31.206592559814453,49.59000015258789,48.27000045776367,48.31999969482422,31096500
2010-07-08,31.509037017822266,31.509037017822266,50.02000045776367,49.33000183105469,49.70000076293945,30704400
2010-07-09,31.5405330657959,31.5405330657959,50.08000183105469,49.47999954223633,49.560001373291016,19807000
2010-07-12,31.420822143554688,31.420822143554688,49.9900016784668,49.5099983215332,49.650001525878906,19512900
2010-07-13,32.000465393066406,32.000465393066406,50.90999984741211,50.40999984741211,50.5099983215332,21027200
2010-07-14,32.1138801574707,32.1138801574707,51.02000045776367,50.43000030517578,50.56999969482422,17036100
2010-07-15,32.271392822265625,32.271392822265625,51.310001373291016,50.41999816894531,51.08000183105469,21741000
2010-07-16,31.238101959228516,31.238101959228516,50.619998931884766,49.5099983215332,50.61000061035156,29092500
2010-07-19,31.439720153808594,31.439720153808594,50.15999984741211,49.47999954223633,49.9900016784668,15344100
2010-07-20,31.653942108154297,31.653942108154297,50.310001373291016,49.119998931884766,49.13999938964844,17648600
2010-07-21,31.080596923828125,31.080596923828125,50.25,49.16999816894531,50.220001220703125,18248500
2010-07-22,32.12648010253906,32.12648010253906,51.16999816894531,50.52000045776367,50.52000045776367,25412400
2010-07-23,32.504512786865234,32.504512786865234,51.599998474121094,50.7400016784668,50.90999984741211,26349100
2010-07-26,32.731346130371094,32.731346130371094,51.970001220703125,51.189998626708984,51.310001373291016,29416900
2010-07-27,32.825843811035156,32.825843811035156,52.29999923706055,51.709999084472656,52.25,31043800
2010-07-28,32.655723571777344,32.655723571777344,52.119998931884766,51.66999816894531,51.959999084472656,18472800
2010-07-29,32.806941986083984,32.806941986083984,52.810001373291016,51.61000061035156,52.58000183105469,20313700
2010-07-30,32.70612716674805,32.70612716674805,52.25,51.400001525878906,51.459999084472656,25265700
2010-08-02,33.80872344970703,33.80872344970703,53.75,52.959999084472656,53.09000015258789,20257000
2010-08-03,33.75832748413086,33.75832748413086,53.7599983215332,53.15999984741211,53.41999816894531,18383000
2010-08-04,33.78982162475586,33.78982162475586,53.77000045776367,53.220001220703125,53.5099983215332,15891400
2010-08-05,33.76461410522461,33.76461410522461,53.59000015258789,53.150001525878906,53.43000030517578,13158500
2010-08-06,33.86542892456055,33.86542892456055,53.79999923706055,53.09000015258789,53.27000045776367,18078700
2010-08-09,33.90324783325195,33.90324783325195,53.95000076293945,53.68000030517578,53.88999938964844,13579600
2010-08-10,33.6323127746582,33.6323127746582,53.630001068115234,52.58000183105469,52.880001068115234,20251800
2010-08-11,32.101287841796875,32.101287841796875,51.709999084472656,50.869998931884766,51.70000076293945,40518300
2010-08-12,32.063472747802734,32.063472747802734,51.04999923706055,50.5,50.5099983215332,22039000
2010-08-13,31.950071334838867,31.950071334838867,51.16999816894531,50.689998626708984,50.869998931884766,18869200
2010-08-16,32.20838165283203,32.20838165283203,51.310001373291016,50.58000183105469,50.720001220703125,16634800
2010-08-17,32.56752395629883,32.56752395629883,51.97999954223633,51.400001525878906,51.689998626708984,13630600
2010-08-18,32.55491256713867,32.55491256713867,52.02000045776367,51.459999084472656,51.83000183105469,14140600
2010-08-19,32.03197479248047,32.03197479248047,51.84000015258789,50.599998474121094,51.70000076293945,20836400
2010-08-20,31.69805145263672,31.69805145263672,50.41999816894531,50.0,50.29999923706055,16366900
2010-08-23,31.635034561157227,31.635034561157227,50.88999938964844,50.20000076293945,50.560001373291016,13331200
2010-08-24,31.20029640197754,31.20029640197754,49.86000061035156,49.15999984741211,49.529998779296875,21659600
2010-08-25,31.23180389404297,31.23180389404297,49.66999816894531,48.81999969482422,49.08000183105469,18816000
2010-08-26,31.21920394897461,31.21920394897461,50.13999938964844,49.400001525878906,49.849998474121094,16038800
2010-08-27,31.830358505249023,31.830358505249023,50.58000183105469,49.47999954223633,50.130001068115234,16814200
2010-08-30,31.370405197143555,31.370405197143555,50.400001525878906,49.779998779296875,50.189998626708984,17372300
2010-08-31,31.464921951293945,31.464921951293945,50.27000045776367,49.540000915527344,49.7400016784668,24164600
2010-09-01,32.58642578125,32.58642578125,51.900001525878906,51.060001373291016,51.15999984741211,25500500
2010-09-02,32.769134521484375,32.769134521484375,52.0099983215332,51.540000915527344,51.70000076293945,14665200
2010-09-03,33.07156753540039,33.07156753540039,52.650001525878906,52.150001525878906,52.43000030517578,16061700
2010-09-07,32.61162567138672,32.61162567138672,52.13999938964844,51.72999954223633,52.099998474121094,17975300
2010-09-08,32.863643646240234,32.863643646240234,52.540000915527344,52.08000183105469,52.11000061035156,13422600
2010-09-09,33.17237091064453,33.17237091064453,53.0,52.400001525878906,53.0,14184700
2010-09-10,33.2731819152832,33.2731819152832,52.86000061035156,52.599998474121094,52.66999816894531,10187700
2010-09-13,33.87803268432617,33.87803268432617,53.810001373291016,53.459999084472656,53.540000915527344,23197400
2010-09-14,34.1048583984375,34.1048583984375,54.34000015258789,53.41999816894531,53.58000183105469,20933000
2010-09-15,34.11745071411133,34.11745071411133,54.209999084472656,53.540000915527344,53.779998779296875,19914900
2010-09-16,33.95363998413086,33.95363998413086,54.029998779296875,53.61000061035156,53.7599983215332,18005000
2010-09-17,33.78982162475586,33.78982162475586,53.97999954223633,53.33000183105469,53.880001068115234,18965300
2010-09-20,34.37577819824219,34.37577819824219,54.65999984741211,53.77000045776367,53.90999984741211,17245100
2010-09-21,34.369468688964844,34.369468688964844,54.97999954223633,54.04999923706055,54.56999969482422,24148000
2010-09-22,34.31905746459961,34.31905746459961,55.0099983215332,54.31999969482422,54.720001220703125,21603200
2010-09-23,33.94734191894531,33.94734191894531,54.40999984741211,53.7599983215332,53.86000061035156,20424200
2010-09-24,34.89241409301758,34.89241409301758,55.47999954223633,54.88999938964844,54.93000030517578,21041700
2010-09-27,34.715999603271484,34.715999603271484,55.40999984741211,55.04999923706055,55.36000061035156,13161000
2010-09-28,34.917625427246094,34.917625427246094,55.54999923706055,54.63999938964844,55.220001220703125,30726600
2010-09-29,34.86091995239258,34.86091995239258,55.619998931884766,55.150001525878906,55.43000030517578,18717500
2010-09-30,34.602596282958984,34.602596282958984,55.810001373291016,54.630001068115234,55.61000061035156,30372500
2010-10-01,34.949119567871094,34.949119567871094,55.59000015258789,55.02000045776367,55.47999954223633,15814900
2010-10-04,34.445091247558594,34.445091247558594,55.209999084472656,54.459999084472656,54.9900016784668,14760400
2010-10-05,35.42167282104492,35.42167282104492,56.380001068115234,55.540000915527344,55.650001525878906,25199800
2010-10-06,35.717796325683594,35.717796325683594,56.709999084472656,56.349998474121094,56.470001220703125,24251900
2010-10-07,35.59808349609375,35.59808349609375,57.119998931884766,56.20000076293945,57.11000061035156,22281600
2010-10-08,35.831199645996094,35.831199645996094,56.970001220703125,56.43000030517578,56.619998931884766,16558500
2010-10-11,35.787086486816406,35.787086486816406,57.029998779296875,56.599998474121094,56.970001220703125,9960700
2010-10-12,35.71149826049805,35.71149826049805,56.83000183105469,55.95000076293945,56.36000061035156,13383900
2010-10-13,36.114723205566406,36.114723205566406,57.619998931884766,57.08000183105469,57.209999084472656,15517400
2010-10-14,36.36674499511719,36.36674499511719,57.93000030517578,57.380001068115234,57.72999954223633,16135400
2010-10-15,36.24704360961914,36.24704360961914,57.93000030517578,57.119998931884766,57.88999938964844,20830900
2010-10-18,36.32894515991211,36.32894515991211,57.90999984741211,57.25,57.41999816894531,12315200
2010-10-19,35.52877426147461,35.52877426147461,57.0099983215332,56.11000061035156,56.650001525878906,20471000
2010-10-20,36.19662857055664,36.19662857055664,57.66999816894531,56.689998626708984,56.72999954223633,15578900
2010-10-21,36.00131607055664,36.00131607055664,57.869998931884766,56.810001373291016,57.5,14836300
2010-10-22,36.0958251953125,36.0958251953125,57.5,57.119998931884766,57.40999984741211,12456000
2010-10-25,36.234439849853516,36.234439849853516,58.099998474121094,57.47999954223633,57.88999938964844,13979000
2010-10-26,36.00131607055664,36.00131607055664,57.20000076293945,56.75,56.88999938964844,14724600
2010-10-27,35.65478515625,35.65478515625,56.77000045776367,56.06999969482422,56.630001068115234,15964500
2010-10-28,35.93201446533203,35.93201446533203,57.20000076293945,56.720001220703125,57.18000030517578,15896800
2010-10-29,35.91940689086914,35.91940689086914,57.13999938964844,56.77000045776367,56.939998626708984,13268100
2010-11-01,35.787086486816406,35.787086486816406,57.29999923706055,56.5,57.099998474121094,14155000
2010-11-02,36.379356384277344,36.379356384277344,57.849998474121094,57.529998779296875,57.68000030517578,13020600
2010-11-03,36.63136672973633,36.63136672973633,58.13999938964844,57.16999816894531,57.81999969482422,24589500
2010-11-04,37.463043212890625,37.463043212890625,59.5099983215332,59.119998931884766,59.189998626708984,19768900
2010-11-05,37.29922866821289,37.29922866821289,59.43000030517578,58.900001525878906,59.150001525878906,14176200
2010-11-08,37.07240676879883,37.07240676879883,58.959999084472656,58.4900016784668,58.7400016784668,11752500
2010-11-09,36.7006721496582,36.7006721496582,59.349998474121094,58.04999923706055,59.20000076293945,17333500
2010-11-10,36.80778884887695,36.80778884887695,58.56999969482422,57.650001525878906,58.45000076293945,19340700
2010-11-11,36.49275207519531,36.49275207519531,58.0099983215332,57.59000015258789,57.84000015258789,21357400
2010-11-12,36.190338134765625,36.190338134765625,58.060001373291016,57.130001068115234,57.75,19040600
2010-11-15,36.165130615234375,36.165130615234375,57.93000030517578,57.38999938964844,57.83000183105469,15067500
2010-11-16,35.31455993652344,35.31455993652344,57.0,55.79999923706055,56.900001525878906,40455500
2010-11-17,35.50986862182617,35.50986862182617,56.66999816894531,56.220001220703125,56.349998474121094,22315000
2010-11-18,36.39824295043945,36.39824295043945,57.83000183105469,57.5,57.54999923706055,19343000
2010-11-19,36.39824295043945,36.39824295043945,57.79999923706055,57.029998779296875,57.310001373291016,14201100
2010-11-22,36.00762176513672,36.00762176513672,57.400001525878906,56.4900016784668,57.099998474121094,28197600
2010-11-23,34.923912048339844,34.923912048339844,56.06999969482422,55.290000915527344,55.869998931884766,22439100
2010-11-24,35.478370666503906,35.478370666503906,56.33000183105469,55.939998626708984,55.959999084472656,18834800
2010-11-26,34.8861083984375,34.8861083984375,55.68000030517578,55.27000045776367,55.369998931884766,8691400
2010-11-29,34.577388763427734,34.577388763427734,55.0099983215332,54.22999954223633,54.77000045776367,25857100
2010-11-30,34.186767578125,34.186767578125,54.540000915527344,53.849998474121094,53.880001068115234,26227300
2010-12-01,35.15704345703125,35.15704345703125,55.84000015258789,55.220001220703125,55.33000183105469,21834400
2010-12-02,35.824893951416016,35.824893951416016,56.900001525878906,55.63999938964844,55.689998626708984,22405800
2010-12-03,36.17144012451172,36.17144012451172,57.459999084472656,56.849998474121094,56.900001525878906,17799200
2010-12-06,36.00762176513672,36.00762176513672,57.2599983215332,56.810001373291016,56.900001525878906,15412000
2010-12-07,36.02652359008789,36.02652359008789,57.97999954223633,57.119998931884766,57.90999984741211,24787900
2010-12-08,36.13362121582031,36.13362121582031,57.560001373291016,56.900001525878906,57.2400016784668,13426500
2010-12-09,36.22813034057617,36.22813034057617,57.58000183105469,57.09000015258789,57.52000045776367,14969800
2010-12-10,36.3100471496582,36.3100471496582,57.689998626708984,57.220001220703125,57.459999084472656,13417000
2010-12-13,36.7006721496582,36.7006721496582,58.560001373291016,57.9900016784668,58.09000015258789,15149500
2010-12-14,36.75738525390625,36.75738525390625,58.709999084472656,58.220001220703125,58.36000061035156,16046600
2010-12-15,36.27224349975586,36.27224349975586,58.189998626708984,57.41999816894531,57.95000076293945,19335800
2010-12-16,36.47385787963867,36.47385787963867,57.97999954223633,57.40999984741211,57.599998474121094,15424700
2010-12-17,36.27224349975586,36.27224349975586,57.61000061035156,57.2599983215332,57.560001373291016,16830000
2010-12-20,36.35414505004883,36.35414505004883,57.86000061035156,57.45000076293945,57.849998474121094,12685600
2010-12-21,36.65815734863281,36.65815734863281,57.720001220703125,57.52000045776367,57.650001525878906,18172500
2010-12-22,36.72810745239258,36.72810745239258,57.7599983215332,57.54999923706055,57.650001525878906,9188800
2010-12-23,36.70903778076172,36.70903778076172,57.7599983215332,57.54999923706055,57.56999969482422,10404000
2010-12-27,36.63269805908203,36.63269805908203,57.619998931884766,57.279998779296875,57.380001068115234,6348600
2010-12-28,36.66450119018555,36.66450119018555,57.91999816894531,57.52000045776367,57.90999984741211,9601200
2010-12-29,36.982505798339844,36.982505798339844,58.290000915527344,57.939998626708984,58.0099983215332,9244900
2010-12-30,36.80442810058594,36.80442810058594,58.08000183105469,57.650001525878906,58.029998779296875,10546300
2010-12-31,37.02701950073242,37.02701950073242,58.619998931884766,57.849998474121094,57.869998931884766,28390800
2011-01-03,37.3322868347168,37.3322868347168,58.869998931884766,58.560001373291016,58.61000061035156,16245400
2011-01-04,37.217811584472656,37.217811584472656,58.97999954223633,58.22999954223633,58.95000076293945,14583100
2011-01-05,37.058815002441406,37.058815002441406,58.27000045776367,57.650001525878906,57.65999984741211,13008800
2011-01-06,36.63269805908203,36.63269805908203,58.349998474121094,57.470001220703125,58.310001373291016,23622100
2011-01-07,36.486427307128906,36.486427307128906,57.83000183105469,57.06999969482422,57.689998626708984,16347400
2011-01-10,36.42283630371094,36.42283630371094,57.34000015258789,56.720001220703125,56.970001220703125,12666500
2011-01-11,36.670860290527344,36.670860290527344,57.7599983215332,57.36000061035156,57.619998931884766,15014100
2011-01-12,37.47856521606445,37.47856521606445,58.93000030517578,58.25,58.349998474121094,20472100
2011-01-13,37.580318450927734,37.580318450927734,59.5099983215332,59.0,59.34000015258789,16441100
2011-01-14,37.809268951416016,37.809268951416016,59.5099983215332,58.880001068115234,58.91999816894531,21884200
2011-01-18,38.05730438232422,38.05730438232422,59.95000076293945,59.630001068115234,59.709999084472656,11977100
2011-01-19,37.79656219482422,37.79656219482422,60.06999969482422,59.2599983215332,60.029998779296875,19678600
2011-01-20,37.472206115722656,37.472206115722656,59.150001525878906,58.439998626708984,58.900001525878906,17207900
2011-01-21,37.67572784423828,37.67572784423828,59.540000915527344,59.08000183105469,59.41999816894531,13671500
2011-01-24,38.076385498046875,38.076385498046875,59.869998931884766,59.13999938964844,59.13999938964844,13494000
2011-01-25,38.00007629394531,38.00007629394531,59.7599983215332,59.20000076293945,59.38999938964844,13323300
2011-01-26,38.24174118041992,38.24174118041992,60.2400016784668,59.849998474121094,60.029998779296875,20444700
2011-01-27,38.33078384399414,38.33078384399414,60.40999984741211,59.939998626708984,60.189998626708984,11889000
2011-01-28,37.47856521606445,37.47856521606445,60.08000183105469,58.810001373291016,59.90999984741211,18244200
2011-01-31,37.802921295166016,37.802921295166016,59.689998626708984,59.27000045776367,59.40999984741211,20763600
2011-02-01,38.69965362548828,38.69965362548828,60.970001220703125,60.119998931884766,60.20000076293945,25762500
2011-02-02,38.66786575317383,38.66786575317383,60.970001220703125,60.619998931884766,60.720001220703125,17063200
2011-02-03,38.67420959472656,38.67420959472656,60.84000015258789,60.06999969482422,60.5099983215332,11593300
2011-02-04,38.66149139404297,38.66149139404297,60.810001373291016,60.22999954223633,60.61000061035156,12648400
2011-02-07,38.7823371887207,38.7823371887207,61.060001373291016,60.630001068115234,60.65999984741211,13215000
2011-02-08,39.03672790527344,39.03672790527344,61.400001525878906,60.83000183105469,61.040000915527344,14437700
2011-02-09,38.9222526550293,38.9222526550293,61.31999969482422,60.869998931884766,61.029998779296875,17360700
2011-02-10,38.66786575317383,38.66786575317383,60.81999969482422,60.18000030517578,60.36000061035156,13190600
2011-02-11,38.68693923950195,38.68693923950195,60.93000030517578,60.25,60.2599983215332,12115100
2011-02-14,38.763248443603516,38.763248443603516,61.029998779296875,60.63999938964844,60.70000076293945,9851200
2011-02-15,38.64877700805664,38.64877700805664,60.95000076293945,60.630001068115234,60.88999938964844,14695100
2011-02-16,39.11306381225586,39.11306381225586,61.560001373291016,60.939998626708984,61.0,14665300
2011-02-17,39.246604919433594,39.246604919433594,61.86000061035156,61.33000183105469,61.36000061035156,15745900
2011-02-18,39.38016128540039,39.38016128540039,61.97999954223633,61.56999969482422,61.70000076293945,10151400
2011-02-22,38.25446701049805,38.25446701049805,61.09000015258789,60.09000015258789,60.630001068115234,24077500
2011-02-23,38.30535888671875,38.30535888671875,60.630001068115234,59.869998931884766,60.41999816894531,18757300
2011-02-24,38.33715057373047,38.33715057373047,60.52000045776367,59.79999923706055,60.349998474121094,17689600
2011-02-25,38.7950553894043,38.7950553894043,61.040000915527344,60.650001525878906,60.689998626708984,15585300
2011-02-28,39.14484405517578,39.14484405517578,61.79999923706055,61.2599983215332,61.619998931884766,19750700
2011-03-01,38.597896575927734,38.597896575927734,61.79999923706055,60.650001525878906,61.7599983215332,20476500
2011-03-02,38.80140686035156,38.80140686035156,61.29999923706055,60.7400016784668,60.810001373291016,17851200
2011-03-03,39.2974853515625,39.2974853515625,61.810001373291016,61.27000045776367,61.529998779296875,16087800
2011-03-04,38.94132995605469,38.94132995605469,61.689998626708984,60.81999969482422,61.56999969482422,18174100
2011-03-07,38.566104888916016,38.566104888916016,61.630001068115234,60.47999954223633,61.4900016784668,16467500
2011-03-08,38.68693923950195,38.68693923950195,61.029998779296875,60.209999084472656,60.540000915527344,13435000
2011-03-09,38.69965362548828,38.69965362548828,60.9900016784668,60.58000183105469,60.84000015258789,13058500
2011-03-10,37.73931884765625,37.73931884765625,59.75,59.25,59.7400016784668,24970100
2011-03-11,37.73931884765625,37.73931884765625,59.4900016784668,58.84000015258789,58.84000015258789,17713200
2011-03-14,37.06517791748047,37.06517791748047,58.33000183105469,57.63999938964844,57.869998931884766,31231300
2011-03-15,36.28927993774414,36.28927993774414,57.380001068115234,55.04999923706055,55.20000076293945,43537200
2011-03-16,35.1635856628418,35.1635856628418,56.86000061035156,54.099998474121094,56.66999816894531,40797800
2011-03-17,36.33380126953125,36.33380126953125,57.45000076293945,56.77000045776367,57.220001220703125,30662400
2011-03-18,36.836219787597656,36.836219787597656,58.099998474121094,57.650001525878906,57.9900016784668,44500400
2011-03-21,37.74568557739258,37.74568557739258,59.439998626708984,58.83000183105469,58.970001220703125,24131500
2011-03-22,37.63755798339844,37.63755798339844,59.36000061035156,58.88999938964844,59.310001373291016,16722000
2011-03-23,37.68208694458008,37.68208694458008,59.40999984741211,58.59000015258789,58.81999969482422,17400800
2011-03-24,38.184505462646484,38.184505462646484,60.040000915527344,59.34000015258789,59.5099983215332,14473700
2011-03-25,37.76475143432617,37.76475143432617,59.86000061035156,59.36000061035156,59.58000183105469,12687500
2011-03-28,37.74568557739258,37.74568557739258,59.7400016784668,59.310001373291016,59.54999923706055,11879900
2011-03-29,37.942840576171875,37.942840576171875,59.66999816894531,58.97999954223633,59.20000076293945,14375800
2011-03-30,38.39438247680664,38.39438247680664,60.439998626708984,59.959999084472656,60.09000015258789,13689000
2011-03-31,38.2099494934082,38.2099494934082,60.290000915527344,59.84000015258789,60.0,21688400
2011-04-01,38.57246017456055,38.57246017456055,60.72999954223633,59.91999816894531,60.189998626708984,15132800
2011-04-04,38.62333297729492,38.62333297729492,60.86000061035156,60.4900016784668,60.81999969482422,19410800
2011-04-05,38.52794647216797,38.52794647216797,60.77000045776367,60.15999984741211,60.209999084472656,14536800
2011-04-06,38.84593200683594,38.84593200683594,61.15999984741211,60.79999923706055,60.83000183105469,14204000
2011-04-07,38.65514373779297,38.65514373779297,61.130001068115234,60.43000030517578,60.93000030517578,16050000
2011-04-08,38.97312545776367,38.97312545776367,61.59000015258789,61.11000061035156,61.5,12447100
2011-04-11,38.89681625366211,38.89681625366211,61.61000061035156,61.029998779296875,61.439998626708984,10165800
2011-04-12,38.534297943115234,38.534297943115234,60.95000076293945,60.40999984741211,60.880001068115234,14527800
2011-04-13,38.64877700805664,38.64877700805664,61.290000915527344,60.61000061035156,61.25,14659800
2011-04-14,38.820491790771484,38.820491790771484,61.13999938964844,60.40999984741211,60.58000183105469,15109800
2011-04-15,38.763248443603516,38.763248443603516,61.060001373291016,60.599998474121094,60.84000015258789,14660500
2011-04-18,37.9682731628418,37.9682731628418,59.81999969482422,59.029998779296875,59.61000061035156,20667200
2011-04-19,38.24810791015625,38.24810791015625,60.22999954223633,59.83000183105469,60.02000045776367,11675700
2011-04-20,39.221160888671875,39.221160888671875,61.72999954223633,61.43000030517578,61.540000915527344,16665900
2011-04-21,39.475555419921875,39.475555419921875,62.16999816894531,61.86000061035156,62.119998931884766,12811800
2011-04-25,39.475555419921875,39.475555419921875,62.189998626708984,61.83000183105469,62.13999938964844,11593100
2011-04-26,39.78083419799805,39.78083419799805,62.65999984741211,62.11000061035156,62.22999954223633,11400000
2011-04-27,40.27690505981445,40.27690505981445,63.38999938964844,62.349998474121094,62.7599983215332,16032300
2011-04-28,40.55037307739258,40.55037307739258,63.790000915527344,63.279998779296875,63.290000915527344,19808900
2011-04-29,40.35957717895508,40.35957717895508,64.06999969482422,63.459999084472656,63.790000915527344,17700000
2011-05-02,40.62032699584961,40.62032699584961,64.3499984741211,63.779998779296875,64.12999725341797,18704300
2011-05-03,40.289615631103516,40.289615631103516,63.83000183105469,63.060001373291016,63.650001525878906,14222300
2011-05-04,39.94619369506836,39.94619369506836,63.439998626708984,62.59000015258789,63.43000030517578,18561500
2011-05-05,39.157569885253906,39.157569885253906,62.279998779296875,61.31999969482422,62.11000061035156,25543500
2011-05-06,39.17665100097656,39.17665100097656,62.650001525878906,61.2599983215332,62.43000030517578,24517800
2011-05-09,39.45647048950195,39.45647048950195,62.09000015258789,61.36000061035156,61.619998931884766,17228200
2011-05-10,39.83171081542969,39.83171081542969,62.65999984741211,62.119998931884766,62.25,15708200
2011-05-11,39.03036880493164,39.03036880493164,62.369998931884766,61.130001068115234,62.29999923706055,33177300
2011-05-12,39.157569885253906,39.157569885253906,61.86000061035156,60.79999923706055,61.18000030517578,22162200
2011-05-13,38.54702377319336,38.54702377319336,61.4900016784668,60.279998779296875,61.45000076293945,20874000
2011-05-16,38.47706604003906,38.47706604003906,61.15999984741211,60.310001373291016,60.45000076293945,19340700
2011-05-17,38.55974578857422,38.55974578857422,60.65999984741211,59.900001525878906,60.18000030517578,18296900
2011-05-18,38.7950553894043,38.7950553894043,61.18000030517578,60.41999816894531,60.560001373291016,12848200
2011-05-19,39.01765060424805,39.01765060424805,61.41999816894531,60.810001373291016,61.18000030517578,10888100
2011-05-20,38.46435546875,38.46435546875,61.0,60.25,60.93000030517578,18552000
2011-05-23,37.57396697998047,37.57396697998047,59.33000183105469,58.81999969482422,59.08000183105469,20519400
2011-05-24,37.79019546508789,37.79019546508789,59.77000045776367,59.2400016784668,59.56999969482422,17309500
2011-05-25,38.03187561035156,38.03187561035156,59.959999084472656,59.20000076293945,59.2400016784668,15848600
2011-05-26,38.38802719116211,38.38802719116211,60.5099983215332,59.709999084472656,60.060001373291016,18511100
2011-05-27,38.66786575317383,38.66786575317383,60.9900016784668,60.59000015258789,60.68000030517578,17160100
2011-05-31,39.46920394897461,39.46920394897461,62.060001373291016,61.45000076293945,61.810001373291016,33441600
2011-06-01,38.534297943115234,38.534297943115234,61.790000915527344,60.52000045776367,61.720001220703125,25264400
2011-06-02,38.7314567565918,38.7314567565918,61.02000045776367,60.2400016784668,60.880001068115234,19489600
2011-06-03,38.75053787231445,38.75053787231445,61.279998779296875,60.2599983215332,60.279998779296875,21376300
2011-06-06,38.24810791015625,38.24810791015625,60.83000183105469,60.099998474121094,60.779998779296875,16339800
2011-06-07,38.597896575927734,38.597896575927734,61.13999938964844,60.65999984741211,60.900001525878906,23850300
2011-06-08,38.101829528808594,38.101829528808594,60.439998626708984,59.81999969482422,60.2400016784668,18499300
2011-06-09,38.49613952636719,38.49613952636719,60.68000030517578,59.970001220703125,60.11000061035156,14991000
2011-06-10,37.605770111083984,37.605770111083984,60.02000045776367,58.95000076293945,60.0,23965600
2011-06-13,37.66300964355469,37.66300964355469,59.58000183105469,58.88999938964844,59.349998474121094,26144800
2011-06-14,38.33078384399414,38.33078384399414,60.439998626708984,60.02000045776367,60.06999969482422,16389900
2011-06-15,37.071533203125,37.071533203125,59.310001373291016,58.150001525878906,59.08000183105469,26678400
2011-06-16,36.944339752197266,36.944339752197266,58.40999984741211,57.59000015258789,58.02000045776367,21331500
2011-06-17,37.306854248046875,37.306854248046875,58.959999084472656,58.5099983215332,58.880001068115234,22489900
2011-06-20,37.2623291015625,37.2623291015625,58.75,58.2400016784668,58.2400016784668,16304000
2011-06-21,38.07003402709961,38.07003402709961,59.88999938964844,59.09000015258789,59.15999984741211,17407400
2011-06-22,37.70112991333008,37.70112991333008,58.77000045776367,58.119998931884766,58.41999816894531,20975200
2011-06-23,37.376956939697266,37.376956939697266,57.68000030517578,56.70000076293945,57.060001373291016,22617400
2011-06-24,37.02037811279297,37.02037811279297,57.70000076293945,57.0099983215332,57.68000030517578,18681900
2011-06-27,37.32509231567383,37.32509231567383,57.720001220703125,56.939998626708984,57.060001373291016,16916400
2011-06-28,37.772438049316406,37.772438049316406,58.310001373291016,57.75,57.81999969482422,20936100
2011-06-29,38.43376159667969,38.43376159667969,59.33000183105469,58.560001373291016,58.900001525878906,28707600
2011-06-30,38.991336822509766,38.991336822509766,60.33000183105469,59.47999954223633,59.56999969482422,30800700
2011-07-01,39.41923141479492,39.41923141479492,60.86000061035156,59.880001068115234,60.04999923706055,17093200
2011-07-05,39.18583297729492,39.18583297729492,60.720001220703125,60.279998779296875,60.540000915527344,17598300
2011-07-06,38.9394645690918,38.9394645690918,60.150001525878906,59.63999938964844,59.93000030517578,12980200
2011-07-07,39.27660369873047,39.27660369873047,60.709999084472656,60.31999969482422,60.40999984741211,15687200
2011-07-08,38.790340423583984,38.790340423583984,60.150001525878906,59.5,59.91999816894531,17211100
2011-07-11,37.61684036254883,37.61684036254883,58.65999984741211,57.90999984741211,58.5099983215332,25138000
2011-07-12,37.363990783691406,37.363990783691406,58.290000915527344,57.560001373291016,57.66999816894531,17446900
2011-07-13,37.92156219482422,37.92156219482422,59.08000183105469,58.150001525878906,58.279998779296875,22333600
2011-07-14,37.59090805053711,37.59090805053711,58.91999816894531,57.849998474121094,58.79999923706055,24454000
2011-07-15,37.720577239990234,37.720577239990234,58.4900016784668,57.88999938964844,58.27000045776367,20163000
2011-07-18,37.16300964355469,37.16300964355469,57.61000061035156,56.849998474121094,57.439998626708984,23639200
2011-07-19,37.720577239990234,37.720577239990234,58.31999969482422,57.810001373291016,57.810001373291016,20782400
2011-07-20,38.16793441772461,38.16793441772461,58.95000076293945,58.38999938964844,58.70000076293945,15577400
2011-07-21,38.97835159301758,38.97835159301758,60.220001220703125,59.369998931884766,59.470001220703125,26791900
2011-07-22,39.01726531982422,39.01726531982422,60.25,59.72999954223633,60.15999984741211,11854600
2011-07-25,38.770896911621094,38.770896911621094,60.06999969482422,59.66999816894531,59.79999923706055,15580200
2011-07-26,39.00428771972656,39.00428771972656,60.369998931884766,59.849998474121094,60.119998931884766,14454200
2011-07-27,38.05771255493164,38.05771255493164,59.790000915527344,58.59000015258789,59.77000045776367,29604200
2011-07-28,37.966957092285156,37.966957092285156,59.15999984741211,58.5,58.61000061035156,17540500
2011-07-29,38.06420135498047,38.06420135498047,59.2400016784668,58.220001220703125,58.459999084472656,28563800
2011-08-01,37.58443069458008,37.58443069458008,59.400001525878906,57.5,59.369998931884766,26159000
2011-08-02,36.592464447021484,36.592464447021484,57.810001373291016,56.43000030517578,57.310001373291016,25546200
2011-08-03,36.80641555786133,36.80641555786133,56.88999938964844,55.790000915527344,56.79999923706055,36176300
2011-08-04,34.238983154296875,34.238983154296875,55.0099983215332,52.7400016784668,54.88999938964844,39911200
2011-08-05,34.84193801879883,34.84193801879883,54.209999084472656,51.779998779296875,54.0099983215332,61793400
2011-08-08,32.24207305908203,32.24207305908203,52.40999984741211,49.630001068115234,51.720001220703125,53894700
2011-08-09,34.414024353027344,34.414024353027344,53.08000183105469,50.189998626708984,51.68000030517578,55660900
2011-08-10,32.358787536621094,32.358787536621094,51.68000030517578,49.84000015258789,51.630001068115234,43347500
2011-08-11,33.9083251953125,33.9083251953125,52.68000030517578,50.08000183105469,50.15999984741211,35724500
2011-08-12,34.29732894897461,34.29732894897461,53.310001373291016,52.20000076293945,52.849998474121094,26243500
2011-08-15,35.09478759765625,35.09478759765625,54.13999938964844,53.529998779296875,53.540000915527344,20913700
2011-08-16,34.582603454589844,34.582603454589844,53.959999084472656,52.790000915527344,53.189998626708984,23238300
2011-08-17,34.78358840942383,34.78358840942383,54.29999923706055,53.33000183105469,53.849998474121094,20680200
2011-08-18,33.091407775878906,33.091407775878906,51.81999969482422,50.59000015258789,51.70000076293945,32657800
2011-08-19,32.527347564697266,32.527347564697266,51.689998626708984,50.099998474121094,50.439998626708984,29395100
2011-08-22,32.73481750488281,32.73481750488281,51.7599983215332,50.45000076293945,51.720001220703125,23408300
2011-08-23,33.798095703125,33.798095703125,52.18000030517578,50.7599983215332,51.09000015258789,24830200
2011-08-24,33.81106948852539,33.81106948852539,52.45000076293945,51.41999816894531,51.709999084472656,18042600
2011-08-25,32.99415588378906,32.99415588378906,52.22999954223633,50.72999954223633,52.02000045776367,18597700
2011-08-26,33.512840270996094,33.512840270996094,51.86000061035156,50.15999984741211,50.720001220703125,26600900
2011-08-29,34.31029510498047,34.31029510498047,52.95000076293945,52.41999816894531,52.439998626708984,18267000
2011-08-30,34.10930633544922,34.10930633544922,52.849998474121094,51.93000030517578,52.33000183105469,16811400
2011-08-31,34.73170471191406,34.73170471191406,53.900001525878906,53.220001220703125,53.45000076293945,29114100
2011-09-01,34.3038215637207,34.3038215637207,53.79999923706055,52.90999984741211,53.310001373291016,21110800
2011-09-02,33.53876876831055,33.53876876831055,52.27000045776367,51.619998931884766,51.95000076293945,23310400
2011-09-06,32.436580657958984,32.436580657958984,50.060001373291016,49.150001525878906,49.29999923706055,27238100
2011-09-07,33.402610778808594,33.402610778808594,51.529998779296875,50.56999969482422,50.72999954223633,18331400
2011-09-08,32.74129867553711,32.74129867553711,51.38999938964844,50.369998931884766,50.790000915527344,17412400
2011-09-09,31.60670280456543,31.60670280456543,49.72999954223633,48.540000915527344,49.529998779296875,23270800
2011-09-12,31.47054672241211,31.47054672241211,48.560001373291016,47.40999984741211,47.7599983215332,31133200
2011-09-13,31.80769157409668,31.80769157409668,49.22999954223633,48.369998931884766,48.540000915527344,27622400
2011-09-14,32.28746795654297,32.28746795654297,50.18000030517578,48.40999984741211,49.22999954223633,26017000
2011-09-15,32.9876823425293,32.9876823425293,50.91999816894531,50.209999084472656,50.56999969482422,36415500
2011-09-16,33.000640869140625,33.000640869140625,51.130001068115234,50.36000061035156,50.970001220703125,19035400
2011-09-19,32.09296417236328,32.09296417236328,49.83000183105469,48.900001525878906,49.209999084472656,22184900
2011-09-20,32.222633361816406,32.222633361816406,50.2400016784668,49.310001373291016,49.709999084472656,27969100
2011-09-21,31.263084411621094,31.263084411621094,49.84000015258789,48.20000076293945,49.650001525878906,74730700
2011-09-22,30.251670837402344,30.251670837402344,47.0,46.08000183105469,46.709999084472656,49431400
2011-09-23,30.59528350830078,30.59528350830078,47.279998779296875,46.22999954223633,46.29999923706055,39581500
2011-09-26,31.224178314208984,31.224178314208984,48.20000076293945,46.79999923706055,47.5,24237700
2011-09-27,31.99571418762207,31.99571418762207,50.15999984741211,49.060001373291016,49.529998779296875,35316000
2011-09-28,31.451107025146484,31.451107025146484,49.900001525878906,48.45000076293945,49.630001068115234,32537000
2011-09-29,32.06702423095703,32.06702423095703,49.9900016784668,48.75,49.810001373291016,29540100
2011-09-30,30.977813720703125,30.977813720703125,48.65999984741211,47.75,48.25,29785700
2011-10-03,30.160892486572266,30.160892486572266,47.97999954223633,46.5,47.310001373291016,31113700
2011-10-04,30.666597366333008,30.666597366333008,47.310001373291016,45.45000076293945,46.02000045776367,37700000
2011-10-05,31.139890670776367,31.139890670776367,48.08000183105469,46.880001068115234,47.2400016784668,33843200
2011-10-06,31.97624969482422,31.97624969482422,49.349998474121094,47.86000061035156,48.0,30835600
2011-10-07,31.755826950073242,31.755826950073242,49.83000183105469,48.86000061035156,49.56999969482422,32306700
2011-10-10,32.96821212768555,32.96821212768555,50.88999938964844,50.150001525878906,50.150001525878906,22300800
2011-10-11,32.90987777709961,32.90987777709961,50.81999969482422,50.09000015258789,50.16999816894531,22967800
2011-10-12,33.389644622802734,33.389644622802734,52.0,51.369998931884766,51.45000076293945,40438500
2011-10-13,33.402610778808594,33.402610778808594,51.56999969482422,50.7400016784668,51.18000030517578,16967200
2011-10-14,33.791622161865234,33.791622161865234,52.209999084472656,51.630001068115234,52.0099983215332,16226500
2011-10-17,33.01360321044922,33.01360321044922,51.7400016784668,50.790000915527344,51.720001220703125,15645500
2011-10-18,33.48689651489258,33.48689651489258,52.02000045776367,50.22999954223633,50.81999969482422,27807500
2011-10-19,32.88393783569336,32.88393783569336,51.540000915527344,50.63999938964844,51.36000061035156,18229900
2011-10-20,32.96821212768555,32.96821212768555,50.939998626708984,50.060001373291016,50.869998931884766,23120200
2011-10-21,33.765689849853516,33.765689849853516,52.11000061035156,51.58000183105469,51.65999984741211,21149500
2011-10-24,34.271392822265625,34.271392822265625,52.95000076293945,52.04999923706055,52.060001373291016,16040000
2011-10-25,33.6814079284668,33.6814079284668,52.58000183105469,51.7599983215332,52.5099983215332,25668900
2011-10-26,34.141727447509766,34.141727447509766,52.95000076293945,51.61000061035156,52.84000015258789,19159800
2011-10-27,36.028411865234375,36.028411865234375,55.869998931884766,54.58000183105469,55.060001373291016,27559600
2011-10-28,35.820926666259766,35.820926666259766,55.2599983215332,54.72999954223633,54.869998931884766,41372400
2011-10-31,33.96018600463867,33.96018600463867,53.68000030517578,52.369998931884766,53.63999938964844,29378700
2011-11-01,32.89690017700195,32.89690017700195,51.310001373291016,50.150001525878906,50.27000045776367,34733100
2011-11-02,33.17569351196289,33.17569351196289,51.560001373291016,50.86000061035156,51.15999984741211,24423500
2011-11-03,34.012054443359375,34.012054443359375,52.650001525878906,51.220001220703125,51.9900016784668,23891000
2011-11-04,33.58415222167969,33.58415222167969,52.040000915527344,51.209999084472656,51.849998474121094,23089500
2011-11-07,33.726783752441406,33.726783752441406,52.11000061035156,51.349998474121094,51.7400016784668,21383700
2011-11-08,34.13523864746094,34.13523864746094,52.79999923706055,51.81999969482422,52.29999923706055,22483600
2011-11-09,32.38471603393555,32.38471603393555,50.84000015258789,49.83000183105469,50.689998626708984,28669400
2011-11-10,32.76723861694336,32.76723861694336,50.9900016784668,50.040000915527344,50.95000076293945,25065000
2011-11-11,33.58415222167969,33.58415222167969,51.959999084472656,51.29999923706055,51.33000183105469,19095800
2011-11-14,32.9876823425293,32.9876823425293,51.33000183105469,50.63999938964844,51.189998626708984,16886200
2011-11-15,32.89690017700195,32.89690017700195,51.060001373291016,50.34000015258789,50.720001220703125,23477400
2011-11-16,32.26801300048828,32.26801300048828,50.66999816894531,49.75,50.20000076293945,26147100
2011-11-17,31.917917251586914,31.917917251586914,50.220001220703125,49.029998779296875,50.0099983215332,28385300
2011-11-18,32.02812576293945,32.02812576293945,49.84000015258789,49.29999923706055,49.810001373291016,16813600
2011-11-21,31.21769905090332,31.21769905090332,48.45000076293945,47.790000915527344,48.38999938964844,25465000
2011-11-22,31.126928329467773,31.126928329467773,48.310001373291016,47.720001220703125,48.099998474121094,29937500
2011-11-23,30.271116256713867,30.271116256713867,47.470001220703125,46.63999938964844,47.40999984741211,27206700
2011-11-25,30.115516662597656,30.115516662597656,47.11000061035156,46.45000076293945,46.599998474121094,10871200
2011-11-28,31.399234771728516,31.399234771728516,48.619998931884766,48.119998931884766,48.470001220703125,21753000
2011-11-29,31.60670280456543,31.60670280456543,49.0,48.470001220703125,48.65999984741211,23035900
2011-11-30,33.22107696533203,33.22107696533203,51.29999923706055,50.58000183105469,50.689998626708984,43525100
2011-12-01,32.9358024597168,32.9358024597168,51.36000061035156,50.630001068115234,50.97999954223633,19770900
2011-12-02,32.929325103759766,32.929325103759766,51.47999954223633,50.77000045776367,51.459999084472656,17848000
2011-12-05,33.305362701416016,33.305362701416016,51.810001373291016,51.060001373291016,51.7599983215332,18107200
2011-12-06,33.14976501464844,33.14976501464844,51.470001220703125,50.95000076293945,51.08000183105469,21382100
2011-12-07,33.383174896240234,33.383174896240234,51.70000076293945,50.56999969482422,50.790000915527344,29174100
2011-12-08,32.28746795654297,32.28746795654297,50.86000061035156,49.7400016784668,50.779998779296875,26351100
2011-12-09,33.091407775878906,33.091407775878906,51.06999969482422,50.2400016784668,50.2599983215332,20706100
2011-12-12,32.1253776550293,32.1253776550293,49.959999084472656,49.2599983215332,49.95000076293945,23868300
2011-12-13,31.690994262695312,31.690994262695312,50.13999938964844,48.650001525878906,49.779998779296875,33861500
2011-12-14,31.31496238708496,31.31496238708496,48.779998779296875,48.13999938964844,48.599998474121094,28164100
2011-12-15,31.47054672241211,31.47054672241211,48.95000076293945,48.369998931884766,48.880001068115234,25474900
2011-12-16,31.34088134765625,31.34088134765625,48.849998474121094,48.119998931884766,48.70000076293945,28537100
2011-12-19,31.04913330078125,31.04913330078125,48.66999816894531,47.83000183105469,48.58000183105469,21443400
2011-12-20,32.14422607421875,32.14422607421875,49.040000915527344,48.400001525878906,48.41999816894531,34746000
2011-12-21,31.9736270904541,31.9736270904541,48.790000915527344,48.290000915527344,48.66999816894531,27654000
2011-12-22,32.2623291015625,32.2623291015625,49.189998626708984,48.689998626708984,48.7400016784668,25753700
2011-12-23,32.485416412353516,32.485416412353516,49.5099983215332,49.13999938964844,49.25,14901700
2011-12-27,32.341064453125,32.341064453125,49.400001525878906,49.20000076293945,49.34000015258789,14440000
2011-12-28,31.757099151611328,31.757099151611328,49.16999816894531,48.38999938964844,49.150001525878906,20384600
2011-12-29,32.341064453125,32.341064453125,49.349998474121094,48.5,48.54999923706055,25565500
2011-12-30,32.49853515625,32.49853515625,49.599998474121094,49.22999954223633,49.27000045776367,32979100
2012-01-03,33.384334564208984,33.384334564208984,51.02000045776367,50.5099983215332,50.540000915527344,33352000
2012-01-04,33.1874885559082,33.1874885559082,50.66999816894531,50.20000076293945,50.56999969482422,14692800
2012-01-05,32.69538497924805,32.69538497924805,49.900001525878906,49.459999084472656,49.75,16354900
2012-01-06,32.24920654296875,32.24920654296875,49.68000030517578,49.06999969482422,49.650001525878906,28504800
2012-01-09,32.37388229370117,32.37388229370117,49.45000076293945,48.9900016784668,49.45000076293945,12756100
2012-01-10,32.8659782409668,32.8659782409668,50.220001220703125,49.970001220703125,50.18000030517578,13409900
2012-01-11,32.7609977722168,32.7609977722168,49.970001220703125,49.4900016784668,49.689998626708984,13372300
2012-01-12,32.89878463745117,32.89878463745117,50.25,49.77000045776367,50.13999938964844,13774400
2012-01-13,32.544471740722656,32.544471740722656,49.63999938964844,49.04999923706055,49.56999969482422,17154100
2012-01-17,32.93158721923828,32.93158721923828,50.5,50.130001068115234,50.25,19915900
2012-01-18,33.48274612426758,33.48274612426758,51.06999969482422,50.43000030517578,50.4900016784668,15999300
2012-01-19,33.896114349365234,33.896114349365234,52.189998626708984,51.18000030517578,51.38999938964844,17256900
2012-01-20,34.073280334472656,34.073280334472656,51.93000030517578,51.540000915527344,51.59000015258789,23922600
2012-01-23,34.204498291015625,34.204498291015625,52.349998474121094,51.939998626708984,52.02000045776367,18529000
2012-01-24,34.01422119140625,34.01422119140625,51.93000030517578,51.400001525878906,51.58000183105469,18320600
2012-01-25,34.36853790283203,34.36853790283203,52.5099983215332,51.380001068115234,51.599998474121094,24497400
2012-01-26,34.38166046142578,34.38166046142578,52.97999954223633,52.290000915527344,52.880001068115234,20276800
2012-01-27,34.44071578979492,34.44071578979492,52.619998931884766,52.2400016784668,52.2400016784668,22868700
2012-01-30,34.03390121459961,34.03390121459961,51.97999954223633,51.560001373291016,51.650001525878906,21139400
2012-01-31,34.211055755615234,34.211055755615234,52.41999816894531,51.83000183105469,52.41999816894531,26358300
2012-02-01,34.74909591674805,34.74909591674805,53.2400016784668,52.790000915527344,52.84000015258789,28274600
2012-02-02,34.82127380371094,34.82127380371094,53.290000915527344,52.91999816894531,53.08000183105469,19337400
2012-02-03,35.36587142944336,35.36587142944336,53.93000030517578,53.349998474121094,53.41999816894531,15187000
2012-02-06,35.19527053833008,35.19527053833008,53.70000076293945,53.31999969482422,53.369998931884766,15349200
2012-02-07,35.41180419921875,35.41180419921875,54.0099983215332,53.41999816894531,53.68000030517578,26462700
2012-02-08,35.536476135253906,35.536476135253906,54.290000915527344,53.83000183105469,54.099998474121094,13873200
2012-02-09,35.628326416015625,35.628326416015625,54.43000030517578,54.02000045776367,54.369998931884766,16265900
2012-02-10,34.95249938964844,34.95249938964844,53.43000030517578,53.11000061035156,53.29999923706055,19405700
2012-02-13,35.35274124145508,35.35274124145508,54.0,53.66999816894531,53.93000030517578,16406900
2012-02-14,35.09029006958008,35.09029006958008,53.72999954223633,53.11000061035156,53.630001068115234,17037300
2012-02-15,35.12965393066406,35.12965393066406,53.95000076293945,53.459999084472656,53.93000030517578,25177100
2012-02-16,35.615196228027344,35.615196228027344,54.310001373291016,53.349998474121094,53.400001525878906,17583900
2012-02-17,35.772674560546875,35.772674560546875,54.599998474121094,54.220001220703125,54.59000015258789,14472400
2012-02-21,35.77923583984375,35.77923583984375,54.90999984741211,54.45000076293945,54.709999084472656,17594800
2012-02-22,35.67424392700195,35.67424392700195,54.59000015258789,54.25,54.43000030517578,15857800
2012-02-23,35.969512939453125,35.969512939453125,54.86000061035156,54.189998626708984,54.43000030517578,12721100
2012-02-24,36.18605041503906,36.18605041503906,55.310001373291016,55.040000915527344,55.04999923706055,25346500
2012-02-27,36.0023193359375,36.0023193359375,55.0099983215332,54.290000915527344,54.40999984741211,20054200
2012-02-28,36.336952209472656,36.336952209472656,55.400001525878906,54.880001068115234,55.029998779296875,16619300
2012-02-29,35.86452102661133,35.86452102661133,55.63999938964844,54.630001068115234,55.4900016784668,33950800
2012-03-01,36.271339416503906,36.271339416503906,55.349998474121094,54.91999816894531,54.959999084472656,20340800
2012-03-02,35.93671798706055,35.93671798706055,54.93000030517578,54.599998474121094,54.88999938964844,14435600
2012-03-05,35.74643325805664,35.74643325805664,54.66999816894531,54.310001373291016,54.65999984741211,10047900
2012-03-06,34.6047477722168,34.6047477722168,53.25,52.59000015258789,53.20000076293945,21589300
2012-03-07,35.03123474121094,35.03123474121094,53.45000076293945,52.79999923706055,53.119998931884766,18013000
2012-03-08,35.785797119140625,35.785797119140625,54.77000045776367,54.09000015258789,54.2400016784668,21590500
2012-03-09,35.66768264770508,35.66768264770508,54.529998779296875,54.15999984741211,54.279998779296875,23096900
2012-03-12,35.575836181640625,35.575836181640625,54.290000915527344,53.88999938964844,54.15999984741211,13724200
2012-03-13,36.153228759765625,36.153228759765625,55.11000061035156,54.36000061035156,54.43000030517578,24475900
2012-03-14,35.83171844482422,35.83171844482422,55.06999969482422,54.45000076293945,54.9900016784668,18872700
2012-03-15,36.17291259765625,36.17291259765625,55.20000076293945,54.650001525878906,54.79999923706055,13721000
2012-03-16,36.4222412109375,36.4222412109375,55.720001220703125,55.459999084472656,55.540000915527344,15837000
2012-03-19,36.61252975463867,36.61252975463867,55.90999984741211,55.310001373291016,55.34000015258789,17182000
2012-03-20,36.179473876953125,36.179473876953125,55.220001220703125,54.790000915527344,55.02000045776367,14092600
2012-03-21,35.94327163696289,35.94327163696289,54.959999084472656,54.54999923706055,54.93000030517578,16614400
2012-03-22,35.693931579589844,35.693931579589844,54.5,54.130001068115234,54.20000076293945,17106600
2012-03-23,35.94327163696289,35.94327163696289,54.790000915527344,54.060001373291016,54.349998474121094,14777400
2012-03-26,36.40256118774414,36.40256118774414,55.5099983215332,55.18000030517578,55.189998626708984,19961800
2012-03-27,36.17291259765625,36.17291259765625,55.560001373291016,55.11000061035156,55.560001373291016,14826100
2012-03-28,35.92359161376953,35.92359161376953,55.189998626708984,54.470001220703125,55.150001525878906,20448500
2012-03-29,35.693931579589844,35.693931579589844,54.459999084472656,53.970001220703125,54.209999084472656,25848400
2012-03-30,36.015438079833984,36.015438079833984,54.939998626708984,54.5,54.84000015258789,22341500
2012-04-02,36.43537139892578,36.43537139892578,55.68000030517578,54.529998779296875,54.63999938964844,25434800
2012-04-03,35.79892349243164,35.79892349243164,55.2400016784668,54.25,55.209999084472656,20840000
2012-04-04,34.998435974121094,34.998435974121094,53.599998474121094,53.04999923706055,53.4900016784668,20326700
2012-04-05,34.78845977783203,34.78845977783203,53.33000183105469,52.86000061035156,52.869998931884766,13507000
2012-04-09,34.63755798339844,34.63755798339844,52.959999084472656,52.439998626708984,52.459999084472656,12950500
2012-04-10,33.896114349365234,33.896114349365234,52.7599983215332,51.650001525878906,52.61000061035156,25615800
2012-04-11,34.36853790283203,34.36853790283203,52.7400016784668,52.31999969482422,52.650001525878906,22972100
2012-04-12,34.998435974121094,34.998435974121094,53.40999984741211,52.599998474121094,52.630001068115234,21024400
2012-04-13,34.32916259765625,34.32916259765625,52.869998931884766,52.25,52.869998931884766,27100500
2012-04-16,34.5785026550293,34.5785026550293,52.91999816894531,52.290000915527344,52.72999954223633,20447400
2012-04-17,35.12965393066406,35.12965393066406,53.66999816894531,52.9900016784668,53.189998626708984,12959800
2012-04-18,34.945926666259766,34.945926666259766,53.5099983215332,53.08000183105469,53.16999816894531,19804600
2012-04-19,34.73596954345703,34.73596954345703,53.529998779296875,52.66999816894531,53.22999954223633,27862900
2012-04-20,35.07060241699219,35.07060241699219,53.630001068115234,53.290000915527344,53.31999969482422,15499300
2012-04-23,34.36853790283203,34.36853790283203,52.5,52.040000915527344,52.40999984741211,23904000
2012-04-24,34.64411163330078,34.64411163330078,53.04999923706055,52.58000183105469,52.61000061035156,14529100
2012-04-25,35.11653137207031,35.11653137207031,53.58000183105469,53.18000030517578,53.41999816894531,21423800
2012-04-26,35.326499938964844,35.326499938964844,53.93000030517578,53.2400016784668,53.29999923706055,13428200
2012-04-27,35.47084045410156,35.47084045410156,54.15999984741211,53.72999954223633,54.0,16016300
2012-04-30,35.26744079589844,35.26744079589844,53.849998474121094,53.529998779296875,53.81999969482422,16865300
2012-05-01,35.41180419921875,35.41180419921875,54.220001220703125,53.58000183105469,53.630001068115234,15437300
2012-05-02,35.1362190246582,35.1362190246582,53.630001068115234,53.099998474121094,53.310001373291016,15890700
2012-05-03,34.82783126831055,34.82783126831055,53.529998779296875,52.97999954223633,53.439998626708984,14260300
2012-05-04,34.296363830566406,34.296363830566406,52.880001068115234,52.220001220703125,52.79999923706055,20026500
2012-05-07,34.54569625854492,34.54569625854492,52.70000076293945,52.22999954223633,52.27000045776367,21882700
2012-05-08,34.01422119140625,34.01422119140625,52.08000183105469,51.290000915527344,52.029998779296875,21062600
2012-05-09,33.62053298950195,33.62053298950195,51.52000045776367,50.61000061035156,50.84000015258789,31090500
2012-05-10,33.778011322021484,33.778011322021484,51.81999969482422,51.400001525878906,51.75,15309000
2012-05-11,33.568050384521484,33.568050384521484,51.61000061035156,50.880001068115234,50.880001068115234,14493200
2012-05-14,32.92503356933594,32.92503356933594,50.58000183105469,50.18000030517578,50.36000061035156,22125400
2012-05-15,32.511661529541016,32.511661529541016,50.150001525878906,49.4900016784668,49.900001525878906,18011800
2012-05-16,32.19014358520508,32.19014358520508,49.81999969482422,49.02000045776367,49.560001373291016,23983300
2012-05-17,31.796466827392578,31.796466827392578,49.060001373291016,48.45000076293945,49.0,26475900
2012-05-18,31.56682586669922,31.56682586669922,48.689998626708984,47.68000030517578,48.68000030517578,21407900
2012-05-21,32.2623291015625,32.2623291015625,49.20000076293945,48.380001068115234,48.5,22460000
2012-05-22,32.14422607421875,32.14422607421875,49.58000183105469,48.779998779296875,49.20000076293945,17114800
2012-05-23,31.881763458251953,31.881763458251953,48.59000015258789,47.75,48.41999816894531,42276400
2012-05-24,31.67181396484375,31.67181396484375,48.65999984741211,47.9900016784668,48.529998779296875,27309500
2012-05-25,31.560258865356445,31.560258865356445,48.349998474121094,48.02000045776367,48.029998779296875,13397100
2012-05-29,31.96051788330078,31.96051788330078,48.939998626708984,48.310001373291016,48.689998626708984,22042200
2012-05-30,31.205944061279297,31.205944061279297,47.97999954223633,47.5099983215332,47.970001220703125,19349900
2012-05-31,31.337181091308594,31.337181091308594,47.91999816894531,47.220001220703125,47.77000045776367,41638100
2012-06-01,30.543245315551758,30.543245315551758,47.13999938964844,46.529998779296875,46.93000030517578,34294700
2012-06-04,30.79914665222168,30.79914665222168,47.13999938964844,46.599998474121094,46.9900016784668,19574500
2012-06-05,31.022228240966797,31.022228240966797,47.31999969482422,46.869998931884766,46.90999984741211,20139100
2012-06-06,31.888330459594727,31.888330459594727,48.619998931884766,47.61000061035156,47.65999984741211,19868200
2012-06-07,31.934263229370117,31.934263229370117,49.290000915527344,48.560001373291016,49.27000045776367,18578800
2012-06-08,31.829273223876953,31.829273223876953,48.560001373291016,47.79999923706055,47.939998626708984,14439600
2012-06-11,31.52089500427246,31.52089500427246,49.040000915527344,47.9900016784668,49.02000045776367,19296200
2012-06-12,32.045806884765625,32.045806884765625,48.86000061035156,48.09000015258789,48.5,16053900
2012-06-13,31.78990936279297,31.78990936279297,48.91999816894531,48.31999969482422,48.470001220703125,16202800
2012-06-14,32.026123046875,32.026123046875,48.9900016784668,48.29999923706055,48.41999816894531,14670400
2012-06-15,32.47886276245117,32.47886276245117,49.560001373291016,48.9900016784668,49.099998474121094,20066100
2012-06-18,32.386993408203125,32.386993408203125,49.5,49.11000061035156,49.2400016784668,19122200
2012-06-19,32.92503356933594,32.92503356933594,50.5099983215332,49.810001373291016,49.869998931884766,23104500
2012-06-20,33.11530303955078,33.11530303955078,50.83000183105469,50.04999923706055,50.41999816894531,27983500
2012-06-21,32.248497009277344,32.248497009277344,49.33000183105469,47.9900016784668,49.22999954223633,25741600
2012-06-22,32.52378463745117,32.52378463745117,48.56999969482422,48.130001068115234,48.5099983215332,16488100
2012-06-25,31.79864501953125,31.79864501953125,47.650001525878906,47.25,47.630001068115234,32410900
2012-06-26,32.00678634643555,32.00678634643555,47.79999923706055,47.2599983215332,47.619998931884766,26606100
2012-06-27,32.308929443359375,32.308929443359375,48.209999084472656,47.720001220703125,47.84000015258789,19727600
2012-06-28,32.376075744628906,32.376075744628906,48.2599983215332,47.56999969482422,47.779998779296875,22778500
2012-06-29,33.54435348510742,33.54435348510742,49.9900016784668,49.630001068115234,49.72999954223633,31235200
2012-07-02,33.76592254638672,33.76592254638672,50.34000015258789,49.86000061035156,50.099998474121094,30092900
2012-07-03,34.07477951049805,34.07477951049805,50.790000915527344,50.279998779296875,50.33000183105469,12175100
2012-07-05,33.510780334472656,33.510780334472656,50.06999969482422,49.66999816894531,49.95000076293945,14389900
2012-07-06,33.1952018737793,33.1952018737793,49.560001373291016,49.13999938964844,49.470001220703125,15075800
2012-07-09,33.12136459350586,33.12136459350586,49.349998474121094,48.970001220703125,49.16999816894531,16313700
2012-07-10,32.899784088134766,32.899784088134766,49.63999938964844,48.880001068115234,49.54999923706055,20026100
2012-07-11,33.00049591064453,33.00049591064453,49.36000061035156,48.86000061035156,49.22999954223633,19418100
2012-07-12,32.671504974365234,32.671504974365234,48.810001373291016,48.22999954223633,48.5099983215332,21406500
2012-07-13,33.1347770690918,33.1347770690918,49.439998626708984,48.66999816894531,48.689998626708984,12613300
2012-07-16,33.128074645996094,33.128074645996094,49.4900016784668,48.959999084472656,49.209999084472656,12207500
2012-07-17,33.22206497192383,33.22206497192383,49.61000061035156,48.86000061035156,49.47999954223633,17158600
2012-07-18,33.48392868041992,33.48392868041992,49.91999816894531,49.290000915527344,49.31999969482422,13588000
2012-07-19,33.79277801513672,33.79277801513672,50.41999816894531,50.0,50.119998931884766,14039600
2012-07-20,33.00049591064453,33.00049591064453,49.439998626708984,49.029998779296875,49.400001525878906,24165100
2012-07-23,32.322357177734375,32.322357177734375,48.25,47.65999984741211,47.84000015258789,16082900
2012-07-24,31.973224639892578,31.973224639892578,48.119998931884766,47.290000915527344,48.08000183105469,18959800
2012-07-25,32.141075134277344,32.141075134277344,48.11000061035156,47.630001068115234,48.040000915527344,10156700
2012-07-26,33.12136459350586,33.12136459350586,49.720001220703125,49.060001373291016,49.18000030517578,18177000
2012-07-27,33.81963348388672,33.81963348388672,50.58000183105469,49.689998626708984,49.79999923706055,24134200
2012-07-30,33.779354095458984,33.779354095458984,50.47999954223633,50.08000183105469,50.09000015258789,24850000
2012-07-31,33.57120895385742,33.57120895385742,50.400001525878906,49.97999954223633,50.27000045776367,38450700
2012-08-01,33.577919006347656,33.577919006347656,50.45000076293945,49.9900016784668,50.349998474121094,17751600
2012-08-02,33.10792541503906,33.10792541503906,49.900001525878906,48.939998626708984,49.470001220703125,23218900
2012-08-03,34.23591232299805,34.23591232299805,51.130001068115234,50.349998474121094,50.38999938964844,26429600
2012-08-06,34.477630615234375,34.477630615234375,51.52000045776367,51.130001068115234,51.209999084472656,15028700
2012-08-07,34.76634216308594,34.76634216308594,52.04999923706055,51.72999954223633,51.779998779296875,17651200
2012-08-08,34.74619674682617,34.74619674682617,51.86000061035156,51.470001220703125,51.4900016784668,13491300
2012-08-09,34.76634216308594,34.76634216308594,51.95000076293945,51.56999969482422,51.630001068115234,12183000
2012-08-10,34.82676696777344,34.82676696777344,51.869998931884766,51.25,51.369998931884766,15265100
2012-08-13,34.658912658691406,34.658912658691406,51.880001068115234,51.45000076293945,51.72999954223633,15320400
2012-08-14,34.7394905090332,34.7394905090332,51.849998474121094,51.619998931884766,51.77000045776367,10610200
2012-08-15,34.63876724243164,34.63876724243164,51.72999954223633,51.52000045776367,51.56999969482422,14045700
2012-08-16,35.068485260009766,35.068485260009766,52.310001373291016,51.70000076293945,51.86000061035156,13498000
2012-08-17,35.11548614501953,35.11548614501953,52.369998931884766,52.08000183105469,52.31999969482422,17243500
2012-08-20,35.0751953125,35.0751953125,52.290000915527344,51.939998626708984,52.15999984741211,10066600
2012-08-21,35.27663040161133,35.27663040161133,52.91999816894531,52.380001068115234,52.650001525878906,19489800
2012-08-22,35.2363395690918,35.2363395690918,52.59000015258789,52.040000915527344,52.09000015258789,12494200
2012-08-23,35.03490447998047,35.03490447998047,52.43000030517578,52.06999969482422,52.27000045776367,16203200
2012-08-24,34.981197357177734,34.981197357177734,52.369998931884766,51.709999084472656,51.810001373291016,15841400
2012-08-27,35.001338958740234,35.001338958740234,52.38999938964844,52.060001373291016,52.2400016784668,12419900
2012-08-28,34.967777252197266,34.967777252197266,52.16999816894531,51.83000183105469,51.91999816894531,14528900
2012-08-29,34.860347747802734,34.860347747802734,52.11000061035156,51.84000015258789,52.029998779296875,11418300
2012-08-30,34.34334945678711,34.34334945678711,51.65999984741211,51.150001525878906,51.630001068115234,24315600
2012-08-31,34.64548110961914,34.64548110961914,51.939998626708984,51.33000183105469,51.779998779296875,26992000
2012-09-04,34.47091293334961,34.47091293334961,51.529998779296875,51.130001068115234,51.470001220703125,23863200
2012-09-05,34.376914978027344,34.376914978027344,51.43000030517578,51.119998931884766,51.34000015258789,17360500
2012-09-06,35.229618072509766,35.229618072509766,52.61000061035156,51.61000061035156,51.619998931884766,23697600
2012-09-07,35.76004409790039,35.76004409790039,53.400001525878906,53.0099983215332,53.04999923706055,17210600
2012-09-10,35.47805404663086,35.47805404663086,53.20000076293945,52.7599983215332,53.04999923706055,12831800
2012-09-11,35.88090896606445,35.88090896606445,53.59000015258789,53.060001373291016,53.060001373291016,15417500
2012-09-12,36.11590576171875,36.11590576171875,53.91999816894531,53.599998474121094,53.88999938964844,14731600
2012-09-13,36.66646194458008,36.66646194458008,54.86000061035156,53.56999969482422,53.72999954223633,21654700
2012-09-14,37.029048919677734,37.029048919677734,55.58000183105469,55.06999969482422,55.18000030517578,36185500
2012-09-17,36.834327697753906,36.834327697753906,55.20000076293945,54.720001220703125,55.09000015258789,14851900
2012-09-18,36.679901123046875,36.679901123046875,54.7599983215332,54.45000076293945,54.560001373291016,16695300
2012-09-19,36.834327697753906,36.834327697753906,54.970001220703125,54.54999923706055,54.720001220703125,17193300
2012-09-20,36.599327087402344,36.599327087402344,54.540000915527344,54.02000045776367,54.16999816894531,21727600
2012-09-21,36.619476318359375,36.619476318359375,54.900001525878906,54.52000045776367,54.86000061035156,21583300
2012-09-24,36.49190902709961,36.49190902709961,54.47999954223633,54.060001373291016,54.11000061035156,16172500
2012-09-25,36.23677062988281,36.23677062988281,54.7400016784668,53.970001220703125,54.4900016784668,22290200
2012-09-26,35.87419128417969,35.87419128417969,53.61000061035156,53.220001220703125,53.540000915527344,22161700
2012-09-27,36.30390167236328,36.30390167236328,54.2599983215332,53.619998931884766,53.790000915527344,20720800
2012-09-28,35.585479736328125,35.585479736328125,53.54999923706055,52.90999984741211,53.5,43265100
2012-10-01,35.87419128417969,35.87419128417969,53.97999954223633,53.36000061035156,53.56999969482422,18016800
2012-10-02,36.015193939208984,36.015193939208984,53.9900016784668,53.459999084472656,53.95000076293945,14274000
2012-10-03,35.86747360229492,35.86747360229492,53.63999938964844,53.29999923706055,53.599998474121094,17416800
2012-10-04,36.30390167236328,36.30390167236328,54.130001068115234,53.70000076293945,53.810001373291016,15963600
2012-10-05,36.35089874267578,36.35089874267578,54.650001525878906,54.040000915527344,54.5099983215332,13420500
2012-10-08,36.136043548583984,36.136043548583984,53.900001525878906,53.709999084472656,53.810001373291016,6656000
2012-10-09,35.61233901977539,35.61233901977539,53.58000183105469,53.040000915527344,53.47999954223633,15400300
2012-10-10,35.51162338256836,35.51162338256836,53.13999938964844,52.720001220703125,53.04999923706055,13899400
2012-10-11,35.73991394042969,35.73991394042969,53.650001525878906,53.150001525878906,53.41999816894531,13497700
2012-10-12,35.69961929321289,35.69961929321289,53.56999969482422,53.09000015258789,53.369998931884766,9295500
2012-10-15,36.04875946044922,36.04875946044922,53.75,53.2599983215332,53.529998779296875,21186600
2012-10-16,36.646331787109375,36.646331787109375,54.619998931884766,54.220001220703125,54.22999954223633,19155600
2012-10-17,36.988765716552734,36.988765716552734,55.150001525878906,54.720001220703125,54.849998474121094,15644700
2012-10-18,36.84776306152344,36.84776306152344,55.22999954223633,54.720001220703125,54.900001525878906,18096200
2012-10-19,36.35089874267578,36.35089874267578,54.7400016784668,54.060001373291016,54.72999954223633,19565700
2012-10-22,36.606048583984375,36.606048583984375,54.599998474121094,54.150001525878906,54.5099983215332,14263400
2012-10-23,35.82047653198242,35.82047653198242,53.470001220703125,53.040000915527344,53.41999816894531,18033600
2012-10-24,35.84062576293945,35.84062576293945,53.7599983215332,53.369998931884766,53.68000030517578,11683400
2012-10-25,36.05548095703125,36.05548095703125,54.08000183105469,53.5,54.0,15728800
2012-10-26,36.00176239013672,36.00176239013672,53.72999954223633,53.369998931884766,53.54999923706055,11745100
2012-10-31,35.974910736083984,35.974910736083984,53.97999954223633,53.439998626708984,53.91999816894531,21750700
2012-11-01,36.39790344238281,36.39790344238281,54.220001220703125,53.779998779296875,53.849998474121094,18856700
2012-11-02,36.04875946044922,36.04875946044922,54.16999816894531,53.61000061035156,54.16999816894531,16524400
2012-11-05,35.96147918701172,35.96147918701172,53.65999984741211,53.38999938964844,53.560001373291016,9714000
2012-11-06,36.30390167236328,36.30390167236328,54.150001525878906,53.75,53.77000045776367,11045300
2012-11-07,35.76004409790039,35.76004409790039,53.52000045776367,52.970001220703125,53.5,20992600
2012-11-08,35.43777084350586,35.43777084350586,53.310001373291016,52.7599983215332,53.060001373291016,19833000
2012-11-09,35.451194763183594,35.451194763183594,53.029998779296875,52.5,52.5099983215332,20872100
2012-11-12,35.42433547973633,35.42433547973633,52.91999816894531,52.630001068115234,52.810001373291016,11864800
2012-11-13,35.24977111816406,35.24977111816406,52.900001525878906,52.209999084472656,52.2599983215332,14507400
2012-11-14,34.880489349365234,34.880489349365234,52.7400016784668,51.86000061035156,52.689998626708984,20602900
2012-11-15,34.99462890625,34.99462890625,52.36000061035156,51.91999816894531,52.189998626708984,15479300
2012-11-16,34.974483489990234,34.974483489990234,52.209999084472656,51.630001068115234,52.130001068115234,18052300
2012-11-19,35.73320007324219,35.73320007324219,53.220001220703125,52.779998779296875,52.790000915527344,15934900
2012-11-20,35.786903381347656,35.786903381347656,53.310001373291016,52.900001525878906,53.0,13642300
2012-11-21,35.847328186035156,35.847328186035156,53.45000076293945,53.27000045776367,53.349998474121094,10368200
2012-11-23,36.619476318359375,36.619476318359375,54.540000915527344,54.16999816894531,54.20000076293945,8397700
2012-11-26,36.53218078613281,36.53218078613281,54.41999816894531,54.11000061035156,54.2400016784668,13682100
2012-11-27,36.35089874267578,36.35089874267578,54.439998626708984,54.119998931884766,54.290000915527344,13987200
2012-11-28,36.612762451171875,36.612762451171875,54.59000015258789,53.720001220703125,53.83000183105469,23549600
2012-11-29,36.9283332824707,36.9283332824707,55.130001068115234,54.709999084472656,54.959999084472656,19765500
2012-11-30,36.97532272338867,36.97532272338867,55.25,54.970001220703125,55.029998779296875,23565800
2012-12-03,37.0223274230957,37.0223274230957,55.369998931884766,55.060001373291016,55.34000015258789,22076600
2012-12-04,37.116329193115234,37.116329193115234,55.400001525878906,55.189998626708984,55.31999969482422,18736900
2012-12-05,37.170040130615234,37.170040130615234,55.599998474121094,55.11000061035156,55.29999923706055,22117800
2012-12-06,37.243900299072266,37.243900299072266,55.5099983215332,55.18000030517578,55.45000076293945,12963300
2012-12-07,37.2573356628418,37.2573356628418,55.5099983215332,53.400001525878906,55.349998474121094,11949100
2012-12-10,37.29761505126953,37.29761505126953,55.58000183105469,55.31999969482422,55.33000183105469,17617400
2012-12-11,37.51247024536133,37.51247024536133,55.95000076293945,55.720001220703125,55.720001220703125,15684400
2012-12-12,37.633323669433594,37.633323669433594,56.369998931884766,55.959999084472656,56.040000915527344,18266500
2012-12-13,37.5191764831543,37.5191764831543,56.099998474121094,55.75,55.95000076293945,13693600
2012-12-14,37.65346908569336,37.65346908569336,56.2599983215332,55.900001525878906,55.939998626708984,18514600
2012-12-17,37.80788803100586,37.80788803100586,56.369998931884766,56.0,56.040000915527344,22550700
2012-12-18,38.20158004760742,38.20158004760742,56.349998474121094,55.869998931884766,55.95000076293945,24270800
2012-12-19,38.337345123291016,38.337345123291016,56.77000045776367,56.459999084472656,56.720001220703125,19356300
2012-12-20,38.59527587890625,38.59527587890625,56.880001068115234,56.540000915527344,56.68000030517578,18545600
2012-12-21,38.357696533203125,38.357696533203125,56.52000045776367,56.060001373291016,56.08000183105469,22418300
2012-12-24,38.25589370727539,38.25589370727539,56.47999954223633,56.25,56.439998626708984,7699100
2012-12-26,38.249088287353516,38.249088287353516,56.56999969482422,56.119998931884766,56.52000045776367,11718000
2012-12-27,38.425575256347656,38.425575256347656,56.68000030517578,56.15999984741211,56.65999984741211,14207500
2012-12-28,38.018314361572266,38.018314361572266,56.29999923706055,55.970001220703125,56.13999938964844,18734500
2012-12-31,38.59527587890625,38.59527587890625,56.869998931884766,56.06999969482422,56.2400016784668,22820800
2013-01-02,39.192604064941406,39.192604064941406,57.779998779296875,57.38999938964844,57.66999816894531,26056300
2013-01-03,38.81248092651367,38.81248092651367,57.540000915527344,57.09000015258789,57.33000183105469,23239700
2013-01-04,39.00932693481445,39.00932693481445,57.540000915527344,57.0099983215332,57.06999969482422,15522200
2013-01-07,38.83964157104492,38.83964157104492,57.279998779296875,56.939998626708984,57.02000045776367,14102600
2013-01-08,38.62242889404297,38.62242889404297,57.08000183105469,56.689998626708984,57.02000045776367,15592300
2013-01-09,38.81926345825195,38.81926345825195,57.27000045776367,57.029998779296875,57.09000015258789,12779400
2013-01-10,39.314781188964844,39.314781188964844,58.0099983215332,57.59000015258789,57.79999923706055,17718600
2013-01-11,39.3962287902832,39.3962287902832,58.11000061035156,57.84000015258789,58.0099983215332,12624700
2013-01-14,39.44374465942383,39.44374465942383,58.150001525878906,57.869998931884766,58.04999923706055,9980400
2013-01-15,39.38265609741211,39.38265609741211,58.04999923706055,57.689998626708984,57.75,12534000
2013-01-16,39.192604064941406,39.192604064941406,57.810001373291016,57.52000045776367,57.619998931884766,12907000
2013-01-17,39.511634826660156,39.511634826660156,58.31999969482422,58.0,58.13999938964844,14936200
2013-01-18,39.47090148925781,39.47090148925781,58.220001220703125,57.88999938964844,58.13999938964844,18844000
2013-01-22,39.49125671386719,39.49125671386719,58.18000030517578,57.83000183105469,58.029998779296875,12090100
2013-01-23,39.450538635253906,39.450538635253906,58.15999984741211,57.880001068115234,58.040000915527344,10139900
2013-01-24,39.64059066772461,39.64059066772461,58.540000915527344,58.189998626708984,58.220001220703125,13640100
2013-01-25,40.0682258605957,40.0682258605957,59.029998779296875,58.70000076293945,58.95000076293945,16643500
2013-01-28,39.87137222290039,39.87137222290039,58.849998474121094,58.540000915527344,58.810001373291016,14802900
2013-01-29,40.14289093017578,40.14289093017578,59.20000076293945,58.849998474121094,58.869998931884766,13403300
2013-01-30,40.18361282348633,40.18361282348633,59.43000030517578,59.130001068115234,59.16999816894531,18943400
2013-01-31,40.034278869628906,40.034278869628906,59.279998779296875,58.939998626708984,59.11000061035156,22252200
2013-02-01,40.35331344604492,40.35331344604492,59.59000015258789,59.209999084472656,59.36000061035156,19989200
2013-02-04,39.62702178955078,39.62702178955078,58.88999938964844,58.2599983215332,58.790000915527344,18125200
2013-02-05,39.81028747558594,39.81028747558594,58.810001373291016,58.4900016784668,58.540000915527344,15418900
2013-02-06,39.80350875854492,39.80350875854492,58.66999816894531,58.2400016784668,58.279998779296875,26336000
2013-02-07,39.47768020629883,39.47768020629883,58.63999938964844,57.86000061035156,58.59000015258789,21947700
2013-02-08,39.72883605957031,39.72883605957031,58.59000015258789,58.36000061035156,58.36000061035156,18326200
2013-02-11,39.6881103515625,39.6881103515625,58.540000915527344,58.25,58.529998779296875,12677200
2013-02-12,39.88496017456055,39.88496017456055,58.880001068115234,58.45000076293945,58.5,11534200
2013-02-13,39.97998046875,39.97998046875,59.16999816894531,58.84000015258789,59.040000915527344,8955200
2013-02-14,39.76277160644531,39.76277160644531,58.619998931884766,58.36000061035156,58.380001068115234,10409900
2013-02-15,39.66094970703125,39.66094970703125,58.709999084472656,58.2599983215332,58.65999984741211,12095000
2013-02-19,40.12931442260742,40.12931442260742,59.15999984741211,58.91999816894531,58.93000030517578,20173800
2013-02-20,39.735618591308594,39.735618591308594,59.290000915527344,58.529998779296875,59.25,17523500
2013-02-21,39.13829803466797,39.13829803466797,57.869998931884766,57.400001525878906,57.84000015258789,34195200
2013-02-22,39.70167922973633,39.70167922973633,58.5099983215332,57.95000076293945,58.119998931884766,23364000
2013-02-25,38.751399993896484,38.751399993896484,58.93000030517578,57.02000045776367,58.83000183105469,40205000
2013-02-26,39.063621520996094,39.063621520996094,57.84000015258789,57.189998626708984,57.68000030517578,25416500
2013-02-27,39.55914306640625,39.55914306640625,58.349998474121094,57.400001525878906,57.470001220703125,16819600
2013-02-28,39.51841354370117,39.51841354370117,58.560001373291016,58.150001525878906,58.2599983215332,17815100
2013-03-01,39.43696212768555,39.43696212768555,58.20000076293945,57.58000183105469,57.79999923706055,18241800
2013-03-04,39.606666564941406,39.606666564941406,58.36000061035156,57.849998474121094,57.95000076293945,14580300
2013-03-05,40.000335693359375,40.000335693359375,59.040000915527344,58.79999923706055,58.81999969482422,16168000
2013-03-06,40.102169036865234,40.102169036865234,59.220001220703125,58.81999969482422,59.18000030517578,17189600
2013-03-07,40.21755599975586,40.21755599975586,59.34000015258789,59.18000030517578,59.220001220703125,11797900
2013-03-08,40.305789947509766,40.305789947509766,59.41999816894531,59.040000915527344,59.290000915527344,23305900
2013-03-11,40.42797088623047,40.42797088623047,59.560001373291016,59.220001220703125,59.290000915527344,10873200
2013-03-12,40.224342346191406,40.224342346191406,59.599998474121094,59.150001525878906,59.529998779296875,16015600
2013-03-13,40.16324996948242,40.16324996948242,59.33000183105469,58.869998931884766,59.130001068115234,20517900
2013-03-14,40.556949615478516,40.556949615478516,59.810001373291016,59.400001525878906,59.43000030517578,12158300
2013-03-15,40.638389587402344,40.638389587402344,59.9900016784668,59.709999084472656,59.91999816894531,18191100
2013-03-18,40.190399169921875,40.190399169921875,59.650001525878906,59.09000015258789,59.119998931884766,25132800
2013-03-19,40.0682258605957,40.0682258605957,59.439998626708984,58.630001068115234,59.36000061035156,25745200
2013-03-20,40.31258773803711,40.31258773803711,59.540000915527344,59.290000915527344,59.439998626708984,16134800
2013-03-21,39.946041107177734,39.946041107177734,59.22999954223633,58.81999969482422,58.900001525878906,18106800
2013-03-22,40.2922248840332,40.2922248840332,59.45000076293945,59.08000183105469,59.18000030517578,18090400
2013-03-25,39.78992462158203,39.78992462158203,59.470001220703125,58.470001220703125,59.38999938964844,31933000
2013-03-26,40.041072845458984,40.041072845458984,59.0,58.65999984741211,58.83000183105469,15040700
2013-03-27,39.84422302246094,39.84422302246094,58.720001220703125,58.20000076293945,58.310001373291016,14990300
2013-03-28,40.034278869628906,40.034278869628906,59.040000915527344,58.7400016784668,58.81999969482422,28690100
2013-04-01,39.4980583190918,39.4980583190918,58.619998931884766,58.09000015258789,58.56999969482422,24852900
2013-04-02,39.91889190673828,39.91889190673828,59.099998474121094,58.72999954223633,58.84000015258789,19636600
2013-04-03,39.722042083740234,39.722042083740234,59.13999938964844,58.470001220703125,59.060001373291016,16961000
2013-04-04,40.075008392333984,40.075008392333984,59.099998474121094,58.59000015258789,58.720001220703125,14924900
2013-04-05,39.89174270629883,39.89174270629883,58.779998779296875,58.15999984741211,58.220001220703125,18160400
2013-04-08,40.0478630065918,40.0478630065918,59.0,58.63999938964844,58.7400016784668,17117700
2013-04-09,40.190399169921875,40.190399169921875,59.40999984741211,58.75,58.97999954223633,17406300
2013-04-10,40.78772735595703,40.78772735595703,60.220001220703125,59.7400016784668,59.75,18195500
2013-04-11,41.106754302978516,41.106754302978516,60.84000015258789,60.380001068115234,60.470001220703125,19865300
2013-04-12,41.004940032958984,41.004940032958984,60.43000030517578,60.029998779296875,60.279998779296875,16777400
2013-04-15,40.19719696044922,40.19719696044922,59.900001525878906,59.189998626708984,59.869998931884766,22699900
2013-04-16,40.767364501953125,40.767364501953125,60.060001373291016,59.599998474121094,59.900001525878906,14675700
2013-04-17,39.91889190673828,39.91889190673828,59.369998931884766,58.52000045776367,59.34000015258789,30730800
2013-04-18,39.79670333862305,39.79670333862305,58.95000076293945,58.439998626708984,58.91999816894531,19211400
2013-04-19,40.115718841552734,40.115718841552734,59.119998931884766,58.84000015258789,59.0099983215332,24725900
2013-04-22,40.285423278808594,40.285423278808594,59.439998626708984,58.790000915527344,59.099998474121094,16899700
2013-04-23,40.85560607910156,40.85560607910156,60.22999954223633,59.81999969482422,59.84000015258789,21257700
2013-04-24,41.20856475830078,41.20856475830078,60.880001068115234,60.45000076293945,60.52000045776367,18269400
2013-04-25,41.4257698059082,41.4257698059082,61.29999923706055,60.959999084472656,61.0099983215332,20079200
2013-04-26,41.459716796875,41.459716796875,61.13999938964844,60.88999938964844,60.959999084472656,13910200
2013-04-29,41.98915481567383,41.98915481567383,61.93000030517578,61.349998474121094,61.36000061035156,14721000
2013-04-30,42.043460845947266,42.043460845947266,61.9900016784668,61.709999084472656,61.84000015258789,22261300
2013-05-01,41.792320251464844,41.792320251464844,62.02000045776367,61.439998626708984,62.0,19104600
2013-05-02,41.921287536621094,41.921287536621094,61.88999938964844,61.36000061035156,61.41999816894531,18247200
2013-05-03,42.457523345947266,42.457523345947266,62.630001068115234,62.279998779296875,62.310001373291016,19161200
2013-05-06,42.40321350097656,42.40321350097656,62.470001220703125,62.220001220703125,62.279998779296875,7583700
2013-05-07,42.47109603881836,42.47109603881836,62.65999984741211,62.36000061035156,62.560001373291016,15724500
2013-05-08,42.91908645629883,42.91908645629883,63.2599983215332,62.900001525878906,62.900001525878906,17768200
2013-05-09,42.50503921508789,42.50503921508789,62.959999084472656,62.369998931884766,62.900001525878906,16372400
2013-05-10,42.55253982543945,42.55253982543945,62.720001220703125,62.34000015258789,62.54999923706055,15403400
2013-05-13,42.53219223022461,42.53219223022461,62.70000076293945,62.459999084472656,62.619998931884766,11911400
2013-05-14,42.613624572753906,42.613624572753906,62.880001068115234,62.54999923706055,62.560001373291016,26158800
2013-05-15,42.796905517578125,42.796905517578125,63.06999969482422,62.68000030517578,62.689998626708984,15961600
2013-05-16,42.50503921508789,42.50503921508789,62.95000076293945,62.4900016784668,62.72999954223633,16669100
2013-05-17,42.796905517578125,42.796905517578125,63.06999969482422,62.59000015258789,62.650001525878906,12925700
2013-05-20,43.034488677978516,43.034488677978516,63.439998626708984,63.06999969482422,63.08000183105469,16117200
2013-05-21,43.12272644042969,43.12272644042969,63.65999984741211,63.029998779296875,63.150001525878906,15283700
2013-05-22,42.68830108642578,42.68830108642578,64.13999938964844,62.70000076293945,63.540000915527344,21713500
2013-05-23,42.0774040222168,42.0774040222168,62.0099983215332,60.9900016784668,61.33000183105469,27055200
2013-05-24,41.71086883544922,41.71086883544922,61.470001220703125,60.9900016784668,61.16999816894531,19956800
2013-05-28,41.8194694519043,41.8194694519043,62.15999984741211,61.470001220703125,61.970001220703125,20275800
2013-05-29,41.41897964477539,41.41897964477539,61.15999984741211,60.72999954223633,61.08000183105469,18099400
2013-05-30,41.5818977355957,41.5818977355957,61.45000076293945,60.9900016784668,61.029998779296875,27382900
2013-05-31,40.77415084838867,40.77415084838867,60.650001525878906,60.029998779296875,60.5099983215332,36549400
2013-06-03,40.930267333984375,40.930267333984375,60.5099983215332,59.77000045776367,60.08000183105469,30340700
2013-06-04,41.0796012878418,41.0796012878418,60.88999938964844,60.20000076293945,60.790000915527344,17024400
2013-06-05,40.16324996948242,40.16324996948242,59.849998474121094,59.150001525878906,59.83000183105469,28821600
2013-06-06,40.38724899291992,40.38724899291992,59.529998779296875,58.869998931884766,59.15999984741211,24386900
2013-06-07,40.930267333984375,40.930267333984375,60.310001373291016,59.400001525878906,59.540000915527344,19245200
2013-06-10,40.97099685668945,40.97099685668945,60.4900016784668,60.130001068115234,60.470001220703125,14559800
2013-06-11,40.46870040893555,40.46870040893555,59.95000076293945,59.349998474121094,59.47999954223633,16619000
2013-06-12,40.42119598388672,40.42119598388672,60.36000061035156,59.470001220703125,60.29999923706055,14378100
2013-06-13,41.03887176513672,41.03887176513672,60.56999969482422,59.59000015258789,59.689998626708984,20158400
2013-06-14,40.590885162353516,40.590885162353516,60.33000183105469,59.61000061035156,60.0099983215332,17334200
2013-06-17,41.17462158203125,41.17462158203125,61.04999923706055,60.29999923706055,60.869998931884766,17560400
2013-06-18,41.46650314331055,41.46650314331055,61.20000076293945,60.849998474121094,60.869998931884766,13168500
2013-06-19,40.69270324707031,40.69270324707031,61.18000030517578,59.939998626708984,61.040000915527344,33232800
2013-06-20,39.19938659667969,39.19938659667969,58.7400016784668,57.65999984741211,58.709999084472656,40517100
2013-06-21,39.32836151123047,39.32836151123047,58.470001220703125,57.43000030517578,58.41999816894531,30474300
2013-06-24,38.710662841796875,38.710662841796875,57.33000183105469,56.439998626708984,56.7400016784668,24351500
2013-06-25,39.20616149902344,39.20616149902344,57.849998474121094,57.099998474121094,57.529998779296875,24494900
2013-06-26,39.36229705810547,39.36229705810547,58.18000030517578,57.779998779296875,58.029998779296875,27142000
2013-06-27,39.75843048095703,39.75843048095703,57.709999084472656,57.33000183105469,57.33000183105469,17753800
2013-06-28,39.682247161865234,39.682247161865234,57.599998474121094,57.09000015258789,57.310001373291016,31174100
2013-07-01,40.05622100830078,40.05622100830078,58.08000183105469,57.75,57.810001373291016,15315900
2013-07-02,39.85537338256836,39.85537338256836,58.09000015258789,57.33000183105469,57.779998779296875,13492800
2013-07-03,39.86922836303711,39.86922836303711,57.68000030517578,57.02000045776367,57.11000061035156,11748500
2013-07-05,40.05622100830078,40.05622100830078,57.97999954223633,57.40999984741211,57.959999084472656,10197800
2013-07-08,40.3055305480957,40.3055305480957,58.31999969482422,58.0,58.04999923706055,11993200
2013-07-09,40.527137756347656,40.527137756347656,58.63999938964844,58.15999984741211,58.63999938964844,11624200
2013-07-10,40.64488220214844,40.64488220214844,59.11000061035156,58.45000076293945,58.5099983215332,16162300
2013-07-11,41.6975212097168,41.6975212097168,60.27000045776367,59.540000915527344,59.779998779296875,20284600
2013-07-12,41.420509338378906,41.420509338378906,59.91999816894531,59.630001068115234,59.77000045776367,15189800
2013-07-15,41.6767463684082,41.6767463684082,60.189998626708984,59.93000030517578,60.029998779296875,17063200
2013-07-16,41.649044036865234,41.649044036865234,60.22999954223633,59.97999954223633,60.130001068115234,10894600
2013-07-17,41.77370834350586,41.77370834350586,60.619998931884766,60.18000030517578,60.619998931884766,13744500
2013-07-18,42.050716400146484,42.050716400146484,60.779998779296875,60.11000061035156,60.4900016784668,11036600
2013-07-19,42.01607894897461,42.01607894897461,60.77000045776367,60.400001525878906,60.5099983215332,23299300
2013-07-22,42.251548767089844,42.251548767089844,61.06999969482422,60.779998779296875,60.810001373291016,16518900
2013-07-23,42.34157943725586,42.34157943725586,61.2599983215332,60.95000076293945,61.209999084472656,11132000
2013-07-24,42.286170959472656,42.286170959472656,61.380001068115234,60.810001373291016,61.369998931884766,12887500
2013-07-25,42.36927795410156,42.36927795410156,61.209999084472656,60.4900016784668,60.5,14467100
2013-07-26,42.106117248535156,42.106117248535156,60.79999923706055,60.29999923706055,60.630001068115234,15499000
2013-07-29,41.70445251464844,41.70445251464844,60.34000015258789,60.119998931884766,60.2400016784668,11063600
2013-07-30,41.6975212097168,41.6975212097168,60.5099983215332,60.02000045776367,60.470001220703125,10712500
2013-07-31,41.79447555541992,41.79447555541992,60.75,60.060001373291016,60.060001373291016,22989900
2013-08-01,42.362361907958984,42.362361907958984,61.2599983215332,60.959999084472656,61.119998931884766,24484500
2013-08-02,42.70861053466797,42.70861053466797,61.66999816894531,61.209999084472656,61.22999954223633,15475000
2013-08-05,42.61858367919922,42.61858367919922,61.560001373291016,61.22999954223633,61.400001525878906,11483000
2013-08-06,42.5562744140625,42.5562744140625,61.7400016784668,61.29999923706055,61.689998626708984,18325300
2013-08-07,42.36927795410156,42.36927795410156,61.29999923706055,61.099998474121094,61.20000076293945,11989700
2013-08-08,42.75017547607422,42.75017547607422,61.83000183105469,61.34000015258789,61.52000045776367,12612700
2013-08-09,42.82635498046875,42.82635498046875,61.939998626708984,61.61000061035156,61.650001525878906,14951500
2013-08-12,42.70861053466797,42.70861053466797,61.72999954223633,61.5,61.5099983215332,13785000
2013-08-13,42.98563766479492,42.98563766479492,62.13999938964844,61.4900016784668,61.83000183105469,13189100
2013-08-14,43.00640869140625,43.00640869140625,62.189998626708984,61.9900016784668,62.099998474121094,14258600
2013-08-15,42.64629364013672,42.64629364013672,61.65999984741211,60.939998626708984,61.33000183105469,23650000
2013-08-16,42.72247314453125,42.72247314453125,61.83000183105469,61.59000015258789,61.709999084472656,15219600
2013-08-19,42.41775894165039,42.41775894165039,61.65999984741211,61.209999084472656,61.619998931884766,13596700
2013-08-20,42.362361907958984,42.362361907958984,61.33000183105469,60.91999816894531,61.029998779296875,12885800
2013-08-21,41.863739013671875,41.863739013671875,61.0,60.22999954223633,60.77000045776367,12755200
2013-08-22,42.27232360839844,42.27232360839844,61.130001068115234,60.880001068115234,60.900001525878906,8041700
2013-08-23,42.63937759399414,42.63937759399414,61.58000183105469,61.209999084472656,61.380001068115234,10141600
2013-08-26,42.32773208618164,42.32773208618164,61.400001525878906,61.11000061035156,61.279998779296875,8471000
2013-08-27,41.60749435424805,41.60749435424805,60.630001068115234,60.040000915527344,60.43000030517578,18839100
2013-08-28,41.55901336669922,41.55901336669922,60.220001220703125,59.68000030517578,59.75,10521700
2013-08-29,41.48976516723633,41.48976516723633,60.15999984741211,59.79999923706055,59.86000061035156,10555800
2013-08-30,40.9772834777832,40.9772834777832,59.63999938964844,59.15999984741211,59.619998931884766,21045300
2013-09-03,41.766780853271484,41.766780853271484,60.59000015258789,60.040000915527344,60.5099983215332,18912700
2013-09-04,42.140743255615234,42.140743255615234,60.939998626708984,60.150001525878906,60.209999084472656,11868800
2013-09-05,42.106117248535156,42.106117248535156,60.86000061035156,60.58000183105469,60.59000015258789,10523400
2013-09-06,42.334659576416016,42.334659576416016,61.310001373291016,60.650001525878906,61.060001373291016,16398000
2013-09-09,42.916378021240234,42.916378021240234,62.0,61.4900016784668,61.4900016784668,17398000
2013-09-10,43.40115737915039,43.40115737915039,62.70000076293945,62.40999984741211,62.47999954223633,15972400
2013-09-11,43.55351257324219,43.55351257324219,62.90999984741211,62.40999984741211,62.41999816894531,11864200
2013-09-12,43.30419921875,43.30419921875,62.810001373291016,62.52000045776367,62.56999969482422,16745000
2013-09-13,43.511966705322266,43.511966705322266,62.84000015258789,62.43000030517578,62.61000061035156,13590900
2013-09-16,43.8513069152832,43.8513069152832,63.650001525878906,63.27000045776367,63.650001525878906,18909500
2013-09-17,43.87900924682617,43.87900924682617,63.36000061035156,63.16999816894531,63.16999816894531,10370400
2013-09-18,45.04939270019531,45.04939270019531,65.11000061035156,63.2400016784668,63.40999984741211,21359000
2013-09-19,44.83470153808594,44.83470153808594,65.08000183105469,64.6500015258789,65.06999969482422,19195600
2013-09-20,44.509212493896484,44.509212493896484,64.62999725341797,64.23999786376953,64.62999725341797,18878600
2013-09-23,44.495361328125,44.495361328125,64.36000061035156,63.95000076293945,64.29000091552734,17860700
2013-09-24,44.42611312866211,44.42611312866211,64.41000366210938,63.97999954223633,64.19999694824219,14979200
2013-09-25,44.47459411621094,44.47459411621094,64.36000061035156,64.01000213623047,64.11000061035156,14478100
2013-09-26,44.66157913208008,44.66157913208008,64.58999633789062,64.25,64.30000305175781,15653800
2013-09-27,44.502296447753906,44.502296447753906,64.41999816894531,64.12999725341797,64.19000244140625,17705800
2013-09-30,44.18372344970703,44.18372344970703,63.970001220703125,63.54999923706055,63.61000061035156,22274400
2013-10-01,44.41918182373047,44.41918182373047,64.30000305175781,63.75,63.869998931884766,15392400
2013-10-02,44.40533447265625,44.40533447265625,64.16000366210938,63.59000015258789,63.90999984741211,12620200
2013-10-03,44.11447525024414,44.11447525024414,64.02999877929688,63.59000015258789,63.9900016784668,16212700
2013-10-04,44.218345642089844,44.218345642089844,63.91999816894531,63.58000183105469,63.61000061035156,11699000
2013-10-07,43.761268615722656,43.761268615722656,63.4900016784668,63.040000915527344,63.060001373291016,17360800
2013-10-08,43.421932220458984,43.421932220458984,63.310001373291016,62.68000030517578,63.220001220703125,19635600
2013-10-09,43.608917236328125,43.608917236328125,63.09000015258789,62.540000915527344,62.93000030517578,19659500
2013-10-10,44.391483306884766,44.391483306884766,64.19999694824219,63.5,63.5099983215332,16423300
2013-10-11,44.626953125,44.626953125,64.47000122070312,64.06999969482422,64.11000061035156,13279100
2013-10-14,44.77931213378906,44.77931213378906,64.70999908447266,64.12000274658203,64.16999816894531,7213800
2013-10-15,44.56462097167969,44.56462097167969,64.5199966430664,64.27999877929688,64.4000015258789,15599400
2013-10-16,44.897029876708984,44.897029876708984,64.8499984741211,64.48999786376953,64.54000091552734,17389900
2013-10-17,45.492618560791016,45.492618560791016,65.72000122070312,65.12999725341797,65.19000244140625,21850200
2013-10-18,45.7627067565918,45.7627067565918,66.11000061035156,65.77999877929688,65.88999938964844,16283000
2013-10-21,45.83195114135742,45.83195114135742,66.18000030517578,65.93000030517578,65.98999786376953,11068000
2013-10-22,46.28901672363281,46.28901672363281,66.95999908447266,66.5199966430664,66.5199966430664,13015200
2013-10-23,45.83887481689453,45.83887481689453,66.25,65.97000122070312,66.20999908447266,13384700
2013-10-24,46.15744400024414,46.15744400024414,66.69000244140625,66.4000015258789,66.55999755859375,11820900
2013-10-25,46.02587127685547,46.02587127685547,66.47000122070312,66.27999877929688,66.44999694824219,16688300
2013-10-28,45.949684143066406,45.949684143066406,66.4800033569336,66.19000244140625,66.27999877929688,9936700
2013-10-29,46.04664993286133,46.04664993286133,66.51000213623047,66.30999755859375,66.41000366210938,12121400
2013-10-30,45.88042449951172,45.88042449951172,66.58999633789062,65.91999816894531,66.55999755859375,18774000
2013-10-31,45.62419509887695,45.62419509887695,66.25,65.77999877929688,66.06999969482422,22366900
2013-11-01,45.402584075927734,45.402584075927734,65.58999633789062,65.19000244140625,65.52999877929688,18921000
2013-11-04,45.62419509887695,45.62419509887695,65.87999725341797,65.55000305175781,65.68000030517578,27539500
2013-11-05,45.22944259643555,45.22944259643555,65.41999816894531,64.98999786376953,65.19999694824219,13129600
2013-11-06,45.62419509887695,45.62419509887695,66.05000305175781,65.75,65.88999938964844,16260600
2013-11-07,44.903961181640625,44.903961181640625,65.66999816894531,64.76000213623047,65.62000274658203,22820200
2013-11-08,45.1671257019043,45.1671257019043,65.23999786376953,64.69000244140625,64.69999694824219,15873000
2013-11-11,45.264076232910156,45.264076232910156,65.37000274658203,65.16000366210938,65.23999786376953,14206100
2013-11-12,45.111724853515625,45.111724853515625,65.31999969482422,64.97000122070312,65.18000030517578,13391000
2013-11-13,45.25715637207031,45.25715637207031,65.41999816894531,64.62000274658203,64.63999938964844,12669400
2013-11-14,45.46491241455078,45.46491241455078,65.7300033569336,65.29000091552734,65.3499984741211,14537100
2013-11-15,45.83195114135742,45.83195114135742,66.31999969482422,65.95999908447266,66.02999877929688,25278400
2013-11-18,45.83195114135742,45.83195114135742,66.5999984741211,66.08999633789062,66.55999755859375,12776200
2013-11-19,45.7142333984375,45.7142333984375,66.19999694824219,65.87999725341797,66.0199966430664,10664300
2013-11-20,45.39566421508789,45.39566421508789,66.22000122070312,65.37999725341797,66.08000183105469,18220600
2013-11-21,45.67959976196289,45.67959976196289,65.97000122070312,65.66000366210938,65.7699966430664,15963400
2013-11-22,45.81117630004883,45.81117630004883,66.2300033569336,65.91000366210938,65.94999694824219,18657100
2013-11-25,45.672672271728516,45.672672271728516,66.11000061035156,65.87000274658203,66.0999984741211,11835000
2013-11-26,45.672672271728516,45.672672271728516,66.01000213623047,65.75,65.81999969482422,14620200
2013-11-27,45.783477783203125,45.783477783203125,66.29000091552734,66.02999877929688,66.18000030517578,9667100
2013-11-29,45.873504638671875,45.873504638671875,66.58000183105469,66.23999786376953,66.5199966430664,13964200
2013-12-02,45.5341682434082,45.5341682434082,66.11000061035156,65.73999786376953,66.01000213623047,17686300
2013-12-03,45.21559524536133,45.21559524536133,65.54000091552734,65.08999633789062,65.41999816894531,14776300
2013-12-04,44.973209381103516,44.973209381103516,65.0,64.5199966430664,64.52999877929688,18603800
2013-12-05,44.71697235107422,44.71697235107422,64.87000274658203,64.4800033569336,64.7300033569336,13115500
2013-12-06,45.2710075378418,45.2710075378418,65.4000015258789,65.01000213623047,65.12999725341797,12965100
2013-12-09,45.22251892089844,45.22251892089844,65.41000366210938,65.20999908447266,65.25,11275800
2013-12-10,45.14634323120117,45.14634323120117,65.29000091552734,65.0,65.1500015258789,13978200
2013-12-11,44.723899841308594,44.723899841308594,65.20999908447266,64.55000305175781,65.19999694824219,14151000
2013-12-12,44.39841079711914,44.39841079711914,64.33999633789062,63.95000076293945,64.27999877929688,14118200
2013-12-13,44.37070083618164,44.37070083618164,64.1500015258789,63.849998474121094,64.0999984741211,12214200
2013-12-16,44.68927764892578,44.68927764892578,64.7300033569336,64.47000122070312,64.51000213623047,13338900
2013-12-17,44.495361328125,44.495361328125,64.37999725341797,64.08000183105469,64.36000061035156,15966500
2013-12-18,45.19529342651367,45.19529342651367,64.86000061035156,63.5,64.22000122070312,28970800
2013-12-19,45.19529342651367,45.19529342651367,64.80999755859375,64.41999816894531,64.48999786376953,20647100
2013-12-20,45.4537467956543,45.4537467956543,65.18000030517578,64.87999725341797,64.91000366210938,18427500
2013-12-23,45.92177963256836,45.92177963256836,65.76000213623047,65.4000015258789,65.48999786376953,15767500
2013-12-24,46.01258850097656,46.01258850097656,65.87000274658203,65.55999755859375,65.62999725341797,6708500
2013-12-26,46.26406478881836,46.26406478881836,66.27999877929688,66.1500015258789,66.16000366210938,8510500
2013-12-27,46.50156021118164,46.50156021118164,66.7699966430664,66.51000213623047,66.76000213623047,18585400
2013-12-30,46.69715118408203,46.69715118408203,66.91000366210938,66.68000030517578,66.73999786376953,14432400
2013-12-31,46.87178039550781,46.87178039550781,67.36000061035156,67.0,67.04000091552734,21704700
2014-01-02,46.04053497314453,46.04053497314453,66.2699966430664,65.73999786376953,66.20999908447266,26240600
2014-01-03,46.08941650390625,46.08941650390625,66.19000244140625,65.87000274658203,66.0199966430664,19270100
2014-01-06,46.033538818359375,46.033538818359375,66.11000061035156,65.83999633789062,66.05000305175781,14737600
2014-01-07,46.29199981689453,46.29199981689453,66.3499984741211,66.12999725341797,66.16999816894531,12075700
2014-01-08,46.27802658081055,46.27802658081055,66.37000274658203,66.0999984741211,66.31999969482422,17555600
2014-01-09,46.243099212646484,46.243099212646484,66.27999877929688,65.80000305175781,66.27999877929688,13128600
2014-01-10,46.669212341308594,46.669212341308594,66.8499984741211,66.43000030517578,66.5,19676400
2014-01-13,46.26406478881836,46.26406478881836,66.68000030517578,66.11000061035156,66.5199966430664,19464700
2014-01-14,46.63428497314453,46.63428497314453,66.80999755859375,66.22000122070312,66.41999816894531,12268900
2014-01-15,46.82986831665039,46.82986831665039,67.08000183105469,66.69000244140625,66.72000122070312,12388800
2014-01-16,46.80891799926758,46.80891799926758,67.01000213623047,66.69999694824219,66.93000030517578,21172000
2014-01-17,46.669212341308594,46.669212341308594,67.02999877929688,66.70999908447266,66.9800033569336,22526900
2014-01-21,46.89274597167969,46.89274597167969,67.22000122070312,66.81999969482422,67.19999694824219,18600200
2014-01-22,46.89274597167969,46.89274597167969,67.16999816894531,66.94999694824219,67.11000061035156,12664100
2014-01-23,46.57839584350586,46.57839584350586,66.91000366210938,66.41000366210938,66.88999938964844,17691700
2014-01-24,45.30006408691406,45.30006408691406,65.69999694824219,64.8499984741211,65.69000244140625,25036300
2014-01-27,45.09051513671875,45.09051513671875,64.93000030517578,64.1500015258789,64.87999725341797,21487100
2014-01-28,45.481693267822266,45.481693267822266,65.18000030517578,64.83000183105469,64.86000061035156,15857600
2014-01-29,44.97176742553711,44.97176742553711,64.72000122070312,64.19000244140625,64.26000213623047,21210400
2014-01-30,45.2022819519043,45.2022819519043,64.80999755859375,64.37999725341797,64.66000366210938,14681000
2014-01-31,44.43388748168945,44.43388748168945,64.0199966430664,63.310001373291016,63.33000183105469,39572600
2014-02-03,43.52580261230469,43.52580261230469,63.619998931884766,62.279998779296875,63.540000915527344,45762000
2014-02-04,44.02873992919922,44.02873992919922,63.06999969482422,62.58000183105469,62.77000045776367,26309300
2014-02-05,44.11955261230469,44.11955261230469,63.209999084472656,62.7599983215332,63.0,17503900
2014-02-06,44.90190887451172,44.90190887451172,64.30999755859375,63.709999084472656,63.720001220703125,16589100
2014-02-07,45.48868942260742,45.48868942260742,65.12999725341797,64.47000122070312,64.62000274658203,14500900
2014-02-10,45.334999084472656,45.334999084472656,64.94000244140625,64.75,64.93000030517578,13885400
2014-02-11,46.05448532104492,46.05448532104492,66.05000305175781,65.25,65.2699966430664,18061900
2014-02-12,46.1313362121582,46.1313362121582,66.11000061035156,65.8499984741211,65.94999694824219,14801400
2014-02-13,46.27104568481445,46.27104568481445,66.27999877929688,65.43000030517578,65.45999908447266,17329500
2014-02-14,46.4456787109375,46.4456787109375,66.55999755859375,66.0999984741211,66.16999816894531,18540700
2014-02-18,46.843833923339844,46.843833923339844,67.13999938964844,66.76000213623047,66.94000244140625,16668600
2014-02-19,46.52949905395508,46.52949905395508,67.22000122070312,66.56999969482422,66.91999816894531,13139900
2014-02-20,46.690155029296875,46.690155029296875,66.93000030517578,66.4000015258789,66.54000091552734,14098500
2014-02-21,46.78097915649414,46.78097915649414,67.33000183105469,66.95999908447266,67.1500015258789,12629800
2014-02-24,47.186126708984375,47.186126708984375,67.87000274658203,67.19000244140625,67.22000122070312,22573000
2014-02-25,47.0743522644043,47.0743522644043,67.76000213623047,67.2699966430664,67.56999969482422,16833800
2014-02-26,46.913700103759766,46.913700103759766,67.33000183105469,66.94000244140625,67.26000213623047,14872400
2014-02-27,47.0743522644043,47.0743522644043,67.41000366210938,66.8499984741211,66.9800033569336,11392500
2014-02-28,47.15818786621094,47.15818786621094,67.87000274658203,67.30000305175781,67.5,41960000
2014-03-03,46.159271240234375,46.159271240234375,66.54000091552734,65.91000366210938,66.37999725341797,27783400
2014-03-04,47.0743522644043,47.0743522644043,67.48999786376953,67.29000091552734,67.4000015258789,29272000
2014-03-05,47.03243637084961,47.03243637084961,67.45999908447266,67.20999908447266,67.29000091552734,16872800
2014-03-06,47.52141571044922,47.52141571044922,68.19000244140625,67.93000030517578,68.0199966430664,15087000
2014-03-07,47.262962341308594,47.262962341308594,67.95999908447266,67.31999969482422,67.91000366210938,21133800
2014-03-10,46.969573974609375,46.969573974609375,67.29000091552734,66.83000183105469,67.20999908447266,23329100
2014-03-11,46.627296447753906,46.627296447753906,67.33999633789062,66.68000030517578,67.11000061035156,17811900
2014-03-12,46.452659606933594,46.452659606933594,66.5999984741211,66.01000213623047,66.16000366210938,14151000
2014-03-13,45.58647918701172,45.58647918701172,66.69000244140625,65.13999938964844,66.63999938964844,35340200
2014-03-14,45.48868942260742,45.48868942260742,65.43000030517578,64.87000274658203,64.87000274658203,24796000
2014-03-17,46.06148147583008,46.06148147583008,66.0199966430664,65.5999984741211,65.62999725341797,24052700
2014-03-18,46.34788131713867,46.34788131713867,66.4800033569336,65.9800033569336,65.98999786376953,19417000
2014-03-19,45.78207015991211,45.78207015991211,66.30999755859375,65.12000274658203,66.27999877929688,22330200
2014-03-20,45.607425689697266,45.607425689697266,65.41999816894531,64.81999969482422,64.95999908447266,18788100
2014-03-21,45.51662826538086,45.51662826538086,65.80999755859375,65.12000274658203,65.61000061035156,17668300
2014-03-24,45.635379791259766,45.635379791259766,65.6500015258789,64.93000030517578,65.61000061035156,17552900
2014-03-25,46.1313362121582,46.1313362121582,66.19000244140625,65.62999725341797,65.83000183105469,20785500
2014-03-26,46.12434768676758,46.12434768676758,66.5999984741211,66.0199966430664,66.56999969482422,27028900
2014-03-27,46.3548698425293,46.3548698425293,66.48999786376953,66.13999938964844,66.27999877929688,22352000
2014-03-28,46.704132080078125,46.704132080078125,67.05999755859375,66.80000305175781,66.86000061035156,13875500
2014-03-31,46.9416389465332,46.9416389465332,67.47000122070312,67.13999938964844,67.37000274658203,24498300
2014-04-01,47.24199676513672,47.24199676513672,67.66999816894531,67.44000244140625,67.5999984741211,13738100
2014-04-02,47.33281707763672,47.33281707763672,67.9000015258789,67.55999755859375,67.63999938964844,15497500
2014-04-03,47.20008850097656,47.20008850097656,67.7699966430664,67.38999938964844,67.68000030517578,14943500
2014-04-04,47.05339431762695,47.05339431762695,67.94000244140625,67.26000213623047,67.83999633789062,20967400
2014-04-07,46.82986831665039,46.82986831665039,67.36000061035156,66.88999938964844,67.26000213623047,16647900
2014-04-08,46.80192947387695,46.80192947387695,67.13999938964844,66.7300033569336,66.79000091552734,12246200
2014-04-09,47.402671813964844,47.402671813964844,67.9000015258789,67.2699966430664,67.55000305175781,18492100
2014-04-10,46.564430236816406,46.564430236816406,67.62000274658203,66.5999984741211,67.55000305175781,23677900
2014-04-11,46.28501510620117,46.28501510620117,66.76000213623047,66.25,66.3499984741211,18550700
2014-04-14,46.550453186035156,46.550453186035156,66.76000213623047,66.31999969482422,66.5999984741211,13239000
2014-04-15,46.3548698425293,46.3548698425293,66.62999725341797,65.68000030517578,66.52999877929688,21055100
2014-04-16,46.92766189575195,46.92766189575195,67.20999908447266,66.7300033569336,66.91000366210938,19643900
2014-04-17,47.172157287597656,47.172157287597656,67.63999938964844,67.12999725341797,67.27999877929688,19204100
2014-04-21,47.235023498535156,47.235023498535156,67.6500015258789,67.41000366210938,67.52999877929688,10723800
2014-04-22,47.43060302734375,47.43060302734375,67.97000122070312,67.76000213623047,67.83000183105469,12342500
2014-04-23,47.318843841552734,47.318843841552734,67.83999633789062,67.62999725341797,67.83999633789062,11595300
2014-04-24,47.31186294555664,47.31186294555664,67.79000091552734,67.27999877929688,67.72000122070312,17646700
2014-04-25,47.08134460449219,47.08134460449219,67.62999725341797,67.19999694824219,67.61000061035156,19435900
2014-04-28,47.22804641723633,47.22804641723633,67.77999877929688,67.13999938964844,67.62000274658203,19986000
2014-04-29,47.5353889465332,47.5353889465332,68.19000244140625,67.88999938964844,67.95999908447266,16162500
2014-04-30,47.723995208740234,47.723995208740234,68.4000015258789,67.95999908447266,68.05000305175781,29172800
2014-05-01,47.856727600097656,47.856727600097656,68.62000274658203,68.30000305175781,68.38999938964844,17645400
2014-05-02,47.77988052368164,47.77988052368164,68.54000091552734,68.19000244140625,68.26000213623047,14332800
2014-05-05,47.74496078491211,47.74496078491211,68.37999725341797,67.76000213623047,67.9000015258789,18715300
2014-05-06,47.6611442565918,47.6611442565918,68.4000015258789,68.16000366210938,68.36000061035156,10209100
2014-05-07,47.717018127441406,47.717018127441406,68.3499984741211,67.94000244140625,68.20999908447266,12801700
2014-05-08,47.723995208740234,47.723995208740234,68.63999938964844,68.22000122070312,68.41000366210938,13187500
2014-05-09,47.654144287109375,47.654144287109375,68.31999969482422,67.9800033569336,68.2699966430664,8089900
2014-05-12,47.96847915649414,47.96847915649414,68.69000244140625,68.41999816894531,68.4800033569336,13953600
2014-05-13,48.0383415222168,48.0383415222168,68.80000305175781,68.61000061035156,68.7699966430664,18673500
2014-05-14,47.9475212097168,47.9475212097168,68.9000015258789,68.55000305175781,68.75,15816700
2014-05-15,47.73796463012695,47.73796463012695,68.52999877929688,68.08000183105469,68.48999786376953,20007500
2014-05-16,47.84275436401367,47.84275436401367,68.48999786376953,68.2300033569336,68.3499984741211,12874500
2014-05-19,47.74496078491211,47.74496078491211,68.4000015258789,68.0999984741211,68.12000274658203,9415200
2014-05-20,47.44457244873047,47.44457244873047,68.1500015258789,67.72000122070312,68.11000061035156,13695200
2014-05-21,47.8148078918457,47.8148078918457,68.47000122070312,68.16999816894531,68.19999694824219,10953400
2014-05-22,47.87767028808594,47.87767028808594,68.61000061035156,68.41000366210938,68.45999908447266,8121800
2014-05-23,48.003414154052734,48.003414154052734,68.79000091552734,68.48999786376953,68.48999786376953,7649000
2014-05-27,48.34568786621094,48.34568786621094,69.26000213623047,68.9800033569336,69.22000122070312,9819700
2014-05-28,48.185028076171875,48.185028076171875,69.05999755859375,68.8499984741211,69.0199966430664,8894300
2014-05-29,48.47840881347656,48.47840881347656,69.4000015258789,69.13999938964844,69.27999877929688,16668400
2014-05-30,48.48540115356445,48.48540115356445,69.44999694824219,69.26000213623047,69.31999969482422,15728200
2014-06-02,48.583194732666016,48.583194732666016,69.63999938964844,69.4000015258789,69.63999938964844,8915100
2014-06-03,48.46443557739258,48.46443557739258,69.41000366210938,69.29000091552734,69.31999969482422,9629100
2014-06-04,48.45047378540039,48.45047378540039,69.43000030517578,69.16000366210938,69.2300033569336,10850800
2014-06-05,48.7857666015625,48.7857666015625,69.9000015258789,69.30999755859375,69.55999755859375,11099400
2014-06-06,49.05121994018555,49.05121994018555,70.22000122070312,69.91000366210938,70.0199966430664,11780100
2014-06-09,49.00232696533203,49.00232696533203,70.19000244140625,69.91999816894531,69.94999694824219,12685200
2014-06-10,48.897525787353516,48.897525787353516,70.0,69.73999786376953,69.8499984741211,11347600
2014-06-11,48.653045654296875,48.653045654296875,69.77999877929688,69.56999969482422,69.69000244140625,8827200
2014-06-12,48.66701889038086,48.66701889038086,69.94000244140625,69.55000305175781,69.87000274658203,10679500
2014-06-13,48.70195007324219,48.70195007324219,69.86000061035156,69.55000305175781,69.72000122070312,22214700
2014-06-16,48.71590805053711,48.71590805053711,69.80999755859375,69.55999755859375,69.5999984741211,9584600
2014-06-17,48.68099594116211,48.68099594116211,69.69999694824219,69.38999938964844,69.41000366210938,9222700
2014-06-18,49.10011291503906,49.10011291503906,70.30999755859375,69.54000091552734,69.7699966430664,14870300
2014-06-19,49.36555099487305,49.36555099487305,70.79000091552734,70.54000091552734,70.7300033569336,12490400
2014-06-20,49.281734466552734,49.281734466552734,70.61000061035156,70.41999816894531,70.56999969482422,16113100
2014-06-23,49.14901351928711,49.14901351928711,70.38999938964844,70.04000091552734,70.2300033569336,9836000
2014-06-24,48.84164810180664,48.84164810180664,70.27999877929688,69.83999633789062,70.20999908447266,17809900
2014-06-25,48.82447052001953,48.82447052001953,68.27999877929688,67.87999725341797,67.88999938964844,17373100
2014-06-26,48.86027526855469,48.86027526855469,68.27999877929688,67.66999816894531,68.12000274658203,14342000
2014-06-27,48.88888931274414,48.88888931274414,68.33999633789062,67.97000122070312,68.04000091552734,9721300
2014-06-30,48.93183898925781,48.93183898925781,68.44000244140625,68.1500015258789,68.16000366210938,16580700
2014-07-01,49.36124801635742,49.36124801635742,69.08000183105469,68.68000030517578,68.72000122070312,12975000
2014-07-02,49.439971923828125,49.439971923828125,69.08999633789062,68.87000274658203,68.94999694824219,11254400
2014-07-03,49.540164947509766,49.540164947509766,69.29000091552734,69.02999877929688,69.05999755859375,7757300
2014-07-07,49.153682708740234,49.153682708740234,68.79000091552734,68.58000183105469,68.69000244140625,8533400
2014-07-08,48.63838577270508,48.63838577270508,68.29000091552734,67.77999877929688,68.27999877929688,11505200
2014-07-09,48.79585266113281,48.79585266113281,68.2699966430664,67.8499984741211,67.88999938964844,15042700
2014-07-10,48.25908279418945,48.25908279418945,67.44999694824219,66.91999816894531,66.95999908447266,12905700
2014-07-11,48.28771209716797,48.28771209716797,67.5199966430664,67.16999816894531,67.33999633789062,11225800
2014-07-14,48.645545959472656,48.645545959472656,68.12000274658203,67.94000244140625,68.11000061035156,9020800
2014-07-15,48.523887634277344,48.523887634277344,68.08999633789062,67.5199966430664,68.02999877929688,12444500
2014-07-16,48.82447052001953,48.82447052001953,68.31999969482422,68.11000061035156,68.27999877929688,9427600
2014-07-17,48.20182418823242,48.20182418823242,68.0999984741211,67.30999755859375,67.81999969482422,15085100
2014-07-18,48.581138610839844,48.581138610839844,67.98999786376953,67.4800033569336,67.5199966430664,11615300
2014-07-21,48.402217864990234,48.402217864990234,67.66999816894531,67.31999969482422,67.45999908447266,12114800
2014-07-22,48.61692810058594,48.61692810058594,68.05999755859375,67.88999938964844,67.98999786376953,12232800
2014-07-23,48.71712112426758,48.71712112426758,68.19999694824219,68.0,68.19999694824219,8668200
2014-07-24,48.831642150878906,48.831642150878906,68.31999969482422,68.13999938964844,68.26000213623047,6826200
2014-07-25,48.63124084472656,48.63124084472656,68.1500015258789,67.69000244140625,68.11000061035156,8885700
2014-07-28,48.63838577270508,48.63838577270508,68.05999755859375,67.58000183105469,67.95999908447266,8065900
2014-07-29,48.53820037841797,48.53820037841797,68.19000244140625,67.77999877929688,68.1500015258789,9154800
2014-07-30,48.46663284301758,48.46663284301758,67.95999908447266,67.45999908447266,67.81999969482422,11169300
2014-07-31,47.65790557861328,47.65790557861328,67.12000274658203,66.5199966430664,67.02999877929688,26161000
2014-08-01,47.328670501708984,47.328670501708984,66.56999969482422,66.0,66.31999969482422,25398300
2014-08-04,47.55055236816406,47.55055236816406,66.55999755859375,66.02999877929688,66.41000366210938,15220800
2014-08-05,46.94221496582031,46.94221496582031,66.12000274658203,65.45999908447266,66.06999969482422,20914100
2014-08-06,46.82769012451172,46.82769012451172,65.61000061035156,65.08000183105469,65.08999633789062,16592700
2014-08-07,46.44838333129883,46.44838333129883,65.63999938964844,64.7300033569336,65.56999969482422,17344900
2014-08-08,46.720340728759766,46.720340728759766,65.31999969482422,64.70999908447266,64.83999633789062,15434200
2014-08-11,46.899261474609375,46.899261474609375,65.69000244140625,65.47000122070312,65.56999969482422,10497600
2014-08-12,46.86348342895508,46.86348342895508,65.58000183105469,65.31999969482422,65.43000030517578,12398400
2014-08-13,47.1282844543457,47.1282844543457,65.98999786376953,65.72000122070312,65.87000274658203,12378700
2014-08-14,47.3787841796875,47.3787841796875,66.20999908447266,66.0,66.0999984741211,11941600
2014-08-15,47.328670501708984,47.328670501708984,66.62000274658203,65.5999984741211,66.51000213623047,23432900
2014-08-18,47.636436462402344,47.636436462402344,66.58999633789062,66.38999938964844,66.43000030517578,11630700
2014-08-19,47.75093460083008,47.75093460083008,66.72000122070312,66.55999755859375,66.58999633789062,8514300
2014-08-20,47.600650787353516,47.600650787353516,66.5999984741211,66.31999969482422,66.33000183105469,11419400
2014-08-21,47.80103302001953,47.80103302001953,66.88999938964844,66.6500015258789,66.69000244140625,8522800
2014-08-22,47.572021484375,47.572021484375,66.6500015258789,66.23999786376953,66.5999984741211,9000900
2014-08-25,47.879764556884766,47.879764556884766,67.08000183105469,66.73999786376953,66.77999877929688,13867600
2014-08-26,47.88692855834961,47.88692855834961,67.19000244140625,66.88999938964844,66.9800033569336,22103600
2014-08-27,47.97995376586914,47.97995376586914,67.19999694824219,66.97000122070312,67.19000244140625,10792900
2014-08-28,47.7652473449707,47.7652473449707,66.79000091552734,66.56999969482422,66.62999725341797,10674300
2014-08-29,47.743778228759766,47.743778228759766,66.7699966430664,66.45999908447266,66.72000122070312,19832700
2014-09-02,47.836814880371094,47.836814880371094,66.91000366210938,66.61000061035156,66.91000366210938,14537000
2014-09-03,48.17319107055664,48.17319107055664,67.47000122070312,67.19000244140625,67.44999694824219,15490700
2014-09-04,47.94417953491211,47.94417953491211,67.41000366210938,66.83000183105469,67.22000122070312,11043000
2014-09-05,47.95133590698242,47.95133590698242,67.0199966430664,66.63999938964844,66.80000305175781,9374300
2014-09-08,47.44320297241211,47.44320297241211,66.61000061035156,66.16000366210938,66.5,13282600
2014-09-09,47.307212829589844,47.307212829589844,66.20999908447266,65.87999725341797,66.20999908447266,15015000
2014-09-10,47.579185485839844,47.579185485839844,66.4800033569336,66.02999877929688,66.0999984741211,14634800
2014-09-11,47.314369201660156,47.314369201660156,66.13999938964844,65.83999633789062,66.01000213623047,12136700
2014-09-12,47.24994659423828,47.24994659423828,66.0999984741211,65.83999633789062,66.05000305175781,12022900
2014-09-15,47.149757385253906,47.149757385253906,65.97000122070312,65.76000213623047,65.93000030517578,8709500
2014-09-16,47.35015106201172,47.35015106201172,66.25,65.51000213623047,65.52999877929688,14405100
2014-09-17,47.013771057128906,47.013771057128906,66.0999984741211,65.52999877929688,65.97000122070312,19753900
2014-09-18,47.3787841796875,47.3787841796875,66.26000213623047,66.05000305175781,66.05999755859375,14467500
2014-09-19,47.21417236328125,47.21417236328125,66.30999755859375,65.91999816894531,66.29000091552734,11800500
2014-09-22,47.00660705566406,47.00660705566406,65.9000015258789,65.52999877929688,65.88999938964844,29390800
2014-09-23,46.61299514770508,46.61299514770508,65.44000244140625,65.05000305175781,65.23999786376953,18721700
2014-09-24,46.84917068481445,46.84917068481445,65.51000213623047,64.94999694824219,65.13999938964844,12589900
2014-09-25,46.162109375,46.162109375,65.12000274658203,64.43000030517578,65.12000274658203,15639300
2014-09-26,46.35533905029297,46.35533905029297,64.97000122070312,64.55000305175781,64.70999908447266,14040200
2014-09-29,45.92592239379883,45.92592239379883,64.3499984741211,63.9900016784668,64.08000183105469,17351800
2014-09-30,45.89015579223633,45.89015579223633,64.33000183105469,63.849998474121094,63.9900016784668,17807600
2014-10-01,45.34621810913086,45.34621810913086,63.83000183105469,63.22999954223633,63.75,21791100
2014-10-02,44.85954666137695,44.85954666137695,63.08000183105469,62.099998474121094,63.0099983215332,21687600
2014-10-03,44.85954666137695,44.85954666137695,62.7599983215332,62.43000030517578,62.59000015258789,11116900
2014-10-06,45.14582443237305,45.14582443237305,63.16999816894531,62.66999816894531,63.02000045776367,16614000
2014-10-07,44.38003158569336,44.38003158569336,62.689998626708984,62.0,62.65999984741211,15615700
2014-10-08,45.0814094543457,45.0814094543457,63.09000015258789,61.849998474121094,62.08000183105469,18310300
2014-10-09,43.871891021728516,43.871891021728516,62.5099983215332,61.22999954223633,62.380001068115234,23813400
2014-10-10,43.21345901489258,43.21345901489258,61.18000030517578,60.36000061035156,61.0099983215332,26414400
2014-10-13,43.15620422363281,43.15620422363281,61.20000076293945,60.279998779296875,61.04999923706055,16363600
2014-10-14,43.263553619384766,43.263553619384766,60.95000076293945,60.34000015258789,60.7400016784668,22292200
2014-10-15,43.00590133666992,43.00590133666992,60.15999984741211,58.970001220703125,60.04999923706055,37303900
2014-10-16,42.60511779785156,42.60511779785156,60.09000015258789,58.61000061035156,58.68000030517578,49006500
2014-10-17,43.39952850341797,43.39952850341797,60.79999923706055,60.279998779296875,60.459999084472656,22794100
2014-10-20,43.67150115966797,43.67150115966797,61.119998931884766,60.54999923706055,60.56999969482422,22996200
2014-10-21,44.19395446777344,44.19395446777344,61.79999923706055,61.290000915527344,61.34000015258789,16849600
2014-10-22,43.871891021728516,43.871891021728516,61.880001068115234,61.25,61.709999084472656,13982300
2014-10-23,44.29415512084961,44.29415512084961,62.209999084472656,61.75,61.81999969482422,17097000
2014-10-24,44.53748321533203,44.53748321533203,62.25,61.869998931884766,62.060001373291016,12251100
2014-10-27,44.28699493408203,44.28699493408203,62.15999984741211,61.59000015258789,61.68000030517578,17838400
2014-10-28,44.95974349975586,44.95974349975586,62.83000183105469,62.45000076293945,62.529998779296875,14653100
2014-10-29,44.616214752197266,44.616214752197266,63.119998931884766,62.13999938964844,63.0,21781800
2014-10-30,44.938270568847656,44.938270568847656,62.97999954223633,62.08000183105469,62.13999938964844,14596000
2014-10-31,45.76847457885742,45.76847457885742,63.97999954223633,63.529998779296875,63.709999084472656,22786800
2014-11-03,45.37484359741211,45.37484359741211,63.61000061035156,63.20000076293945,63.52000045776367,14384800
2014-11-04,45.1171989440918,45.1171989440918,63.06999969482422,62.65999984741211,62.939998626708984,12741800
2014-11-05,45.20307922363281,45.20307922363281,63.25,62.880001068115234,63.18000030517578,13033500
2014-11-06,44.95974349975586,44.95974349975586,63.18000030517578,62.65999984741211,63.02000045776367,13624500
2014-11-07,44.98121643066406,44.98121643066406,62.869998931884766,62.380001068115234,62.61000061035156,10950900
2014-11-10,45.18160629272461,45.18160629272461,63.20000076293945,62.900001525878906,63.09000015258789,10235200
2014-11-11,45.45356750488281,45.45356750488281,63.58000183105469,63.15999984741211,63.290000915527344,12372800
2014-11-12,45.06709671020508,45.06709671020508,63.08000183105469,62.79999923706055,62.810001373291016,9970700
2014-11-13,45.28179931640625,45.28179931640625,63.400001525878906,63.0,63.040000915527344,18654700
2014-11-14,45.34621810913086,45.34621810913086,63.38999938964844,62.869998931884766,62.880001068115234,13368600
2014-11-17,45.16728973388672,45.16728973388672,63.16999816894531,62.810001373291016,62.84000015258789,11203700
2014-11-18,45.6611213684082,45.6611213684082,63.90999984741211,63.540000915527344,63.58000183105469,19695400
2014-11-19,45.5251350402832,45.5251350402832,63.83000183105469,63.34000015258789,63.630001068115234,13908800
2014-11-20,45.253177642822266,45.253177642822266,63.400001525878906,62.95000076293945,62.970001220703125,16494400
2014-11-21,45.64680480957031,45.64680480957031,64.05999755859375,63.56999969482422,64.0199966430664,22414400
2014-11-24,45.91161346435547,45.91161346435547,64.16000366210938,63.93000030517578,64.05999755859375,16662600
2014-11-25,45.990333557128906,45.990333557128906,64.33000183105469,64.0199966430664,64.16000366210938,18289600
2014-11-26,46.169254302978516,46.169254302978516,64.54000091552734,64.23999786376953,64.33999633789062,9788000
2014-11-28,45.79710388183594,45.79710388183594,64.16000366210938,63.939998626708984,64.0999984741211,8429300
2014-12-01,45.75415802001953,45.75415802001953,64.08000183105469,63.72999954223633,64.02999877929688,14827800
2014-12-02,45.88298034667969,45.88298034667969,64.12999725341797,63.91999816894531,64.05999755859375,19349300
2014-12-03,45.82572937011719,45.82572937011719,64.08999633789062,63.86000061035156,63.95000076293945,10722400
2014-12-04,45.6754264831543,45.6754264831543,64.08999633789062,63.61000061035156,63.86000061035156,18286400
2014-12-05,45.775630950927734,45.775630950927734,64.16000366210938,63.810001373291016,63.97999954223633,13947000
2014-12-08,45.37484359741211,45.37484359741211,63.709999084472656,63.349998474121094,63.59000015258789,14590200
2014-12-09,45.131507873535156,45.131507873535156,63.11000061035156,62.619998931884766,62.810001373291016,18136300
2014-12-10,44.55895233154297,44.55895233154297,62.900001525878906,62.15999984741211,62.900001525878906,27669700
2014-12-11,44.501705169677734,44.501705169677734,62.68000030517578,62.11000061035156,62.36000061035156,19542600
2014-12-12,43.64286422729492,43.64286422729492,62.119998931884766,60.939998626708984,62.0099983215332,31169600
2014-12-15,42.92002868652344,42.92002868652344,61.2599983215332,59.779998779296875,61.15999984741211,38599900
2014-12-16,43.22777557373047,43.22777557373047,61.15999984741211,59.91999816894531,60.02000045776367,38250500
2014-12-17,43.74449920654297,43.74449920654297,60.959999084472656,59.9900016784668,60.02000045776367,28795300
2014-12-18,44.525001525878906,44.525001525878906,61.70000076293945,61.119998931884766,61.220001220703125,33053700
2014-12-19,44.59003829956055,44.59003829956055,61.880001068115234,61.33000183105469,61.470001220703125,29690700
2014-12-22,44.80684280395508,44.80684280395508,62.040000915527344,61.75,61.970001220703125,24782500
2014-12-23,44.66230773925781,44.66230773925781,61.95000076293945,61.709999084472656,61.869998931884766,21929200
2014-12-24,44.86466979980469,44.86466979980469,62.220001220703125,61.779998779296875,61.880001068115234,12379400
2014-12-26,44.98030090332031,44.98030090332031,62.349998474121094,62.189998626708984,62.27000045776367,17681100
2014-12-29,44.65508270263672,44.65508270263672,62.0099983215332,61.70000076293945,61.709999084472656,22005600
2014-12-30,44.2431526184082,44.2431526184082,61.5,61.20000076293945,61.439998626708984,20271600
2014-12-31,43.96852493286133,43.96852493286133,61.459999084472656,60.810001373291016,61.45000076293945,22495000
2015-01-02,43.78063201904297,43.78063201904297,61.130001068115234,60.459999084472656,61.04999923706055,24674800
2015-01-05,42.7471809387207,42.7471809387207,59.779998779296875,59.0,59.72999954223633,28468200
2015-01-06,42.262977600097656,42.262977600097656,59.310001373291016,58.290000915527344,59.099998474121094,21711600
2015-01-07,42.73273468017578,42.73273468017578,59.22999954223633,58.56999969482422,58.95000076293945,19048900
2015-01-08,43.310882568359375,43.310882568359375,60.13999938964844,59.459999084472656,59.4900016784668,16680000
2015-01-09,43.10129928588867,43.10129928588867,60.0,59.34000015258789,60.0,17938200
2015-01-12,43.0001220703125,43.0001220703125,59.7599983215332,59.209999084472656,59.709999084472656,18561200
2015-01-13,43.21693420410156,43.21693420410156,60.38999938964844,59.380001068115234,60.2400016784668,15396200
2015-01-14,43.09407043457031,43.09407043457031,59.75,59.220001220703125,59.5099983215332,16051900
2015-01-15,43.368690490722656,43.368690490722656,60.40999984741211,59.86000061035156,60.349998474121094,21885100
2015-01-16,43.93239212036133,43.93239212036133,60.84000015258789,59.9900016784668,60.08000183105469,29675500
2015-01-20,44.08415603637695,44.08415603637695,61.310001373291016,60.7599983215332,61.27000045776367,19318000
2015-01-21,44.431053161621094,44.431053161621094,61.5,60.88999938964844,60.97999954223633,26882500
2015-01-22,44.597267150878906,44.597267150878906,61.869998931884766,61.16999816894531,61.29999923706055,15610400
2015-01-23,44.34433364868164,44.34433364868164,61.77000045776367,61.34000015258789,61.599998474121094,19495700
2015-01-26,44.95138931274414,44.95138931274414,62.34000015258789,61.70000076293945,61.86000061035156,18463300
2015-01-27,45.01643371582031,45.01643371582031,62.41999816894531,61.93000030517578,62.06999969482422,20064300
2015-01-28,44.34433364868164,44.34433364868164,62.380001068115234,61.33000183105469,62.310001373291016,20033100
2015-01-29,44.95138931274414,44.95138931274414,62.25,61.66999816894531,61.88999938964844,31207900
2015-01-30,44.2431526184082,44.2431526184082,61.810001373291016,61.20000076293945,61.59000015258789,39271000
2015-02-02,44.777950286865234,44.777950286865234,62.099998474121094,61.459999084472656,61.630001068115234,24878700
2015-02-03,45.49341583251953,45.49341583251953,63.060001373291016,62.31999969482422,62.34000015258789,27679400
2015-02-04,45.11760330200195,45.11760330200195,62.95000076293945,62.380001068115234,62.619998931884766,17454200
2015-02-05,45.7391242980957,45.7391242980957,63.29999923706055,62.7599983215332,62.84000015258789,23933500
2015-02-06,45.16819763183594,45.16819763183594,62.900001525878906,62.31999969482422,62.689998626708984,18530100
2015-02-09,44.95138931274414,44.95138931274414,62.380001068115234,61.9900016784668,61.9900016784668,15940500
2015-02-10,45.36332321166992,45.36332321166992,62.81999969482422,62.310001373291016,62.59000015258789,14302500
2015-02-11,45.11760330200195,45.11760330200195,62.560001373291016,62.119998931884766,62.36000061035156,16405400
2015-02-12,45.81861877441406,45.81861877441406,63.40999984741211,62.86000061035156,62.86000061035156,16664700
2015-02-13,46.12214660644531,46.12214660644531,63.84000015258789,63.650001525878906,63.65999984741211,17919100
2015-02-17,46.230552673339844,46.230552673339844,64.0999984741211,63.540000915527344,63.70000076293945,13660300
2015-02-18,46.50517272949219,46.50517272949219,64.54000091552734,64.04000091552734,64.16000366210938,16777800
2015-02-19,46.56298828125,46.56298828125,64.66999816894531,64.30999755859375,64.3499984741211,17091000
2015-02-20,46.996604919433594,46.996604919433594,65.2699966430664,64.12999725341797,64.23999786376953,34658700
2015-02-23,46.830387115478516,46.830387115478516,64.91000366210938,64.62999725341797,64.68000030517578,13630900
2015-02-24,47.11946105957031,47.11946105957031,65.29000091552734,64.66000366210938,64.77999877929688,16373400
2015-02-25,47.15558624267578,47.15558624267578,65.33000183105469,65.0199966430664,65.0999984741211,10224800
2015-02-26,47.0255126953125,47.0255126953125,65.23999786376953,64.93000030517578,65.0999984741211,12791000
2015-02-27,47.04718780517578,47.04718780517578,65.3499984741211,65.02999877929688,65.12999725341797,22960900
2015-03-02,47.11946105957031,47.11946105957031,65.22000122070312,64.97000122070312,65.08000183105469,21297800
2015-03-03,46.830387115478516,46.830387115478516,65.05000305175781,64.62999725341797,64.95999908447266,12564400
2015-03-04,46.64248275756836,46.64248275756836,64.58999633789062,64.08000183105469,64.44000244140625,15625100
2015-03-05,46.75088882446289,46.75088882446289,64.88999938964844,64.56999969482422,64.73999786376953,15540900
2015-03-06,46.114925384521484,46.114925384521484,64.31999969482422,63.75,64.18000030517578,24040500
2015-03-09,46.187191009521484,46.187191009521484,63.9900016784668,63.709999084472656,63.779998779296875,11909000
2015-03-10,45.18265151977539,45.18265151977539,62.97999954223633,62.4900016784668,62.86000061035156,20980000
2015-03-11,45.29828643798828,45.29828643798828,62.81999969482422,62.38999938964844,62.630001068115234,20000400
2015-03-12,45.86198043823242,45.86198043823242,63.47999954223633,63.130001068115234,63.400001525878906,16362200
2015-03-13,45.59458923339844,45.59458923339844,63.13999938964844,62.689998626708984,62.95000076293945,16277200
2015-03-16,46.10769271850586,46.10769271850586,63.900001525878906,63.5,63.529998779296875,15828700
2015-03-17,45.9920654296875,45.9920654296875,63.72999954223633,63.29999923706055,63.47999954223633,16273300
2015-03-18,46.97492218017578,46.97492218017578,65.0999984741211,63.61000061035156,63.630001068115234,28290700
2015-03-19,46.42567825317383,46.42567825317383,64.41000366210938,64.06999969482422,64.23999786376953,20155100
2015-03-20,47.451904296875,47.451904296875,65.9000015258789,65.11000061035156,65.31999969482422,28789300
2015-03-23,47.69039535522461,47.69039535522461,66.12999725341797,65.72000122070312,65.87999725341797,13958700
2015-03-24,47.589210510253906,47.589210510253906,66.20999908447266,65.8499984741211,66.11000061035156,18037300
2015-03-25,47.36517333984375,47.36517333984375,66.19000244140625,65.5,66.08999633789062,17853700
2015-03-26,46.953250885009766,46.953250885009766,65.12000274658203,64.54000091552734,64.9800033569336,24344500
2015-03-27,47.07609939575195,47.07609939575195,65.20999908447266,64.81999969482422,64.9800033569336,16596700
2015-03-30,47.10500717163086,47.10500717163086,65.33000183105469,65.0999984741211,65.12999725341797,27480200
2015-03-31,46.375091552734375,46.375091552734375,64.54000091552734,64.06999969482422,64.13999938964844,27717200
2015-04-01,46.70752716064453,46.70752716064453,64.66000366210938,64.16999816894531,64.66000366210938,30907000
2015-04-02,47.11222839355469,47.11222839355469,65.23999786376953,64.93000030517578,65.01000213623047,15597200
2015-04-06,47.589210510253906,47.589210510253906,66.1500015258789,65.41000366210938,65.58999633789062,16304600
2015-04-07,47.524166107177734,47.524166107177734,66.23999786376953,65.7300033569336,65.94999694824219,13742900
2015-04-08,47.726524353027344,47.726524353027344,66.43000030517578,65.75,66.4000015258789,16148300
2015-04-09,47.79155349731445,47.79155349731445,66.13999938964844,65.80999755859375,66.0999984741211,17741100
2015-04-10,47.88551712036133,47.88551712036133,66.2699966430664,65.93000030517578,65.98999786376953,12665800
2015-04-13,47.58198165893555,47.58198165893555,66.12000274658203,65.72000122070312,65.95999908447266,15048700
2015-04-14,47.93611145019531,47.93611145019531,66.37000274658203,66.12999725341797,66.23999786376953,13929800
2015-04-15,48.15290451049805,48.15290451049805,66.73999786376953,66.22000122070312,66.51000213623047,13210600
2015-04-16,48.28300094604492,48.28300094604492,67.0,66.41000366210938,66.69999694824219,17461200
2015-04-17,47.675933837890625,47.675933837890625,66.04000091552734,65.69000244140625,65.94000244140625,18805200
2015-04-20,47.726524353027344,47.726524353027344,66.2300033569336,65.95999908447266,66.01000213623047,12557400
2015-04-21,48.15290451049805,48.15290451049805,66.79000091552734,66.48999786376953,66.62000274658203,10696800
2015-04-22,48.24686050415039,48.24686050415039,66.77999877929688,66.31999969482422,66.6500015258789,8776100
2015-04-23,48.42753219604492,48.42753219604492,67.11000061035156,66.3499984741211,66.38999938964844,12240700
2015-04-24,48.70937728881836,48.70937728881836,67.51000213623047,66.98999786376953,67.2699966430664,11090300
2015-04-27,48.947872161865234,48.947872161865234,68.05999755859375,67.66000366210938,67.7699966430664,18320600
2015-04-28,49.00569534301758,49.00569534301758,67.83000183105469,67.3499984741211,67.55999755859375,13769200
2015-04-29,48.57929992675781,48.57929992675781,67.5199966430664,66.95999908447266,67.30000305175781,19465500
2015-04-30,48.06619644165039,48.06619644165039,66.91999816894531,66.43000030517578,66.75,27726500
2015-05-01,48.60097122192383,48.60097122192383,67.4000015258789,66.6500015258789,66.86000061035156,28710200
2015-05-04,48.550392150878906,48.550392150878906,67.30000305175781,67.05000305175781,67.20999908447266,18863100
2015-05-05,47.82769775390625,47.82769775390625,66.91000366210938,66.08000183105469,66.9000015258789,21317400
2015-05-06,47.9505500793457,47.9505500793457,66.69999694824219,66.06999969482422,66.5999984741211,16573500
2015-05-07,47.79155349731445,47.79155349731445,66.22000122070312,65.8499984741211,66.05999755859375,17710600
2015-05-08,48.89728927612305,48.89728927612305,67.76000213623047,67.26000213623047,67.27999877929688,30634400
2015-05-11,48.47089767456055,48.47089767456055,67.37999725341797,67.04000091552734,67.16000366210938,14535400
2015-05-12,48.44198989868164,48.44198989868164,67.19999694824219,66.83000183105469,66.94999694824219,12054200
2015-05-13,48.80332946777344,48.80332946777344,67.9000015258789,67.43000030517578,67.72000122070312,14542800
2015-05-14,49.388710021972656,49.388710021972656,68.36000061035156,68.0,68.12999725341797,18271700
2015-05-15,49.446529388427734,49.446529388427734,68.4800033569336,67.9800033569336,68.11000061035156,14671800
2015-05-18,49.280311584472656,49.280311584472656,68.25,67.98999786376953,68.0999984741211,11873600
2015-05-19,49.0924072265625,49.0924072265625,68.08999633789062,67.83999633789062,67.91999816894531,11406600
2015-05-20,49.18635559082031,49.18635559082031,68.27999877929688,67.80000305175781,67.9000015258789,13862700
2015-05-21,49.446529388427734,49.446529388427734,68.5199966430664,68.11000061035156,68.16000366210938,11439500
2015-05-22,49.128543853759766,49.128543853759766,68.12999725341797,67.91999816894531,68.06999969482422,12172900
2015-05-26,48.24686050415039,48.24686050415039,67.38999938964844,66.62999725341797,67.36000061035156,20327400
2015-05-27,48.71660614013672,48.71660614013672,67.4800033569336,66.80999755859375,66.83999633789062,17786100
2015-05-28,48.6298942565918,48.6298942565918,67.36000061035156,66.76000213623047,67.05999755859375,12744700
2015-05-29,48.16013717651367,48.16013717651367,67.08000183105469,66.31999969482422,66.94999694824219,23778800
2015-06-01,48.03005599975586,48.03005599975586,66.8499984741211,66.19000244140625,66.80000305175781,19068900
2015-06-02,48.25408172607422,48.25408172607422,67.08999633789062,66.5199966430664,66.63999938964844,14239100
2015-06-03,48.521480560302734,48.521480560302734,67.4800033569336,67.02999877929688,67.02999877929688,21307800
2015-06-04,48.001136779785156,48.001136779785156,67.19000244140625,66.20999908447266,66.69999694824219,17187400
2015-06-05,47.43021011352539,47.43021011352539,65.87999725341797,65.23999786376953,65.47000122070312,14624100
2015-06-08,47.36517333984375,47.36517333984375,65.5999984741211,65.29000091552734,65.52999877929688,14677000
2015-06-09,47.10500717163086,47.10500717163086,65.36000061035156,64.87000274658203,65.19999694824219,13114600
2015-06-10,48.09510803222656,48.09510803222656,66.7300033569336,66.06999969482422,66.1500015258789,17291600
2015-06-11,48.22518539428711,48.22518539428711,66.94999694824219,66.43000030517578,66.80999755859375,20555100
2015-06-12,47.8421516418457,47.8421516418457,66.45999908447266,65.81999969482422,66.04000091552734,15305800
2015-06-15,47.55308151245117,47.55308151245117,65.8499984741211,65.33999633789062,65.38999938964844,15121100
2015-06-16,47.53862762451172,47.53862762451172,65.83999633789062,65.36000061035156,65.47000122070312,11991200
2015-06-17,47.43021011352539,47.43021011352539,65.79000091552734,64.98999786376953,65.54000091552734,17100700
2015-06-18,47.85661315917969,47.85661315917969,66.77999877929688,65.77999877929688,65.83000183105469,24587300
2015-06-19,47.74097442626953,47.74097442626953,66.26000213623047,66.0199966430664,66.16000366210938,15281900
2015-06-22,48.64433288574219,48.64433288574219,67.72000122070312,67.19000244140625,67.33000183105469,28716900
2015-06-23,48.77442169189453,48.77442169189453,67.5999984741211,67.4000015258789,67.41999816894531,13661300
2015-06-24,48.35527420043945,48.35527420043945,67.30000305175781,66.87000274658203,67.12999725341797,21326500
2015-06-25,48.33395767211914,48.33395767211914,66.06999969482422,65.72000122070312,66.06999969482422,16402800
2015-06-26,48.3119010925293,48.3119010925293,66.02999877929688,65.58000183105469,65.87000274658203,19240800
2015-06-29,46.827423095703125,46.827423095703125,64.66999816894531,63.56999969482422,64.43000030517578,33747100
2015-06-30,46.65839385986328,46.65839385986328,64.37999725341797,63.2599983215332,64.37000274658203,32195400
2015-07-01,46.95970153808594,46.95970153808594,64.31999969482422,63.650001525878906,64.2300033569336,31824800
2015-07-02,47.018489837646484,47.018489837646484,64.11000061035156,63.81999969482422,64.08000183105469,20988500
2015-07-06,46.07048034667969,46.07048034667969,63.2400016784668,62.4900016784668,62.63999938964844,21103800
2015-07-07,46.08517074584961,46.08517074584961,62.81999969482422,61.43000030517578,62.25,36633400
2015-07-08,45.01224136352539,45.01224136352539,61.7599983215332,61.119998931884766,61.720001220703125,32728200
2015-07-09,45.75447463989258,45.75447463989258,62.720001220703125,62.130001068115234,62.650001525878906,19963400
2015-07-10,47.2536506652832,47.2536506652832,64.38999938964844,63.86000061035156,64.18000030517578,28190400
2015-07-13,47.430030822753906,47.430030822753906,64.66999816894531,64.44000244140625,64.51000213623047,14287600
2015-07-14,47.82688522338867,47.82688522338867,65.16000366210938,64.69999694824219,64.79000091552734,19816200
2015-07-15,47.65049362182617,47.65049362182617,65.06999969482422,64.66999816894531,64.91999816894531,14709600
2015-07-16,48.06204605102539,48.06204605102539,65.55999755859375,65.33999633789062,65.44999694824219,20763400
2015-07-17,47.981197357177734,47.981197357177734,65.37000274658203,65.20999908447266,65.37000274658203,14773600
2015-07-20,48.10614013671875,48.10614013671875,65.61000061035156,65.30999755859375,65.48999786376953,8767800
2015-07-21,47.96650695800781,47.96650695800781,65.37000274658203,65.13999938964844,65.23999786376953,14081800
2015-07-22,47.599056243896484,47.599056243896484,64.80999755859375,64.58999633789062,64.58999633789062,10181700
2015-07-23,47.47412872314453,47.47412872314453,64.9000015258789,64.48999786376953,64.87999725341797,10900900
2015-07-24,46.95235061645508,46.95235061645508,64.47000122070312,63.81999969482422,64.44999694824219,13709400
2015-07-27,46.60695266723633,46.60695266723633,63.75,63.31999969482422,63.7400016784668,19026100
2015-07-28,47.194862365722656,47.194862365722656,64.25,63.56999969482422,63.869998931884766,14788100
2015-07-29,47.363895416259766,47.363895416259766,64.66000366210938,64.12999725341797,64.16999816894531,15938900
2015-07-30,47.3271369934082,47.3271369934082,64.41000366210938,63.91999816894531,64.20999908447266,17496700
2015-07-31,47.606414794921875,47.606414794921875,65.0199966430664,64.58999633789062,64.9800033569336,20646900
2015-08-03,47.481468200683594,47.481468200683594,64.87999725341797,64.41000366210938,64.8499984741211,25131600
2015-08-04,47.518226623535156,47.518226623535156,64.86000061035156,64.51000213623047,64.75,13359000
2015-08-05,47.76808166503906,47.76808166503906,65.19000244140625,64.91999816894531,65.0199966430664,13602700
2015-08-06,47.56966781616211,47.56966781616211,64.95999908447266,64.54000091552734,64.87999725341797,12451300
2015-08-07,47.481468200683594,47.481468200683594,64.6500015258789,64.30999755859375,64.38999938964844,14351200
2015-08-10,48.06204605102539,48.06204605102539,65.43000030517578,64.7699966430664,64.77999877929688,13702900
2015-08-11,47.3271369934082,47.3271369934082,64.58000183105469,64.12999725341797,64.5,15705800
2015-08-12,46.989097595214844,46.989097595214844,63.939998626708984,63.150001525878906,63.52000045776367,27756600
2015-08-13,46.95970153808594,46.95970153808594,64.0199966430664,63.650001525878906,63.83000183105469,12709600
2015-08-14,47.03318405151367,47.03318405151367,64.02999877929688,63.619998931884766,63.68000030517578,16930100
2015-08-17,46.94499969482422,46.94499969482422,63.88999938964844,63.349998474121094,63.459999084472656,8885600
2015-08-18,46.59225082397461,46.59225082397461,63.599998474121094,63.279998779296875,63.470001220703125,10943800
2015-08-19,46.18071746826172,46.18071746826172,63.130001068115234,62.47999954223633,62.900001525878906,16573300
2015-08-20,45.06367111206055,45.06367111206055,62.220001220703125,61.29999923706055,62.119998931884766,32339100
2015-08-21,44.034828186035156,44.034828186035156,61.29999923706055,59.7599983215332,61.13999938964844,47017700
2015-08-24,42.51358413696289,42.51358413696289,59.119998931884766,56.5099983215332,57.349998474121094,62952900
2015-08-25,42.91778564453125,42.91778564453125,60.38999938964844,58.29999923706055,60.380001068115234,50627000
2015-08-26,43.93193817138672,43.93193817138672,59.810001373291016,58.380001068115234,59.68000030517578,49202900
2015-08-27,44.46841812133789,44.46841812133789,60.70000076293945,59.970001220703125,60.06999969482422,39984000
2015-08-28,44.40226745605469,44.40226745605469,60.540000915527344,60.06999969482422,60.11000061035156,24230800
2015-08-31,44.071571350097656,44.071571350097656,60.27000045776367,59.7599983215332,60.040000915527344,35806800
2015-09-01,42.59442901611328,42.59442901611328,58.56999969482422,57.77000045776367,58.25,42250400
2015-09-02,43.226436614990234,43.226436614990234,58.939998626708984,58.20000076293945,58.93000030517578,23372700
2015-09-03,43.329322814941406,43.329322814941406,59.40999984741211,58.81999969482422,59.02000045776367,23500600
2015-09-04,42.33722686767578,42.33722686767578,57.939998626708984,57.34000015258789,57.709999084472656,25772900
2015-09-08,43.579185485839844,43.579185485839844,59.33000183105469,58.86000061035156,59.04999923706055,21504500
2015-09-09,43.40281295776367,43.40281295776367,60.25,59.0,60.22999954223633,29179700
2015-09-10,43.689430236816406,43.689430236816406,59.689998626708984,59.0,59.11000061035156,20800900
2015-09-11,43.682071685791016,43.682071685791016,59.439998626708984,58.90999984741211,59.02000045776367,12954100
2015-09-14,43.351375579833984,43.351375579833984,59.029998779296875,58.720001220703125,58.93000030517578,12187400
2015-09-15,43.64532470703125,43.64532470703125,59.439998626708984,58.790000915527344,58.880001068115234,18168800
2015-09-16,44.314083099365234,44.314083099365234,60.31999969482422,59.810001373291016,59.900001525878906,28218500
2015-09-17,44.33613586425781,44.33613586425781,61.02000045776367,59.91999816894531,59.939998626708984,24074700
2015-09-18,43.226436614990234,43.226436614990234,59.47999954223633,58.790000915527344,59.189998626708984,36952900
2015-09-21,43.20439529418945,43.20439529418945,59.11000061035156,58.540000915527344,59.0,17896300
2015-09-22,42.175537109375,42.175537109375,57.56999969482422,56.97999954223633,57.40999984741211,29234800
2015-09-23,41.97712326049805,41.97712326049805,57.52000045776367,56.900001525878906,57.470001220703125,17145200
2015-09-24,41.85953140258789,41.85953140258789,57.09000015258789,56.29999923706055,56.63999938964844,22895100
2015-09-25,42.22698211669922,42.22698211669922,57.939998626708984,57.220001220703125,57.81999969482422,21771400
2015-09-28,41.39655303955078,41.39655303955078,57.060001373291016,56.2400016784668,57.02000045776367,18785000
2015-09-29,41.3377685546875,41.3377685546875,56.36000061035156,55.880001068115234,56.130001068115234,20216400
2015-09-30,42.12410354614258,42.12410354614258,57.369998931884766,56.7400016784668,57.150001525878906,37769800
2015-10-01,42.25637435913086,42.25637435913086,57.779998779296875,56.9900016784668,57.66999816894531,20445200
2015-10-02,42.97657775878906,42.97657775878906,58.4900016784668,57.119998931884766,57.25,20793800
2015-10-05,43.82905197143555,43.82905197143555,59.66999816894531,59.220001220703125,59.220001220703125,27746500
2015-10-06,43.880489349365234,43.880489349365234,59.95000076293945,59.56999969482422,59.63999938964844,18133100
2015-10-07,44.431671142578125,44.431671142578125,60.619998931884766,59.959999084472656,60.369998931884766,20499100
2015-10-08,44.784420013427734,44.784420013427734,60.939998626708984,60.060001373291016,60.060001373291016,16875500
2015-10-09,44.86524963378906,44.86524963378906,61.189998626708984,60.849998474121094,61.04999923706055,16867900
2015-10-12,44.77706527709961,44.77706527709961,61.02000045776367,60.79999923706055,60.93000030517578,9238000
2015-10-13,44.21119689941406,44.21119689941406,60.630001068115234,60.099998474121094,60.119998931884766,19519200
2015-10-14,44.29938888549805,44.29938888549805,60.5099983215332,60.099998474121094,60.31999969482422,20762200
2015-10-15,45.056331634521484,45.056331634521484,61.34000015258789,60.70000076293945,60.7599983215332,21855600
2015-10-16,45.01958084106445,45.01958084106445,61.31999969482422,61.0099983215332,61.220001220703125,23372400
2015-10-19,44.86524963378906,44.86524963378906,61.060001373291016,60.810001373291016,61.0,11784700
2015-10-20,44.6815299987793,44.6815299987793,60.959999084472656,60.720001220703125,60.779998779296875,12930000
2015-10-21,44.65948486328125,44.65948486328125,61.20000076293945,60.72999954223633,61.16999816894531,12731700
2015-10-22,45.15921401977539,45.15921401977539,61.70000076293945,61.09000015258789,61.11000061035156,28347500
2015-10-23,45.60749053955078,45.60749053955078,62.189998626708984,61.79999923706055,61.9900016784668,16648500
2015-10-26,45.4384765625,45.4384765625,61.9900016784668,61.779998779296875,61.970001220703125,14032900
2015-10-27,45.0416374206543,45.0416374206543,61.47999954223633,61.20000076293945,61.369998931884766,14566400
2015-10-28,45.3355827331543,45.3355827331543,62.029998779296875,61.119998931884766,61.540000915527344,17326300
2015-10-29,45.0048828125,45.0048828125,61.290000915527344,60.959999084472656,60.959999084472656,12843000
2015-10-30,44.90934753417969,44.90934753417969,61.52000045776367,61.08000183105469,61.2599983215332,19115300
2015-11-02,45.3355827331543,45.3355827331543,61.689998626708984,61.369998931884766,61.439998626708984,14749700
2015-11-03,45.32088851928711,45.32088851928711,61.81999969482422,61.209999084472656,61.290000915527344,14282900
2015-11-04,45.071022033691406,45.071022033691406,61.75,61.150001525878906,61.720001220703125,21019300
2015-11-05,44.99018096923828,44.99018096923828,61.529998779296875,61.06999969482422,61.45000076293945,21648100
2015-11-06,44.784420013427734,44.784420013427734,61.0,60.540000915527344,60.84000015258789,17523200
2015-11-09,44.321434020996094,44.321434020996094,60.630001068115234,60.06999969482422,60.560001373291016,23887600
2015-11-10,44.29203796386719,44.29203796386719,60.290000915527344,59.93000030517578,60.029998779296875,14471900
2015-11-11,44.51985168457031,44.51985168457031,60.84000015258789,60.47999954223633,60.79999923706055,14220000
2015-11-12,43.93928146362305,43.93928146362305,60.290000915527344,59.790000915527344,60.060001373291016,31911300
2015-11-13,43.57184600830078,43.57184600830078,59.59000015258789,59.189998626708984,59.5,26248400
2015-11-16,44.123008728027344,44.123008728027344,60.04999923706055,59.31999969482422,59.34000015258789,16939200
2015-11-17,44.2405891418457,44.2405891418457,60.52000045776367,60.09000015258789,60.29999923706055,22458600
2015-11-18,44.64479064941406,44.64479064941406,60.83000183105469,60.27000045776367,60.38999938964844,15481000
2015-11-19,44.87260055541992,44.87260055541992,61.29999923706055,61.02000045776367,61.11000061035156,19981100
2015-11-20,44.76972198486328,44.76972198486328,61.349998474121094,60.880001068115234,61.2400016784668,18499800
2015-11-23,44.49045944213867,44.49045944213867,60.900001525878906,60.41999816894531,60.7599983215332,19432800
2015-11-24,44.4978141784668,44.4978141784668,60.63999938964844,60.060001373291016,60.099998474121094,21727000
2015-11-25,44.600685119628906,44.600685119628906,60.81999969482422,60.47999954223633,60.63999938964844,13351700
2015-11-27,44.60803985595703,44.60803985595703,60.79999923706055,60.650001525878906,60.7599983215332,6400400
2015-11-30,44.571292877197266,44.571292877197266,60.81999969482422,60.59000015258789,60.790000915527344,23366700
2015-12-01,45.0416374206543,45.0416374206543,61.33000183105469,60.97999954223633,61.13999938964844,34990700
2015-12-02,44.563941955566406,44.563941955566406,61.16999816894531,60.560001373291016,61.0099983215332,21426000
2015-12-03,44.350826263427734,44.350826263427734,60.97999954223633,60.099998474121094,60.95000076293945,26897100
2015-12-04,44.71092224121094,44.71092224121094,60.90999984741211,60.11000061035156,60.13999938964844,23382100
2015-12-07,44.424320220947266,44.424320220947266,60.59000015258789,60.22999954223633,60.560001373291016,29861700
2015-12-08,43.770263671875,43.770263671875,59.68000030517578,59.2400016784668,59.41999816894531,26323000
2015-12-09,43.57184600830078,43.57184600830078,60.02000045776367,58.9900016784668,59.56999969482422,26646700
2015-12-10,43.579185485839844,43.579185485839844,59.630001068115234,59.220001220703125,59.560001373291016,20267800
2015-12-11,42.74876022338867,42.74876022338867,58.59000015258789,58.09000015258789,58.5,29945000
2015-12-14,42.81489562988281,42.81489562988281,58.5,57.650001525878906,58.41999816894531,32246600
2015-12-15,43.02802658081055,43.02802658081055,58.81999969482422,58.41999816894531,58.619998931884766,37876700
2015-12-16,43.89519119262695,43.89519119262695,59.84000015258789,58.95000076293945,59.220001220703125,45167400
2015-12-17,43.33667755126953,43.33667755126953,59.66999816894531,58.959999084472656,59.65999984741211,40456800
2015-12-18,42.88104248046875,42.88104248046875,58.77000045776367,58.34000015258789,58.689998626708984,41659100
2015-12-21,43.0797233581543,43.0797233581543,58.560001373291016,57.84000015258789,58.5,28869600
2015-12-22,43.40592575073242,43.40592575073242,58.630001068115234,58.09000015258789,58.290000915527344,29319500
2015-12-23,44.13243865966797,44.13243865966797,59.560001373291016,59.06999969482422,59.099998474121094,29782200
2015-12-24,44.058311462402344,44.058311462402344,59.59000015258789,59.279998779296875,59.279998779296875,10950500
2015-12-28,43.95451736450195,43.95451736450195,59.33000183105469,59.099998474121094,59.29999923706055,28946900
2015-12-29,44.391910552978516,44.391910552978516,60.029998779296875,59.709999084472656,59.72999954223633,30796100
2015-12-30,44.12502670288086,44.12502670288086,59.7400016784668,59.47999954223633,59.650001525878906,18855500
2015-12-31,43.531944274902344,43.531944274902344,59.20000076293945,58.720001220703125,59.130001068115234,31818900
2016-01-04,42.86473083496094,42.86473083496094,57.849998474121094,57.150001525878906,57.81999969482422,34260200
2016-01-05,42.798011779785156,42.798011779785156,57.79999923706055,57.33000183105469,57.709999084472656,23891500
2016-01-06,42.093727111816406,42.093727111816406,56.91999816894531,56.45000076293945,56.529998779296875,22412600
2016-01-07,41.21893310546875,41.21893310546875,56.20000076293945,55.529998779296875,55.720001220703125,37579400
2016-01-08,40.72223663330078,40.72223663330078,55.9900016784668,54.84000015258789,55.93000030517578,31301100
2016-01-11,40.89274597167969,40.89274597167969,55.58000183105469,54.66999816894531,55.560001373291016,33017900
2016-01-12,41.08549880981445,41.08549880981445,55.709999084472656,54.95000076293945,55.630001068115234,29930200
2016-01-13,40.447940826416016,40.447940826416016,55.900001525878906,54.40999984741211,55.79999923706055,33481800
2016-01-14,40.966888427734375,40.966888427734375,55.5,54.36000061035156,54.77000045776367,35140200
2016-01-15,39.48418426513672,39.48418426513672,53.849998474121094,53.02000045776367,53.459999084472656,60554300
2016-01-19,39.84745407104492,39.84745407104492,54.220001220703125,53.369998931884766,54.189998626708984,35709800
2016-01-20,38.94300079345703,38.94300079345703,52.86000061035156,51.52000045776367,52.65999984741211,47944200
2016-01-21,39.23212432861328,39.23212432861328,53.22999954223633,51.93000030517578,52.31999969482422,48974700
2016-01-22,40.38862609863281,40.38862609863281,54.540000915527344,54.08000183105469,54.20000076293945,44855900
2016-01-25,39.84745407104492,39.84745407104492,54.279998779296875,53.709999084472656,54.060001373291016,36799400
2016-01-26,40.559139251708984,40.559139251708984,54.7400016784668,53.97999954223633,54.04999923706055,26789300
2016-01-27,40.29966354370117,40.29966354370117,55.15999984741211,54.150001525878906,54.599998474121094,32829200
2016-01-28,40.41828536987305,40.41828536987305,54.93000030517578,54.04999923706055,54.86000061035156,31267000
2016-01-29,41.129981994628906,41.129981994628906,55.52000045776367,54.70000076293945,54.75,37109700
2016-02-01,41.08549880981445,41.08549880981445,55.58000183105469,54.83000183105469,55.02000045776367,31082700
2016-02-02,40.12915802001953,40.12915802001953,54.630001068115234,53.939998626708984,54.630001068115234,29809100
2016-02-03,40.462764739990234,40.462764739990234,54.59000015258789,53.41999816894531,54.41999816894531,36337300
2016-02-04,40.514652252197266,40.514652252197266,54.84000015258789,54.130001068115234,54.22999954223633,28236200
2016-02-05,39.89192581176758,39.89192581176758,54.47999954223633,53.58000183105469,54.40999984741211,31548100
2016-02-08,39.15058135986328,39.15058135986328,52.959999084472656,52.31999969482422,52.939998626708984,37822400
2016-02-09,38.6983642578125,38.6983642578125,52.43000030517578,51.630001068115234,51.66999816894531,34142700
2016-02-10,38.65388107299805,38.65388107299805,52.779998779296875,52.04999923706055,52.380001068115234,32088400
2016-02-11,38.090450286865234,38.090450286865234,51.650001525878906,50.939998626708984,51.43000030517578,41750200
2016-02-12,38.75767135620117,38.75767135620117,52.290000915527344,51.310001373291016,51.529998779296875,38730500
2016-02-16,39.543487548828125,39.543487548828125,53.369998931884766,52.77000045776367,53.20000076293945,31605800
2016-02-17,40.22553253173828,40.22553253173828,54.33000183105469,53.7599983215332,53.790000915527344,25594700
2016-02-18,40.0179557800293,40.0179557800293,54.4900016784668,53.939998626708984,54.4900016784668,32694100
2016-02-19,39.97346115112305,39.97346115112305,53.970001220703125,53.400001525878906,53.56999969482422,26685400
2016-02-22,40.425697326660156,40.425697326660156,54.58000183105469,54.29999923706055,54.31999969482422,19217000
2016-02-23,39.765907287597656,39.765907287597656,54.220001220703125,53.54999923706055,54.18000030517578,19709000
2016-02-24,39.62504959106445,39.62504959106445,53.529998779296875,52.4900016784668,52.75,26718800
2016-02-25,40.09950637817383,40.09950637817383,54.099998474121094,53.5,53.75,25167000
2016-02-26,39.99571990966797,39.99571990966797,54.400001525878906,53.849998474121094,54.369998931884766,19604500
2016-02-29,39.758480072021484,39.758480072021484,54.130001068115234,53.599998474121094,53.84000015258789,30315200
2016-03-01,40.79637145996094,40.79637145996094,55.06999969482422,54.279998779296875,54.40999984741211,24585800
2016-03-02,41.07808303833008,41.07808303833008,55.45000076293945,54.880001068115234,55.0,22549400
2016-03-03,41.47841262817383,41.47841262817383,55.97999954223633,55.5099983215332,55.560001373291016,21109600
2016-03-04,41.78236770629883,41.78236770629883,56.65999984741211,56.209999084472656,56.34000015258789,22752200
2016-03-07,41.73046875,41.73046875,56.47999954223633,55.7400016784668,55.779998779296875,24047500
2016-03-08,41.32272720336914,41.32272720336914,56.04999923706055,55.66999816894531,56.04999923706055,16893200
2016-03-09,41.47841262817383,41.47841262817383,56.11000061035156,55.810001373291016,55.9900016784668,15467400
2016-03-10,41.411685943603516,41.411685943603516,56.7599983215332,55.41999816894531,56.400001525878906,28133500
2016-03-11,42.49406051635742,42.49406051635742,57.349998474121094,56.81999969482422,56.869998931884766,24374600
2016-03-14,42.40509796142578,42.40509796142578,57.349998474121094,57.06999969482422,57.2400016784668,15953300
2016-03-15,42.0047721862793,42.0047721862793,56.66999816894531,56.45000076293945,56.61000061035156,19646300
2016-03-16,42.375431060791016,42.375431060791016,57.209999084472656,56.22999954223633,56.22999954223633,25413000
2016-03-17,42.70163345336914,42.70163345336914,57.709999084472656,57.0,57.189998626708984,17906600
2016-03-18,42.62749099731445,42.62749099731445,57.689998626708984,57.41999816894531,57.5099983215332,30733400
2016-03-21,42.5607795715332,42.5607795715332,57.540000915527344,57.22999954223633,57.36000061035156,17625800
2016-03-22,42.48664474487305,42.48664474487305,57.400001525878906,56.900001525878906,56.95000076293945,15926700
2016-03-23,42.056663513183594,42.056663513183594,57.18000030517578,56.650001525878906,57.15999984741211,18291400
2016-03-24,41.77495193481445,41.77495193481445,56.349998474121094,55.95000076293945,56.02000045776367,18326500
2016-03-28,42.02701187133789,42.02701187133789,56.779998779296875,56.54999923706055,56.7400016784668,18491100
2016-03-29,42.47922897338867,42.47922897338867,57.33000183105469,56.279998779296875,56.41999816894531,22376800
2016-03-30,42.798011779785156,42.798011779785156,58.060001373291016,57.63999938964844,57.790000915527344,18999500
2016-03-31,42.375431060791016,42.375431060791016,57.59000015258789,57.130001068115234,57.459999084472656,37335100
2016-04-01,41.923213958740234,41.923213958740234,56.619998931884766,55.93000030517578,55.9900016784668,30396100
2016-04-04,41.834259033203125,41.834259033203125,56.77000045776367,56.36000061035156,56.70000076293945,16977200
2016-04-05,41.011356353759766,41.011356353759766,55.5,55.2400016784668,55.41999816894531,20199600
2016-04-06,41.67857360839844,41.67857360839844,56.2599983215332,55.41999816894531,55.5099983215332,20465500
2016-04-07,41.0706672668457,41.0706672668457,55.91999816894531,55.27000045776367,55.7599983215332,19855600
2016-04-08,41.85649871826172,41.85649871826172,56.65999984741211,56.31999969482422,56.5099983215332,18462800
2016-04-11,41.87873840332031,41.87873840332031,57.06999969482422,56.47999954223633,56.83000183105469,15640400
2016-04-12,42.50147247314453,42.50147247314453,57.439998626708984,56.61000061035156,56.939998626708984,25164700
2016-04-13,43.17610168457031,43.17610168457031,58.36000061035156,58.0099983215332,58.13999938964844,25583900
2016-04-14,43.316951751708984,43.316951751708984,58.650001525878906,58.33000183105469,58.540000915527344,26844400
2016-04-15,43.220577239990234,43.220577239990234,58.5,58.290000915527344,58.38999938964844,17558000
2016-04-18,43.591251373291016,43.591251373291016,58.86000061035156,58.16999816894531,58.220001220703125,20200400
2016-04-19,44.34743118286133,44.34743118286133,59.939998626708984,59.599998474121094,59.689998626708984,24251400
2016-04-20,44.384498596191406,44.384498596191406,60.15999984741211,59.70000076293945,59.790000915527344,14402600
2016-04-21,44.11760711669922,44.11760711669922,59.83000183105469,59.40999984741211,59.779998779296875,19135100
2016-04-22,44.139862060546875,44.139862060546875,59.63999938964844,59.290000915527344,59.45000076293945,17262700
2016-04-25,43.91745376586914,43.91745376586914,59.290000915527344,59.02000045776367,59.2400016784668,13518400
2016-04-26,44.0731315612793,44.0731315612793,59.560001373291016,59.2599983215332,59.470001220703125,15657800
2016-04-27,44.102783203125,44.102783203125,59.61000061035156,59.18000030517578,59.27000045776367,13054700
2016-04-28,43.502296447753906,43.502296447753906,59.2599983215332,58.54999923706055,58.779998779296875,25204500
2016-04-29,43.316951751708984,43.316951751708984,58.810001373291016,58.220001220703125,58.720001220703125,27642900
2016-05-02,43.72469711303711,43.72469711303711,59.06999969482422,58.720001220703125,58.900001525878906,25207300
2016-05-03,43.005584716796875,43.005584716796875,58.40999984741211,57.93000030517578,58.400001525878906,25287100
2016-05-04,42.508888244628906,42.508888244628906,57.61000061035156,57.16999816894531,57.52000045776367,20213100
2016-05-05,42.419925689697266,42.419925689697266,57.45000076293945,57.040000915527344,57.29999923706055,21552600
2016-05-06,42.538543701171875,42.538543701171875,57.40999984741211,56.91999816894531,56.970001220703125,21498200
2016-05-09,42.4495735168457,42.4495735168457,57.630001068115234,57.22999954223633,57.52000045776367,17842700
2016-05-10,43.05747985839844,43.05747985839844,58.08000183105469,57.63999938964844,57.689998626708984,21333600
2016-05-11,42.68680191040039,42.68680191040039,57.93000030517578,57.58000183105469,57.70000076293945,20180500
2016-05-12,42.67198944091797,42.67198944091797,58.09000015258789,57.310001373291016,58.06999969482422,17642000
2016-05-13,42.23457717895508,42.23457717895508,57.36000061035156,56.810001373291016,57.11000061035156,19052400
2016-05-16,42.73870086669922,42.73870086669922,57.68000030517578,57.130001068115234,57.15999984741211,24500500
2016-05-17,42.427330017089844,42.427330017089844,57.7400016784668,57.16999816894531,57.54999923706055,25116900
2016-05-18,42.442161560058594,42.442161560058594,57.849998474121094,57.040000915527344,57.290000915527344,34940400
2016-05-19,42.13821029663086,42.13821029663086,57.0099983215332,56.66999816894531,56.90999984741211,26976000
2016-05-20,42.48664474487305,42.48664474487305,57.459999084472656,57.189998626708984,57.31999969482422,23377800
2016-05-23,42.34579086303711,42.34579086303711,57.279998779296875,57.0099983215332,57.099998474121094,18828700
2016-05-24,42.96110916137695,42.96110916137695,58.060001373291016,57.5,57.5099983215332,28901600
2016-05-25,43.413326263427734,43.413326263427734,58.68000030517578,58.349998474121094,58.380001068115234,35575000
2016-05-26,43.531944274902344,43.531944274902344,58.849998474121094,58.58000183105469,58.779998779296875,21115400
2016-05-27,43.48746109008789,43.48746109008789,58.75,58.52000045776367,58.619998931884766,16066600
2016-05-31,43.27988815307617,43.27988815307617,58.9900016784668,58.2400016784668,58.900001525878906,25438500
2016-06-01,43.242828369140625,43.242828369140625,58.380001068115234,58.029998779296875,58.099998474121094,19567300
2016-06-02,43.242828369140625,43.242828369140625,58.349998474121094,57.93000030517578,58.0,32992100
2016-06-03,43.5245361328125,43.5245361328125,58.72999954223633,58.22999954223633,58.540000915527344,27770200
2016-06-06,43.76918029785156,43.76918029785156,59.18000030517578,58.849998474121094,58.900001525878906,22191900
2016-06-07,44.08796310424805,44.08796310424805,59.630001068115234,59.41999816894531,59.4900016784668,15311700
2016-06-08,44.17692565917969,44.17692565917969,59.7400016784668,59.540000915527344,59.650001525878906,14673400
2016-06-09,43.63573455810547,43.63573455810547,59.0099983215332,58.68000030517578,58.86000061035156,18489100
2016-06-10,42.368019104003906,42.368019104003906,57.709999084472656,56.9900016784668,57.619998931884766,29812900
2016-06-13,41.752716064453125,41.752716064453125,56.86000061035156,56.15999984741211,56.40999984741211,25323100
2016-06-14,41.08549880981445,41.08549880981445,55.86000061035156,55.119998931884766,55.72999954223633,69490000
2016-06-15,41.35979461669922,41.35979461669922,56.099998474121094,55.66999816894531,55.900001525878906,34010400
2016-06-16,41.448753356933594,41.448753356933594,55.95000076293945,54.59000015258789,55.0,27677700
2016-06-17,41.85649871826172,41.85649871826172,56.599998474121094,55.83000183105469,56.099998474121094,51689600
2016-06-20,42.894386291503906,42.894386291503906,58.27000045776367,57.84000015258789,58.20000076293945,38890400
2016-06-21,43.242828369140625,43.242828369140625,58.779998779296875,58.09000015258789,58.34000015258789,37705500
2016-06-22,43.216339111328125,43.216339111328125,57.66999816894531,57.119998931884766,57.38999938964844,45176500
2016-06-23,44.411746978759766,44.411746978759766,58.79999923706055,57.93000030517578,58.34000015258789,33064500
2016-06-24,40.598541259765625,40.598541259765625,55.09000015258789,53.630001068115234,53.88999938964844,85314600
2016-06-27,39.81925582885742,39.81925582885742,52.939998626708984,51.93000030517578,52.90999984741211,58864400
2016-06-28,40.863346099853516,40.863346099853516,54.040000915527344,53.369998931884766,53.86000061035156,45213500
2016-06-29,41.612369537353516,41.612369537353516,55.189998626708984,54.720001220703125,54.810001373291016,33914900
2016-06-30,42.23277282714844,42.23277282714844,55.81999969482422,54.959999084472656,55.11000061035156,48143600
2016-07-01,42.23277282714844,42.23277282714844,56.0,55.7400016784668,55.84000015258789,22693400
2016-07-05,41.41565704345703,41.41565704345703,55.20000076293945,54.58000183105469,55.13999938964844,33647400
2016-07-06,41.340003967285156,41.340003967285156,54.66999816894531,53.77000045776367,54.11000061035156,28451400
2016-07-07,41.17354965209961,41.17354965209961,54.939998626708984,54.25,54.7400016784668,24824900
2016-07-08,41.80152130126953,41.80152130126953,55.34000015258789,54.90999984741211,55.040000915527344,26189500
2016-07-11,42.41436004638672,42.41436004638672,56.290000915527344,55.95000076293945,55.9900016784668,25474900
2016-07-12,42.98936080932617,42.98936080932617,57.09000015258789,56.75,56.86000061035156,29839000
2016-07-13,42.943973541259766,42.943973541259766,57.099998474121094,56.709999084472656,56.959999084472656,27351600
2016-07-14,43.314697265625,43.314697265625,57.43000030517578,57.16999816894531,57.290000915527344,28145500
2016-07-15,43.09527587890625,43.09527587890625,57.130001068115234,56.84000015258789,57.099998474121094,29705400
2016-07-18,43.20120620727539,43.20120620727539,57.27000045776367,56.849998474121094,56.959999084472656,17614300
2016-07-19,42.860740661621094,42.860740661621094,56.7400016784668,56.5,56.650001525878906,19896900
2016-07-20,43.24659729003906,43.24659729003906,57.22999954223633,56.900001525878906,57.0099983215332,20885200
2016-07-21,43.07258605957031,43.07258605957031,57.189998626708984,56.83000183105469,56.97999954223633,19635000
2016-07-22,43.15581130981445,43.15581130981445,57.08000183105469,56.880001068115234,57.04999923706055,16069300
2016-07-25,43.102848052978516,43.102848052978516,57.099998474121094,56.810001373291016,57.08000183105469,13277400
2016-07-26,43.284420013427734,43.284420013427734,57.380001068115234,56.970001220703125,57.189998626708984,15025700
2016-07-27,43.44331359863281,43.44331359863281,57.58000183105469,57.0,57.47999954223633,17126900
2016-07-28,43.39793014526367,43.39793014526367,57.459999084472656,57.08000183105469,57.380001068115234,14445300
2016-07-29,43.91239929199219,43.91239929199219,58.150001525878906,57.709999084472656,57.84000015258789,21590400
2016-08-01,43.62489318847656,43.62489318847656,57.97999954223633,57.59000015258789,57.86000061035156,21623700
2016-08-02,43.405479431152344,43.405479431152344,57.56999969482422,57.150001525878906,57.529998779296875,20476100
2016-08-03,43.2541618347168,43.2541618347168,57.189998626708984,56.849998474121094,56.88999938964844,19684400
2016-08-04,43.50383377075195,43.50383377075195,57.529998779296875,57.2400016784668,57.349998474121094,16761800
2016-08-05,43.7005500793457,43.7005500793457,57.779998779296875,57.4900016784668,57.5,15143500
2016-08-08,43.79134750366211,43.79134750366211,57.91999816894531,57.790000915527344,57.86000061035156,10326800
2016-08-09,44.13937759399414,44.13937759399414,58.52000045776367,58.11000061035156,58.13999938964844,27514400
2016-08-10,44.29069900512695,44.29069900512695,58.7599983215332,58.52000045776367,58.720001220703125,17539500
2016-08-11,44.60845947265625,44.60845947265625,59.11000061035156,58.77000045776367,58.81999969482422,19675800
2016-08-12,44.49497985839844,44.49497985839844,59.060001373291016,58.7400016784668,58.9900016784668,11331600
2016-08-15,44.668983459472656,44.668983459472656,59.18000030517578,58.9900016784668,59.0,9048700
2016-08-16,44.600894927978516,44.600894927978516,59.11000061035156,58.849998474121094,58.93000030517578,14286200
2016-08-17,44.58576583862305,44.58576583862305,59.09000015258789,58.540000915527344,58.790000915527344,12103600
2016-08-18,44.81273651123047,44.81273651123047,59.22999954223633,58.79999923706055,58.88999938964844,17723900
2016-08-19,44.47983932495117,44.47983932495117,58.81999969482422,58.45000076293945,58.619998931884766,12142800
2016-08-22,44.525238037109375,44.525238037109375,58.88999938964844,58.5,58.61000061035156,10095600
2016-08-23,44.714378356933594,44.714378356933594,59.349998474121094,59.08000183105469,59.2400016784668,12534100
2016-08-24,44.60845947265625,44.60845947265625,59.20000076293945,58.88999938964844,59.130001068115234,12206600
2016-08-25,44.4268798828125,44.4268798828125,58.88999938964844,58.66999816894531,58.7599983215332,10953500
2016-08-26,44.162071228027344,44.162071228027344,59.33000183105469,58.11000061035156,58.810001373291016,19518100
2016-08-29,44.29826736450195,44.29826736450195,58.58000183105469,58.220001220703125,58.2400016784668,10482100
2016-08-30,44.23773193359375,44.23773193359375,58.689998626708984,58.36000061035156,58.599998474121094,10046300
2016-08-31,44.14694595336914,44.14694595336914,58.529998779296875,58.13999938964844,58.400001525878906,20437200
2016-09-01,44.44957733154297,44.44957733154297,58.779998779296875,58.40999984741211,58.619998931884766,18389800
2016-09-02,44.96406555175781,44.96406555175781,59.5,59.11000061035156,59.29999923706055,19151600
2016-09-06,45.266700744628906,45.266700744628906,59.86000061035156,59.540000915527344,59.560001373291016,14730600
2016-09-07,45.28939437866211,45.28939437866211,60.099998474121094,59.75,59.9900016784668,17917500
2016-09-08,45.1607666015625,45.1607666015625,59.97999954223633,59.619998931884766,59.810001373291016,15572700
2016-09-09,44.28313446044922,44.28313446044922,59.25,58.5099983215332,59.25,23547000
2016-09-12,44.64628601074219,44.64628601074219,59.040000915527344,58.04999923706055,58.099998474121094,26966800
2016-09-13,43.74595260620117,43.74595260620117,58.36000061035156,57.56999969482422,58.25,24865900
2016-09-14,43.6854248046875,43.6854248046875,58.060001373291016,57.630001068115234,57.7400016784668,16841500
2016-09-15,44.06371307373047,44.06371307373047,58.349998474121094,57.630001068115234,57.790000915527344,20280700
2016-09-16,43.496273040771484,43.496273040771484,57.63999938964844,57.33000183105469,57.61000061035156,47897900
2016-09-19,43.72325134277344,43.72325134277344,58.13999938964844,57.7400016784668,58.060001373291016,24184400
2016-09-20,43.98805618286133,43.98805618286133,58.38999938964844,58.06999969482422,58.34000015258789,23968200
2016-09-21,44.75978088378906,44.75978088378906,59.220001220703125,58.4900016784668,58.70000076293945,28804000
2016-09-22,45.21373748779297,45.21373748779297,60.15999984741211,59.689998626708984,60.029998779296875,27047600
2016-09-23,44.83544158935547,44.83544158935547,59.45000076293945,59.2400016784668,59.279998779296875,19380000
2016-09-26,44.419307708740234,44.419307708740234,58.83000183105469,58.619998931884766,58.75,23824900
2016-09-27,44.63115310668945,44.63115310668945,59.0,58.40999984741211,58.470001220703125,19862100
2016-09-28,44.94892120361328,44.94892120361328,59.43000030517578,58.79999923706055,58.9900016784668,21673400
2016-09-29,44.38904571533203,44.38904571533203,59.40999984741211,58.470001220703125,59.40999984741211,16703800
2016-09-30,44.73708724975586,44.73708724975586,59.290000915527344,58.72999954223633,58.810001373291016,29074600
2016-10-03,44.616031646728516,44.616031646728516,59.09000015258789,58.84000015258789,58.970001220703125,17903600
2016-10-04,44.60845947265625,44.60845947265625,59.349998474121094,58.72999954223633,59.2400016784668,28707500
2016-10-05,44.790035247802734,44.790035247802734,59.290000915527344,59.040000915527344,59.18000030517578,14774300
2016-10-06,44.54793930053711,44.54793930053711,58.95000076293945,58.72999954223633,58.900001525878906,11592200
2016-10-07,44.32094955444336,44.32094955444336,58.68000030517578,58.119998931884766,58.630001068115234,16684900
2016-10-10,44.44957733154297,44.44957733154297,58.900001525878906,58.58000183105469,58.58000183105469,7860700
2016-10-11,43.82160568237305,43.82160568237305,58.5099983215332,57.75,58.47999954223633,18434600
2016-10-12,43.72325134277344,43.72325134277344,57.939998626708984,57.630001068115234,57.84000015258789,13537300
2016-10-13,43.556800842285156,43.556800842285156,57.70000076293945,56.9900016784668,57.150001525878906,13090900
2016-10-14,43.6324577331543,43.6324577331543,58.06999969482422,57.650001525878906,57.959999084472656,19288400
2016-10-17,43.50383377075195,43.50383377075195,57.65999984741211,57.40999984741211,57.540000915527344,12641000
2016-10-18,43.935096740722656,43.935096740722656,58.2400016784668,57.97999954223633,58.189998626708984,13028000
2016-10-19,44.056156158447266,44.056156158447266,58.369998931884766,58.119998931884766,58.15999984741211,12500100
2016-10-20,44.124237060546875,44.124237060546875,58.43000030517578,58.09000015258789,58.150001525878906,9959000
2016-10-21,44.02587890625,44.02587890625,58.209999084472656,57.86000061035156,57.91999816894531,12584900
2016-10-24,44.01831817626953,44.01831817626953,58.369998931884766,58.04999923706055,58.36000061035156,12723000
2016-10-25,43.98805618286133,43.98805618286133,58.189998626708984,57.90999984741211,58.04999923706055,12430400
2016-10-26,43.79134750366211,43.79134750366211,58.06999969482422,57.77000045776367,57.84000015258789,12169500
2016-10-27,43.738380432128906,43.738380432128906,58.040000915527344,57.75,58.0099983215332,9309300
2016-10-28,43.72325134277344,43.72325134277344,57.91999816894531,57.650001525878906,57.709999084472656,15377800
2016-10-31,43.74595260620117,43.74595260620117,57.900001525878906,57.58000183105469,57.75,19266200
2016-11-01,43.556800842285156,43.556800842285156,57.97999954223633,57.380001068115234,57.959999084472656,19495200
2016-11-02,43.261722564697266,43.261722564697266,57.61000061035156,57.099998474121094,57.529998779296875,17538900
2016-11-03,43.216339111328125,43.216339111328125,57.41999816894531,57.040000915527344,57.380001068115234,12959100
2016-11-04,42.800209045410156,42.800209045410156,56.90999984741211,56.54999923706055,56.7400016784668,17423800
2016-11-07,43.39034652709961,43.39034652709961,57.380001068115234,57.150001525878906,57.279998779296875,21383600
2016-11-08,43.51139831542969,43.51139831542969,57.68000030517578,57.130001068115234,57.18000030517578,17403900
2016-11-09,43.54923629760742,43.54923629760742,57.790000915527344,57.0099983215332,57.06999969482422,27175100
2016-11-10,43.42818069458008,43.42818069458008,57.66999816894531,56.93000030517578,57.529998779296875,37382800
2016-11-11,43.16338348388672,43.16338348388672,57.20000076293945,56.7400016784668,57.150001525878906,18430100
2016-11-14,42.928836822509766,42.928836822509766,56.75,56.47999954223633,56.630001068115234,20650900
2016-11-15,43.11797332763672,43.11797332763672,57.02000045776367,56.529998779296875,56.59000015258789,15311700
2016-11-16,42.66402816772461,42.66402816772461,56.619998931884766,56.34000015258789,56.43000030517578,22261200
2016-11-17,42.98936080932617,42.98936080932617,56.88999938964844,56.619998931884766,56.66999816894531,18459300
2016-11-18,42.520267486572266,42.520267486572266,56.380001068115234,56.099998474121094,56.310001373291016,17047300
2016-11-21,42.88344192504883,42.88344192504883,56.709999084472656,56.40999984741211,56.41999816894531,18504500
2016-11-22,42.98936080932617,42.98936080932617,56.849998474121094,56.58000183105469,56.810001373291016,17866500
2016-11-23,42.83804702758789,42.83804702758789,56.619998931884766,56.189998626708984,56.25,13840300
2016-11-25,42.96666717529297,42.96666717529297,56.83000183105469,56.709999084472656,56.81999969482422,7842800
2016-11-28,42.73968505859375,42.73968505859375,56.689998626708984,56.459999084472656,56.630001068115234,13608000
2016-11-29,43.01205062866211,43.01205062866211,56.97999954223633,56.470001220703125,56.529998779296875,14719800
2016-11-30,42.96666717529297,42.96666717529297,56.9900016784668,56.70000076293945,56.97999954223633,23874700
2016-12-01,42.800209045410156,42.800209045410156,56.7599983215332,56.4900016784668,56.72999954223633,22693500
2016-12-02,42.9061393737793,42.9061393737793,56.84000015258789,56.400001525878906,56.470001220703125,16077700
2016-12-05,43.3298225402832,43.3298225402832,57.380001068115234,56.9900016784668,57.0,19686200
2016-12-06,43.62489318847656,43.62489318847656,57.7400016784668,57.29999923706055,57.33000183105469,19217500
2016-12-07,44.27556228637695,44.27556228637695,58.619998931884766,57.86000061035156,57.880001068115234,25749300
2016-12-08,44.23773193359375,44.23773193359375,58.56999969482422,58.27000045776367,58.52000045776367,23427000
2016-12-09,44.4268798828125,44.4268798828125,58.720001220703125,58.43000030517578,58.470001220703125,20886500
2016-12-12,44.230167388916016,44.230167388916016,58.689998626708984,58.38999938964844,58.5,16612700
2016-12-13,44.706817626953125,44.706817626953125,59.25,58.95000076293945,58.97999954223633,22116800
2016-12-14,44.048580169677734,44.048580169677734,59.09000015258789,58.130001068115234,58.959999084472656,26473700
2016-12-15,43.950225830078125,43.950225830078125,58.189998626708984,57.959999084472656,58.0,25317900
2016-12-16,43.98048782348633,43.98048782348633,58.290000915527344,58.02000045776367,58.04999923706055,24359100
2016-12-19,43.91239929199219,43.91239929199219,58.310001373291016,58.040000915527344,58.15999984741211,17705200
2016-12-20,44.06371307373047,44.06371307373047,58.290000915527344,58.06999969482422,58.11000061035156,17813500
2016-12-21,44.07594299316406,44.07594299316406,57.70000076293945,57.58000183105469,57.650001525878906,17793900
2016-12-22,43.9765739440918,43.9765739440918,57.689998626708984,57.5099983215332,57.619998931884766,16310200
2016-12-23,44.09122848510742,44.09122848510742,57.68000030517578,57.540000915527344,57.58000183105469,14821600
2016-12-27,44.0377197265625,44.0377197265625,57.720001220703125,57.599998474121094,57.630001068115234,13327700
2016-12-28,43.86955642700195,43.86955642700195,57.58000183105469,57.310001373291016,57.560001373291016,19569400
2016-12-29,43.9765739440918,43.9765739440918,57.65999984741211,57.47999954223633,57.5,16406100
2016-12-30,44.12945556640625,44.12945556640625,57.97999954223633,57.599998474121094,57.970001220703125,25266000
2017-01-03,44.40463638305664,44.40463638305664,58.11000061035156,57.849998474121094,57.95000076293945,27938300
2017-01-04,44.90916061401367,44.90916061401367,58.779998779296875,58.349998474121094,58.400001525878906,25670000
2017-01-05,45.29135513305664,45.29135513305664,59.310001373291016,58.900001525878906,58.900001525878906,22063100
2017-01-06,45.13847732543945,45.13847732543945,59.11000061035156,58.90999984741211,58.970001220703125,22073700
2017-01-09,45.0696907043457,45.0696907043457,58.9900016784668,58.75,58.83000183105469,13962400
2017-01-10,45.07732009887695,45.07732009887695,59.130001068115234,58.91999816894531,58.91999816894531,16296600
2017-01-11,45.314292907714844,45.314292907714844,59.29999923706055,58.779998779296875,58.849998474121094,31352400
2017-01-12,45.38309097290039,45.38309097290039,59.380001068115234,59.11000061035156,59.36000061035156,25127300
2017-01-13,45.551265716552734,45.551265716552734,59.599998474121094,59.33000183105469,59.41999816894531,20901900
2017-01-17,45.38309097290039,45.38309097290039,59.439998626708984,59.27000045776367,59.40999984741211,22524800
2017-01-18,45.253150939941406,45.253150939941406,59.31999969482422,59.02000045776367,59.189998626708984,14581400
2017-01-19,45.13847732543945,45.13847732543945,59.18000030517578,58.869998931884766,59.099998474121094,17619300
2017-01-20,45.398380279541016,45.398380279541016,59.40999984741211,59.18000030517578,59.2599983215332,24974100
2017-01-23,45.51304244995117,45.51304244995117,59.540000915527344,59.18000030517578,59.310001373291016,43093600
2017-01-24,45.6276969909668,45.6276969909668,59.720001220703125,59.41999816894531,59.439998626708984,18176000
2017-01-25,46.10163879394531,46.10163879394531,60.33000183105469,59.9900016784668,60.0099983215332,27237600
2017-01-26,45.91817855834961,45.91817855834961,60.25,59.9900016784668,60.189998626708984,20838800
2017-01-27,45.841732025146484,45.841732025146484,60.04999923706055,59.86000061035156,60.02000045776367,13061000
2017-01-30,45.51304244995117,45.51304244995117,59.58000183105469,59.2599983215332,59.45000076293945,19146200
2017-01-31,45.58183670043945,45.58183670043945,59.7400016784668,59.38999938964844,59.650001525878906,29996800
2017-02-01,45.76530456542969,45.76530456542969,60.029998779296875,59.709999084472656,60.0,26726400
2017-02-02,45.78822708129883,45.78822708129883,59.9900016784668,59.72999954223633,59.93000030517578,14796700
2017-02-03,45.9716911315918,45.9716911315918,60.18000030517578,59.93000030517578,60.0099983215332,13963800
2017-02-06,45.64299011230469,45.64299011230469,59.709999084472656,59.47999954223633,59.52000045776367,16220200
2017-02-07,45.59712219238281,45.59712219238281,59.68000030517578,59.529998779296875,59.58000183105469,12123000
2017-02-08,45.67356872558594,45.67356872558594,59.810001373291016,59.52000045776367,59.59000015258789,16749200
2017-02-09,45.86467361450195,45.86467361450195,60.02000045776367,59.75,59.83000183105469,14299600
2017-02-10,45.9716911315918,45.9716911315918,60.18000030517578,59.90999984741211,59.93000030517578,13212100
2017-02-13,46.155147552490234,46.155147552490234,60.470001220703125,60.279998779296875,60.38999938964844,12694400
2017-02-14,46.08634948730469,46.08634948730469,60.290000915527344,59.91999816894531,60.16999816894531,14256600
2017-02-15,46.26216125488281,46.26216125488281,60.52000045776367,60.0099983215332,60.029998779296875,15460100
2017-02-16,46.369178771972656,46.369178771972656,60.65999984741211,60.459999084472656,60.540000915527344,14416500
2017-02-17,46.246883392333984,46.246883392333984,60.52000045776367,60.27000045776367,60.31999969482422,14938000
2017-02-21,46.39976119995117,46.39976119995117,60.70000076293945,60.41999816894531,60.439998626708984,11550300
2017-02-22,46.39976119995117,46.39976119995117,60.7400016784668,60.38999938964844,60.38999938964844,17129400
2017-02-23,46.499122619628906,46.499122619628906,60.93000030517578,60.66999816894531,60.880001068115234,12410600
2017-02-24,46.16279220581055,46.16279220581055,60.43000030517578,60.13999938964844,60.16999816894531,16198700
2017-02-27,46.1933708190918,46.1933708190918,60.439998626708984,60.18000030517578,60.189998626708984,14039000
2017-02-28,46.12456512451172,46.12456512451172,60.52000045776367,60.22999954223633,60.31999969482422,20439100
2017-03-01,46.606143951416016,46.606143951416016,61.119998931884766,60.72999954223633,60.75,20198000
2017-03-02,46.300392150878906,46.300392150878906,60.779998779296875,60.560001373291016,60.709999084472656,16452800
2017-03-03,46.57557678222656,46.57557678222656,61.0,60.61000061035156,60.70000076293945,19149100
2017-03-06,46.430335998535156,46.430335998535156,60.75,60.56999969482422,60.72999954223633,10965800
2017-03-07,46.26980972290039,46.26980972290039,60.630001068115234,60.380001068115234,60.470001220703125,16308800
2017-03-08,46.10163879394531,46.10163879394531,60.54999923706055,60.25,60.4900016784668,11568200
2017-03-09,46.27745056152344,46.27745056152344,60.56999969482422,60.380001068115234,60.470001220703125,13369300
2017-03-10,46.667301177978516,46.667301177978516,61.119998931884766,60.849998474121094,60.959999084472656,18987900
2017-03-13,46.91190719604492,46.91190719604492,61.380001068115234,61.189998626708984,61.20000076293945,19718700
2017-03-14,46.55263900756836,46.55263900756836,60.970001220703125,60.790000915527344,60.91999816894531,15953500
2017-03-15,47.217674255371094,47.217674255371094,61.779998779296875,61.02000045776367,61.029998779296875,22841100
2017-03-16,47.44700241088867,47.44700241088867,62.130001068115234,61.93000030517578,62.099998474121094,24380100
2017-03-17,47.569297790527344,47.569297790527344,62.349998474121094,62.060001373291016,62.18000030517578,20697400
2017-03-20,47.46992492675781,47.46992492675781,62.34000015258789,62.02000045776367,62.25,13484400
2017-03-21,47.25590133666992,47.25590133666992,62.630001068115234,61.779998779296875,62.58000183105469,23331500
2017-03-22,47.26354217529297,47.26354217529297,61.88999938964844,61.56999969482422,61.619998931884766,14492800
2017-03-23,47.37055969238281,47.37055969238281,62.099998474121094,61.72999954223633,61.72999954223633,25394800
2017-03-24,47.50051498413086,47.50051498413086,62.27000045776367,62.040000915527344,62.11000061035156,25264500
2017-03-27,47.6228141784668,47.6228141784668,62.380001068115234,62.02000045776367,62.09000015258789,30294500
2017-03-28,47.852134704589844,47.852134704589844,62.650001525878906,62.36000061035156,62.38999938964844,23196000
2017-03-29,47.852134704589844,47.852134704589844,62.630001068115234,62.279998779296875,62.290000915527344,19090800
2017-03-30,47.68396759033203,47.68396759033203,65.36000061035156,62.31999969482422,62.43000030517578,16049800
2017-03-31,47.61516571044922,47.61516571044922,62.36000061035156,62.04999923706055,62.11000061035156,30871700
2017-04-03,47.54637908935547,47.54637908935547,62.2400016784668,61.7599983215332,62.189998626708984,32855200
2017-04-04,47.53109359741211,47.53109359741211,62.18000030517578,61.849998474121094,61.93000030517578,16793800
2017-04-05,47.27882766723633,47.27882766723633,62.290000915527344,61.83000183105469,62.130001068115234,22710400
2017-04-06,47.286476135253906,47.286476135253906,61.97999954223633,61.75,61.880001068115234,17795900
2017-04-07,47.25590133666992,47.25590133666992,61.93000030517578,61.7400016784668,61.75,15848900
2017-04-10,47.20238494873047,47.20238494873047,61.849998474121094,61.68000030517578,61.72999954223633,11321500
2017-04-11,47.424072265625,47.424072265625,62.06999969482422,61.619998931884766,62.0,18663100
2017-04-12,47.38584518432617,47.38584518432617,62.029998779296875,61.720001220703125,61.95000076293945,25045600
2017-04-13,47.0800895690918,47.0800895690918,61.779998779296875,61.529998779296875,61.70000076293945,16760100
2017-04-17,47.37055969238281,47.37055969238281,62.02000045776367,61.84000015258789,61.849998474121094,15573500
2017-04-18,47.15652084350586,47.15652084350586,61.689998626708984,61.349998474121094,61.54999923706055,21171100
2017-04-19,46.965423583984375,46.965423583984375,61.79999923706055,61.369998931884766,61.7599983215332,13263100
2017-04-20,47.33998107910156,47.33998107910156,62.099998474121094,61.91999816894531,61.959999084472656,20485300
2017-04-21,47.37055969238281,47.37055969238281,62.02000045776367,61.84000015258789,61.93000030517578,18989800
2017-04-24,48.570682525634766,48.570682525634766,63.61000061035156,63.380001068115234,63.40999984741211,32694900
2017-04-25,48.914669036865234,48.914669036865234,64.08000183105469,63.779998779296875,63.849998474121094,24975200
2017-04-26,48.777076721191406,48.777076721191406,64.02999877929688,63.810001373291016,63.810001373291016,20489600
2017-04-27,48.82293701171875,48.82293701171875,63.91999816894531,63.75,63.91999816894531,13855700
2017-04-28,48.76943588256836,48.76943588256836,63.90999984741211,63.77000045776367,63.88999938964844,25361200
2017-05-01,48.96818161010742,48.96818161010742,64.19999694824219,63.90999984741211,63.9900016784668,22211300
2017-05-02,49.220436096191406,49.220436096191406,64.41999816894531,64.19000244140625,64.25,23500000
2017-05-03,49.12105941772461,49.12105941772461,64.33000183105469,64.0999984741211,64.22000122070312,12811000
2017-05-04,49.58734893798828,49.58734893798828,64.88999938964844,64.43000030517578,64.4800033569336,16359700
2017-05-05,50.137725830078125,50.137725830078125,65.58999633789062,64.91999816894531,64.94000244140625,18990900
2017-05-08,49.76316833496094,49.76316833496094,65.11000061035156,64.95999908447266,65.11000061035156,19823800
2017-05-09,49.6408576965332,49.6408576965332,65.04000091552734,64.80999755859375,64.9800033569336,28186600
2017-05-10,49.71730041503906,49.71730041503906,65.04000091552734,64.88999938964844,64.9800033569336,18524300
2017-05-11,49.594993591308594,49.594993591308594,64.9000015258789,64.61000061035156,64.7699966430664,18381600
2017-05-12,49.87017822265625,49.87017822265625,65.23999786376953,64.94000244140625,64.94000244140625,27683000
2017-05-15,50.1224365234375,50.1224365234375,65.56999969482422,65.36000061035156,65.37999725341797,20493900
2017-05-16,50.443485260009766,50.443485260009766,66.0,65.86000061035156,65.94999694824219,21931200
2017-05-17,49.87017822265625,49.87017822265625,65.75,65.22000122070312,65.66999816894531,30198700
2017-05-18,49.95426940917969,49.95426940917969,65.4000015258789,65.0199966430664,65.08000183105469,19242600
2017-05-19,50.535221099853516,50.535221099853516,66.12000274658203,65.77999877929688,65.80999755859375,34855500
2017-05-22,50.596378326416016,50.596378326416016,66.30999755859375,66.11000061035156,66.18000030517578,14692600
2017-05-23,50.6040153503418,50.6040153503418,66.37999725341797,66.11000061035156,66.33999633789062,12489200
2017-05-24,50.63460159301758,50.63460159301758,66.25,65.9800033569336,66.0199966430664,15075500
2017-05-25,50.63460159301758,50.63460159301758,66.33999633789062,66.1500015258789,66.23999786376953,13265300
2017-05-26,50.48936462402344,50.48936462402344,66.05999755859375,65.8499984741211,65.87000274658203,25971500
2017-05-30,50.435855865478516,50.435855865478516,66.02999877929688,65.8499984741211,65.87000274658203,14415300
2017-05-31,50.49700164794922,50.49700164794922,66.37999725341797,66.02999877929688,66.31999969482422,31167900
2017-06-01,50.82569885253906,50.82569885253906,66.51000213623047,66.25,66.30999755859375,25610000
2017-06-02,51.38372039794922,51.38372039794922,67.23999786376953,66.86000061035156,66.95999908447266,22765300
2017-06-05,51.10089111328125,51.10089111328125,66.9000015258789,66.7699966430664,66.86000061035156,14304500
2017-06-06,50.955650329589844,50.955650329589844,66.70999908447266,66.55999755859375,66.58000183105469,11387200
2017-06-07,50.97093963623047,50.97093963623047,66.87999725341797,66.44999694824219,66.7699966430664,15346400
2017-06-08,50.87921142578125,50.87921142578125,66.56999969482422,66.33999633789062,66.41999816894531,15425200
2017-06-09,50.6880989074707,50.6880989074707,66.45999908447266,66.05999755859375,66.22000122070312,20807900
2017-06-12,50.49700164794922,50.49700164794922,66.19000244140625,65.9800033569336,66.12000274658203,17937200
2017-06-13,50.88685607910156,50.88685607910156,66.61000061035156,66.37999725341797,66.47000122070312,19123700
2017-06-14,50.848628997802734,50.848628997802734,66.95999908447266,66.30000305175781,66.94999694824219,18739500
2017-06-15,50.3211784362793,50.3211784362793,65.87000274658203,65.48999786376953,65.51000213623047,22870900
2017-06-16,50.749263763427734,50.749263763427734,66.41000366210938,66.06999969482422,66.1500015258789,24571500
2017-06-19,50.955650329589844,50.955650329589844,66.79000091552734,66.5999984741211,66.63999938964844,26706100
2017-06-20,50.54550552368164,50.54550552368164,65.43000030517578,64.91999816894531,65.41999816894531,23798500
2017-06-21,50.48336410522461,50.48336410522461,65.05000305175781,64.83000183105469,64.91999816894531,10989000
2017-06-22,50.4755973815918,50.4755973815918,65.0999984741211,64.88999938964844,64.97000122070312,13521700
2017-06-23,50.599876403808594,50.599876403808594,65.25,64.9000015258789,64.98999786376953,15138700
2017-06-26,50.685325622558594,50.685325622558594,65.62000274658203,65.22000122070312,65.55999755859375,21872800
2017-06-27,50.67755126953125,50.67755126953125,65.44000244140625,65.16999816894531,65.27999877929688,17466000
2017-06-28,51.120323181152344,51.120323181152344,65.87000274658203,65.45999908447266,65.48999786376953,26317300
2017-06-29,50.61541748046875,50.61541748046875,65.62000274658203,64.87999725341797,65.61000061035156,35923300
2017-06-30,50.646484375,50.646484375,65.3499984741211,64.83000183105469,65.33000183105469,28866100
2017-07-03,50.58435821533203,50.58435821533203,65.27999877929688,65.0999984741211,65.12000274658203,9564300
2017-07-05,50.58435821533203,50.58435821533203,65.16000366210938,64.81999969482422,64.93000030517578,26253300
2017-07-06,50.359073638916016,50.359073638916016,64.97000122070312,64.62999725341797,64.69999694824219,22874100
2017-07-07,50.36683654785156,50.36683654785156,64.91999816894531,64.55999755859375,64.6500015258789,18885700
2017-07-10,50.491127014160156,50.491127014160156,65.0199966430664,64.76000213623047,64.80000305175781,10674800
2017-07-11,50.607643127441406,50.607643127441406,65.16000366210938,64.73999786376953,64.83000183105469,13584000
2017-07-12,51.01157760620117,51.01157760620117,65.75,65.52999877929688,65.55000305175781,15995600
2017-07-13,51.15917205810547,51.15917205810547,65.91000366210938,65.66000366210938,65.75,22520700
2017-07-14,51.5164909362793,51.5164909362793,66.33000183105469,66.0,66.05000305175781,14145100
2017-07-17,51.41550827026367,51.41550827026367,66.27999877929688,66.12000274658203,66.19000244140625,10326100
2017-07-18,51.462120056152344,51.462120056152344,66.25,66.08000183105469,66.12999725341797,11718200
2017-07-19,51.687381744384766,51.687381744384766,66.54000091552734,66.3499984741211,66.36000061035156,12542300
2017-07-20,51.89711380004883,51.89711380004883,66.8499984741211,66.5999984741211,66.70999908447266,13792700
2017-07-21,51.695159912109375,51.695159912109375,66.55000305175781,66.23999786376953,66.45999908447266,18391200
2017-07-24,51.555328369140625,51.555328369140625,66.38999938964844,66.08000183105469,66.25,17486100
2017-07-25,51.625247955322266,51.625247955322266,66.73999786376953,66.44000244140625,66.70999908447266,12297600
2017-07-26,51.9437255859375,51.9437255859375,66.9800033569336,66.54000091552734,66.6500015258789,19186700
2017-07-27,51.82720184326172,51.82720184326172,67.04000091552734,66.5,67.0,13754400
2017-07-28,51.88157653808594,51.88157653808594,66.80000305175781,66.4800033569336,66.55000305175781,15080800
2017-07-31,51.990333557128906,51.990333557128906,67.01000213623047,66.7300033569336,66.87999725341797,20998800
2017-08-01,52.27773666381836,52.27773666381836,67.54000091552734,67.30000305175781,67.44000244140625,16206800
2017-08-02,52.30104446411133,52.30104446411133,67.41999816894531,67.16000366210938,67.33999633789062,8948300
2017-08-03,52.332115173339844,52.332115173339844,67.48999786376953,67.26000213623047,67.30999755859375,11245900
2017-08-04,52.40201950073242,52.40201950073242,67.51000213623047,67.19999694824219,67.44000244140625,14178000
2017-08-07,52.42533493041992,52.42533493041992,67.5,67.31999969482422,67.31999969482422,11865600
2017-08-08,52.14569091796875,52.14569091796875,67.45999908447266,67.08999633789062,67.37000274658203,13510100
2017-08-09,52.06023406982422,52.06023406982422,67.05000305175781,66.69000244140625,66.7300033569336,15080100
2017-08-10,51.32229232788086,51.32229232788086,66.62000274658203,66.01000213623047,66.62000274658203,28825100
2017-08-11,51.229068756103516,51.229068756103516,66.12999725341797,65.86000061035156,66.02999877929688,27456400
2017-08-14,51.60193634033203,51.60193634033203,66.5999984741211,66.4000015258789,66.43000030517578,13311500
2017-08-15,51.56309509277344,51.56309509277344,66.41999816894531,66.13999938964844,66.3499984741211,13212200
2017-08-16,51.858272552490234,51.858272552490234,66.83999633789062,66.58000183105469,66.5999984741211,14030700
2017-08-17,51.27568435668945,51.27568435668945,66.62999725341797,66.01000213623047,66.5199966430664,18647700
2017-08-18,51.41550827026367,51.41550827026367,66.33000183105469,65.98999786376953,66.12000274658203,16347200
2017-08-21,51.399967193603516,51.399967193603516,66.2699966430664,66.0,66.16000366210938,11760800
2017-08-22,51.64854431152344,51.64854431152344,66.5199966430664,66.29000091552734,66.30999755859375,11528800
2017-08-23,51.65631103515625,51.65631103515625,66.51000213623047,66.29000091552734,66.30000305175781,13007000
2017-08-24,51.539791107177734,51.539791107177734,66.58999633789062,66.33999633789062,66.5199966430664,13150600
2017-08-25,51.85050964355469,51.85050964355469,66.91000366210938,66.56999969482422,66.58999633789062,14942000
2017-08-28,51.85050964355469,51.85050964355469,66.8499984741211,66.70999908447266,66.81999969482422,13422100
2017-08-29,51.640785217285156,51.640785217285156,66.6500015258789,66.36000061035156,66.37999725341797,11536900
2017-08-30,51.57086944580078,51.57086944580078,66.44999694824219,66.27999877929688,66.37000274658203,10510300
2017-08-31,51.967018127441406,51.967018127441406,66.94999694824219,66.62000274658203,66.6500015258789,20277900
2017-09-01,52.03693389892578,52.03693389892578,67.16999816894531,66.94999694824219,67.1500015258789,15541800
2017-09-05,51.687381744384766,51.687381744384766,66.98999786376953,66.33000183105469,66.98999786376953,18682300
2017-09-06,52.00586700439453,52.00586700439453,67.0999984741211,66.81999969482422,66.9000015258789,21335800
2017-09-07,52.43309020996094,52.43309020996094,67.52999877929688,67.33000183105469,67.5,14599300
2017-09-08,52.44086456298828,52.44086456298828,67.69000244140625,67.51000213623047,67.66000366210938,16168800
2017-09-11,52.852561950683594,52.852561950683594,68.16000366210938,67.94999694824219,67.95999908447266,19127300
2017-09-12,53.015689849853516,53.015689849853516,68.29000091552734,68.04000091552734,68.04000091552734,11803000
2017-09-13,52.728267669677734,52.728267669677734,68.1500015258789,67.81999969482422,68.11000061035156,14672800
2017-09-14,52.821475982666016,52.821475982666016,68.01000213623047,67.73999786376953,67.76000213623047,14862300
2017-09-15,52.86809158325195,52.86809158325195,68.0999984741211,67.94000244140625,68.05999755859375,16315500
2017-09-18,52.9379997253418,52.9379997253418,68.33999633789062,68.02999877929688,68.2300033569336,13594900
2017-09-19,53.186580657958984,53.186580657958984,68.48999786376953,68.30000305175781,68.43000030517578,8877200
2017-09-20,53.0700569152832,53.0700569152832,68.70999908447266,68.0,68.48999786376953,15309700
2017-09-21,52.96131134033203,52.96131134033203,68.27999877929688,68.08999633789062,68.16000366210938,10250100
2017-09-22,53.12443923950195,53.12443923950195,68.5,68.31999969482422,68.37999725341797,8442800
2017-09-25,52.821475982666016,52.821475982666016,68.2699966430664,67.87000274658203,68.11000061035156,13473900
2017-09-26,52.70497512817383,52.70497512817383,67.94000244140625,67.63999938964844,67.88999938964844,20026600
2017-09-27,52.743804931640625,52.743804931640625,68.0,67.72000122070312,67.76000213623047,17751800
2017-09-28,52.88363265991211,52.88363265991211,68.18000030517578,67.9000015258789,67.9000015258789,11704000
2017-09-29,53.19436264038086,53.19436264038086,68.55000305175781,68.08000183105469,68.08000183105469,24981400
2017-10-02,53.14773178100586,53.14773178100586,68.48999786376953,68.23999786376953,68.2699966430664,16475600
2017-10-03,53.32640075683594,53.32640075683594,68.66000366210938,68.43000030517578,68.45999908447266,12073300
2017-10-04,53.22541809082031,53.22541809082031,68.58999633789062,68.45999908447266,68.47000122070312,12518600
2017-10-05,53.19436264038086,53.19436264038086,68.51000213623047,68.3499984741211,68.38999938964844,11871200
2017-10-06,53.155513763427734,53.155513763427734,68.44000244140625,68.13999938964844,68.16999816894531,16923300
2017-10-09,53.17105484008789,53.17105484008789,68.54000091552734,68.38999938964844,68.5199966430664,5155600
2017-10-10,53.67595672607422,53.67595672607422,69.11000061035156,68.79000091552734,68.8499984741211,16626700
2017-10-11,53.8079948425293,53.8079948425293,69.29000091552734,69.05999755859375,69.06999969482422,16732400
2017-10-12,53.76139450073242,53.76139450073242,69.33000183105469,69.08999633789062,69.1500015258789,10774000
2017-10-13,54.04104232788086,54.04104232788086,69.66000366210938,69.51000213623047,69.5999984741211,12928900
2017-10-16,54.00218963623047,54.00218963623047,69.62000274658203,69.47000122070312,69.56999969482422,8800600
2017-10-17,53.86238098144531,53.86238098144531,69.38999938964844,69.20999908447266,69.3499984741211,8286800
2017-10-18,54.01774215698242,54.01774215698242,69.56999969482422,69.36000061035156,69.44999694824219,11793200
2017-10-19,53.932289123535156,53.932289123535156,69.43000030517578,69.19000244140625,69.2300033569336,10368300
2017-10-20,53.86238098144531,53.86238098144531,69.37999725341797,69.2300033569336,69.37999725341797,12636300
2017-10-23,53.745872497558594,53.745872497558594,69.4000015258789,69.13999938964844,69.37000274658203,8422200
2017-10-24,53.83131408691406,53.83131408691406,69.44000244140625,69.19999694824219,69.27999877929688,10586500
2017-10-25,53.62158203125,53.62158203125,69.30999755859375,68.7699966430664,69.2699966430664,11495500
2017-10-26,53.61380386352539,53.61380386352539,69.26000213623047,69.01000213623047,69.20999908447266,12355500
2017-10-27,53.73809051513672,53.73809051513672,69.19999694824219,68.88999938964844,68.9800033569336,18853800
2017-10-30,53.86238098144531,53.86238098144531,69.36000061035156,69.19999694824219,69.22000122070312,14308400
2017-10-31,54.08765411376953,54.08765411376953,69.66999816894531,69.4000015258789,69.4800033569336,24418400
2017-11-01,54.14201354980469,54.14201354980469,70.0,69.66999816894531,69.93000030517578,23674500
2017-11-02,54.3051643371582,54.3051643371582,69.91000366210938,69.62999725341797,69.6500015258789,20430900
2017-11-03,54.21970748901367,54.21970748901367,69.80000305175781,69.55999755859375,69.80000305175781,14078700
2017-11-06,54.297386169433594,54.297386169433594,69.91999816894531,69.5999984741211,69.61000061035156,11959000
2017-11-07,54.095420837402344,54.095420837402344,69.86000061035156,69.45999908447266,69.7699966430664,13024200
2017-11-08,54.274078369140625,54.274078369140625,69.9800033569336,69.70999908447266,69.75,15924200
2017-11-09,53.96336364746094,53.96336364746094,69.5,69.04000091552734,69.29000091552734,22577000
2017-11-10,53.815765380859375,53.815765380859375,69.36000061035156,69.12999725341797,69.23999786376953,11070800
2017-11-13,53.59051513671875,53.59051513671875,69.0199966430664,68.58000183105469,68.58999633789062,13605200
2017-11-14,53.55167007446289,53.55167007446289,68.98999786376953,68.69999694824219,68.86000061035156,13850100
2017-11-15,53.295318603515625,53.295318603515625,68.68000030517578,68.27999877929688,68.37000274658203,18547300
2017-11-16,53.72256088256836,53.72256088256836,69.23999786376953,68.97000122070312,69.05000305175781,17372500
2017-11-17,53.52836990356445,53.52836990356445,69.02999877929688,68.83999633789062,68.97000122070312,24773400
2017-11-20,53.6448860168457,53.6448860168457,69.2699966430664,69.05999755859375,69.12999725341797,20689600
2017-11-21,54.04881286621094,54.04881286621094,69.66999816894531,69.48999786376953,69.52999877929688,17104800
2017-11-22,54.19640350341797,54.19640350341797,69.91999816894531,69.55000305175781,69.87000274658203,17943200
2017-11-24,54.63917922973633,54.63917922973633,70.38999938964844,70.25,70.3499984741211,11732300
2017-11-27,54.312923431396484,54.312923431396484,70.26000213623047,69.91999816894531,70.19999694824219,17066500
2017-11-28,54.62364196777344,54.62364196777344,70.33999633789062,70.01000213623047,70.13999938964844,19389400
2017-11-29,54.40614318847656,54.40614318847656,70.43000030517578,69.94000244140625,70.37000274658203,19328300
2017-11-30,54.460506439208984,54.460506439208984,70.41000366210938,70.05000305175781,70.33000183105469,24443400
2017-12-01,54.24300765991211,54.24300765991211,70.01000213623047,69.4800033569336,69.76000213623047,33370400
2017-12-04,54.04881286621094,54.04881286621094,69.98999786376953,69.56999969482422,69.6500015258789,19355500
2017-12-05,53.932289123535156,53.932289123535156,69.73999786376953,69.41999816894531,69.47000122070312,15853700
2017-12-06,53.82353973388672,53.82353973388672,69.43000030517578,69.18000030517578,69.33000183105469,12481600
2017-12-07,53.96336364746094,53.96336364746094,69.63999938964844,69.2699966430664,69.54000091552734,16966100
2017-12-08,54.250770568847656,54.250770568847656,69.87999725341797,69.62999725341797,69.79000091552734,19106800
2017-12-11,54.390594482421875,54.390594482421875,70.04000091552734,69.87999725341797,69.9800033569336,20038600
2017-12-12,54.460506439208984,54.460506439208984,70.16999816894531,69.91000366210938,70.11000061035156,16514700
2017-12-13,54.670249938964844,54.670249938964844,70.51000213623047,70.16999816894531,70.22000122070312,25920500
2017-12-14,54.36729049682617,54.36729049682617,70.36000061035156,69.94999694824219,70.33000183105469,27424600
2017-12-15,54.351749420166016,54.351749420166016,70.06999969482422,69.76000213623047,69.91999816894531,32906900
2017-12-18,54.99649429321289,54.99649429321289,70.95999908447266,70.69999694824219,70.72000122070312,38998500
2017-12-19,54.794742584228516,54.794742584228516,69.9800033569336,69.69000244140625,69.94999694824219,37373700
2017-12-20,54.70054244995117,54.70054244995117,69.91000366210938,69.62999725341797,69.87000274658203,18729500
2017-12-21,54.89680099487305,54.89680099487305,70.11000061035156,69.75,69.7699966430664,22930000
2017-12-22,55.0380973815918,55.0380973815918,70.12000274658203,69.86000061035156,69.9000015258789,18767000
2017-12-26,55.02239227294922,55.02239227294922,70.16999816894531,69.91999816894531,69.9800033569336,15995000
2017-12-27,55.124454498291016,55.124454498291016,70.33000183105469,70.0999984741211,70.19000244140625,19835400
2017-12-28,55.15585708618164,55.15585708618164,70.45999908447266,70.22000122070312,70.4000015258789,20811200
2017-12-29,55.19510269165039,55.19510269165039,70.58000183105469,70.26000213623047,70.56999969482422,16214700
2018-01-02,55.60331344604492,55.60331344604492,70.8499984741211,70.41999816894531,70.52999877929688,26530000
2018-01-03,55.87022018432617,55.87022018432617,71.26000213623047,70.8499984741211,70.88999938964844,33384900
2018-01-04,56.482540130615234,56.482540130615234,72.05999755859375,71.80999755859375,71.86000061035156,23974400
2018-01-05,56.796566009521484,56.796566009521484,72.4000015258789,72.06999969482422,72.1500015258789,17483800
2018-01-08,56.780853271484375,56.780853271484375,72.3499984741211,72.18000030517578,72.26000213623047,21733700
2018-01-09,56.84364700317383,56.84364700317383,72.44000244140625,72.12000274658203,72.33999633789062,19138900
2018-01-10,56.7337532043457,56.7337532043457,72.44999694824219,72.22000122070312,72.41999816894531,18118900
2018-01-11,57.12626266479492,57.12626266479492,72.77999877929688,72.41000366210938,72.47000122070312,17314400
2018-01-12,57.699344635009766,57.699344635009766,73.51000213623047,72.95999908447266,73.02999877929688,22694300
2018-01-16,57.64438247680664,57.64438247680664,73.83999633789062,73.33999633789062,73.70999908447266,24617800
2018-01-17,57.94268035888672,57.94268035888672,74.08000183105469,73.47000122070312,73.62999725341797,21424400
2018-01-18,57.87204360961914,57.87204360961914,73.80000305175781,73.48999786376953,73.61000061035156,19094600
2018-01-19,58.19390106201172,58.19390106201172,74.13999938964844,73.86000061035156,74.08999633789062,19622600
2018-01-22,58.49222183227539,58.49222183227539,74.54000091552734,74.1500015258789,74.19000244140625,14992500
2018-01-23,58.68061447143555,58.68061447143555,74.80000305175781,74.51000213623047,74.5999984741211,15575400
2018-01-24,58.78267288208008,58.78267288208008,75.2300033569336,74.62999725341797,75.16000366210938,24383800
2018-01-25,58.55500793457031,58.55500793457031,75.20999908447266,74.44000244140625,75.18000030517578,23272500
2018-01-26,59.073123931884766,59.073123931884766,75.2699966430664,74.93000030517578,74.9800033569336,19192600
2018-01-29,58.53145980834961,58.53145980834961,74.72000122070312,74.41999816894531,74.6500015258789,26906700
2018-01-30,58.044734954833984,58.044734954833984,74.37000274658203,73.8499984741211,74.31999969482422,113986300
2018-01-31,57.96623992919922,57.96623992919922,74.2300033569336,73.70999908447266,74.19000244140625,38465500
2018-02-01,58.131107330322266,58.131107330322266,74.19000244140625,73.68000030517578,73.72000122070312,30876200
2018-02-02,56.95355224609375,56.95355224609375,73.33000183105469,72.47000122070312,73.33000183105469,36590600
2018-02-05,54.56708908081055,54.56708908081055,71.97000122070312,69.30999755859375,71.63999938964844,78968000
2018-02-06,55.642574310302734,55.642574310302734,71.06999969482422,69.26000213623047,69.41999816894531,84302300
2018-02-07,55.053794860839844,55.053794860839844,70.86000061035156,69.98999786376953,70.25,44411300
2018-02-08,53.61720657348633,53.61720657348633,70.19999694824219,68.27999877929688,70.16999816894531,59223600
2018-02-09,53.8448486328125,53.8448486328125,68.95999908447266,66.88999938964844,68.75,67466800
2018-02-12,54.66913986206055,54.66913986206055,69.77999877929688,68.87999725341797,69.0999984741211,37528600
2018-02-13,54.504276275634766,54.504276275634766,69.5,69.06999969482422,69.08999633789062,20574300
2018-02-14,55.469871520996094,55.469871520996094,70.69999694824219,68.9800033569336,69.01000213623047,31475400
2018-02-15,55.815284729003906,55.815284729003906,71.20999908447266,70.51000213623047,71.05999755859375,31600600
2018-02-16,56.06647872924805,56.06647872924805,71.72000122070312,71.18000030517578,71.20999908447266,23606400
2018-02-20,55.54051208496094,55.54051208496094,71.19999694824219,70.58000183105469,70.87999725341797,25286900
2018-02-21,55.27360534667969,55.27360534667969,71.4000015258789,70.37999725341797,70.94999694824219,30247700
2018-02-22,55.564064025878906,55.564064025878906,71.0999984741211,70.54000091552734,70.70999908447266,20537000
2018-02-23,56.00368118286133,56.00368118286133,71.43000030517578,70.9000015258789,71.04000091552734,30298500
2018-02-26,56.5296516418457,56.5296516418457,72.02999877929688,71.38999938964844,71.63999938964844,21007200
2018-02-27,55.68967819213867,55.68967819213867,71.63999938964844,70.9000015258789,71.55999755859375,22449300
2018-02-28,55.16370391845703,55.16370391845703,71.08000183105469,70.16999816894531,71.04000091552734,31642500
2018-03-01,54.23737335205078,54.23737335205078,70.04000091552734,68.75,69.69999694824219,51282100
2018-03-02,54.496429443359375,54.496429443359375,69.44000244140625,68.56999969482422,68.8499984741211,35512000
2018-03-05,54.786895751953125,54.786895751953125,69.83999633789062,68.88999938964844,68.91000366210938,18968500
2018-03-06,55.10874938964844,55.10874938964844,70.38999938964844,70.01000213623047,70.3499984741211,20996900
2018-03-07,55.093055725097656,55.093055725097656,70.22000122070312,69.66000366210938,69.86000061035156,14492500
2018-03-08,55.2108154296875,55.2108154296875,70.48999786376953,70.0999984741211,70.37999725341797,14883300
2018-03-09,55.564064025878906,55.564064025878906,70.79000091552734,70.31999969482422,70.43000030517578,17319800
2018-03-12,55.62685775756836,55.62685775756836,71.01000213623047,70.70999908447266,70.86000061035156,12801300
2018-03-13,55.25790023803711,55.25790023803711,71.1500015258789,70.26000213623047,71.0999984741211,19138100
2018-03-14,55.39134979248047,55.39134979248047,70.9800033569336,70.30999755859375,70.93000030517578,13670800
2018-03-15,55.359954833984375,55.359954833984375,70.8499984741211,70.4000015258789,70.55999755859375,21712300
2018-03-16,55.320701599121094,55.320701599121094,70.66000366210938,70.36000061035156,70.38999938964844,16119900
2018-03-19,54.87324142456055,54.87324142456055,70.22000122070312,69.52999877929688,70.20999908447266,24159700
2018-03-20,54.865394592285156,54.865394592285156,70.04000091552734,69.72000122070312,69.81999969482422,20578800
2018-03-21,54.95174026489258,54.95174026489258,70.27999877929688,69.70999908447266,69.77999877929688,17479200
2018-03-22,53.931209564208984,53.931209564208984,69.44000244140625,68.68000030517578,69.29000091552734,42084300
2018-03-23,53.3345947265625,53.3345947265625,68.91999816894531,67.91000366210938,68.81999969482422,44983200
2018-03-26,54.292327880859375,54.292327880859375,69.20999908447266,68.29000091552734,68.9800033569336,31279000
2018-03-27,53.89196014404297,53.89196014404297,69.56999969482422,68.38999938964844,69.5,36493900
2018-03-28,54.20598220825195,54.20598220825195,69.55999755859375,68.77999877929688,69.08000183105469,35737600
2018-03-29,54.70054244995117,54.70054244995117,69.9800033569336,69.37000274658203,69.55000305175781,34745000
2018-04-02,53.94691848754883,53.94691848754883,69.58000183105469,68.25,69.41000366210938,52362500
2018-04-03,54.292327880859375,54.292327880859375,69.26000213623047,68.73999786376953,69.08999633789062,30413600
2018-04-04,54.4807243347168,54.4807243347168,69.43000030517578,68.31999969482422,68.3499984741211,26041500
2018-04-05,54.84183883666992,54.84183883666992,70.05000305175781,69.69000244140625,69.7300033569336,22625800
2018-04-06,54.4807243347168,54.4807243347168,70.05999755859375,69.16999816894531,69.80999755859375,24999600
2018-04-09,54.928184509277344,54.928184509277344,70.44000244140625,69.86000061035156,70.06999969482422,18498700
2018-04-10,55.5169677734375,55.5169677734375,70.88999938964844,70.5199966430664,70.66999816894531,19233800
2018-04-11,55.305015563964844,55.305015563964844,70.86000061035156,70.4000015258789,70.56999969482422,21099100
2018-04-12,55.5169677734375,55.5169677734375,70.81999969482422,70.5,70.54000091552734,18012500
2018-04-13,55.57191467285156,55.57191467285156,70.97000122070312,70.55000305175781,70.95999908447266,14515400
2018-04-16,55.658267974853516,55.658267974853516,71.0,70.73999786376953,70.97000122070312,15678300
2018-04-17,55.90947723388672,55.90947723388672,71.36000061035156,70.95999908447266,71.02999877929688,17545600
2018-04-18,56.199928283691406,56.199928283691406,71.69000244140625,71.44999694824219,71.5199966430664,17035100
2018-04-19,55.98798370361328,55.98798370361328,71.61000061035156,71.11000061035156,71.51000213623047,20004000
2018-04-20,55.776039123535156,55.776039123535156,71.1500015258789,70.91000366210938,71.08999633789062,27586500
2018-04-23,55.70537185668945,55.70537185668945,71.06999969482422,70.7699966430664,70.98999786376953,17696000
2018-04-24,55.47771072387695,55.47771072387695,71.18000030517578,70.45999908447266,71.08999633789062,22013400
2018-04-25,55.383506774902344,55.383506774902344,70.63999938964844,70.19000244140625,70.41000366210938,18280700
2018-04-26,55.658267974853516,55.658267974853516,71.01000213623047,70.72000122070312,70.9000015258789,23697700
2018-04-27,55.713226318359375,55.713226318359375,71.05000305175781,70.69000244140625,70.87999725341797,15395400
2018-04-30,55.53267288208008,55.53267288208008,71.13999938964844,70.69000244140625,70.88999938964844,21883700
2018-05-01,55.336402893066406,55.336402893066406,70.72000122070312,70.16999816894531,70.66000366210938,17308000
2018-05-02,55.3128662109375,55.3128662109375,70.94000244140625,70.41000366210938,70.8499984741211,16409400
2018-05-03,55.485565185546875,55.485565185546875,70.7699966430664,70.05000305175781,70.58000183105469,19854600
2018-05-04,55.68182373046875,55.68182373046875,71.0,70.12999725341797,70.16999816894531,17022600
2018-05-07,55.68967819213867,55.68967819213867,71.12000274658203,70.80999755859375,70.87999725341797,8172600
2018-05-08,55.69751739501953,55.69751739501953,70.94999694824219,70.55999755859375,70.69000244140625,12400300
2018-05-09,55.83097457885742,55.83097457885742,71.19999694824219,70.79000091552734,70.8499984741211,15414000
2018-05-10,56.19208908081055,56.19208908081055,71.58000183105469,71.20999908447266,71.33999633789062,18107500
2018-05-11,56.34123611450195,56.34123611450195,71.91000366210938,71.68000030517578,71.80000305175781,19083700
2018-05-14,56.443294525146484,56.443294525146484,72.0999984741211,71.81999969482422,72.02999877929688,17790300
2018-05-15,56.035072326660156,56.035072326660156,71.5199966430664,71.0999984741211,71.27999877929688,18330100
2018-05-16,56.11357879638672,56.11357879638672,71.52999877929688,71.2300033569336,71.30999755859375,13758300
2018-05-17,56.199928283691406,56.199928283691406,71.70999908447266,71.38999938964844,71.51000213623047,16191300
2018-05-18,55.9958381652832,55.9958381652832,71.44999694824219,71.2300033569336,71.37999725341797,21815600
2018-05-21,56.349098205566406,56.349098205566406,71.77999877929688,71.5999984741211,71.69000244140625,13441700
2018-05-22,56.27843475341797,56.27843475341797,71.94000244140625,71.61000061035156,71.87999725341797,12897900
2018-05-23,55.658267974853516,55.658267974853516,70.91999816894531,70.55999755859375,70.77999877929688,23332600
2018-05-24,55.485565185546875,55.485565185546875,70.80999755859375,70.20999908447266,70.77999877929688,21542400
2018-05-25,55.124454498291016,55.124454498291016,70.31999969482422,70.02999877929688,70.16999816894531,17225600
2018-05-29,54.00186538696289,54.00186538696289,69.37999725341797,68.52999877929688,69.13999938964844,57008900
2018-05-30,54.82612991333008,54.82612991333008,69.88999938964844,69.19000244140625,69.37999725341797,25531900
2018-05-31,54.4807243347168,54.4807243347168,69.69999694824219,69.11000061035156,69.62999725341797,47992800
2018-06-01,54.95174026489258,54.95174026489258,70.0199966430664,69.63999938964844,69.91999816894531,39232600
2018-06-04,55.116600036621094,55.116600036621094,70.54000091552734,70.18000030517578,70.45999908447266,18561900
2018-06-05,55.03025436401367,55.03025436401367,70.25,69.91999816894531,70.22000122070312,16641000
2018-06-06,55.524810791015625,55.524810791015625,70.7300033569336,70.18000030517578,70.3499984741211,25445400
2018-06-07,55.2108154296875,55.2108154296875,70.81999969482422,70.19999694824219,70.79000091552734,25977000
2018-06-08,55.27360534667969,55.27360534667969,70.5,70.08999633789062,70.2699966430664,23206300
2018-06-11,55.62685775756836,55.62685775756836,71.02999877929688,70.61000061035156,70.66999816894531,26145100
2018-06-12,55.27360534667969,55.27360534667969,70.76000213623047,70.3499984741211,70.72000122070312,22706300
2018-06-13,55.35210418701172,55.35210418701172,70.70999908447266,70.22000122070312,70.63999938964844,20486700
2018-06-14,55.23435974121094,55.23435974121094,70.72000122070312,70.31999969482422,70.51000213623047,24099000
2018-06-15,54.95174026489258,54.95174026489258,70.04000091552734,69.7300033569336,70.02999877929688,31433500
2018-06-18,54.55923080444336,54.55923080444336,69.5199966430664,69.13999938964844,69.2300033569336,30778500
2018-06-19,54.05804443359375,54.05804443359375,67.56999969482422,67.05999755859375,67.16000366210938,30397600
2018-06-20,54.098079681396484,54.098079681396484,67.83000183105469,67.4000015258789,67.77999877929688,38687300
2018-06-21,53.713775634765625,53.713775634765625,67.38999938964844,67.0199966430664,67.38999938964844,23793400
2018-06-22,54.282222747802734,54.282222747802734,68.12999725341797,67.66000366210938,67.94999694824219,26146100
2018-06-25,53.529632568359375,53.529632568359375,67.38999938964844,66.68000030517578,67.31999969482422,39388300
2018-06-26,53.625709533691406,53.625709533691406,67.11000061035156,66.70999908447266,67.08000183105469,23117500
2018-06-27,53.12130355834961,53.12130355834961,67.30000305175781,66.31999969482422,67.04000091552734,29616800
2018-06-28,53.32147216796875,53.32147216796875,66.68000030517578,66.19000244140625,66.33000183105469,21384800
2018-06-29,53.617706298828125,53.617706298828125,67.37000274658203,66.91000366210938,67.12000274658203,32031400
2018-07-02,53.12932205200195,53.12932205200195,66.43000030517578,66.0,66.0199966430664,39167900
2018-07-03,53.289451599121094,53.289451599121094,66.98999786376953,66.52999877929688,66.88999938964844,14919900
2018-07-05,53.8178596496582,53.8178596496582,67.2699966430664,66.97000122070312,67.16999816894531,18593200
2018-07-06,54.106082916259766,54.106082916259766,67.72000122070312,67.23999786376953,67.30999755859375,16641600
2018-07-09,54.62649917602539,54.62649917602539,68.25,67.94999694824219,68.12000274658203,20682100
2018-07-10,54.60246658325195,54.60246658325195,68.2699966430664,68.06999969482422,68.11000061035156,18981400
2018-07-11,53.689754486083984,53.689754486083984,67.61000061035156,66.86000061035156,67.43000030517578,30172400
2018-07-12,54.106082916259766,54.106082916259766,67.6500015258789,67.30000305175781,67.41999816894531,18810600
2018-07-13,54.27421951293945,54.27421951293945,67.81999969482422,67.47000122070312,67.61000061035156,17206900
2018-07-16,54.250205993652344,54.250205993652344,67.86000061035156,67.6500015258789,67.7699966430664,15422200
2018-07-17,54.346275329589844,54.346275329589844,67.95999908447266,67.54000091552734,67.58000183105469,16965000
2018-07-18,54.354270935058594,54.354270935058594,68.04000091552734,67.72000122070312,67.83000183105469,13712400
2018-07-19,54.242191314697266,54.242191314697266,67.87999725341797,67.47000122070312,67.54000091552734,26316500
2018-07-20,54.498382568359375,54.498382568359375,68.18000030517578,67.76000213623047,67.7699966430664,28610200
2018-07-23,54.498382568359375,54.498382568359375,68.13999938964844,67.94000244140625,68.06999969482422,10192900
2018-07-24,54.81863784790039,54.81863784790039,68.80000305175781,68.36000061035156,68.63999938964844,17645500
2018-07-25,55.226951599121094,55.226951599121094,69.08999633789062,68.23999786376953,68.45999908447266,29698900
2018-07-26,54.978759765625,54.978759765625,68.8499984741211,68.5999984741211,68.72000122070312,23009400
2018-07-27,55.08283996582031,55.08283996582031,69.11000061035156,68.7300033569336,68.97000122070312,28911800
2018-07-30,55.07483673095703,55.07483673095703,69.08999633789062,68.7699966430664,69.04000091552734,17630300
2018-07-31,55.14689254760742,55.14689254760742,69.0999984741211,68.75,69.04000091552734,25087500
2018-08-01,54.86668014526367,54.86668014526367,68.80000305175781,68.44000244140625,68.7699966430664,25402700
2018-08-02,54.506385803222656,54.506385803222656,68.08000183105469,67.72000122070312,67.79000091552734,24343200
2018-08-03,54.53841018676758,54.53841018676758,68.1500015258789,67.77999877929688,67.81999969482422,14176200
2018-08-06,54.306243896484375,54.306243896484375,67.93000030517578,67.58000183105469,67.69999694824219,12077900
2018-08-07,54.730567932128906,54.730567932128906,68.54000091552734,68.30000305175781,68.51000213623047,17495500
2018-08-08,54.682533264160156,54.682533264160156,68.43000030517578,68.12999725341797,68.27999877929688,13812800
2018-08-09,54.522396087646484,54.522396087646484,68.38999938964844,68.05999755859375,68.31999969482422,11964700
2018-08-10,53.43355178833008,53.43355178833008,66.98999786376953,66.61000061035156,66.86000061035156,28624600
2018-08-13,53.24140930175781,53.24140930175781,66.77999877929688,66.3499984741211,66.6500015258789,24817700
2018-08-14,53.233402252197266,53.233402252197266,66.6500015258789,66.37000274658203,66.58999633789062,22596700
2018-08-15,52.464805603027344,52.464805603027344,65.69000244140625,65.1500015258789,65.61000061035156,41602700
2018-08-16,52.83308792114258,52.83308792114258,66.23999786376953,65.93000030517578,65.95999908447266,23297100
2018-08-17,53.145328521728516,53.145328521728516,66.55000305175781,65.91000366210938,65.97000122070312,25722900
2018-08-20,53.43355178833008,53.43355178833008,66.81999969482422,66.62000274658203,66.63999938964844,16229300
2018-08-21,53.761817932128906,53.761817932128906,67.36000061035156,66.98999786376953,67.16999816894531,15670100
2018-08-22,53.969966888427734,53.969966888427734,67.52999877929688,67.33000183105469,67.44999694824219,13217500
2018-08-23,53.5856819152832,53.5856819152832,67.22000122070312,66.87000274658203,67.06999969482422,22030700
2018-08-24,53.897918701171875,53.897918701171875,67.45999908447266,67.13999938964844,67.2300033569336,21816600
2018-08-27,54.61848068237305,54.61848068237305,68.2699966430664,67.87000274658203,67.91000366210938,24820300
2018-08-28,54.5704460144043,54.5704460144043,68.44999694824219,68.12000274658203,68.38999938964844,19866800
2018-08-29,54.86668014526367,54.86668014526367,68.54000091552734,68.08000183105469,68.16000366210938,18107700
2018-08-30,54.346275329589844,54.346275329589844,68.05000305175781,67.70999908447266,67.94999694824219,20743000
2018-08-31,53.9139289855957,53.9139289855957,67.69000244140625,67.08000183105469,67.45999908447266,30945900
2018-09-04,53.45756912231445,53.45756912231445,66.77999877929688,66.41999816894531,66.5,25303400
2018-09-05,52.969200134277344,52.969200134277344,66.41999816894531,65.95999908447266,66.33999633789062,26850800
2018-09-06,52.8090705871582,52.8090705871582,66.22000122070312,65.6500015258789,66.05999755859375,25557900
2018-09-07,52.384742736816406,52.384742736816406,65.62999725341797,65.23999786376953,65.33000183105469,22989400
2018-09-10,52.704994201660156,52.704994201660156,65.98999786376953,65.75,65.94999694824219,15646700
2018-09-11,52.753028869628906,52.753028869628906,65.91000366210938,65.4000015258789,65.5,17652700
2018-09-12,52.97719955444336,52.97719955444336,66.33000183105469,65.91000366210938,65.95999908447266,19372500
2018-09-13,53.369510650634766,53.369510650634766,66.87000274658203,66.48999786376953,66.80999755859375,26009600
2018-09-14,53.44956970214844,53.44956970214844,66.94000244140625,66.5999984741211,66.86000061035156,21047500
2018-09-17,53.49760437011719,53.49760437011719,67.20999908447266,66.80999755859375,67.08999633789062,13679100
2018-09-18,54.05804443359375,54.05804443359375,67.62000274658203,67.30000305175781,67.30999755859375,20734400
2018-09-19,54.250205993652344,54.250205993652344,67.86000061035156,67.58999633789062,67.58999633789062,15330300
2018-09-20,54.92271423339844,54.92271423339844,68.68000030517578,68.29000091552734,68.47000122070312,24625300
2018-09-21,54.94673538208008,54.94673538208008,68.73999786376953,68.5199966430664,68.58000183105469,19003300
2018-09-24,54.69853973388672,54.69853973388672,68.66000366210938,68.31999969482422,68.63999938964844,20382700
2018-09-25,54.97074890136719,54.97074890136719,68.88999938964844,68.63999938964844,68.8499984741211,19623000
2018-09-26,54.99476623535156,54.99476623535156,69.12999725341797,68.62000274658203,68.62999725341797,26899900
2018-09-27,54.88269805908203,54.88269805908203,68.86000061035156,68.4800033569336,68.55999755859375,21555300
2018-09-28,54.434326171875,54.434326171875,68.2699966430664,67.8499984741211,67.93000030517578,37330500
2018-10-01,54.498382568359375,54.498382568359375,68.31999969482422,68.05000305175781,68.20999908447266,27922300
2018-10-02,54.21817398071289,54.21817398071289,67.77999877929688,67.47000122070312,67.55000305175781,18689200
2018-10-03,54.12208938598633,54.12208938598633,67.87999725341797,67.54000091552734,67.83999633789062,19372300
2018-10-04,53.489593505859375,53.489593505859375,67.19999694824219,66.5,67.16999816894531,38671500
2018-10-05,53.16935729980469,53.16935729980469,66.70999908447266,66.16000366210938,66.6500015258789,28116900
2018-10-08,52.913143157958984,52.913143157958984,66.11000061035156,65.54000091552734,65.69000244140625,24471300
2018-10-09,52.77704620361328,52.77704620361328,66.01000213623047,65.31999969482422,65.4000015258789,23011200
2018-10-10,51.656166076660156,51.656166076660156,65.68000030517578,64.37999725341797,65.68000030517578,64586200
2018-10-11,50.935611724853516,50.935611724853516,64.54000091552734,63.189998626708984,64.33000183105469,119275100
2018-10-12,51.11975860595703,51.11975860595703,64.13999938964844,63.18000030517578,64.11000061035156,66647600
2018-10-15,50.999664306640625,50.999664306640625,64.04000091552734,63.5099983215332,63.689998626708984,32702300
2018-10-16,51.87234115600586,51.87234115600586,64.91999816894531,64.43000030517578,64.52999877929688,35959100
2018-10-17,51.57611083984375,51.57611083984375,64.66999816894531,64.12000274658203,64.58999633789062,26566600
2018-10-18,50.74346923828125,50.74346923828125,64.25,63.18000030517578,64.16999816894531,48286500
2018-10-19,51.03169250488281,51.03169250488281,64.0999984741211,63.70000076293945,63.720001220703125,31924100
2018-10-22,50.80751037597656,50.80751037597656,63.849998474121094,63.27000045776367,63.79999923706055,28641300
2018-10-23,50.327144622802734,50.327144622802734,63.130001068115234,62.04999923706055,62.41999816894531,54694300
2018-10-24,48.902034759521484,48.902034759521484,62.540000915527344,61.040000915527344,62.5,62942300
2018-10-25,49.51850891113281,49.51850891113281,62.16999816894531,61.34000015258789,61.58000183105469,47758100
2018-10-26,49.182247161865234,49.182247161865234,61.83000183105469,60.58000183105469,61.09000015258789,72008800
2018-10-29,49.046146392822266,49.046146392822266,62.22999954223633,60.77000045776367,62.099998474121094,60675300
2018-10-30,49.63860321044922,49.63860321044922,62.0099983215332,61.29999923706055,61.38999938964844,50851500
2018-10-31,50.00688934326172,50.00688934326172,62.79999923706055,62.400001525878906,62.5099983215332,49348900
2018-11-01,50.64739227294922,50.64739227294922,63.27000045776367,62.7599983215332,63.0,42760200
2018-11-02,50.719451904296875,50.719451904296875,63.91999816894531,62.97999954223633,63.83000183105469,39087900
2018-11-05,50.719451904296875,50.719451904296875,63.5099983215332,63.15999984741211,63.38999938964844,23002700
2018-11-06,50.9276008605957,50.9276008605957,63.65999984741211,63.310001373291016,63.369998931884766,18973700
2018-11-07,51.60813903808594,51.60813903808594,64.5,63.97999954223633,64.19000244140625,34148400
2018-11-08,51.10375213623047,51.10375213623047,64.3499984741211,63.689998626708984,64.22000122070312,31336600
2018-11-09,50.767486572265625,50.767486572265625,63.52000045776367,63.11000061035156,63.40999984741211,27581700
2018-11-12,49.93483352661133,49.93483352661133,62.9900016784668,62.290000915527344,62.970001220703125,31068900
2018-11-13,50.151004791259766,50.151004791259766,63.08000183105469,62.369998931884766,62.529998779296875,37193900
2018-11-14,50.19103240966797,50.19103240966797,63.130001068115234,62.34000015258789,63.08000183105469,51506100
2018-11-15,50.351165771484375,50.351165771484375,63.02000045776367,61.970001220703125,62.279998779296875,54666300
2018-11-16,50.40720748901367,50.40720748901367,63.029998779296875,62.380001068115234,62.47999954223633,30723600
2018-11-19,49.966861724853516,49.966861724853516,62.95000076293945,62.25,62.91999816894531,30409700
2018-11-20,49.10219955444336,49.10219955444336,61.83000183105469,61.18000030517578,61.56999969482422,41209700
2018-11-21,49.79072952270508,49.79072952270508,62.439998626708984,61.9900016784668,62.09000015258789,32720600
2018-11-23,49.46246337890625,49.46246337890625,61.97999954223633,61.65999984741211,61.65999984741211,13336500
2018-11-26,50.2070426940918,50.2070426940918,62.77000045776367,62.5,62.560001373291016,31007400
2018-11-27,50.01490020751953,50.01490020751953,62.5099983215332,62.15999984741211,62.34000015258789,38111400
2018-11-28,50.727455139160156,50.727455139160156,63.40999984741211,62.279998779296875,62.560001373291016,40600800
2018-11-29,50.471248626708984,50.471248626708984,63.25,62.83000183105469,62.9900016784668,31259700
2018-11-30,50.25508117675781,50.25508117675781,62.84000015258789,62.4900016784668,62.68000030517578,32068600
2018-12-03,50.91960144042969,50.91960144042969,63.75,63.36000061035156,63.75,43673900
2018-12-04,49.59858322143555,49.59858322143555,63.34000015258789,61.88999938964844,63.279998779296875,50079600
2018-12-06,49.13420867919922,49.13420867919922,61.41999816894531,60.22999954223633,60.900001525878906,78905500
2018-12-07,48.6378288269043,48.6378288269043,61.70000076293945,60.61000061035156,61.459999084472656,54090300
2018-12-10,48.26154327392578,48.26154327392578,60.599998474121094,59.65999984741211,60.4900016784668,61630500
2018-12-11,48.41365432739258,48.41365432739258,60.91999816894531,60.11000061035156,60.900001525878906,71163600
2018-12-12,49.1262092590332,49.1262092590332,61.779998779296875,61.36000061035156,61.41999816894531,45925600
2018-12-13,49.03814697265625,49.03814697265625,61.630001068115234,61.189998626708984,61.47999954223633,44498200
2018-12-14,48.40565490722656,48.40565490722656,60.849998474121094,60.40999984741211,60.59000015258789,50416200
2018-12-17,48.02135467529297,48.02135467529297,60.52000045776367,59.72999954223633,60.45000076293945,58508500
2018-12-18,48.0601921081543,48.0601921081543,59.81999969482422,59.20000076293945,59.619998931884766,48896500
2018-12-19,47.59892654418945,47.59892654418945,60.099998474121094,58.58000183105469,59.63999938964844,68491500
2018-12-20,47.40471649169922,47.40471649169922,59.06999969482422,58.349998474121094,58.900001525878906,97602600
2018-12-21,46.57929611206055,46.57929611206055,58.5099983215332,57.47999954223633,58.16999816894531,93622500
2018-12-24,46.037113189697266,46.037113189697266,57.790000915527344,56.84000015258789,57.560001373291016,47120300
2018-12-26,47.10530090332031,47.10530090332031,58.29999923706055,56.77000045776367,57.25,69827600
2018-12-27,47.24287414550781,47.24287414550781,58.380001068115234,57.11000061035156,57.54999923706055,76591200
2018-12-28,47.49373245239258,47.49373245239258,58.9900016784668,58.52000045776367,58.959999084472656,68541800
2018-12-31,47.56655502319336,47.56655502319336,59.060001373291016,58.58000183105469,59.02000045776367,62878800
2019-01-02,47.46945571899414,47.46945571899414,58.66999816894531,57.97999954223633,58.0,38723200
2019-01-03,47.040557861328125,47.040557861328125,58.54999923706055,58.029998779296875,58.52000045776367,35012600
2019-01-04,48.480995178222656,48.480995178222656,60.119998931884766,58.9900016784668,59.08000183105469,47001700
2019-01-07,48.6671142578125,48.6671142578125,60.41999816894531,59.81999969482422,59.9900016784668,30335900
2019-01-08,48.98271179199219,48.98271179199219,60.7599983215332,60.349998474121094,60.72999954223633,26444600
2019-01-09,49.532997131347656,49.532997131347656,61.34000015258789,60.90999984741211,61.08000183105469,34615300
2019-01-10,49.72720718383789,49.72720718383789,61.459999084472656,60.91999816894531,60.970001220703125,33699300
2019-01-11,49.38732147216797,49.38732147216797,61.15999984741211,60.849998474121094,60.97999954223633,40655600
2019-01-14,49.16073989868164,49.16073989868164,60.95000076293945,60.54999923706055,60.58000183105469,28319800
2019-01-15,49.4196891784668,49.4196891784668,61.15999984741211,60.709999084472656,60.90999984741211,35202700
2019-01-16,49.55727005004883,49.55727005004883,61.310001373291016,61.099998474121094,61.130001068115234,38473900
2019-01-17,49.73529815673828,49.73529815673828,61.56999969482422,60.86000061035156,60.880001068115234,28896000
2019-01-18,50.237022399902344,50.237022399902344,62.150001525878906,61.84000015258789,62.06999969482422,39380800
2019-01-22,49.46015548706055,49.46015548706055,61.5099983215332,61.0,61.43000030517578,36637900
2019-01-23,49.68674087524414,49.68674087524414,61.689998626708984,61.150001525878906,61.63999938964844,21725600
2019-01-24,49.74339294433594,49.74339294433594,61.650001525878906,61.2599983215332,61.43000030517578,21843800
2019-01-25,50.309852600097656,50.309852600097656,62.279998779296875,62.02000045776367,62.060001373291016,31128800
2019-01-28,50.03470993041992,50.03470993041992,61.88999938964844,61.58000183105469,61.66999816894531,28738200
2019-01-29,50.14800262451172,50.14800262451172,62.34000015258789,61.970001220703125,62.209999084472656,23933700
2019-01-30,50.698280334472656,50.698280334472656,62.900001525878906,62.11000061035156,62.27000045776367,30465700
2019-01-31,50.722564697265625,50.722564697265625,62.83000183105469,62.40999984741211,62.560001373291016,33012500
2019-02-01,50.70637130737305,50.70637130737305,62.83000183105469,62.5,62.689998626708984,22056000
2019-02-04,50.89249801635742,50.89249801635742,62.91999816894531,62.45000076293945,62.56999969482422,20260600
2019-02-05,51.28902053833008,51.28902053833008,63.43000030517578,63.20000076293945,63.290000915527344,29367100
2019-02-06,51.03007507324219,51.03007507324219,63.29999923706055,62.959999084472656,63.220001220703125,19675600
2019-02-07,50.350318908691406,50.350318908691406,62.66999816894531,62.09000015258789,62.56999969482422,33930700
2019-02-08,50.18846893310547,50.18846893310547,62.029998779296875,61.61000061035156,61.81999969482422,21440400
2019-02-11,50.13990783691406,50.13990783691406,62.09000015258789,61.81999969482422,61.959999084472656,22453000
2019-02-12,50.722564697265625,50.722564697265625,62.709999084472656,62.5,62.540000915527344,28176300
2019-02-13,50.73065185546875,50.73065185546875,63.04999923706055,62.689998626708984,62.900001525878906,22923500
2019-02-14,50.74683380126953,50.74683380126953,62.91999816894531,62.529998779296875,62.70000076293945,23166900
2019-02-15,51.48323059082031,51.48323059082031,63.619998931884766,62.709999084472656,63.34000015258789,29544700
2019-02-19,51.677452087402344,51.677452087402344,63.970001220703125,63.40999984741211,63.40999984741211,19126800
2019-02-20,51.82310485839844,51.82310485839844,64.30000305175781,63.93000030517578,63.939998626708984,27833100
2019-02-21,51.717918395996094,51.717918395996094,64.04000091552734,63.75,63.9900016784668,19709600
2019-02-22,51.88785171508789,51.88785171508789,64.2699966430664,64.0199966430664,64.0999984741211,19653800
2019-02-25,52.04160690307617,52.04160690307617,64.58000183105469,64.27999877929688,64.5199966430664,21208900
2019-02-26,52.29246520996094,52.29246520996094,64.7699966430664,64.38999938964844,64.41999816894531,23246200
2019-02-27,52.08206558227539,52.08206558227539,64.58000183105469,64.30000305175781,64.5,19933400
2019-02-28,52.00922775268555,52.00922775268555,64.45999908447266,64.19999694824219,64.30999755859375,27730700
2019-03-01,52.29246520996094,52.29246520996094,64.75,64.38999938964844,64.63999938964844,26191800
2019-03-04,52.09825134277344,52.09825134277344,64.70999908447266,64.12000274658203,64.68000030517578,22255100
2019-03-05,52.146812438964844,52.146812438964844,64.61000061035156,64.2699966430664,64.36000061035156,22315100
2019-03-06,52.01732635498047,52.01732635498047,64.56999969482422,64.25,64.55000305175781,14060100
2019-03-07,51.353759765625,51.353759765625,64.06999969482422,63.45000076293945,64.0,29445800
2019-03-08,51.361854553222656,51.361854553222656,63.470001220703125,63.060001373291016,63.06999969482422,21427600
2019-03-11,51.80693054199219,51.80693054199219,64.04000091552734,63.5099983215332,63.5099983215332,16204800
2019-03-12,51.77455520629883,51.77455520629883,64.11000061035156,63.900001525878906,63.9900016784668,31559400
2019-03-13,52.219635009765625,52.219635009765625,64.58999633789062,64.22000122070312,64.22000122070312,17856300
2019-03-14,52.21153259277344,52.21153259277344,64.6500015258789,64.38999938964844,64.48999786376953,20861400
2019-03-15,52.77799987792969,52.77799987792969,65.23999786376953,64.93000030517578,64.97000122070312,44272000
2019-03-18,52.96412658691406,52.96412658691406,65.4800033569336,65.22000122070312,65.33000183105469,27734300
2019-03-19,53.069332122802734,53.069332122802734,65.87999725341797,65.44000244140625,65.83999633789062,32094800
2019-03-20,53.093605041503906,53.093605041503906,65.91999816894531,65.11000061035156,65.33000183105469,33136000
2019-03-21,53.061241149902344,53.061241149902344,65.62999725341797,65.16000366210938,65.16999816894531,34686500
2019-03-22,52.04160690307617,52.04160690307617,64.95999908447266,64.27999877929688,64.8499984741211,36194200
2019-03-25,52.11443328857422,52.11443328857422,64.44999694824219,64.0999984741211,64.26000213623047,26707900
2019-03-26,52.37338638305664,52.37338638305664,64.94000244140625,64.61000061035156,64.87000274658203,36734400
2019-03-27,52.397666931152344,52.397666931152344,64.97000122070312,64.30999755859375,64.88999938964844,21772300
2019-03-28,52.26818084716797,52.26818084716797,64.70999908447266,64.36000061035156,64.62999725341797,16531200
2019-03-29,52.48668670654297,52.48668670654297,64.9000015258789,64.56999969482422,64.87000274658203,23423900
2019-04-01,53.158355712890625,53.158355712890625,65.70999908447266,65.38999938964844,65.4800033569336,33228100
2019-04-02,53.17452621459961,53.17452621459961,65.73999786376953,65.43000030517578,65.5999984741211,18209100
2019-04-03,53.58723068237305,53.58723068237305,66.37999725341797,66.08999633789062,66.16999816894531,25471600
2019-04-04,53.47394561767578,53.47394561767578,66.12999725341797,65.95999908447266,65.98999786376953,23580500
2019-04-05,53.61150360107422,53.61150360107422,66.25,66.02999877929688,66.02999877929688,27828800
2019-04-08,53.64388656616211,53.64388656616211,66.29000091552734,66.08000183105469,66.23999786376953,21464100
2019-04-09,53.30400848388672,53.30400848388672,66.05999755859375,65.83999633789062,66.05000305175781,17074900
2019-04-10,53.506309509277344,53.506309509277344,66.13999938964844,65.87999725341797,65.95999908447266,25289300
2019-04-11,53.39302062988281,53.39302062988281,66.12999725341797,65.8499984741211,66.05000305175781,16309400
2019-04-12,53.76526641845703,53.76526641845703,66.47000122070312,66.29000091552734,66.41999816894531,31507700
2019-04-15,53.78954315185547,53.78954315185547,66.51000213623047,66.33000183105469,66.48999786376953,11608000
2019-04-16,53.83000564575195,53.83000564575195,66.73999786376953,66.47000122070312,66.7300033569336,19958100
2019-04-17,53.983760833740234,53.983760833740234,66.87000274658203,66.5999984741211,66.8499984741211,23540000
2019-04-18,53.951377868652344,53.951377868652344,66.75,66.51000213623047,66.70999908447266,21794000
2019-04-22,53.86238098144531,53.86238098144531,66.66999816894531,66.41999816894531,66.45999908447266,21336700
2019-04-23,53.96757507324219,53.96757507324219,66.72000122070312,66.4000015258789,66.44000244140625,17741400
2019-04-24,53.59532928466797,53.59532928466797,66.4000015258789,66.11000061035156,66.33999633789062,26417500
2019-04-25,53.554866790771484,53.554866790771484,66.19999694824219,65.95999908447266,66.0199966430664,16020300
2019-04-26,53.773353576660156,53.773353576660156,66.45999908447266,66.19999694824219,66.30000305175781,17705700
2019-04-29,53.991844177246094,53.991844177246094,66.73999786376953,66.43000030517578,66.4800033569336,16992700
2019-04-30,54.02421569824219,54.02421569824219,66.87000274658203,66.4800033569336,66.69999694824219,36645900
2019-05-01,53.71670913696289,53.71670913696289,66.9800033569336,66.33000183105469,66.86000061035156,25870800
2019-05-02,53.63578414916992,53.63578414916992,66.47000122070312,66.11000061035156,66.44000244140625,21120700
2019-05-03,54.2103385925293,54.2103385925293,66.98999786376953,66.55000305175781,66.58999633789062,22117400
2019-05-06,53.59532928466797,53.59532928466797,66.31999969482422,65.5,65.5199966430664,24641100
2019-05-07,52.656620025634766,52.656620025634766,65.69000244140625,64.86000061035156,65.62999725341797,30661400
2019-05-08,52.72135925292969,52.72135925292969,65.38999938964844,64.97000122070312,65.08999633789062,31028300
2019-05-09,52.47858810424805,52.47858810424805,64.91999816894531,64.2300033569336,64.44000244140625,28991500
2019-05-10,52.86701965332031,52.86701965332031,65.3499984741211,64.47000122070312,64.83999633789062,34968000
2019-05-13,51.636993408203125,51.636993408203125,64.22000122070312,63.709999084472656,64.12999725341797,42253200
2019-05-14,52.1548957824707,52.1548957824707,64.62000274658203,64.20999908447266,64.2699966430664,32214000
2019-05-15,52.34101867675781,52.34101867675781,64.79000091552734,63.95000076293945,63.97999954223633,39054900
2019-05-16,52.761817932128906,52.761817932128906,65.41000366210938,64.91000366210938,64.91999816894531,27414300
2019-05-17,52.41385269165039,52.41385269165039,65.11000061035156,64.72000122070312,64.80000305175781,35566300
2019-05-20,52.20344543457031,52.20344543457031,64.7300033569336,64.3499984741211,64.51000213623047,27914500
2019-05-21,52.55141830444336,52.55141830444336,65.02999877929688,64.69999694824219,64.86000061035156,20838900
2019-05-22,52.34101867675781,52.34101867675781,64.83000183105469,64.61000061035156,64.62000274658203,22818000
2019-05-23,51.86357116699219,51.86357116699219,64.16000366210938,63.81999969482422,64.0,29106800
2019-05-24,52.42194366455078,52.42194366455078,64.79000091552734,64.54000091552734,64.7699966430664,23320000
2019-05-28,51.91212844848633,51.91212844848633,64.83999633789062,64.12999725341797,64.7300033569336,32637000
2019-05-29,51.58034133911133,51.58034133911133,63.75,63.439998626708984,63.68000030517578,32910400
2019-05-30,51.77455520629883,51.77455520629883,63.9900016784668,63.7400016784668,63.81999969482422,28874300
2019-05-31,51.305206298828125,51.305206298828125,63.470001220703125,63.06999969482422,63.130001068115234,34278600
2019-06-03,51.604618072509766,51.604618072509766,63.869998931884766,63.40999984741211,63.59000015258789,36735900
2019-06-04,52.19536209106445,52.19536209106445,64.55999755859375,64.04000091552734,64.20999908447266,34241600
2019-06-05,52.179176330566406,52.179176330566406,64.80000305175781,64.37999725341797,64.79000091552734,19015300
2019-06-06,52.38957595825195,52.38957595825195,64.87999725341797,64.55999755859375,64.7300033569336,28586900
2019-06-07,53.053138732910156,53.053138732910156,65.7300033569336,65.33000183105469,65.36000061035156,31020100
2019-06-10,53.19880676269531,53.19880676269531,65.91999816894531,65.66999816894531,65.7300033569336,21435800
2019-06-11,53.465850830078125,53.465850830078125,66.36000061035156,65.9800033569336,66.33999633789062,22255000
2019-06-12,53.069332122802734,53.069332122802734,65.9000015258789,65.55000305175781,65.80999755859375,17110500
2019-06-13,53.11788558959961,53.11788558959961,65.7699966430664,65.47000122070312,65.73999786376953,24194500
2019-06-14,52.72945785522461,52.72945785522461,65.25,65.08999633789062,65.25,37202100
2019-06-17,52.767478942871094,52.767478942871094,63.959999084472656,63.7599983215332,63.79999923706055,22615800
2019-06-18,53.47016906738281,53.47016906738281,64.70999908447266,64.33000183105469,64.3499984741211,34024300
2019-06-19,53.80083465576172,53.80083465576172,65.19999694824219,64.77999877929688,64.83000183105469,25092700
2019-06-20,54.272056579589844,54.272056579589844,65.86000061035156,65.44000244140625,65.83000183105469,32817400
2019-06-21,54.040584564208984,54.040584564208984,65.55999755859375,65.31999969482422,65.37000274658203,25032400
2019-06-24,54.15631866455078,54.15631866455078,65.63999938964844,65.48999786376953,65.55999755859375,23238800
2019-06-25,53.83391189575195,53.83391189575195,65.5999984741211,65.12000274658203,65.58000183105469,24373000
2019-06-26,53.90003967285156,53.90003967285156,65.41000366210938,65.19999694824219,65.37000274658203,13170700
2019-06-27,54.032310485839844,54.032310485839844,65.47000122070312,65.33000183105469,65.37000274658203,14439800
2019-06-28,54.33818817138672,54.33818817138672,65.80000305175781,65.5999984741211,65.63999938964844,27667900
2019-07-01,54.59446334838867,54.59446334838867,66.38999938964844,65.87999725341797,66.38999938964844,25538600
2019-07-02,54.75153732299805,54.75153732299805,66.29000091552734,66.12999725341797,66.16999816894531,26045900
2019-07-03,55.12354278564453,55.12354278564453,66.72000122070312,66.55000305175781,66.58999633789062,14359300
2019-07-05,54.70192337036133,54.70192337036133,66.20999908447266,65.76000213623047,66.0999984741211,21696200
2019-07-08,54.387794494628906,54.387794494628906,65.91999816894531,65.75,65.80000305175781,15839500
2019-07-09,54.15631866455078,54.15631866455078,65.54000091552734,65.30000305175781,65.33000183105469,11661800
2019-07-10,54.34645462036133,54.34645462036133,65.93000030517578,65.62000274658203,65.81999969482422,15051500
2019-07-11,54.32992172241211,54.32992172241211,65.9000015258789,65.55000305175781,65.87000274658203,14023800
2019-07-12,54.39604949951172,54.39604949951172,65.80000305175781,65.58999633789062,65.69000244140625,14459500
2019-07-15,54.44565963745117,54.44565963745117,65.91999816894531,65.76000213623047,65.87000274658203,12363200
2019-07-16,54.22244644165039,54.22244644165039,65.80000305175781,65.52999877929688,65.66999816894531,23641400
2019-07-17,54.14805221557617,54.14805221557617,65.76000213623047,65.47000122070312,65.76000213623047,13318800
2019-07-18,54.31338119506836,54.31338119506836,65.69999694824219,65.18000030517578,65.25,18639700
2019-07-19,54.15631866455078,54.15631866455078,65.75,65.4800033569336,65.66999816894531,16908600
2019-07-22,54.21417999267578,54.21417999267578,65.66000366210938,65.47000122070312,65.5999984741211,15203900
2019-07-23,54.553123474121094,54.553123474121094,66.05000305175781,65.83999633789062,65.9800033569336,22078400
2019-07-24,54.59446334838867,54.59446334838867,66.04000091552734,65.80000305175781,65.80999755859375,11192500
2019-07-25,54.040584564208984,54.040584564208984,65.86000061035156,65.30000305175781,65.83999633789062,24288100
2019-07-26,54.14805221557617,54.14805221557617,65.5999984741211,65.47000122070312,65.55000305175781,16616500
2019-07-29,54.2637939453125,54.2637939453125,65.7300033569336,65.52999877929688,65.72000122070312,11655500
2019-07-30,53.635501861572266,53.635501861572266,64.94000244140625,64.7300033569336,64.9000015258789,24945300
2019-07-31,53.28002166748047,53.28002166748047,65.04000091552734,64.0,64.8499984741211,32619000
2019-08-01,53.13121795654297,53.13121795654297,65.06999969482422,64.01000213623047,64.52999877929688,38568600
2019-08-02,52.66001510620117,52.66001510620117,64.0199966430664,63.45000076293945,64.0199966430664,37778000
2019-08-05,51.345577239990234,51.345577239990234,62.779998779296875,61.83000183105469,62.779998779296875,54766700
2019-08-06,51.69278335571289,51.69278335571289,62.689998626708984,62.08000183105469,62.599998474121094,33907400
2019-08-07,51.89119338989258,51.89119338989258,62.88999938964844,62.09000015258789,62.27000045776367,41814700
2019-08-08,52.39546585083008,52.39546585083008,63.540000915527344,62.939998626708984,63.02000045776367,29156400
2019-08-09,52.03172302246094,52.03172302246094,63.2400016784668,62.790000915527344,63.189998626708984,23227400
2019-08-12,51.61838150024414,51.61838150024414,62.869998931884766,62.33000183105469,62.689998626708984,21906000
2019-08-13,52.10612869262695,52.10612869262695,63.20000076293945,62.2599983215332,62.31999969482422,30781900
2019-08-14,50.67595672607422,50.67595672607422,61.939998626708984,61.29999923706055,61.86000061035156,39692900
2019-08-15,50.84955978393555,50.84955978393555,61.70000076293945,61.2599983215332,61.58000183105469,40936100
2019-08-16,51.4613151550293,51.4613151550293,62.310001373291016,61.86000061035156,61.86000061035156,22856400
2019-08-19,51.77545166015625,51.77545166015625,62.849998474121094,62.619998931884766,62.81999969482422,22998600
2019-08-20,51.60184860229492,51.60184860229492,62.630001068115234,62.34000015258789,62.61000061035156,21710200
2019-08-21,51.96559143066406,51.96559143066406,63.099998474121094,62.86000061035156,63.099998474121094,25971800
2019-08-22,51.866390228271484,51.866390228271484,62.970001220703125,62.5099983215332,62.88999938964844,20505100
2019-08-23,51.22157287597656,51.22157287597656,63.0099983215332,61.95000076293945,62.59000015258789,34410500
2019-08-26,51.643184661865234,51.643184661865234,62.61000061035156,62.2599983215332,62.59000015258789,27774800
2019-08-27,51.60184860229492,51.60184860229492,62.81999969482422,62.41999816894531,62.77000045776367,24511400
2019-08-28,51.60184860229492,51.60184860229492,62.630001068115234,62.09000015258789,62.27000045776367,25028400
2019-08-29,52.04825973510742,52.04825973510742,63.09000015258789,62.79999923706055,63.02000045776367,19046700
2019-08-30,52.25493240356445,52.25493240356445,63.41999816894531,62.93000030517578,63.400001525878906,33527300
2019-09-03,52.15572738647461,52.15572738647461,63.099998474121094,62.779998779296875,62.849998474121094,33998200
2019-09-04,52.8914794921875,52.8914794921875,63.97999954223633,63.65999984741211,63.7400016784668,25619300
2019-09-05,53.17255783081055,53.17255783081055,64.56999969482422,64.30999755859375,64.43000030517578,22265900
2019-09-06,53.34615707397461,53.34615707397461,64.69000244140625,64.45999908447266,64.51000213623047,21338300
2019-09-09,53.50323486328125,53.50323486328125,64.7300033569336,64.56999969482422,64.7300033569336,15965600
2019-09-10,53.59416580200195,53.59416580200195,64.88999938964844,64.47000122070312,64.5999984741211,19028800
2019-09-11,53.89177703857422,53.89177703857422,65.20999908447266,64.95999908447266,65.0199966430664,18413200
2019-09-12,54.20591735839844,54.20591735839844,65.66000366210938,65.1500015258789,65.23999786376953,30292200
2019-09-13,54.51179122924805,54.51179122924805,66.08000183105469,65.80000305175781,65.88999938964844,22132200
2019-09-16,54.02404022216797,54.02404022216797,65.56999969482422,65.30999755859375,65.52999877929688,31083600
2019-09-17,54.20591735839844,54.20591735839844,65.62000274658203,65.19000244140625,65.25,23554300
2019-09-18,54.139774322509766,54.139774322509766,65.58000183105469,65.11000061035156,65.41000366210938,17807600
2019-09-19,54.32164764404297,54.32164764404297,65.94000244140625,65.69000244140625,65.83000183105469,18972500
2019-09-20,54.19765090942383,54.19765090942383,65.9000015258789,65.4800033569336,65.79000091552734,35368700
2019-09-23,54.05710983276367,54.05710983276367,65.44000244140625,65.12999725341797,65.19999694824219,15457000
2019-09-24,53.85043716430664,53.85043716430664,65.61000061035156,65.0999984741211,65.55000305175781,32233100
2019-09-25,53.69336700439453,53.69336700439453,65.05000305175781,64.55999755859375,64.79000091552734,21342600
2019-09-26,53.89177703857422,53.89177703857422,65.3499984741211,65.08000183105469,65.30000305175781,25098000
2019-09-27,53.709903717041016,53.709903717041016,65.30000305175781,64.83000183105469,65.19000244140625,20607400
2019-09-30,53.90829849243164,53.90829849243164,65.23999786376953,64.94999694824219,64.97000122070312,25423400
2019-10-01,53.37922668457031,53.37922668457031,65.06999969482422,64.45999908447266,65.0199966430664,42550500
2019-10-02,52.287994384765625,52.287994384765625,63.779998779296875,63.099998474121094,63.72999954223633,43464100
2019-10-03,52.63520431518555,52.63520431518555,63.689998626708984,62.97999954223633,63.2599983215332,39571700
2019-10-04,53.048553466796875,53.048553466796875,64.19999694824219,63.68000030517578,63.720001220703125,18837500
2019-10-07,52.982421875,52.982421875,64.41000366210938,64.08000183105469,64.12000274658203,19228000
2019-10-08,52.48640823364258,52.48640823364258,63.810001373291016,63.439998626708984,63.7599983215332,27797800
2019-10-09,52.86669158935547,52.86669158935547,64.08000183105469,63.77000045776367,63.91999816894531,22989500
2019-10-10,53.23869323730469,53.23869323730469,64.43000030517578,63.880001068115234,63.91999816894531,25532400
2019-10-11,54.189388275146484,54.189388275146484,65.81999969482422,65.37000274658203,65.37000274658203,37665600
2019-10-14,53.9661750793457,53.9661750793457,65.41000366210938,65.19999694824219,65.23999786376953,12662000
2019-10-15,54.59446334838867,54.59446334838867,66.25,65.51000213623047,65.55999755859375,24932600
2019-10-16,54.677127838134766,54.677127838134766,66.29000091552734,65.97000122070312,66.0199966430664,28518700
2019-10-17,54.80939865112305,54.80939865112305,66.52999877929688,66.12999725341797,66.4800033569336,26853900
2019-10-18,54.78459548950195,54.78459548950195,66.37999725341797,66.01000213623047,66.20999908447266,21446100
2019-10-21,55.08219909667969,55.08219909667969,66.75,66.58999633789062,66.70999908447266,29016200
2019-10-22,54.94993591308594,54.94993591308594,66.91000366210938,66.45999908447266,66.68000030517578,21293000
2019-10-23,55.24754333496094,55.24754333496094,66.83000183105469,66.5199966430664,66.5999984741211,14206200
2019-10-24,55.34674835205078,55.34674835205078,67.08000183105469,66.81999969482422,67.06999969482422,23429100
2019-10-25,55.404605865478516,55.404605865478516,67.06999969482422,66.75,66.76000213623047,17184200
2019-10-28,55.652610778808594,55.652610778808594,67.33999633789062,67.11000061035156,67.12000274658203,16490600
2019-10-29,55.636085510253906,55.636085510253906,67.33000183105469,67.02999877929688,67.05999755859375,15251900
2019-10-30,55.86756134033203,55.86756134033203,67.58000183105469,66.91999816894531,67.23999786376953,22592900
2019-10-31,55.735286712646484,55.735286712646484,67.41999816894531,67.11000061035156,67.37000274658203,22047900
2019-11-01,56.231300354003906,56.231300354003906,68.0199966430664,67.80999755859375,67.8499984741211,32338600
2019-11-04,56.52064514160156,56.52064514160156,68.52999877929688,68.2300033569336,68.4800033569336,20429900
2019-11-05,56.413169860839844,56.413169860839844,68.3499984741211,68.11000061035156,68.29000091552734,15727300
2019-11-06,56.38837432861328,56.38837432861328,68.37999725341797,68.11000061035156,68.30999755859375,16600200
2019-11-07,56.56197738647461,56.56197738647461,68.63999938964844,68.38999938964844,68.58999633789062,21271500
2019-11-08,56.528907775878906,56.528907775878906,68.37999725341797,68.02999877929688,68.18000030517578,10298800
2019-11-11,56.45450973510742,56.45450973510742,68.30999755859375,68.0199966430664,68.0199966430664,8544000
2019-11-12,56.47930908203125,56.47930908203125,68.45999908447266,68.18000030517578,68.27999877929688,18570100
2019-11-13,56.28090286254883,56.28090286254883,68.12000274658203,67.81999969482422,67.83999633789062,21006500
2019-11-14,56.12382125854492,56.12382125854492,67.93000030517578,67.66000366210938,67.7300033569336,17870900
2019-11-15,56.47930908203125,56.47930908203125,68.31999969482422,68.05000305175781,68.05000305175781,23494600
2019-11-18,56.545448303222656,56.545448303222656,68.45999908447266,68.12999725341797,68.23999786376953,20587500
2019-11-19,56.47104263305664,56.47104263305664,68.62999725341797,68.22000122070312,68.5999984741211,18664800
2019-11-20,56.11557388305664,56.11557388305664,68.0999984741211,67.68000030517578,67.94000244140625,20655200
2019-11-21,56.041168212890625,56.041168212890625,67.9000015258789,67.62000274658203,67.87000274658203,14293400
2019-11-22,56.198238372802734,56.198238372802734,68.11000061035156,67.81999969482422,68.05999755859375,14969300
2019-11-25,56.64464569091797,56.64464569091797,68.5199966430664,68.27999877929688,68.27999877929688,19329100
2019-11-26,56.61157989501953,56.61157989501953,68.54000091552734,68.36000061035156,68.41000366210938,24276000
2019-11-27,56.7603759765625,56.7603759765625,68.69000244140625,68.54000091552734,68.56999969482422,16942100
2019-11-29,56.36357116699219,56.36357116699219,68.33999633789062,68.13999938964844,68.22000122070312,11587200
2019-12-02,56.07422637939453,56.07422637939453,68.13999938964844,67.52999877929688,68.0999984741211,38855400
2019-12-03,55.86756134033203,55.86756134033203,67.62000274658203,67.0199966430664,67.2300033569336,28161500
2019-12-04,56.38010025024414,56.38010025024414,68.20999908447266,67.94000244140625,68.0,21762200
2019-12-05,56.27263259887695,56.27263259887695,68.23999786376953,67.95999908447266,68.23999786376953,21039700
2019-12-06,56.78518295288086,56.78518295288086,68.70999908447266,68.55000305175781,68.62000274658203,23179600
2019-12-09,56.48757553100586,56.48757553100586,68.68000030517578,68.33000183105469,68.56999969482422,21946200
2019-12-10,56.51237487792969,56.51237487792969,68.5,68.13999938964844,68.26000213623047,23419000
2019-12-11,56.80998229980469,56.80998229980469,68.79000091552734,68.37000274658203,68.38999938964844,16546800
2019-12-12,57.19025802612305,57.19025802612305,69.25,68.5999984741211,68.63999938964844,30690900
2019-12-13,57.58706283569336,57.58706283569336,69.9800033569336,69.4000015258789,69.55999755859375,46988400
2019-12-16,58.20237350463867,58.20237350463867,69.70999908447266,69.51000213623047,69.5999984741211,34004700
2019-12-17,57.86796188354492,57.86796188354492,69.4000015258789,69.22000122070312,69.30000305175781,28111100
2019-12-18,57.79273223876953,57.79273223876953,69.20999908447266,69.01000213623047,69.13999938964844,18590900
2019-12-19,57.79273223876953,57.79273223876953,69.1500015258789,68.93000030517578,68.98999786376953,25939200
2019-12-20,57.83451843261719,57.83451843261719,69.31999969482422,69.16000366210938,69.29000091552734,38587700
2019-12-23,57.926483154296875,57.926483154296875,69.33000183105469,69.18000030517578,69.23999786376953,21313800
2019-12-24,57.86796188354492,57.86796188354492,69.27999877929688,69.16000366210938,69.27999877929688,5947000
2019-12-26,58.11875915527344,58.11875915527344,69.54000091552734,69.2699966430664,69.3499984741211,8372000
2019-12-27,58.219093322753906,58.219093322753906,69.8499984741211,69.58999633789062,69.83999633789062,16281600
2019-12-30,57.78437423706055,57.78437423706055,69.7699966430664,69.0999984741211,69.76000213623047,24069000
2019-12-31,58.0518913269043,58.0518913269043,69.4800033569336,68.97000122070312,69.19000244140625,20142100
2020-01-02,58.637081146240234,58.637081146240234,70.16000366210938,69.83999633789062,69.95999908447266,24749300
2020-01-03,57.90975570678711,57.90975570678711,69.69999694824219,69.19000244140625,69.19000244140625,29921500
2020-01-06,58.1354866027832,58.1354866027832,69.56999969482422,69.1500015258789,69.16000366210938,22636400
2020-01-07,57.97664260864258,57.97664260864258,69.54000091552734,69.30000305175781,69.5199966430664,15107500
2020-01-08,58.14384460449219,58.14384460449219,69.73999786376953,69.26000213623047,69.2699966430664,14249500
2020-01-09,58.277610778808594,58.277610778808594,69.75,69.54000091552734,69.68000030517578,13749100
2020-01-10,58.06024932861328,58.06024932861328,69.77999877929688,69.37000274658203,69.66000366210938,33832300
2020-01-13,58.3612060546875,58.3612060546875,69.8499984741211,69.37000274658203,69.51000213623047,16443000
2020-01-14,58.419715881347656,58.419715881347656,70.0,69.66999816894531,69.68000030517578,28826600
2020-01-15,58.419715881347656,58.419715881347656,69.98999786376953,69.79000091552734,69.81999969482422,12217900
2020-01-16,58.66215515136719,58.66215515136719,70.19999694824219,69.91000366210938,69.98999786376953,12883400
2020-01-17,58.83772659301758,58.83772659301758,70.41999816894531,70.20999908447266,70.36000061035156,18473700
2020-01-21,58.36954879760742,58.36954879760742,70.13999938964844,69.80999755859375,70.05999755859375,20026600
2020-01-22,58.48660659790039,58.48660659790039,70.16000366210938,69.91000366210938,70.13999938964844,14047000
2020-01-23,58.34450149536133,58.34450149536133,69.86000061035156,69.36000061035156,69.69999694824219,18720200
2020-01-24,58.09368133544922,58.09368133544922,70.08000183105469,69.37000274658203,70.08000183105469,24107500
2020-01-27,56.88983917236328,56.88983917236328,68.41999816894531,68.05000305175781,68.1500015258789,32766700
2020-01-28,57.42487716674805,57.42487716674805,68.73999786376953,68.26000213623047,68.36000061035156,18001700
2020-01-29,57.43324279785156,57.43324279785156,68.93000030517578,68.5999984741211,68.81999969482422,14916600
2020-01-30,57.38307571411133,57.38307571411133,68.66999816894531,67.9800033569336,68.1500015258789,26285300
2020-01-31,56.4133186340332,56.4133186340332,68.02999877929688,67.26000213623047,68.0,40101600
2020-02-03,56.54708480834961,56.54708480834961,67.98999786376953,67.5999984741211,67.66999816894531,35288000
2020-02-04,57.49176025390625,57.49176025390625,68.87000274658203,68.58999633789062,68.66000366210938,32540000
2020-02-05,58.04352569580078,58.04352569580078,69.4800033569336,69.19999694824219,69.43000030517578,28162100
2020-02-06,58.20237350463867,58.20237350463867,69.68000030517578,69.5,69.63999938964844,23422500
2020-02-07,57.65060043334961,57.65060043334961,69.25,68.94000244140625,69.20999908447266,22188200
2020-02-10,57.767642974853516,57.767642974853516,69.12999725341797,68.8499984741211,68.8499984741211,13957600
2020-02-11,58.160560607910156,58.160560607910156,69.70999908447266,69.43000030517578,69.58000183105469,16040600
2020-02-12,58.3612060546875,58.3612060546875,69.86000061035156,69.68000030517578,69.80000305175781,13218100
2020-02-13,57.951560974121094,57.951560974121094,69.51000213623047,69.0999984741211,69.18000030517578,20113100
2020-02-14,57.851234436035156,57.851234436035156,69.33000183105469,69.0199966430664,69.30999755859375,15005100
2020-02-18,57.48340606689453,57.48340606689453,68.9000015258789,68.62000274658203,68.69999694824219,29201900
2020-02-19,57.67569351196289,57.67569351196289,69.11000061035156,68.94000244140625,69.0,16232700
2020-02-20,57.332923889160156,57.332923889160156,68.87000274658203,68.19000244140625,68.72000122070312,24607700
2020-02-21,57.065406799316406,57.065406799316406,68.41999816894531,68.05999755859375,68.36000061035156,24361900
2020-02-24,54.783119201660156,54.783119201660156,66.02999877929688,65.5,65.51000213623047,51653500
2020-02-25,53.88024139404297,53.88024139404297,65.88999938964844,64.3499984741211,65.83000183105469,55520000
2020-02-26,53.947120666503906,53.947120666503906,65.43000030517578,64.4800033569336,65.0,64966000
2020-02-27,52.35035705566406,52.35035705566406,64.19999694824219,62.59000015258789,63.5099983215332,80201400
2020-02-28,52.032684326171875,52.032684326171875,62.349998474121094,60.66999816894531,61.2599983215332,122342000
2020-03-02,52.70147705078125,52.70147705078125,63.16999816894531,61.709999084472656,62.22999954223633,78735900
2020-03-03,52.275115966796875,52.275115966796875,64.2699966430664,62.04999923706055,63.56999969482422,77691700
2020-03-04,53.83844757080078,53.83844757080078,64.47000122070312,63.099998474121094,63.630001068115234,41681700
2020-03-05,52.40888214111328,52.40888214111328,63.369998931884766,62.40999984741211,62.959999084472656,46294000
2020-03-06,51.62303924560547,51.62303924560547,62.099998474121094,61.15999984741211,61.560001373291016,64277200
2020-03-09,47.61859130859375,47.61859130859375,58.810001373291016,56.7599983215332,57.630001068115234,68431000
2020-03-10,49.37419891357422,49.37419891357422,59.369998931884766,57.189998626708984,59.20000076293945,110061600
2020-03-11,46.85784149169922,46.85784149169922,57.689998626708984,55.689998626708984,57.540000915527344,77459000
2020-03-12,41.70806884765625,41.70806884765625,51.959999084472656,49.209999084472656,51.79999923706055,91385100
2020-03-13,44.23279571533203,44.23279571533203,53.29999923706055,49.77000045776367,53.119998931884766,73588700
2020-03-16,39.66823196411133,39.66823196411133,49.06999969482422,45.77000045776367,46.59000015258789,54122400
2020-03-17,41.599388122558594,41.599388122558594,49.900001525878906,47.36000061035156,48.119998931884766,55045400
2020-03-18,39.216793060302734,39.216793060302734,48.119998931884766,45.72999954223633,46.68000030517578,74919600
2020-03-19,39.82706832885742,39.82706832885742,48.70000076293945,46.459999084472656,46.86000061035156,65863000
2020-03-20,39.33383560180664,39.33383560180664,49.38999938964844,47.0,48.869998931884766,62803000
2020-03-23,38.87403106689453,38.87403106689453,47.630001068115234,46.189998626708984,47.34000015258789,61708000
2020-03-24,42.167869567871094,42.167869567871094,50.810001373291016,49.43000030517578,50.029998779296875,51118500
2020-03-25,43.53891372680664,43.53891372680664,52.90999984741211,50.279998779296875,51.0,60405600
2020-03-26,45.486793518066406,45.486793518066406,54.5,52.380001068115234,52.380001068115234,60511800
2020-03-27,44.19099807739258,44.19099807739258,53.7400016784668,52.040000915527344,52.439998626708984,53372400
2020-03-30,45.085514068603516,45.085514068603516,53.970001220703125,52.70000076293945,53.04999923706055,45987700
2020-03-31,44.692596435546875,44.692596435546875,53.939998626708984,52.79999923706055,53.09000015258789,64906600
2020-04-01,42.711273193359375,42.711273193359375,52.27000045776367,51.04999923706055,51.72999954223633,40960200
2020-04-02,43.547279357910156,43.547279357910156,52.29999923706055,51.0099983215332,51.16999816894531,38008700
2020-04-03,42.552433013916016,42.552433013916016,51.470001220703125,50.59000015258789,51.2599983215332,33029800
2020-04-06,44.80963134765625,44.80963134765625,53.79999923706055,52.59000015258789,52.75,42257500
2020-04-07,45.0604362487793,45.0604362487793,55.4900016784668,53.79999923706055,55.41999816894531,36678000
2020-04-08,45.42827606201172,45.42827606201172,54.58000183105469,53.599998474121094,54.04999923706055,35282900
2020-04-09,46.45655822753906,46.45655822753906,55.77000045776367,55.0,55.18000030517578,42218200
2020-04-13,46.01347732543945,46.01347732543945,55.4900016784668,54.619998931884766,55.400001525878906,33424700
2020-04-14,46.832759857177734,46.832759857177734,56.43000030517578,55.810001373291016,55.91999816894531,36915600
2020-04-15,45.3697509765625,45.3697509765625,54.70000076293945,54.119998931884766,54.45000076293945,30158700
2020-04-16,45.39482879638672,45.39482879638672,54.560001373291016,53.779998779296875,54.47999954223633,37284200
2020-04-17,46.598670959472656,46.598670959472656,55.810001373291016,55.119998931884766,55.599998474121094,36205100
2020-04-20,45.90479278564453,45.90479278564453,55.77000045776367,54.900001525878906,55.060001373291016,25077400
2020-04-21,45.01027297973633,45.01027297973633,54.52000045776367,53.66999816894531,54.099998474121094,35535300
2020-04-22,45.77103805541992,45.77103805541992,54.869998931884766,54.5099983215332,54.7599983215332,28732700
2020-04-23,45.628910064697266,45.628910064697266,55.650001525878906,54.45000076293945,54.86000061035156,34733400
2020-04-24,46.15559005737305,46.15559005737305,55.2599983215332,54.56999969482422,54.9900016784668,30445100
2020-04-27,46.7658805847168,46.7658805847168,56.06999969482422,55.4900016784668,55.58000183105469,30786900
2020-04-28,47.11700439453125,47.11700439453125,57.099998474121094,56.31999969482422,57.08000183105469,35115400
2020-04-29,48.29576110839844,48.29576110839844,57.970001220703125,57.40999984741211,57.540000915527344,34921800
2020-04-30,47.29255676269531,47.29255676269531,57.09000015258789,56.2599983215332,56.9900016784668,52183100
2020-05-01,46.26427459716797,46.26427459716797,55.810001373291016,55.11000061035156,55.72999954223633,32088300
2020-05-04,46.247554779052734,46.247554779052734,55.33000183105469,54.70000076293945,54.91999816894531,23432000
2020-05-05,46.331153869628906,46.331153869628906,55.939998626708984,55.33000183105469,55.72999954223633,23459100
2020-05-06,46.03019332885742,46.03019332885742,55.88999938964844,55.060001373291016,55.849998474121094,22596000
2020-05-07,46.72407150268555,46.72407150268555,56.15999984741211,55.619998931884766,55.869998931884766,30628700
2020-05-08,47.51827621459961,47.51827621459961,56.849998474121094,56.4900016784668,56.58000183105469,20445800
2020-05-11,47.47647476196289,47.47647476196289,56.95000076293945,56.40999984741211,56.5,30772300
2020-05-12,46.87455368041992,46.87455368041992,57.02000045776367,56.06999969482422,56.959999084472656,59246700
2020-05-13,46.515071868896484,46.515071868896484,56.41999816894531,55.369998931884766,56.40999984741211,31920300
2020-05-14,46.07199478149414,46.07199478149414,55.189998626708984,54.0099983215332,54.349998474121094,41217500
2020-05-15,46.11379623413086,46.11379623413086,55.380001068115234,54.79999923706055,55.040000915527344,34086000
2020-05-18,47.97808074951172,47.97808074951172,57.52000045776367,56.529998779296875,56.560001373291016,39999500
2020-05-19,47.317630767822266,47.317630767822266,57.22999954223633,56.59000015258789,56.970001220703125,31462400
2020-05-20,48.304115295410156,48.304115295410156,58.060001373291016,57.54999923706055,57.68000030517578,32827600
2020-05-21,47.743995666503906,47.743995666503906,57.75,56.939998626708984,57.59000015258789,27554400
2020-05-22,47.61023712158203,47.61023712158203,56.9900016784668,56.58000183105469,56.83000183105469,27513100
2020-05-26,48.97291564941406,48.97291564941406,58.90999984741211,58.540000915527344,58.689998626708984,46679700
2020-05-27,49.56647872924805,49.56647872924805,59.34000015258789,58.66999816894531,59.310001373291016,33723400
2020-05-28,50.03464126586914,50.03464126586914,60.52000045776367,59.81999969482422,60.060001373291016,40630200
2020-05-29,49.859073638916016,49.859073638916016,59.79999923706055,59.0099983215332,59.7599983215332,47437100
2020-06-01,50.97096252441406,50.97096252441406,60.9900016784668,60.08000183105469,60.130001068115234,30195300
2020-06-02,51.44748306274414,51.44748306274414,61.65999984741211,61.25,61.34000015258789,31663000
2020-06-03,52.676395416259766,52.676395416259766,63.189998626708984,62.29999923706055,62.31999969482422,29773100
2020-06-04,52.450679779052734,52.450679779052734,63.119998931884766,62.56999969482422,62.61000061035156,26190300
2020-06-05,53.35356903076172,53.35356903076172,64.31999969482422,63.70000076293945,63.97999954223633,31208000
2020-06-08,54.04743957519531,54.04743957519531,64.66000366210938,63.790000915527344,64.16999816894531,29644000
2020-06-09,53.34520721435547,53.34520721435547,64.02999877929688,63.45000076293945,63.540000915527344,30176500
2020-06-10,53.228153228759766,53.228153228759766,64.22000122070312,63.43000030517578,64.04000091552734,27492200
2020-06-11,50.377403259277344,50.377403259277344,62.18000030517578,60.130001068115234,61.97999954223633,54699700
2020-06-12,51.2468376159668,51.2468376159668,62.0099983215332,60.439998626708984,61.86000061035156,57668900
2020-06-15,51.45711135864258,51.45711135864258,60.84000015258789,59.130001068115234,59.31999969482422,30698700
2020-06-16,52.093013763427734,52.093013763427734,62.02000045776367,60.7599983215332,61.900001525878906,37029400
2020-06-17,52.28801727294922,52.28801727294922,62.02000045776367,61.4900016784668,61.91999816894531,26238300
2020-06-18,52.00822830200195,52.00822830200195,61.54999923706055,61.04999923706055,61.16999816894531,20035700
2020-06-19,51.753868103027344,51.753868103027344,62.060001373291016,60.95000076293945,62.040000915527344,32270800
2020-06-22,52.3728141784668,52.3728141784668,61.849998474121094,61.209999084472656,61.45000076293945,20743000
2020-06-23,52.66108703613281,52.66108703613281,62.61000061035156,62.040000915527344,62.4900016784668,20897800
2020-06-24,51.31297302246094,51.31297302246094,61.529998779296875,60.34000015258789,61.38999938964844,34030900
2020-06-25,52.04213333129883,52.04213333129883,61.439998626708984,60.29999923706055,60.58000183105469,26357100
2020-06-26,51.28753662109375,51.28753662109375,61.290000915527344,60.400001525878906,61.22999954223633,32279300
2020-06-29,51.7029914855957,51.7029914855957,61.099998474121094,60.439998626708984,60.790000915527344,23749700
2020-06-30,51.60972595214844,51.60972595214844,61.099998474121094,60.45000076293945,60.54999923706055,32612900
2020-07-01,51.80473709106445,51.80473709106445,61.290000915527344,60.75,60.79999923706055,25243100
2020-07-02,52.3728141784668,52.3728141784668,62.2599983215332,61.68000030517578,61.95000076293945,20854100
2020-07-06,53.22915267944336,53.22915267944336,62.88999938964844,62.45000076293945,62.70000076293945,21537100
2020-07-07,52.449119567871094,52.449119567871094,62.47999954223633,61.84000015258789,62.209999084472656,17394200
2020-07-08,52.8900032043457,52.8900032043457,62.40999984741211,61.7599983215332,61.869998931884766,17363400
2020-07-09,52.28801727294922,52.28801727294922,62.29999923706055,61.25,62.290000915527344,26098200
2020-07-10,52.84761428833008,52.84761428833008,62.36000061035156,61.72999954223633,61.91999816894531,22008800
2020-07-13,52.50846862792969,52.50846862792969,63.029998779296875,61.84000015258789,62.68000030517578,20515500
2020-07-14,53.28002166748047,53.28002166748047,62.90999984741211,61.97999954223633,62.04999923706055,35121300
2020-07-15,53.88201141357422,53.88201141357422,63.9900016784668,63.380001068115234,63.790000915527344,28888600
2020-07-16,53.53438949584961,53.53438949584961,63.40999984741211,63.029998779296875,63.150001525878906,24677200
2020-07-17,53.84809112548828,53.84809112548828,63.52000045776367,63.130001068115234,63.290000915527344,19641800
2020-07-20,54.110939025878906,54.110939025878906,63.84000015258789,63.33000183105469,63.5099983215332,17996600
2020-07-21,54.221153259277344,54.221153259277344,64.31999969482422,63.90999984741211,64.1500015258789,21179700
2020-07-22,54.365299224853516,54.365299224853516,64.20999908447266,63.84000015258789,63.95000076293945,18023400
2020-07-23,53.93288040161133,53.93288040161133,64.22000122070312,63.45000076293945,63.970001220703125,16080700
2020-07-24,53.63612747192383,53.63612747192383,63.459999084472656,63.08000183105469,63.220001220703125,16017900
2020-07-27,54.33985900878906,54.33985900878906,64.19999694824219,63.810001373291016,63.869998931884766,16368200
2020-07-28,53.99223327636719,53.99223327636719,64.05000305175781,63.650001525878906,63.75,20470300
2020-07-29,54.560302734375,54.560302734375,64.45999908447266,63.84000015258789,63.970001220703125,20055900
2020-07-30,53.75483322143555,53.75483322143555,63.52000045776367,62.310001373291016,62.83000183105469,24664100
2020-07-31,52.61021041870117,52.61021041870117,63.02000045776367,61.65999984741211,63.0099983215332,36002300
2020-08-03,53.63612747192383,53.63612747192383,63.27000045776367,62.540000915527344,62.689998626708984,23609700
2020-08-04,53.93288040161133,53.93288040161133,63.61000061035156,62.939998626708984,62.970001220703125,16236800
2020-08-05,54.110939025878906,54.110939025878906,64.26000213623047,63.72999954223633,64.08999633789062,17901300
2020-08-06,54.1702880859375,54.1702880859375,63.9900016784668,63.400001525878906,63.56999969482422,17210500
2020-08-07,53.94984817504883,53.94984817504883,63.63999938964844,63.20000076293945,63.27000045776367,14988900
2020-08-10,54.127891540527344,54.127891540527344,63.849998474121094,63.470001220703125,63.68000030517578,10049000
2020-08-11,54.322906494140625,54.322906494140625,64.97000122070312,64.0199966430664,64.93000030517578,31465500
2020-08-12,55.526878356933594,55.526878356933594,65.76000213623047,65.26000213623047,65.3499984741211,28638500
2020-08-13,55.2809944152832,55.2809944152832,65.58000183105469,65.01000213623047,65.41000366210938,17783100
2020-08-14,54.94185256958008,54.94185256958008,64.94000244140625,64.62000274658203,64.73999786376953,10874100
2020-08-17,55.3572998046875,55.3572998046875,65.31999969482422,65.0999984741211,65.11000061035156,11429900
2020-08-18,55.32339096069336,55.32339096069336,65.62000274658203,65.05999755859375,65.52999877929688,23832500
2020-08-19,55.0775032043457,55.0775032043457,65.62000274658203,64.91999816894531,65.54000091552734,15591900
2020-08-20,54.899452209472656,54.899452209472656,64.86000061035156,64.29000091552734,64.3499984741211,19825800
2020-08-21,54.61965560913086,54.61965560913086,64.43000030517578,63.97999954223633,64.01000213623047,15926400
2020-08-24,55.3403434753418,55.3403434753418,65.4000015258789,65.0,65.38999938964844,14627700
2020-08-25,55.3742561340332,55.3742561340332,65.63999938964844,64.95999908447266,65.62999725341797,18507500
2020-08-26,55.69645309448242,55.69645309448242,65.7699966430664,65.26000213623047,65.33999633789062,19549800
2020-08-27,55.12837600708008,55.12837600708008,65.76000213623047,64.77999877929688,65.7300033569336,24413900
2020-08-28,55.518402099609375,55.518402099609375,65.51000213623047,65.05999755859375,65.41000366210938,15197300
2020-08-31,55.0944709777832,55.0944709777832,65.5199966430664,64.94999694824219,65.30999755859375,24929800
2020-09-01,55.15381622314453,55.15381622314453,65.18000030517578,64.76000213623047,65.0199966430664,23945500
2020-09-02,55.89146041870117,55.89146041870117,65.97000122070312,65.2699966430664,65.5199966430664,20748400
2020-09-03,54.62813186645508,54.62813186645508,65.7699966430664,64.16000366210938,65.70999908447266,43834300
2020-09-04,54.704437255859375,54.704437255859375,64.8499984741211,63.349998474121094,64.69000244140625,33992800
2020-09-08,54.034629821777344,54.034629821777344,64.2699966430664,63.5,63.72999954223633,26869600
2020-09-09,55.04359436035156,55.04359436035156,65.16000366210938,64.62999725341797,64.75,23374000
2020-09-10,54.399227142333984,54.399227142333984,65.37000274658203,64.16000366210938,65.2699966430664,30361000
2020-09-11,54.94185256958008,54.94185256958008,65.13999938964844,64.52999877929688,64.94999694824219,29958900
2020-09-14,55.23860168457031,55.23860168457031,65.44999694824219,65.0999984741211,65.3499984741211,14663300
2020-09-15,55.59471130371094,55.59471130371094,65.83999633789062,65.43000030517578,65.80999755859375,17678700
2020-09-16,55.59471130371094,55.59471130371094,66.0199966430664,65.44999694824219,65.76000213623047,18052600
2020-09-17,55.67101287841797,55.67101287841797,65.68000030517578,65.12000274658203,65.18000030517578,18149700
2020-09-18,55.221641540527344,55.221641540527344,65.5,64.91000366210938,65.47000122070312,27897500
2020-09-21,53.822662353515625,53.822662353515625,63.560001373291016,62.79999923706055,63.5099983215332,39928700
2020-09-22,53.80569839477539,53.80569839477539,63.54999923706055,62.88999938964844,63.47999954223633,15810800
2020-09-23,53.35633087158203,53.35633087158203,63.880001068115234,62.86000061035156,63.84000015258789,18325800
2020-09-24,53.30546569824219,53.30546569824219,63.279998779296875,62.45000076293945,62.77000045776367,25234900
2020-09-25,53.483516693115234,53.483516693115234,63.099998474121094,62.13999938964844,62.33000183105469,24180700
2020-09-28,54.28899002075195,54.28899002075195,64.05000305175781,63.779998779296875,63.88999938964844,18102700
2020-09-29,54.22964096069336,54.22964096069336,64.2300033569336,63.720001220703125,64.02999877929688,16168300
2020-09-30,53.966796875,53.966796875,64.12999725341797,63.43000030517578,63.720001220703125,37083000
2020-10-01,54.28050994873047,54.28050994873047,64.06999969482422,63.63999938964844,64.0,33266700
2020-10-02,54.1702880859375,54.1702880859375,64.05000305175781,63.20000076293945,63.2400016784668,25285500
2020-10-05,54.99272155761719,54.99272155761719,64.87999725341797,64.38999938964844,64.41000366210938,14564100
2020-10-06,54.407684326171875,54.407684326171875,64.94999694824219,64.04000091552734,64.91000366210938,22901400
2020-10-07,54.87401580810547,54.87401580810547,64.80999755859375,64.48999786376953,64.62000274658203,17055500
2020-10-08,55.255558013916016,55.255558013916016,65.19000244140625,64.94000244140625,65.01000213623047,13385000
2020-10-09,55.68797302246094,55.68797302246094,65.72000122070312,65.41999816894531,65.51000213623047,22181600
2020-10-12,56.010162353515625,56.010162353515625,66.11000061035156,65.7699966430664,65.83000183105469,9676100
2020-10-13,55.38274002075195,55.38274002075195,65.5199966430664,65.19000244140625,65.5199966430664,16260500
2020-10-14,55.28947448730469,55.28947448730469,65.63999938964844,65.1500015258789,65.52999877929688,13144000
2020-10-15,54.636619567871094,54.636619567871094,64.5,63.91999816894531,63.939998626708984,20631800
2020-10-16,54.89097213745117,54.89097213745117,65.0199966430664,64.5999984741211,64.6500015258789,15792600
2020-10-19,54.68748474121094,54.68748474121094,65.16999816894531,64.41999816894531,65.08999633789062,14736400
2020-10-20,54.95880889892578,54.95880889892578,65.18000030517578,64.80999755859375,64.97000122070312,23268000
2020-10-21,54.69597244262695,54.69597244262695,65.04000091552734,64.48999786376953,64.72000122070312,21699100
2020-10-22,54.73835372924805,54.73835372924805,64.66999816894531,64.0999984741211,64.44000244140625,20533700
2020-10-23,55.0944709777832,55.0944709777832,64.9800033569336,64.58000183105469,64.94999694824219,19334200
2020-10-26,54.10245895385742,54.10245895385742,64.23999786376953,63.41999816894531,64.16000366210938,17745700
2020-10-27,53.678524017333984,53.678524017333984,63.72999954223633,63.220001220703125,63.70000076293945,19616900
2020-10-28,52.07604217529297,52.07604217529297,62.040000915527344,61.369998931884766,61.90999984741211,36132600
2020-10-29,52.321929931640625,52.321929931640625,61.90999984741211,61.13999938964844,61.459999084472656,30898400
2020-10-30,52.05061721801758,52.05061721801758,61.529998779296875,60.970001220703125,61.439998626708984,35889900
2020-11-02,52.72891616821289,52.72891616821289,62.2400016784668,61.77000045776367,62.08000183105469,24388600
2020-11-03,54.110939025878906,54.110939025878906,64.05000305175781,63.33000183105469,63.40999984741211,26474500
2020-11-04,54.704437255859375,54.704437255859375,65.06999969482422,63.84000015258789,64.0999984741211,26490200
2020-11-05,56.018638610839844,56.018638610839844,66.19000244140625,65.66999816894531,66.01000213623047,28528300
2020-11-06,56.13734817504883,56.13734817504883,66.48999786376953,66.0999984741211,66.31999969482422,21980100
2020-11-09,57.77373504638672,57.77373504638672,69.37999725341797,68.12000274658203,69.36000061035156,43606500
2020-11-10,58.29092788696289,58.29092788696289,69.12000274658203,68.55000305175781,68.7300033569336,37172600
2020-11-11,58.78269577026367,58.78269577026367,69.37999725341797,69.05000305175781,69.23999786376953,16643200
2020-11-12,57.926334381103516,57.926334381103516,68.97000122070312,68.16000366210938,68.75,24076600
2020-11-13,58.81660461425781,58.81660461425781,69.41000366210938,68.72000122070312,68.75,21594600
2020-11-16,59.42706298828125,59.42706298828125,70.13999938964844,69.70999908447266,70.06999969482422,20294600
2020-11-17,59.367706298828125,59.367706298828125,70.22000122070312,69.66000366210938,69.83999633789062,18574500
2020-11-18,59.05400466918945,59.05400466918945,70.3499984741211,69.6500015258789,70.12999725341797,15018000
2020-11-19,59.46946716308594,59.46946716308594,70.19000244140625,69.5199966430664,69.63999938964844,24048000
2020-11-20,59.64750671386719,59.64750671386719,70.44000244140625,70.05000305175781,70.12000274658203,18571900
2020-11-23,59.571205139160156,59.571205139160156,70.69000244140625,70.01000213623047,70.5999984741211,14340300
2020-11-24,60.46146774291992,60.46146774291992,71.37999725341797,70.83000183105469,70.91000366210938,23399300
2020-11-25,60.38515853881836,60.38515853881836,71.4000015258789,70.76000213623047,70.88999938964844,19214900
2020-11-27,60.80061340332031,60.80061340332031,71.7699966430664,71.37000274658203,71.37999725341797,11839100
2020-11-30,59.477943420410156,59.477943420410156,71.52999877929688,70.08999633789062,71.45999908447266,46146500
2020-12-01,60.87693405151367,60.87693405151367,71.86000061035156,71.30000305175781,71.33999633789062,29860500
2020-12-02,60.88540267944336,60.88540267944336,71.87999725341797,71.4000015258789,71.44999694824219,20864700
2020-12-03,60.987144470214844,60.987144470214844,72.2699966430664,71.80999755859375,72.05999755859375,16572700
2020-12-04,61.50434875488281,61.50434875488281,72.55999755859375,72.30999755859375,72.33999633789062,18956100
2020-12-07,61.00410079956055,61.00410079956055,72.22000122070312,71.77999877929688,72.0199966430664,19537700
2020-12-08,61.216068267822266,61.216068267822266,72.23999786376953,71.77999877929688,71.77999877929688,12428100
2020-12-09,61.30085754394531,61.30085754394531,72.63999938964844,71.83999633789062,72.63999938964844,18355000
2020-12-10,61.385643005371094,61.385643005371094,72.55999755859375,71.91000366210938,71.91000366210938,20871300
2020-12-11,61.199119567871094,61.199119567871094,72.19000244140625,71.75,71.95999908447266,21812000
2020-12-14,61.23678207397461,61.23678207397461,72.06999969482422,71.4800033569336,71.95999908447266,26176400
2020-12-15,61.861732482910156,61.861732482910156,72.30999755859375,71.70999908447266,71.81999969482422,24075700
2020-12-16,62.101444244384766,62.101444244384766,72.62000274658203,72.1500015258789,72.37000274658203,15642300
2020-12-17,62.53805160522461,62.53805160522461,73.27999877929688,72.9800033569336,73.16999816894531,18633100
2020-12-18,62.21273422241211,62.21273422241211,73.0199966430664,72.55999755859375,73.0,27367900
2020-12-21,61.41655731201172,61.41655731201172,71.91000366210938,70.66999816894531,70.88999938964844,31488000
2020-12-22,61.26247024536133,61.26247024536133,71.66999816894531,71.33999633789062,71.58999633789062,20355000
2020-12-23,61.921661376953125,61.921661376953125,72.44000244140625,72.11000061035156,72.16999816894531,13577300
2020-12-24,61.94734191894531,61.94734191894531,72.44000244140625,72.19000244140625,72.30000305175781,7252900
2020-12-28,62.452430725097656,62.452430725097656,73.1500015258789,72.8499984741211,73.12000274658203,11142200
2020-12-29,62.85482406616211,62.85482406616211,73.86000061035156,73.31999969482422,73.80000305175781,17541500
2020-12-30,62.940406799316406,62.940406799316406,74.0,73.47000122070312,73.80999755859375,15147100
2020-12-31,62.46100616455078,62.46100616455078,73.44999694824219,72.79000091552734,73.44000244140625,34218500
2021-01-04,62.78631591796875,62.78631591796875,74.41999816894531,73.05000305175781,74.38999938964844,26703400
2021-01-05,63.43695068359375,63.43695068359375,74.27999877929688,73.5199966430664,73.58000183105469,19748500
2021-01-06,64.1646499633789,64.1646499633789,75.31999969482422,74.22000122070312,74.30000305175781,25426900
2021-01-07,64.23312377929688,64.23312377929688,75.13999938964844,74.77999877929688,74.8499984741211,18783700
2021-01-08,64.8323974609375,64.8323974609375,75.7300033569336,74.94999694824219,75.58000183105469,25272200
2021-01-11,63.98486328125,63.98486328125,74.95999908447266,74.33000183105469,74.3499984741211,23190200
2021-01-12,64.27593231201172,64.27593231201172,75.12999725341797,74.47000122070312,74.68000030517578,20914000
2021-01-13,64.19032287597656,64.19032287597656,75.16000366210938,74.81999969482422,74.95999908447266,15580700
2021-01-14,64.7039794921875,64.7039794921875,75.75,75.19999694824219,75.20999908447266,22607500
2021-01-15,63.693782806396484,63.693782806396484,74.76000213623047,73.97000122070312,74.61000061035156,27355900
2021-01-19,64.15607452392578,64.15607452392578,75.0199966430664,74.62999725341797,74.97000122070312,20162300
2021-01-20,64.59268951416016,64.59268951416016,75.45999908447266,74.91000366210938,75.05000305175781,14419000
2021-01-21,64.64405059814453,64.64405059814453,75.56999969482422,75.04000091552734,75.5,20536300
2021-01-22,64.33586883544922,64.33586883544922,75.27999877929688,74.83000183105469,74.86000061035156,18854700
2021-01-25,64.2588119506836,64.2588119506836,75.06999969482422,74.13999938964844,74.58000183105469,21748100
2021-01-26,64.35297393798828,64.35297393798828,75.2699966430664,74.9000015258789,75.16999816894531,14175200
2021-01-27,62.88048553466797,62.88048553466797,74.2300033569336,73.18000030517578,73.79000091552734,31245200
2021-01-28,63.28286361694336,63.28286361694336,74.33999633789062,73.56999969482422,73.63999938964844,26658600
2021-01-29,61.97303009033203,61.97303009033203,73.26000213623047,72.0,73.04000091552734,42149500
2021-02-01,62.709266662597656,62.709266662597656,73.33000183105469,72.93000030517578,73.27999877929688,23243900
2021-02-02,63.34279251098633,63.34279251098633,74.05000305175781,73.47000122070312,73.6500015258789,20388500
2021-02-03,63.49687194824219,63.49687194824219,74.20999908447266,73.80999755859375,74.0199966430664,11345800
2021-02-04,63.565372467041016,63.565372467041016,74.25,73.81999969482422,73.88999938964844,10500300
2021-02-05,63.959163665771484,63.959163665771484,74.75,74.31999969482422,74.61000061035156,10955600
2021-02-08,64.40434265136719,64.40434265136719,75.43000030517578,75.02999877929688,75.25,16405600
2021-02-09,64.75533294677734,64.75533294677734,75.69000244140625,75.26000213623047,75.33999633789062,16337600
2021-02-10,64.53276824951172,64.53276824951172,75.93000030517578,75.06999969482422,75.87000274658203,15402800
2021-02-11,64.96937561035156,64.96937561035156,75.9000015258789,75.5,75.79000091552734,12314100
2021-02-12,65.32893371582031,65.32893371582031,76.3499984741211,75.66999816894531,75.68000030517578,11946800
2021-02-16,65.79978942871094,65.79978942871094,77.16999816894531,76.72000122070312,76.98999786376953,20225600
2021-02-17,65.41455078125,65.41455078125,76.52999877929688,76.01000213623047,76.30000305175781,19198800
2021-02-18,65.08922576904297,65.08922576904297,76.08000183105469,75.48999786376953,75.8499984741211,19191700
2021-02-19,65.27757263183594,65.27757263183594,76.58999633789062,76.13999938964844,76.33999633789062,14962300
2021-02-22,65.11490631103516,65.11490631103516,76.5199966430664,75.97000122070312,76.0199966430664,19515800
2021-02-23,65.17483520507812,65.17483520507812,76.37000274658203,75.30000305175781,75.97000122070312,25014500
2021-02-24,65.38030242919922,65.38030242919922,76.44999694824219,75.47000122070312,75.66000366210938,21877600
2021-02-25,64.26737213134766,64.26737213134766,76.68000030517578,74.94000244140625,76.5,36921800
2021-02-26,63.35990524291992,63.35990524291992,74.86000061035156,73.95999908447266,74.86000061035156,48798100
2021-03-01,64.54988098144531,64.54988098144531,75.45999908447266,74.86000061035156,74.9000015258789,24268100
2021-03-02,64.48140716552734,64.48140716552734,75.58000183105469,75.11000061035156,75.33999633789062,22204900
2021-03-03,64.08758544921875,64.08758544921875,75.41000366210938,74.75,75.08999633789062,20856100
2021-03-04,63.47976303100586,63.47976303100586,75.23999786376953,73.72000122070312,74.93000030517578,34648600
2021-03-05,63.89069747924805,63.89069747924805,74.75,73.55999755859375,74.61000061035156,29694200
2021-03-08,63.6681022644043,63.6681022644043,74.9000015258789,74.13999938964844,74.31999969482422,25080900
2021-03-09,64.5241928100586,64.5241928100586,75.5199966430664,75.05999755859375,75.18000030517578,19060200
2021-03-10,64.79815673828125,64.79815673828125,75.79000091552734,75.33000183105469,75.69999694824219,19467400
2021-03-11,65.14058685302734,65.14058685302734,76.22000122070312,75.75,75.93000030517578,15485300
2021-03-12,65.30325317382812,65.30325317382812,76.30999755859375,75.6500015258789,75.68000030517578,16342500
2021-03-15,65.3546142578125,65.3546142578125,76.37999725341797,75.72000122070312,76.16999816894531,17320100
2021-03-16,65.4659194946289,65.4659194946289,76.58000183105469,76.33999633789062,76.5199966430664,16662600
2021-03-17,65.85115051269531,65.85115051269531,77.01000213623047,76.11000061035156,76.20999908447266,16305000
2021-03-18,65.25189208984375,65.25189208984375,77.05999755859375,76.20999908447266,76.54000091552734,23176300
2021-03-19,65.43167114257812,65.43167114257812,76.51000213623047,75.7699966430664,76.20999908447266,31465200
2021-03-22,65.4915771484375,65.4915771484375,76.69000244140625,76.23999786376953,76.30000305175781,27978200
2021-03-23,64.5841293334961,64.5841293334961,76.08999633789062,75.33999633789062,75.9800033569336,22514200
2021-03-24,64.2588119506836,64.2588119506836,75.58999633789062,75.05000305175781,75.2300033569336,20717000
2021-03-25,64.73824310302734,64.73824310302734,75.66000366210938,74.83000183105469,75.0,25183000
2021-03-26,65.57720184326172,65.57720184326172,76.62000274658203,75.87000274658203,75.87999725341797,27419100
2021-03-29,65.32035827636719,65.32035827636719,76.43000030517578,75.91999816894531,76.13999938964844,18381600
2021-03-30,65.23477172851562,65.23477172851562,76.2699966430664,75.80999755859375,75.88999938964844,15377400
2021-03-31,64.95225524902344,64.95225524902344,76.2300033569336,75.81999969482422,75.87999725341797,32191600
2021-04-01,65.79978942871094,65.79978942871094,76.93000030517578,76.20999908447266,76.26000213623047,26312600
2021-04-05,66.75862121582031,66.75862121582031,78.05000305175781,77.36000061035156,77.48999786376953,20340500
2021-04-06,66.04805755615234,66.04805755615234,77.2699966430664,76.95999908447266,77.05000305175781,18995900
2021-04-07,66.18502044677734,66.18502044677734,77.41999816894531,77.11000061035156,77.16999816894531,14349400
2021-04-08,66.56172180175781,66.56172180175781,77.87000274658203,77.5199966430664,77.66000366210938,15502500
2021-04-09,66.76717376708984,66.76717376708984,78.05000305175781,77.69000244140625,77.69000244140625,16330500
2021-04-12,66.3990478515625,66.3990478515625,77.73999786376953,77.44000244140625,77.66999816894531,13729500
2021-04-13,66.78430938720703,66.78430938720703,78.02999877929688,77.62000274658203,77.66999816894531,12712500
2021-04-14,66.83567810058594,66.83567810058594,78.3499984741211,78.0,78.05000305175781,13079200
2021-04-15,67.39213562011719,67.39213562011719,78.75,78.48999786376953,78.55999755859375,20480100
2021-04-16,67.8801040649414,67.8801040649414,79.30999755859375,78.9000015258789,79.0199966430664,17058700
2021-04-19,67.76026153564453,67.76026153564453,79.41999816894531,78.94000244140625,79.37000274658203,15206800
2021-04-20,66.54458618164062,66.54458618164062,78.33000183105469,77.55000305175781,78.23999786376953,29570100
2021-04-21,67.2294692993164,67.2294692993164,78.55999755859375,77.55999755859375,77.58000183105469,15615600
2021-04-22,67.00688934326172,67.00688934326172,78.77999877929688,78.13999938964844,78.70999908447266,22677800
2021-04-23,67.69176483154297,67.69176483154297,79.2300033569336,78.52999877929688,78.55000305175781,18607900
2021-04-26,67.74313354492188,67.74313354492188,79.2300033569336,79.0,79.0999984741211,14052100
2021-04-27,67.52056884765625,67.52056884765625,78.93000030517578,78.63999938964844,78.73999786376953,13612200
2021-04-28,67.69176483154297,67.69176483154297,79.26000213623047,78.73999786376953,78.80999755859375,14288600
2021-04-29,67.71744537353516,67.71744537353516,79.37999725341797,78.61000061035156,79.33999633789062,16411000
2021-04-30,66.86991119384766,66.86991119384766,78.75,77.83000183105469,78.62000274658203,28951400
2021-05-03,67.60614776611328,67.60614776611328,79.05999755859375,78.56999969482422,78.75,21382200
2021-05-04,66.60453033447266,66.60453033447266,78.30999755859375,77.41000366210938,78.11000061035156,29144900
2021-05-05,67.51197814941406,67.51197814941406,79.02999877929688,78.47000122070312,78.6500015258789,17680000
2021-05-06,68.0684585571289,68.0684585571289,79.54000091552734,78.70999908447266,78.95999908447266,21533100
2021-05-07,68.83894348144531,68.83894348144531,80.44999694824219,79.56999969482422,79.6500015258789,23316000
2021-05-10,68.4708251953125,68.4708251953125,80.66999816894531,79.91999816894531,80.66999816894531,16927500
2021-05-11,67.57190704345703,67.57190704345703,79.11000061035156,78.41999816894531,78.52999877929688,34624600
2021-05-12,66.49324035644531,66.49324035644531,78.73999786376953,77.51000213623047,78.38999938964844,32608200
2021-05-13,66.9897689819336,66.9897689819336,78.41999816894531,77.66000366210938,77.69000244140625,36208800
2021-05-14,68.11125183105469,68.11125183105469,79.63999938964844,78.95999908447266,79.01000213623047,18601700
2021-05-17,67.98284912109375,67.98284912109375,79.41999816894531,79.02999877929688,79.0999984741211,16699500
2021-05-18,68.12837982177734,68.12837982177734,80.06999969482422,79.58000183105469,80.04000091552734,16526900
2021-05-19,67.52910614013672,67.52910614013672,79.19000244140625,78.22000122070312,78.58999633789062,30391700
2021-05-20,68.41944885253906,68.41944885253906,80.05000305175781,79.36000061035156,79.38999938964844,21650300
2021-05-21,68.51362609863281,68.51362609863281,80.20999908447266,79.76000213623047,80.18000030517578,26751600
2021-05-24,68.93312072753906,68.93312072753906,80.62000274658203,80.19000244140625,80.25,12267900
2021-05-25,68.95022583007812,68.95022583007812,80.83999633789062,80.41000366210938,80.7699966430664,14338900
2021-05-26,68.90742492675781,68.90742492675781,80.62999725341797,80.3499984741211,80.44999694824219,12732000
2021-05-27,69.03584289550781,69.03584289550781,80.79000091552734,80.4000015258789,80.62000274658203,16211200
2021-05-28,69.1985092163086,69.1985092163086,81.1500015258789,80.79000091552734,80.83999633789062,21449500
2021-06-01,69.44678497314453,69.44678497314453,81.5199966430664,81.0199966430664,81.5,27524200
2021-06-02,69.67791748046875,69.67791748046875,81.51000213623047,81.16000366210938,81.2699966430664,13561200
2021-06-03,69.3354721069336,69.3354721069336,81.08999633789062,80.75,80.95999908447266,16987600
2021-06-04,69.92619323730469,69.92619323730469,81.73999786376953,81.4000015258789,81.52999877929688,13335200
2021-06-07,70.1573257446289,70.1573257446289,81.98999786376953,81.7699966430664,81.87000274658203,16738700
2021-06-08,70.12310028076172,70.12310028076172,82.11000061035156,81.7699966430664,82.02999877929688,13218700
2021-06-09,69.93474578857422,69.93474578857422,81.94000244140625,81.61000061035156,81.87999725341797,20203600
2021-06-10,70.12739562988281,70.12739562988281,80.94999694824219,80.58000183105469,80.66999816894531,16555200
2021-06-11,70.29228210449219,70.29228210449219,81.05999755859375,80.69000244140625,80.91000366210938,12864700
2021-06-14,70.41376495361328,70.41376495361328,81.16000366210938,80.87999725341797,80.93000030517578,17044400
2021-06-15,70.50056457519531,70.50056457519531,81.2699966430664,81.06999969482422,81.20999908447266,17729200
2021-06-16,70.06665802001953,70.06665802001953,81.4000015258789,80.47000122070312,81.30999755859375,21706700
2021-06-17,69.5806884765625,69.5806884765625,80.38999938964844,79.80000305175781,80.22000122070312,27756300
2021-06-18,68.14012145996094,68.14012145996094,78.93000030517578,78.43000030517578,78.7300033569336,36755100
2021-06-21,69.03396606445312,69.03396606445312,79.5999984741211,78.75,78.87000274658203,20228000
2021-06-22,69.04264831542969,69.04264831542969,79.75,79.1500015258789,79.31999969482422,14010200
2021-06-23,68.60005950927734,68.60005950927734,79.52999877929688,78.93000030517578,79.47000122070312,17074600
2021-06-24,69.25959777832031,69.25959777832031,79.8499984741211,79.58999633789062,79.63999938964844,19833300
2021-06-25,69.4071273803711,69.4071273803711,80.05000305175781,79.83000183105469,79.98999786376953,12418800
2021-06-28,68.96455383300781,68.96455383300781,79.76000213623047,79.36000061035156,79.69999694824219,26952900
2021-06-29,68.98190307617188,68.98190307617188,79.68000030517578,79.38999938964844,79.62999725341797,9357500
2021-06-30,68.45252990722656,68.45252990722656,79.05999755859375,78.55000305175781,78.76000213623047,33578500
2021-07-01,68.6174087524414,68.6174087524414,79.12000274658203,78.69999694824219,78.88999938964844,28075400
2021-07-02,68.85173034667969,68.85173034667969,79.36000061035156,78.87999725341797,79.08000183105469,13712600
2021-07-06,68.40045928955078,68.40045928955078,79.4000015258789,78.54000091552734,79.37999725341797,21289800
2021-07-07,68.77362060546875,68.77362060546875,79.3499984741211,78.83000183105469,79.16000366210938,21686400
2021-07-08,67.88847351074219,67.88847351074219,78.37000274658203,77.75,77.9800033569336,24175500
2021-07-09,69.04264831542969,69.04264831542969,79.61000061035156,78.97000122070312,79.05000305175781,35200100
2021-07-12,69.33769989013672,69.33769989013672,79.94000244140625,79.51000213623047,79.58000183105469,11995800
2021-07-13,68.97322082519531,68.97322082519531,79.79000091552734,79.36000061035156,79.61000061035156,15689500
2021-07-14,69.12942504882812,69.12942504882812,79.83000183105469,79.55999755859375,79.81999969482422,14023600
2021-07-15,68.46990203857422,68.46990203857422,79.0999984741211,78.5999984741211,78.9000015258789,21637900
2021-07-16,67.96656036376953,67.96656036376953,78.9000015258789,78.18000030517578,78.8499984741211,23034100
2021-07-19,66.7342758178711,66.7342758178711,77.2300033569336,76.4800033569336,77.08999633789062,44844800
2021-07-20,67.22024536132812,67.22024536132812,77.61000061035156,76.62000274658203,76.72000122070312,30309900
2021-07-21,68.24425506591797,68.24425506591797,78.69000244140625,77.97000122070312,78.01000213623047,22928600
2021-07-22,68.27029418945312,68.27029418945312,78.97000122070312,78.4800033569336,78.93000030517578,15874000
2021-07-23,68.74758911132812,68.74758911132812,79.37000274658203,79.02999877929688,79.19000244140625,16550600
2021-07-26,68.84305572509766,68.84305572509766,79.36000061035156,79.06999969482422,79.06999969482422,14870900
2021-07-27,68.56535339355469,68.56535339355469,79.06999969482422,78.62999725341797,78.97000122070312,20952500
2021-07-28,68.86039733886719,68.86039733886719,79.5,78.88999938964844,79.0199966430664,19700600
2021-07-29,69.33769989013672,69.33769989013672,80.12000274658203,79.87999725341797,80.01000213623047,23670000
2021-07-30,68.98190307617188,68.98190307617188,79.83999633789062,79.33000183105469,79.58999633789062,23997100
2021-08-02,69.32901000976562,69.32901000976562,80.27999877929688,79.73999786376953,80.13999938964844,25364000
2021-08-03,69.82366180419922,69.82366180419922,80.4800033569336,79.9000015258789,80.2300033569336,19028100
2021-08-04,69.61539459228516,69.61539459228516,80.6500015258789,80.19000244140625,80.51000213623047,12852000
2021-08-05,69.9538345336914,69.9538345336914,80.70999908447266,80.5199966430664,80.62999725341797,11868900
2021-08-06,69.69348907470703,69.69348907470703,80.5199966430664,80.18000030517578,80.43000030517578,10892500
2021-08-09,69.6587905883789,69.6587905883789,80.37999725341797,80.18000030517578,80.33000183105469,7897000
2021-08-10,69.81498718261719,69.81498718261719,80.44999694824219,80.22000122070312,80.2699966430664,10438200
2021-08-11,70.29228210449219,70.29228210449219,81.05000305175781,80.76000213623047,80.93000030517578,14996100
2021-08-12,70.23152923583984,70.23152923583984,80.95999908447266,80.66999816894531,80.83000183105469,12443200
2021-08-13,70.6567611694336,70.6567611694336,81.44999694824219,81.12000274658203,81.19000244140625,14590400
2021-08-16,70.29228210449219,70.29228210449219,81.01000213623047,80.52999877929688,80.79000091552734,19192300
2021-08-17,69.63275146484375,69.63275146484375,80.41999816894531,79.88999938964844,80.23999786376953,23555000
2021-08-18,69.36373138427734,69.36373138427734,80.52999877929688,79.91999816894531,80.22000122070312,16384700
2021-08-19,68.67817687988281,68.67817687988281,79.3499984741211,78.8499984741211,78.88999938964844,30515300
2021-08-20,68.94717407226562,68.94717407226562,79.47000122070312,78.81999969482422,78.91000366210938,15774200
2021-08-23,69.58934783935547,69.58934783935547,80.27999877929688,79.8499984741211,79.87999725341797,22524800
2021-08-24,69.73688507080078,69.73688507080078,80.48999786376953,80.08000183105469,80.16000366210938,13722900
2021-08-25,69.76290893554688,69.76290893554688,80.47000122070312,80.1500015258789,80.27999877929688,12891400
2021-08-26,69.39845275878906,69.39845275878906,80.23999786376953,79.8499984741211,80.12999725341797,16927900
2021-08-27,70.03194427490234,70.03194427490234,80.7699966430664,79.95999908447266,79.98999786376953,24935800
2021-08-30,70.01459503173828,70.01459503173828,80.80000305175781,80.55999755859375,80.66999816894531,8142000
2021-08-31,69.9798583984375,69.9798583984375,80.83000183105469,80.48999786376953,80.81999969482422,18738400
2021-09-01,70.61336517333984,70.61336517333984,81.58999633789062,81.20999908447266,81.26000213623047,30472100
2021-09-02,70.89974212646484,70.89974212646484,81.87999725341797,81.61000061035156,81.70999908447266,13827400
2021-09-03,71.22083282470703,71.22083282470703,82.18000030517578,81.69000244140625,81.80000305175781,16303200
2021-09-07,71.27290344238281,71.27290344238281,82.29000091552734,82.08000183105469,82.19999694824219,13967800
2021-09-08,70.7088394165039,70.7088394165039,81.91999816894531,81.3499984741211,81.77999877929688,22764200
2021-09-09,70.58734130859375,70.58734130859375,81.76000213623047,81.2699966430664,81.44999694824219,18963300
2021-09-10,70.43113708496094,70.43113708496094,81.9800033569336,81.13999938964844,81.91999816894531,26709900
2021-09-13,70.98652648925781,70.98652648925781,81.95999908447266,81.5199966430664,81.94999694824219,22335000
2021-09-14,70.69147491455078,70.69147491455078,82.05000305175781,81.37999725341797,82.04000091552734,19177500
2021-09-15,70.89974212646484,70.89974212646484,81.70999908447266,81.22000122070312,81.37999725341797,26233800
2021-09-16,70.78692626953125,70.78692626953125,81.58999633789062,81.12999725341797,81.3499984741211,25765500
2021-09-17,69.8583755493164,69.8583755493164,81.20999908447266,80.2300033569336,81.06999969482422,37070600
2021-09-20,68.56535339355469,68.56535339355469,79.19999694824219,78.33000183105469,78.73999786376953,45028000
2021-09-21,69.24223327636719,69.24223327636719,80.20999908447266,79.68000030517578,80.08000183105469,37472300
2021-09-22,69.58934783935547,69.58934783935547,80.80000305175781,80.12000274658203,80.18000030517578,28718400
2021-09-23,70.3443603515625,70.3443603515625,81.22000122070312,80.7699966430664,80.81999969482422,31257800
2021-09-24,69.68482208251953,69.68482208251953,80.5,80.16999816894531,80.22000122070312,20066300
2021-09-27,69.64143371582031,69.64143371582031,80.33000183105469,79.97000122070312,80.06999969482422,15526500
2021-09-28,68.12276458740234,68.12276458740234,79.08000183105469,78.23999786376953,79.04000091552734,48064900
2021-09-29,67.96656036376953,67.96656036376953,78.76000213623047,78.23999786376953,78.70999908447266,31733200
2021-09-30,67.69754028320312,67.69754028320312,78.5199966430664,77.81999969482422,78.4000015258789,39506300
2021-10-01,67.8624267578125,67.8624267578125,78.37999725341797,77.5,78.05000305175781,44524800
2021-10-04,67.15083312988281,67.15083312988281,78.05999755859375,77.0999984741211,77.95999908447266,32751400
2021-10-05,67.61077880859375,67.61077880859375,78.19000244140625,77.45999908447266,77.55000305175781,25903300
2021-10-06,67.15950775146484,67.15950775146484,77.43000030517578,76.43000030517578,76.6500015258789,36917200
2021-10-07,67.68018341064453,67.68018341064453,78.30999755859375,77.80000305175781,77.80999755859375,19908700
2021-10-08,67.6715087890625,67.6715087890625,78.25,77.83999633789062,78.19000244140625,23628700
2021-10-11,67.45455169677734,67.45455169677734,78.41000366210938,77.72000122070312,78.16000366210938,23542500
2021-10-12,67.48926544189453,67.48926544189453,78.04000091552734,77.62999725341797,77.87000274658203,18697400
2021-10-13,68.15748596191406,68.15748596191406,78.63999938964844,78.0,78.18000030517578,23073600
2021-10-14,68.8343734741211,68.8343734741211,79.4000015258789,79.11000061035156,79.29000091552734,19304400
2021-10-15,69.4071273803711,69.4071273803711,80.0,79.66999816894531,79.76000213623047,24447200
2021-10-18,69.112060546875,69.112060546875,79.68000030517578,79.23999786376953,79.37999725341797,19044700
2021-10-19,69.52861022949219,69.52861022949219,80.25,79.9000015258789,79.94999694824219,14649000
2021-10-20,69.77161407470703,69.77161407470703,80.5,80.12000274658203,80.19999694824219,11235500
2021-10-21,69.44182586669922,69.44182586669922,80.1500015258789,79.83999633789062,79.87999725341797,16278800
2021-10-22,69.8583755493164,69.8583755493164,80.66000366210938,80.1500015258789,80.37000274658203,22173500
2021-10-25,69.71952819824219,69.71952819824219,80.47000122070312,80.05999755859375,80.29000091552734,13658000
2021-10-26,69.8583755493164,69.8583755493164,80.83000183105469,80.38999938964844,80.83000183105469,10552900
2021-10-27,69.5806884765625,69.5806884765625,80.62999725341797,80.16000366210938,80.51000213623047,18449000
2021-10-28,70.257568359375,70.257568359375,81.0199966430664,80.55000305175781,80.56999969482422,15260200
2021-10-29,69.8497085571289,69.8497085571289,80.55000305175781,80.19000244140625,80.2699966430664,25406900
2021-11-01,70.52659606933594,70.52659606933594,81.30000305175781,80.79000091552734,80.94999694824219,20337400
2021-11-02,70.37905883789062,70.37905883789062,81.20999908447266,80.9800033569336,81.02999877929688,10184500
2021-11-03,70.95182800292969,70.95182800292969,81.79000091552734,80.94000244140625,81.06999969482422,14911000
2021-11-04,70.9084243774414,70.9084243774414,81.70999908447266,81.3499984741211,81.52999877929688,14083300
2021-11-05,71.01256561279297,71.01256561279297,81.83000183105469,81.4800033569336,81.69999694824219,15593600
2021-11-08,71.0038833618164,71.0038833618164,82.0,81.7300033569336,81.87000274658203,9065900
2021-11-09,70.84767150878906,70.84767150878906,81.91999816894531,81.38999938964844,81.87000274658203,16011200
2021-11-10,69.98855590820312,69.98855590820312,81.44000244140625,80.54000091552734,81.30000305175781,21546800
2021-11-11,70.24022674560547,70.24022674560547,81.16000366210938,80.88999938964844,81.05999755859375,9264600
2021-11-12,70.62205505371094,70.62205505371094,81.44000244140625,81.0999984741211,81.20999908447266,14817900
2021-11-15,70.49188232421875,70.49188232421875,81.5999984741211,81.18000030517578,81.58000183105469,14064500
2021-11-16,70.33567810058594,70.33567810058594,81.30999755859375,81.0199966430664,81.22000122070312,12167900
2021-11-17,70.24889373779297,70.24889373779297,81.02999877929688,80.80000305175781,80.87999725341797,10415400
2021-11-18,70.31832122802734,70.31832122802734,81.08000183105469,80.6500015258789,80.94000244140625,13236800
2021-11-19,69.71952819824219,69.71952819824219,80.66999816894531,80.29000091552734,80.58999633789062,20761900
2021-11-22,69.3116683959961,69.3116683959961,80.47000122070312,79.8499984741211,80.2300033569336,17802300
2021-11-23,69.24223327636719,69.24223327636719,79.98999786376953,79.37000274658203,79.69999694824219,26736800
2021-11-24,68.78230285644531,68.78230285644531,79.2699966430664,78.62000274658203,78.66000366210938,20238700
2021-11-26,66.93388366699219,66.93388366699219,77.81999969482422,76.86000061035156,77.7300033569336,37776000
2021-11-29,67.27232360839844,67.27232360839844,77.80999755859375,77.16999816894531,77.73999786376953,31913600
2021-11-30,66.68220520019531,66.68220520019531,77.58999633789062,76.16999816894531,77.3499984741211,52770800
2021-12-01,66.30036926269531,66.30036926269531,78.25,76.38999938964844,77.88999938964844,43883900
2021-12-02,67.12479400634766,67.12479400634766,77.58999633789062,76.80000305175781,76.87999725341797,42264500
2021-12-03,66.84708404541016,66.84708404541016,77.69999694824219,76.56999969482422,77.5999984741211,46147500
2021-12-06,67.48926544189453,67.48926544189453,77.91999816894531,77.27999877929688,77.55000305175781,30884300
2021-12-07,68.9124755859375,68.9124755859375,79.43000030517578,78.7699966430664,78.7699966430664,28244900
2021-12-08,69.04264831542969,69.04264831542969,79.68000030517578,79.27999877929688,79.47000122070312,21619400
2021-12-09,68.46990203857422,68.46990203857422,79.12999725341797,78.83999633789062,79.04000091552734,32026500
2021-12-10,68.6174087524414,68.6174087524414,79.13999938964844,78.77999877929688,79.04000091552734,23412200
2021-12-13,67.97466278076172,67.97466278076172,77.48999786376953,76.9000015258789,77.38999938964844,27594700
2021-12-14,67.61267852783203,67.61267852783203,76.95999908447266,76.23999786376953,76.66999816894531,30040400
2021-12-15,68.5309066772461,68.5309066772461,77.63999938964844,76.43000030517578,76.79000091552734,31109400
2021-12-16,68.53973388671875,68.53973388671875,78.08000183105469,77.44000244140625,78.0,44621100
2021-12-17,67.67447662353516,67.67447662353516,77.25,76.5999984741211,77.05999755859375,44476200
2021-12-20,67.52439880371094,67.52439880371094,76.52999877929688,76.0,76.19999694824219,26303400
2021-12-21,68.27484893798828,68.27484893798828,77.37000274658203,76.79000091552734,76.8499984741211,22744100
2021-12-22,68.9105453491211,68.9105453491211,78.0999984741211,77.18000030517578,77.22000122070312,21609700
2021-12-23,69.31668090820312,69.31668090820312,78.69000244140625,78.12000274658203,78.12999725341797,28320000
2021-12-27,69.85525512695312,69.85525512695312,79.12000274658203,78.54000091552734,78.55000305175781,15219700
2021-12-28,69.88175201416016,69.88175201416016,79.38999938964844,79.11000061035156,79.19999694824219,15631300
2021-12-29,69.85525512695312,69.85525512695312,79.22000122070312,78.93000030517578,79.05000305175781,15046900
2021-12-30,69.67211151123047,69.67211151123047,79.12999725341797,78.69000244140625,79.02999877929688,20617500
2021-12-31,69.61018371582031,69.61018371582031,79.08000183105469,78.62999725341797,78.73999786376953,23252200
2022-01-03,70.0614013671875,70.0614013671875,79.22000122070312,78.77999877929688,79.13999938964844,24096900
2022-01-04,70.45951843261719,70.45951843261719,79.87999725341797,79.43000030517578,79.68000030517578,24314300
2022-01-05,69.8402099609375,69.8402099609375,80.04000091552734,78.94000244140625,79.94000244140625,24704100
2022-01-06,69.48631286621094,69.48631286621094,78.91999816894531,78.33000183105469,78.68000030517578,32472900
2022-01-07,69.68981170654297,69.68981170654297,78.88999938964844,78.19999694824219,78.5,22833900
2022-01-10,69.04395294189453,69.04395294189453,78.08999633789062,77.36000061035156,77.88999938964844,45587600
2022-01-11,69.79597473144531,69.79597473144531,78.91999816894531,77.87000274658203,78.08999633789062,30847000
2022-01-12,70.47721099853516,70.47721099853516,79.72000122070312,79.30000305175781,79.37999725341797,30780700
2022-01-13,69.96405792236328,69.96405792236328,79.94000244140625,78.9800033569336,79.88999938964844,24991200
2022-01-14,69.89329528808594,69.89329528808594,79.16000366210938,78.51000213623047,78.77999877929688,26136500
2022-01-18,68.86701965332031,68.86701965332031,78.26000213623047,77.66000366210938,78.06999969482422,37504600
2022-01-19,68.8050765991211,68.8050765991211,78.37999725341797,77.70999908447266,78.2300033569336,34437700
2022-01-20,68.46888732910156,68.46888732910156,78.44999694824219,77.29000091552734,78.05000305175781,38225400
2022-01-21,67.53992462158203,67.53992462158203,77.23999786376953,76.20999908447266,77.1500015258789,60761300
2022-01-24,66.86753845214844,66.86753845214844,75.61000061035156,73.55000305175781,74.91000366210938,85455900
2022-01-25,66.46056365966797,66.46056365966797,75.62999725341797,74.0999984741211,74.68000030517578,54516800
2022-01-26,66.20399475097656,66.20399475097656,76.16999816894531,74.45999908447266,76.04000091552734,55217000
2022-01-27,65.89434051513672,65.89434051513672,75.30999755859375,74.19000244140625,74.97000122070312,46252100
2022-01-28,66.11551666259766,66.11551666259766,74.73999786376953,73.52999877929688,73.9800033569336,44588300
2022-01-31,67.07986450195312,67.07986450195312,75.86000061035156,74.69000244140625,74.70999908447266,38299200
2022-02-01,67.71687316894531,67.71687316894531,76.55000305175781,75.75,76.29000091552734,53240700
2022-02-02,68.22116088867188,68.22116088867188,77.20999908447266,76.7300033569336,77.16000366210938,35225900
2022-02-03,67.14179992675781,67.14179992675781,76.6500015258789,75.87000274658203,76.38999938964844,46207200
2022-02-04,67.3010482788086,67.3010482788086,76.41999816894531,75.5199966430664,75.75,32188300
2022-02-07,67.41606140136719,67.41606140136719,76.58999633789062,76.05999755859375,76.12999725341797,17045500
2022-02-08,67.76110076904297,67.76110076904297,76.69999694824219,76.0,76.19000244140625,27066900
2022-02-09,68.85816192626953,68.85816192626953,77.8499984741211,77.5199966430664,77.66000366210938,26858900
2022-02-10,67.98229217529297,67.98229217529297,77.9000015258789,76.68000030517578,76.72000122070312,27349500
2022-02-11,66.95600128173828,66.95600128173828,77.11000061035156,75.45999908447266,76.80999755859375,51519400
2022-02-14,66.52249908447266,66.52249908447266,75.44999694824219,74.66999816894531,75.37000274658203,45356000
2022-02-15,67.743408203125,67.743408203125,76.61000061035156,76.0,76.08000183105469,30223600
2022-02-16,67.99998474121094,67.99998474121094,77.0199966430664,76.2300033569336,76.2699966430664,22557600
2022-02-17,66.9029312133789,66.9029312133789,76.33000183105469,75.58999633789062,76.29000091552734,34691300
2022-02-18,66.61981201171875,66.61981201171875,75.86000061035156,75.08000183105469,75.66000366210938,34752000
2022-02-22,65.84125518798828,65.84125518798828,75.05000305175781,73.93000030517578,74.62000274658203,32967600
2022-02-23,65.30157470703125,65.30157470703125,75.18000030517578,73.66000366210938,75.16999816894531,39771800
2022-02-24,64.42568969726562,64.42568969726562,72.86000061035156,70.9800033569336,71.11000061035156,72044600
2022-02-25,66.03588104248047,66.03588104248047,74.68000030517578,73.4000015258789,73.45999908447266,47641800
2022-02-28,64.77957916259766,64.77957916259766,74.16000366210938,72.87999725341797,73.11000061035156,50821600
2022-03-01,63.36402130126953,63.36402130126953,73.12000274658203,71.2300033569336,72.91000366210938,49003900
2022-03-02,64.16027069091797,64.16027069091797,72.72000122070312,71.87000274658203,72.12999725341797,43906000
2022-03-03,62.895118713378906,62.895118713378906,72.2699966430664,70.87999725341797,72.22000122070312,44389700
2022-03-04,61.07258224487305,61.07258224487305,69.27999877929688,68.43000030517578,69.11000061035156,54455500
2022-03-07,59.13502883911133,59.13502883911133,68.69999694824219,66.54000091552734,68.58999633789062,55499400
2022-03-08,59.64817428588867,59.64817428588867,68.73999786376953,66.55000305175781,67.48999786376953,56682500
2022-03-09,62.14309310913086,62.14309310913086,70.70999908447266,69.1500015258789,69.54000091552734,55565000
2022-03-10,61.39992904663086,61.39992904663086,69.86000061035156,68.98999786376953,69.25,33804200
2022-03-11,60.73638916015625,60.73638916015625,70.05999755859375,68.55000305175781,69.95999908447266,32380700
2022-03-14,61.29376220703125,61.29376220703125,70.16999816894531,69.13999938964844,69.69000244140625,32048200
2022-03-15,61.8776741027832,61.8776741027832,70.0999984741211,69.30999755859375,69.6500015258789,36961200
2022-03-16,64.09834289550781,64.09834289550781,72.5,70.77999877929688,71.4000015258789,44821400
2022-03-17,64.63802337646484,64.63802337646484,73.20999908447266,72.08000183105469,72.13999938964844,35025600
2022-03-18,65.26617431640625,65.26617431640625,73.83000183105469,72.31999969482422,72.44999694824219,36684100
2022-03-21,64.85920715332031,64.85920715332031,73.72000122070312,72.93000030517578,73.55999755859375,29985700
2022-03-22,65.46965789794922,65.46965789794922,74.13999938964844,73.69999694824219,73.76000213623047,21840800
2022-03-23,64.6203384399414,64.6203384399414,73.5199966430664,73.02999877929688,73.18000030517578,22375800
2022-03-24,65.2219467163086,65.2219467163086,73.72000122070312,73.16000366210938,73.27999877929688,22098200
2022-03-25,65.25733184814453,65.25733184814453,73.86000061035156,73.25,73.66000366210938,18372100
2022-03-28,65.04499816894531,65.04499816894531,73.56999969482422,72.95999908447266,73.29000091552734,24829900
2022-03-29,66.48709106445312,66.48709106445312,75.37999725341797,74.48999786376953,75.18000030517578,25591200
2022-03-30,66.21283721923828,66.21283721923828,75.13999938964844,74.55999755859375,74.87999725341797,22487000
2022-03-31,65.11577606201172,65.11577606201172,74.58000183105469,73.5199966430664,74.30000305175781,31677200
2022-04-01,65.72623443603516,65.72623443603516,74.30999755859375,73.73999786376953,74.05999755859375,23182800
2022-04-04,65.99164581298828,65.99164581298828,74.62000274658203,74.05000305175781,74.12999725341797,20875700
2022-04-05,65.09808349609375,65.09808349609375,74.37999725341797,73.38999938964844,74.11000061035156,27759400
2022-04-06,64.31951141357422,64.31951141357422,73.08999633789062,72.29000091552734,72.66000366210938,30692700
2022-04-07,64.4610824584961,64.4610824584961,73.0999984741211,72.23999786376953,72.7699966430664,27838500
2022-04-08,64.48762512207031,64.48762512207031,73.19000244140625,72.48999786376953,72.58999633789062,21937200
2022-04-11,63.80638885498047,63.80638885498047,72.75,72.06999969482422,72.58000183105469,22149900
2022-04-12,63.328636169433594,63.328636169433594,72.41000366210938,71.4000015258789,72.2300033569336,28916200
2022-04-13,64.00988006591797,64.00988006591797,72.38999938964844,71.56999969482422,71.56999969482422,20164900
2022-04-14,63.717899322509766,63.717899322509766,72.62000274658203,71.9800033569336,72.48999786376953,19861900
2022-04-18,63.3463249206543,63.3463249206543,72.12999725341797,71.47000122070312,71.69999694824219,18508900
2022-04-19,63.64713668823242,63.64713668823242,72.02999877929688,71.18000030517578,71.18000030517578,24863500
2022-04-20,64.0718002319336,64.0718002319336,72.66000366210938,72.19999694824219,72.5,30249800
2022-04-21,63.381717681884766,63.381717681884766,73.22000122070312,71.51000213623047,73.08999633789062,32960800
2022-04-22,62.34659957885742,62.34659957885742,71.54000091552734,70.4000015258789,71.52999877929688,34878400
2022-04-25,62.04578399658203,62.04578399658203,70.19000244140625,69.16000366210938,69.70999908447266,37193600
2022-04-26,60.311710357666016,60.311710357666016,69.61000061035156,68.12999725341797,69.56999969482422,41284200
2022-04-27,60.58598327636719,60.58598327636719,68.94999694824219,68.06999969482422,68.43000030517578,43593100
2022-04-28,61.44417190551758,61.44417190551758,69.62000274658203,68.30000305175781,68.91000366210938,32154000
2022-04-29,60.7275390625,60.7275390625,70.12000274658203,68.56999969482422,69.69999694824219,54305300
2022-05-02,60.57713317871094,60.57713317871094,68.73999786376953,67.66000366210938,68.38999938964844,45813900
2022-05-03,61.02834701538086,61.02834701538086,69.23999786376953,68.69999694824219,68.93000030517578,39643500
2022-05-04,62.09886169433594,62.09886169433594,70.30999755859375,68.19999694824219,69.0,47419100
2022-05-05,60.09938430786133,60.09938430786133,69.22000122070312,67.41999816894531,69.18000030517578,38827000
2022-05-06,59.51546859741211,59.51546859741211,67.69000244140625,66.8499984741211,67.44000244140625,48268900
2022-05-09,57.71946716308594,57.71946716308594,66.1500015258789,65.11000061035156,66.04000091552734,50145000
2022-05-10,58.15298843383789,58.15298843383789,66.44000244140625,65.23999786376953,66.4000015258789,57682400
2022-05-11,57.80794143676758,57.80794143676758,66.7699966430664,65.26000213623047,65.91000366210938,49751100
2022-05-12,57.66638946533203,57.66638946533203,65.80000305175781,64.62999725341797,64.93000030517578,39410900
2022-05-13,59.26774215698242,59.26774215698242,67.0199966430664,66.12000274658203,66.13999938964844,34682200
2022-05-16,59.32083511352539,59.32083511352539,67.3499984741211,66.47000122070312,66.69000244140625,21254300
2022-05-17,60.426734924316406,60.426734924316406,68.3499984741211,67.77999877929688,68.16000366210938,31487000
2022-05-18,58.98462677001953,58.98462677001953,67.80999755859375,66.56999969482422,67.70999908447266,23553000
2022-05-19,59.55085754394531,59.55085754394531,67.69999694824219,66.56999969482422,66.58999633789062,35999600
2022-05-20,59.95782470703125,59.95782470703125,68.1500015258789,66.91000366210938,68.08000183105469,36357000
2022-05-23,60.97526931762695,60.97526931762695,69.06999969482422,68.37000274658203,68.48999786376953,23838500
2022-05-24,60.877933502197266,60.877933502197266,69.04000091552734,68.33999633789062,68.69999694824219,19504600
2022-05-25,60.8956413269043,60.8956413269043,69.13999938964844,68.33999633789062,68.33999633789062,18826400
2022-05-26,61.56801986694336,61.56801986694336,69.76000213623047,68.91999816894531,68.93000030517578,20930500
2022-05-27,62.311195373535156,62.311195373535156,70.44999694824219,70.0,70.04000091552734,13697600
2022-05-31,61.939613342285156,61.939613342285156,70.47000122070312,69.83999633789062,70.19000244140625,25025200
2022-06-01,61.28491973876953,61.28491973876953,70.45999908447266,69.05999755859375,70.41999816894531,28336400
2022-06-02,62.55891799926758,62.55891799926758,70.7300033569336,69.58000183105469,69.83000183105469,21642000
2022-06-03,61.66534423828125,61.66534423828125,70.0,69.5,69.80999755859375,21327200
2022-06-06,61.91307830810547,61.91307830810547,70.61000061035156,69.83000183105469,70.51000213623047,15192300
2022-06-07,62.09886169433594,62.09886169433594,70.22000122070312,69.2699966430664,69.27999877929688,19039600
2022-06-08,61.23183822631836,61.23183822631836,69.72000122070312,69.12999725341797,69.41999816894531,21219400
2022-06-09,59.945919036865234,59.945919036865234,67.51000213623047,66.26000213623047,67.3499984741211,25675700
2022-06-10,58.499046325683594,58.499046325683594,65.12999725341797,64.48999786376953,65.05999755859375,34102000
2022-06-13,56.563846588134766,56.563846588134766,63.369998931884766,62.439998626708984,63.029998779296875,54218000
2022-06-14,56.03030776977539,56.03030776977539,62.72999954223633,61.41999816894531,62.529998779296875,38601700
2022-06-15,57.07929611206055,57.07929611206055,63.470001220703125,61.86000061035156,62.63999938964844,37790700
2022-06-16,55.822330474853516,55.822330474853516,62.18000030517578,61.34000015258789,61.59000015258789,38025300
2022-06-17,55.596248626708984,55.596248626708984,62.0,61.119998931884766,61.68000030517578,43097500
2022-06-21,56.437252044677734,56.437252044677734,62.77000045776367,62.380001068115234,62.56999969482422,31891400
2022-06-22,56.05744171142578,56.05744171142578,62.56999969482422,61.619998931884766,61.709999084472656,30368200
2022-06-23,55.994140625,55.994140625,62.0,61.27000045776367,61.849998474121094,26482500
2022-06-24,57.667091369628906,57.667091369628906,63.790000915527344,62.7400016784668,62.790000915527344,31235000
2022-06-27,57.42293167114258,57.42293167114258,63.939998626708984,63.43000030517578,63.65999984741211,20987600
2022-06-28,57.034080505371094,57.034080505371094,64.22000122070312,63.04999923706055,64.0199966430664,19187400
2022-06-29,56.817054748535156,56.817054748535156,63.290000915527344,62.790000915527344,63.099998474121094,18226800
2022-06-30,56.50959014892578,56.50959014892578,62.59000015258789,61.470001220703125,61.709999084472656,37316200
2022-07-01,56.645233154296875,56.645233154296875,62.650001525878906,61.5,61.709999084472656,26046600
2022-07-05,55.43347930908203,55.43347930908203,61.31999969482422,60.40999984741211,60.65999984741211,30911300
2022-07-06,55.47868728637695,55.47868728637695,61.4900016784668,60.86000061035156,61.20000076293945,18030000
2022-07-07,56.31968307495117,56.31968307495117,62.290000915527344,61.849998474121094,61.86000061035156,17215100
2022-07-08,56.38298797607422,56.38298797607422,62.560001373291016,61.849998474121094,62.119998931884766,13135200
2022-07-11,55.46965026855469,55.46965026855469,61.75,61.290000915527344,61.56999969482422,15757900
2022-07-12,55.46060562133789,55.46060562133789,61.83000183105469,61.189998626708984,61.2400016784668,16350500
2022-07-13,55.43347930908203,55.43347930908203,61.54999923706055,60.5099983215332,60.58000183105469,17907500
2022-07-14,54.65578079223633,54.65578079223633,60.4900016784668,59.540000915527344,59.9900016784668,25329100
2022-07-15,55.52390670776367,55.52390670776367,61.439998626708984,60.61000061035156,60.880001068115234,28570100
2022-07-18,55.74998474121094,55.74998474121094,62.41999816894531,61.54999923706055,62.2599983215332,23785600
2022-07-19,57.26919937133789,57.26919937133789,63.349998474121094,62.7599983215332,62.81999969482422,25474500
2022-07-20,56.889400482177734,56.889400482177734,63.31999969482422,62.59000015258789,63.130001068115234,18738200
2022-07-21,57.47719192504883,57.47719192504883,63.630001068115234,62.689998626708984,62.77000045776367,19165500
2022-07-22,57.33250045776367,57.33250045776367,64.19000244140625,63.150001525878906,63.83000183105469,18771500
2022-07-25,57.775604248046875,57.775604248046875,63.970001220703125,63.54999923706055,63.880001068115234,17451300
2022-07-26,56.970787048339844,56.970787048339844,63.47999954223633,63.0,63.41999816894531,11610000
2022-07-27,58.31818389892578,58.31818389892578,64.55999755859375,63.43000030517578,63.63999938964844,20945500
2022-07-28,58.61660385131836,58.61660385131836,64.94000244140625,64.01000213623047,64.38999938964844,19385400
2022-07-29,59.43046951293945,59.43046951293945,65.76000213623047,64.76000213623047,64.94000244140625,23958000
2022-08-01,59.5118522644043,59.5118522644043,66.08000183105469,65.48999786376953,65.69999694824219,19450500
2022-08-02,58.562347412109375,58.562347412109375,65.45999908447266,64.73999786376953,65.27999877929688,17857700
2022-08-03,58.905982971191406,58.905982971191406,65.26000213623047,64.6500015258789,65.05000305175781,16011100
2022-08-04,59.204402923583984,59.204402923583984,65.58999633789062,65.18000030517578,65.26000213623047,15153600
2022-08-05,58.78842544555664,58.78842544555664,65.12000274658203,64.56999969482422,64.66000366210938,15130400
2022-08-08,58.924068450927734,58.924068450927734,65.76000213623047,65.04000091552734,65.52999877929688,12069100
2022-08-09,58.60755920410156,58.60755920410156,65.23999786376953,64.69999694824219,65.12999725341797,10867800
2022-08-10,59.927833557128906,59.927833557128906,66.48999786376953,65.94000244140625,66.16999816894531,16870800
2022-08-11,59.90974807739258,59.90974807739258,66.73999786376953,66.13999938964844,66.52999877929688,11539400
2022-08-12,60.37095260620117,60.37095260620117,66.7699966430664,66.12999725341797,66.29000091552734,13680300
2022-08-15,60.00922775268555,60.00922775268555,66.41000366210938,66.05999755859375,66.19000244140625,15733100
2022-08-16,59.99113464355469,59.99113464355469,66.45999908447266,65.94999694824219,65.94999694824219,13497100
2022-08-17,59.5118522644043,59.5118522644043,66.16999816894531,65.47000122070312,65.69999694824219,14822100
2022-08-18,59.31291198730469,59.31291198730469,65.76000213623047,65.36000061035156,65.7300033569336,14303900
2022-08-19,58.499046325683594,58.499046325683594,65.04000091552734,64.54000091552734,64.97000122070312,20257600
2022-08-22,57.50432205200195,57.50432205200195,64.01000213623047,63.43000030517578,63.9900016784668,20062200
2022-08-23,57.53144836425781,57.53144836425781,64.08999633789062,63.349998474121094,63.43000030517578,19101400
2022-08-24,57.60379409790039,57.60379409790039,63.90999984741211,63.279998779296875,63.349998474121094,12086600
2022-08-25,58.23680114746094,58.23680114746094,64.41999816894531,63.720001220703125,63.86000061035156,13980500
2022-08-26,56.70853042602539,56.70853042602539,64.5,62.66999816894531,64.43000030517578,19338300
2022-08-29,56.58193588256836,56.58193588256836,62.83000183105469,62.369998931884766,62.43000030517578,16199700
2022-08-30,56.17499542236328,56.17499542236328,63.060001373291016,61.9900016784668,62.9900016784668,24907400
2022-08-31,55.79519271850586,55.79519271850586,62.349998474121094,61.68000030517578,62.119998931884766,32178200
2022-09-01,55.04462814331055,55.04462814331055,60.93000030517578,60.22999954223633,60.79999923706055,33526300
2022-09-02,54.68291091918945,54.68291091918945,61.84000015258789,60.279998779296875,61.38999938964844,28234000
2022-09-06,54.54725646972656,54.54725646972656,60.88999938964844,60.11000061035156,60.7599983215332,21862300
2022-09-07,55.02653884887695,55.02653884887695,60.86000061035156,59.83000183105469,59.84000015258789,21289000
2022-09-08,55.062713623046875,55.062713623046875,60.970001220703125,60.060001373291016,60.16999816894531,17589900
2022-09-09,56.46437072753906,56.46437072753906,62.5,62.02000045776367,62.060001373291016,22655100
2022-09-12,57.25111389160156,57.25111389160156,63.59000015258789,63.150001525878906,63.220001220703125,22338600
2022-09-13,55.26165771484375,55.26165771484375,62.47999954223633,61.060001373291016,62.130001068115234,26513900
2022-09-14,55.4425163269043,55.4425163269043,61.56999969482422,60.95000076293945,61.29999923706055,19052800
2022-09-15,54.954200744628906,54.954200744628906,61.400001525878906,60.66999816894531,60.86000061035156,23181900
2022-09-16,54.619606018066406,54.619606018066406,60.619998931884766,60.060001373291016,60.2400016784668,31914300
2022-09-19,54.809513092041016,54.809513092041016,60.650001525878906,59.70000076293945,59.709999084472656,19597500
2022-09-20,53.878082275390625,53.878082275390625,59.900001525878906,59.22999954223633,59.77000045776367,23429600
2022-09-21,53.1727294921875,53.1727294921875,60.040000915527344,58.75,59.529998779296875,22678800
2022-09-22,53.01899337768555,53.01899337768555,59.150001525878906,58.349998474121094,59.029998779296875,25400900
2022-09-23,51.32796096801758,51.32796096801758,57.349998474121094,56.310001373291016,57.290000915527344,33958900
2022-09-26,50.5683479309082,50.5683479309082,56.689998626708984,55.619998931884766,56.18000030517578,41892400
2022-09-27,50.22471618652344,50.22471618652344,56.4900016784668,55.220001220703125,56.189998626708984,38742700
2022-09-28,51.43647766113281,51.43647766113281,57.029998779296875,55.349998474121094,55.52000045776367,35116000
2022-09-29,50.830596923828125,50.830596923828125,56.25,55.439998626708984,56.0099983215332,30971600
2022-09-30,50.64973449707031,50.64973449707031,56.70000076293945,55.88999938964844,55.959999084472656,38527600
2022-10-03,51.653507232666016,51.653507232666016,57.36000061035156,56.36000061035156,56.59000015258789,37451600
2022-10-04,53.72434997558594,53.72434997558594,59.5,58.61000061035156,58.630001068115234,32480200
2022-10-05,53.15464401245117,53.15464401245117,59.11000061035156,58.09000015258789,58.41999816894531,28550700
2022-10-06,52.22321701049805,52.22321701049805,58.380001068115234,57.689998626708984,58.09000015258789,28668800
2022-10-07,51.39126205444336,51.39126205444336,57.54999923706055,56.63999938964844,57.47999954223633,22200000
2022-10-10,51.10188293457031,51.10188293457031,56.86000061035156,56.18000030517578,56.79999923706055,26510200
2022-10-11,50.54122543334961,50.54122543334961,56.790000915527344,55.709999084472656,56.13999938964844,26577200
2022-10-12,50.378448486328125,50.378448486328125,56.040000915527344,55.54999923706055,55.7400016784668,24455800
2022-10-13,51.41838836669922,51.41838836669922,57.119998931884766,54.61000061035156,54.7400016784668,48010100
2022-10-14,50.64973449707031,50.64973449707031,57.400001525878906,55.95000076293945,57.220001220703125,28145900
2022-10-17,51.897666931152344,51.897666931152344,57.650001525878906,57.220001220703125,57.22999954223633,32731000
2022-10-18,52.2684326171875,52.2684326171875,58.29999923706055,57.380001068115234,58.2400016784668,26876700
2022-10-19,51.626380920410156,51.626380920410156,57.5,56.709999084472656,57.2599983215332,22958200
2022-10-20,51.50881576538086,51.50881576538086,57.79999923706055,56.83000183105469,57.13999938964844,25989700
2022-10-21,52.440250396728516,52.440250396728516,58.0099983215332,56.220001220703125,56.439998626708984,37761800
2022-10-24,52.44929122924805,52.44929122924805,58.25,57.4900016784668,57.779998779296875,20327600
2022-10-25,53.606788635253906,53.606788635253906,59.33000183105469,58.40999984741211,58.41999816894531,21583300
2022-10-26,54.11320114135742,54.11320114135742,60.25,59.2400016784668,59.2599983215332,27095500
2022-10-27,53.606788635253906,53.606788635253906,60.08000183105469,59.25,59.630001068115234,20349600
2022-10-28,54.14033126831055,54.14033126831055,59.869998931884766,59.08000183105469,59.189998626708984,19235500
2022-10-31,53.63391876220703,53.63391876220703,59.439998626708984,59.11000061035156,59.20000076293945,27032700
2022-11-01,54.05893325805664,54.05893325805664,60.52000045776367,59.5099983215332,60.5,42687000
2022-11-02,53.27220153808594,53.27220153808594,60.650001525878906,58.90999984741211,59.869998931884766,30497700
2022-11-03,52.82004928588867,52.82004928588867,58.689998626708984,58.060001373291016,58.11000061035156,23604200
2022-11-04,54.93610763549805,54.93610763549805,60.81999969482422,59.790000915527344,60.16999816894531,33756400
2022-11-07,55.10792541503906,55.10792541503906,61.209999084472656,60.709999084472656,60.970001220703125,19904600
2022-11-08,55.73189163208008,55.73189163208008,62.0099983215332,61.220001220703125,61.36000061035156,19882900
2022-11-09,54.954200744628906,54.954200744628906,61.63999938964844,60.7599983215332,61.20000076293945,22418600
2022-11-10,58.03786087036133,58.03786087036133,64.18000030517578,62.91999816894531,63.27000045776367,29640900
2022-11-11,59.19535446166992,59.19535446166992,65.55999755859375,64.51000213623047,64.76000213623047,24071300
2022-11-14,58.57138442993164,58.57138442993164,65.3499984741211,64.7699966430664,64.93000030517578,21599900
2022-11-15,58.960235595703125,58.960235595703125,65.93000030517578,64.5999984741211,65.81999969482422,34956600
2022-11-16,58.82460021972656,58.82460021972656,65.41000366210938,64.86000061035156,65.30000305175781,22730400
2022-11-17,58.797454833984375,58.797454833984375,65.05999755859375,64.19999694824219,64.22000122070312,21271100
2022-11-18,58.91502380371094,58.91502380371094,65.33000183105469,64.93000030517578,65.31999969482422,18431100
2022-11-21,58.471923828125,58.471923828125,64.77999877929688,64.37000274658203,64.5999984741211,21877400
2022-11-22,59.2857780456543,59.2857780456543,65.58000183105469,64.97000122070312,65.06999969482422,14698700
2022-11-23,59.936885833740234,59.936885833740234,66.37999725341797,65.68000030517578,65.68000030517578,13400800
2022-11-25,60.244346618652344,60.244346618652344,66.76000213623047,66.36000061035156,66.36000061035156,10934400
2022-11-28,59.46664810180664,59.46664810180664,66.56999969482422,65.72000122070312,66.29000091552734,18618500
2022-11-29,59.638458251953125,59.638458251953125,66.31999969482422,65.79000091552734,65.91999816894531,17666900
2022-11-30,60.696495056152344,60.696495056152344,67.3499984741211,65.83000183105469,66.47000122070312,41966500
2022-12-01,61.284278869628906,61.284278869628906,68.05999755859375,67.41999816894531,67.87000274658203,24209700
2022-12-02,61.23906707763672,61.23906707763672,67.93000030517578,67.13999938964844,67.13999938964844,36230700
2022-12-05,60.43424987792969,60.43424987792969,67.68000030517578,66.63999938964844,67.48999786376953,26304900
2022-12-06,60.16295623779297,60.16295623779297,67.11000061035156,66.25,66.97000122070312,25663000
2022-12-07,60.16295623779297,60.16295623779297,66.80999755859375,66.27999877929688,66.55999755859375,23274300
2022-12-08,60.47041702270508,60.47041702270508,66.94000244140625,66.31999969482422,66.5199966430664,20080400
2022-12-09,60.506587982177734,60.506587982177734,67.41999816894531,66.87000274658203,67.02999877929688,25772900
2022-12-12,60.68744659423828,60.68744659423828,67.11000061035156,66.68000030517578,66.9000015258789,18725400
2022-12-13,61.54815673828125,61.54815673828125,68.77999877929688,67.54000091552734,68.6500015258789,29377300
2022-12-14,61.493682861328125,61.493682861328125,68.33000183105469,67.29000091552734,67.88999938964844,23707700
2022-12-15,59.9229736328125,59.9229736328125,67.01000213623047,65.7699966430664,66.88999938964844,25617500
2022-12-16,59.39638137817383,59.39638137817383,65.76000213623047,65.12999725341797,65.45999908447266,23998700
2022-12-19,59.25111389160156,59.25111389160156,65.72000122070312,65.08999633789062,65.62999725341797,21180700
2022-12-20,59.4871711730957,59.4871711730957,65.8499984741211,65.30999755859375,65.4000015258789,21440600
2022-12-21,60.104549407958984,60.104549407958984,66.38999938964844,65.83000183105469,65.91999816894531,17112200
2022-12-22,59.614280700683594,59.614280700683594,65.95999908447266,65.11000061035156,65.94999694824219,21251200
2022-12-23,59.82310485839844,59.82310485839844,65.98999786376953,65.41000366210938,65.55000305175781,12536600
2022-12-27,59.91389846801758,59.91389846801758,66.23999786376953,65.81999969482422,65.94000244140625,16247400
2022-12-28,59.27834701538086,59.27834701538086,66.33000183105469,65.29000091552734,66.12999725341797,14526900
2022-12-29,60.21350860595703,60.21350860595703,66.5,66.0,66.04000091552734,17455400
2022-12-30,59.59612274169922,59.59612274169922,66.18000030517578,65.56999969482422,65.94999694824219,25629000
2023-01-03,60.12272262573242,60.12272262573242,66.83000183105469,65.9000015258789,66.45999908447266,25179300
2023-01-04,60.92169189453125,60.92169189453125,67.31999969482422,66.70999908447266,67.18000030517578,26751400
2023-01-05,60.31338882446289,60.31338882446289,66.69000244140625,66.30000305175781,66.47000122070312,17376900
2023-01-06,61.85685729980469,61.85685729980469,68.16999816894531,66.44000244140625,66.83000183105469,17951400
2023-01-09,62.12014389038086,62.12014389038086,69.05999755859375,68.37999725341797,68.6500015258789,23392800
2023-01-10,62.30173873901367,62.30173873901367,68.62999725341797,68.16999816894531,68.33000183105469,18811500
2023-01-11,62.773860931396484,62.773860931396484,69.1500015258789,68.73999786376953,68.94999694824219,17732700
2023-01-12,63.6999397277832,63.6999397277832,70.27999877929688,69.0,69.70999908447266,19767100
2023-01-13,64.0358657836914,64.0358657836914,70.55000305175781,69.80999755859375,69.80999755859375,18092100
2023-01-17,64.23560333251953,64.23560333251953,71.05999755859375,70.55999755859375,70.77999877929688,25184100
2023-01-18,64.00863647460938,64.00863647460938,71.68000030517578,70.5,71.55000305175781,35935300
2023-01-19,63.90876007080078,63.90876007080078,70.54000091552734,70.0199966430664,70.27999877929688,23519000
2023-01-20,64.4716796875,64.4716796875,71.02999877929688,70.18000030517578,70.36000061035156,28289500
2023-01-23,64.73497772216797,64.73497772216797,71.30999755859375,70.66999816894531,70.69999694824219,24252900
2023-01-24,64.65326690673828,64.65326690673828,71.36000061035156,70.66999816894531,70.91000366210938,12996500
2023-01-25,65.0799789428711,65.0799789428711,71.73999786376953,70.93000030517578,70.9800033569336,14250500
2023-01-26,65.13446044921875,65.13446044921875,71.81999969482422,71.16000366210938,71.73999786376953,13272300
2023-01-27,65.0073471069336,65.0073471069336,71.76000213623047,71.20999908447266,71.30000305175781,13986800
2023-01-30,64.58970642089844,64.58970642089844,71.66999816894531,71.13999938964844,71.33999633789062,14111500
2023-01-31,64.96195220947266,64.96195220947266,71.58999633789062,70.80000305175781,70.94000244140625,23544400
2023-02-01,65.54302978515625,65.54302978515625,72.44000244140625,70.94000244140625,71.48999786376953,27861400
2023-02-02,65.45222473144531,65.45222473144531,72.43000030517578,71.63999938964844,72.37999725341797,15588000
2023-02-03,64.84391784667969,64.84391784667969,72.0,71.26000213623047,71.38999938964844,18589800
2023-02-06,64.18114471435547,64.18114471435547,70.87999725341797,70.33000183105469,70.72000122070312,18409500
2023-02-07,64.72589111328125,64.72589111328125,71.37999725341797,70.22000122070312,70.36000061035156,19440100
2023-02-08,64.32640838623047,64.32640838623047,71.29000091552734,70.72000122070312,71.18000030517578,18281400
2023-02-09,64.44444274902344,64.44444274902344,71.93000030517578,70.8499984741211,71.87000274658203,10875300
2023-02-10,64.16297912597656,64.16297912597656,70.7699966430664,70.36000061035156,70.72000122070312,16681200
2023-02-13,64.80760192871094,64.80760192871094,71.37999725341797,70.69000244140625,70.7699966430664,11806300
2023-02-14,64.9256362915039,64.9256362915039,71.83000183105469,70.86000061035156,71.05000305175781,14082900
2023-02-15,64.63510131835938,64.63510131835938,71.19000244140625,70.56999969482422,70.62999725341797,14031200
2023-02-16,64.31732177734375,64.31732177734375,71.2699966430664,70.48999786376953,70.56999969482422,13151000
2023-02-17,64.48075103759766,64.48075103759766,71.0999984741211,70.38999938964844,70.51000213623047,13768200
2023-02-21,63.7725715637207,63.7725715637207,70.7699966430664,70.19000244140625,70.5199966430664,14419700
2023-02-22,63.41847610473633,63.41847610473633,70.23999786376953,69.69999694824219,70.12000274658203,12991700
2023-02-23,63.74534606933594,63.74534606933594,70.29000091552734,69.56999969482422,70.1500015258789,25783700
2023-02-24,62.683067321777344,62.683067321777344,69.2699966430664,68.76000213623047,69.0199966430664,25120200
2023-02-27,63.42756271362305,63.42756271362305,70.04000091552734,69.63999938964844,69.83999633789062,19736300
2023-02-28,62.96452331542969,62.96452331542969,69.81999969482422,69.31999969482422,69.66000366210938,28408000
2023-03-01,63.30044937133789,63.30044937133789,70.05999755859375,69.45999908447266,69.9000015258789,20961000
2023-03-02,63.42756271362305,63.42756271362305,69.91999816894531,69.20999908447266,69.2300033569336,20540100
2023-03-03,64.3536376953125,64.3536376953125,70.91999816894531,70.05999755859375,70.25,23663300
2023-03-06,64.19021606445312,64.19021606445312,71.0,70.62000274658203,70.72000122070312,22289600
2023-03-07,63.118865966796875,63.118865966796875,70.66000366210938,69.44000244140625,70.5999984741211,26319800
2023-03-08,63.4638786315918,63.4638786315918,70.11000061035156,69.56999969482422,69.73999786376953,21016200
2023-03-09,63.00083923339844,63.00083923339844,70.2699966430664,69.2699966430664,70.02999877929688,25914100
2023-03-10,62.3289794921875,62.3289794921875,69.56999969482422,68.58000183105469,69.41000366210938,31703800
2023-03-13,61.90225601196289,61.90225601196289,68.73999786376953,67.80999755859375,67.93000030517578,27005100
2023-03-14,62.72845458984375,62.72845458984375,69.0999984741211,68.55999755859375,68.88999938964844,18054000
2023-03-15,60.78550720214844,60.78550720214844,67.05000305175781,66.06999969482422,66.52999877929688,37928500
2023-03-16,61.729740142822266,61.729740142822266,67.98999786376953,66.55000305175781,66.61000061035156,33179100
2023-03-17,60.994327545166016,60.994327545166016,67.52999877929688,66.91000366210938,67.37999725341797,23846200
2023-03-20,61.94765090942383,61.94765090942383,68.45999908447266,67.80999755859375,67.93000030517578,24003200
2023-03-21,62.882816314697266,62.882816314697266,69.33000183105469,68.86000061035156,69.2300033569336,16669400
2023-03-22,62.6649055480957,62.6649055480957,70.22000122070312,68.9800033569336,69.37000274658203,16277900
2023-03-23,62.67398452758789,62.67398452758789,70.04000091552734,68.72000122070312,69.62999725341797,23067200
2023-03-24,62.48332214355469,62.48332214355469,68.86000061035156,68.13999938964844,68.54000091552734,27879000
2023-03-27,63.07346725463867,63.07346725463867,69.52999877929688,69.08000183105469,69.23999786376953,23269300
2023-03-28,63.100704193115234,63.100704193115234,69.66000366210938,69.33000183105469,69.43000030517578,20324500
2023-03-29,63.863365173339844,63.863365173339844,70.4000015258789,70.05000305175781,70.18000030517578,29119300
2023-03-30,64.60787200927734,64.60787200927734,71.26000213623047,70.98999786376953,71.1500015258789,21615800
2023-03-31,64.9347152709961,64.9347152709961,71.68000030517578,71.3499984741211,71.3499984741211,28532600
2023-04-03,65.45222473144531,65.45222473144531,72.11000061035156,71.58999633789062,71.69000244140625,20737100
2023-04-04,65.4613037109375,65.4613037109375,72.31999969482422,71.88999938964844,72.0999984741211,15364600
2023-04-05,65.0073471069336,65.0073471069336,71.91999816894531,71.36000061035156,71.72000122070312,16313900
2023-04-06,65.31604766845703,65.31604766845703,72.12999725341797,71.5199966430664,71.61000061035156,13659900
2023-04-10,65.2706527709961,65.2706527709961,71.9000015258789,71.37999725341797,71.48999786376953,12854000
2023-04-11,65.4885482788086,65.4885482788086,72.25,71.98999786376953,72.05000305175781,11264100
2023-04-12,65.90618896484375,65.90618896484375,72.94000244140625,72.37000274658203,72.77999877929688,13241500
2023-04-13,66.75054931640625,66.75054931640625,73.58000183105469,73.11000061035156,73.19000244140625,12233000
2023-04-14,66.47817993164062,66.47817993164062,73.69000244140625,72.94000244140625,73.48999786376953,14209900
2023-04-17,66.36015319824219,66.36015319824219,73.12000274658203,72.73999786376953,73.0199966430664,17323800
2023-04-18,66.72332763671875,66.72332763671875,73.55000305175781,73.29000091552734,73.45999908447266,13753400
2023-04-19,66.5145034790039,66.5145034790039,73.33999633789062,73.0999984741211,73.12000274658203,8840800
2023-04-20,66.5145034790039,66.5145034790039,73.44000244140625,73.06999969482422,73.08999633789062,12478600
2023-04-21,66.85043334960938,66.85043334960938,73.68000030517578,73.02999877929688,73.3499984741211,14053000
2023-04-24,67.02294921875,67.02294921875,73.8499984741211,73.61000061035156,73.62999725341797,12864900
2023-04-25,66.08777618408203,66.08777618408203,73.5199966430664,72.77999877929688,73.4800033569336,12582200
2023-04-26,66.0423812866211,66.0423812866211,73.25,72.6500015258789,73.23999786376953,16928600
2023-04-27,66.86859130859375,66.86859130859375,73.66000366210938,72.97000122070312,73.12000274658203,14505700
2023-04-28,66.84136962890625,66.84136962890625,73.62999725341797,73.01000213623047,73.02999877929688,16936800
2023-05-01,66.74148559570312,66.74148559570312,73.88999938964844,73.48999786376953,73.69000244140625,24499500
2023-05-02,66.06961822509766,66.06961822509766,72.83999633789062,72.33000183105469,72.83000183105469,12907200
2023-05-03,66.24212646484375,66.24212646484375,73.55000305175781,72.94999694824219,73.04000091552734,13977300
2023-05-04,66.1059341430664,66.1059341430664,73.06999969482422,72.55999755859375,72.75,17411200
2023-05-05,67.0774154663086,67.0774154663086,73.98999786376953,73.12000274658203,73.16999816894531,11096900
2023-05-08,67.09557342529297,67.09557342529297,74.05000305175781,73.7699966430664,74.02999877929688,7533200
2023-05-09,66.82320404052734,66.82320404052734,73.69999694824219,73.25,73.29000091552734,14835400
2023-05-10,66.68701171875,66.68701171875,73.69000244140625,72.98999786376953,73.68000030517578,14009800
2023-05-11,66.5235824584961,66.5235824584961,73.2699966430664,72.72000122070312,73.02999877929688,14971700
2023-05-12,66.40554809570312,66.40554809570312,73.41000366210938,72.87000274658203,73.36000061035156,15823200
2023-05-15,66.91398620605469,66.91398620605469,73.70999908447266,73.27999877929688,73.36000061035156,10580600
2023-05-16,66.27843475341797,66.27843475341797,73.44000244140625,72.97000122070312,73.31999969482422,13335700
2023-05-17,66.58712005615234,66.58712005615234,73.38999938964844,72.81999969482422,73.08999633789062,21491300
2023-05-18,66.48726654052734,66.48726654052734,73.26000213623047,72.83000183105469,73.16999816894531,10657000
2023-05-19,66.87767791748047,66.87767791748047,73.83999633789062,73.47000122070312,73.55000305175781,15971200
2023-05-22,66.89582824707031,66.89582824707031,73.81999969482422,73.55000305175781,73.55999755859375,12122700
2023-05-23,65.91526794433594,65.91526794433594,73.1500015258789,72.56999969482422,73.04000091552734,19215100
2023-05-24,64.952880859375,64.952880859375,71.91000366210938,71.5,71.88999938964844,21758100
2023-05-25,64.86207580566406,64.86207580566406,71.56999969482422,71.1500015258789,71.51000213623047,17393700
2023-05-26,65.49762725830078,65.49762725830078,72.19999694824219,71.73999786376953,71.75,11189800
2023-05-30,64.83485412597656,64.83485412597656,71.94000244140625,71.20999908447266,71.91999816894531,13979800
2023-05-31,64.16297912597656,64.16297912597656,70.80000305175781,70.12999725341797,70.69000244140625,32754700
2023-06-01,65.11629486083984,65.11629486083984,71.77999877929688,71.0,71.05000305175781,29681600
2023-06-02,65.9606704711914,65.9606704711914,72.76000213623047,72.47000122070312,72.6500015258789,18693500
2023-06-05,65.579345703125,65.579345703125,72.61000061035156,72.18000030517578,72.54000091552734,18029700
2023-06-06,66.12409210205078,66.12409210205078,72.87000274658203,72.3499984741211,72.37999725341797,17811900
2023-06-07,65.54254913330078,65.54254913330078,71.5,70.83000183105469,71.25,29259200
2023-06-08,66.2359619140625,66.2359619140625,71.6500015258789,71.11000061035156,71.2300033569336,15781000
2023-06-09,66.12501525878906,66.12501525878906,71.68000030517578,71.4000015258789,71.56999969482422,15419000
2023-06-12,66.4116439819336,66.4116439819336,71.86000061035156,71.58999633789062,71.76000213623047,15814700
2023-06-13,67.04034423828125,67.04034423828125,72.69000244140625,72.37999725341797,72.48999786376953,17620600
2023-06-14,67.28997039794922,67.28997039794922,73.18000030517578,72.37999725341797,72.97000122070312,17305800
2023-06-15,68.00189971923828,68.00189971923828,73.58999633789062,72.72000122070312,72.7699966430664,14597200
2023-06-16,67.85396575927734,67.85396575927734,73.91000366210938,73.36000061035156,73.87999725341797,20036200
2023-06-20,66.95713806152344,66.95713806152344,72.72000122070312,72.2699966430664,72.58999633789062,16873000
2023-06-21,67.05883026123047,67.05883026123047,72.77999877929688,72.19000244140625,72.30000305175781,11322700
2023-06-22,66.64278411865234,66.64278411865234,72.19999694824219,71.94000244140625,72.01000213623047,11313300
2023-06-23,65.60726928710938,65.60726928710938,71.1500015258789,70.80999755859375,70.83000183105469,15929700
2023-06-26,65.69047546386719,65.69047546386719,71.19000244140625,70.94000244140625,71.05000305175781,12950900
2023-06-27,66.26370239257812,66.26370239257812,71.72000122070312,71.05000305175781,71.26000213623047,11034100
2023-06-28,66.3099365234375,66.3099365234375,71.86000061035156,71.5199966430664,71.6500015258789,9256500
2023-06-29,66.21748352050781,66.21748352050781,71.62000274658203,71.3499984741211,71.38999938964844,6736000
2023-06-30,67.03109741210938,67.03109741210938,72.55000305175781,72.20999908447266,72.29000091552734,28381100
2023-07-03,66.95713806152344,66.95713806152344,72.58000183105469,72.30999755859375,72.47000122070312,13375500
2023-07-05,66.2082290649414,66.2082290649414,71.93000030517578,71.54000091552734,71.9000015258789,15971500
2023-07-06,65.061767578125,65.061767578125,70.55999755859375,69.94000244140625,70.54000091552734,17415300
2023-07-07,65.55178833007812,65.55178833007812,71.22000122070312,70.41000366210938,70.44000244140625,16721300
2023-07-10,65.73670196533203,65.73670196533203,71.12999725341797,70.75,70.77999877929688,9486000
2023-07-11,66.32843017578125,66.32843017578125,71.76000213623047,71.22000122070312,71.41000366210938,12811300
2023-07-12,67.59507751464844,67.59507751464844,73.19000244140625,72.56999969482422,72.69000244140625,16111100
2023-07-13,68.67682647705078,68.67682647705078,74.37999725341797,74.04000091552734,74.06999969482422,12707500
2023-07-14,68.28850555419922,68.28850555419922,74.29000091552734,73.83000183105469,74.2300033569336,12549100
2023-07-17,68.2052993774414,68.2052993774414,73.86000061035156,73.41000366210938,73.52999877929688,15876600
2023-07-18,68.64908599853516,68.64908599853516,74.33999633789062,73.83000183105469,73.9000015258789,11519400
2023-07-19,68.61210632324219,68.61210632324219,74.44999694824219,74.0199966430664,74.30000305175781,11138700
2023-07-20,68.26077270507812,68.26077270507812,74.25,73.70999908447266,74.05000305175781,14843900
2023-07-21,68.39945983886719,68.39945983886719,74.05999755859375,73.7699966430664,74.0,10318400
2023-07-24,68.2330322265625,68.2330322265625,73.95999908447266,73.62000274658203,73.66000366210938,9421100
2023-07-25,68.30699920654297,68.30699920654297,74.05999755859375,73.66000366210938,73.68000030517578,9151000
2023-07-26,68.49191284179688,68.49191284179688,74.31999969482422,73.5,73.54000091552734,12325300
2023-07-27,68.33473205566406,68.33473205566406,74.69000244140625,73.8499984741211,74.69000244140625,12775700
2023-07-28,68.82475280761719,68.82475280761719,74.73999786376953,74.30000305175781,74.45999908447266,15891100
2023-07-31,68.84324645996094,68.84324645996094,74.70999908447266,74.36000061035156,74.51000213623047,13797600
2023-08-01,67.9833984375,67.9833984375,73.94000244140625,73.37999725341797,73.7300033569336,16707800
2023-08-02,66.71675109863281,66.71675109863281,72.7300033569336,72.08000183105469,72.62000274658203,16805400
2023-08-03,66.5318374633789,66.5318374633789,72.16000366210938,71.52999877929688,71.58999633789062,12745700
2023-08-04,66.71675109863281,66.71675109863281,72.91000366210938,72.0999984741211,72.33000183105469,14079600
2023-08-07,67.28072357177734,67.28072357177734,72.79000091552734,72.30000305175781,72.62999725341797,12940600
2023-08-08,66.8739242553711,66.8739242553711,72.38999938964844,71.79000091552734,71.97000122070312,14144400
2023-08-09,66.85542297363281,66.85542297363281,72.62000274658203,72.19000244140625,72.43000030517578,12188700
2023-08-10,67.14205169677734,67.14205169677734,73.51000213623047,72.55000305175781,73.08999633789062,16788900
2023-08-11,66.68900299072266,66.68900299072266,72.37000274658203,71.97000122070312,72.11000061035156,14863700
2023-08-14,66.39314270019531,66.39314270019531,71.87999725341797,71.20999908447266,71.4000015258789,9959400
2023-08-15,65.57028198242188,65.57028198242188,71.41000366210938,70.79000091552734,71.38999938964844,13863600
2023-08-16,65.03402709960938,65.03402709960938,70.97000122070312,70.31999969482422,70.69000244140625,10940100
2023-08-17,64.57173919677734,64.57173919677734,70.63999938964844,69.75,70.55999755859375,14730500
2023-08-18,64.57173919677734,64.57173919677734,69.95999908447266,69.30999755859375,69.31999969482422,13617500
2023-08-21,64.8121337890625,64.8121337890625,70.18000030517578,69.70999908447266,70.0199966430664,15838400
2023-08-22,64.69194030761719,64.69194030761719,70.44999694824219,69.91000366210938,70.43000030517578,10563000
2023-08-23,65.39462280273438,65.39462280273438,70.83000183105469,70.23999786376953,70.25,12670000
2023-08-24,64.49778747558594,64.49778747558594,70.5999984741211,69.7300033569336,70.37999725341797,14879000
2023-08-25,64.93234252929688,64.93234252929688,70.47000122070312,69.5999984741211,70.19999694824219,11617700
2023-08-28,65.61650085449219,65.61650085449219,71.0199966430664,70.69000244140625,70.70999908447266,12320400
2023-08-29,66.43012237548828,66.43012237548828,71.9000015258789,70.76000213623047,70.83000183105469,12224400
2023-08-30,66.39314270019531,66.39314270019531,72.1500015258789,71.70999908447266,71.91000366210938,12235800
2023-08-31,66.13426208496094,66.13426208496094,71.9000015258789,71.30999755859375,71.83999633789062,13375200
2023-09-01,66.09728240966797,66.09728240966797,72.18000030517578,71.30000305175781,72.1500015258789,17069800
2023-09-05,65.52406311035156,65.52406311035156,71.33000183105469,70.86000061035156,71.30999755859375,12085000
2023-09-06,65.38536834716797,65.38536834716797,71.0,70.47000122070312,70.8499984741211,11294600
2023-09-07,65.17272186279297,65.17272186279297,70.63999938964844,70.27999877929688,70.5,13543000
2023-09-08,65.08026123046875,65.08026123046875,70.62000274658203,70.30000305175781,70.38999938964844,11813900
2023-09-11,65.75519561767578,65.75519561767578,71.18000030517578,70.79000091552734,70.9800033569336,11650900
2023-09-12,65.48707580566406,65.48707580566406,71.08000183105469,70.72000122070312,70.76000213623047,7947100
2023-09-13,65.2836685180664,65.2836685180664,70.87999725341797,70.47000122070312,70.68000030517578,10047900
2023-09-14,66.14351654052734,66.14351654052734,71.61000061035156,71.12999725341797,71.1500015258789,13519800
2023-09-15,65.9955825805664,65.9955825805664,71.93000030517578,71.3499984741211,71.69000244140625,13678500
2023-09-18,65.76443481445312,65.76443481445312,71.20999908447266,70.83000183105469,71.08000183105469,9121300
2023-09-19,65.81990814208984,65.81990814208984,71.37999725341797,71.01000213623047,71.25,10339900
2023-09-20,65.6627426147461,65.6627426147461,71.87999725341797,70.9800033569336,71.52999877929688,14523400
2023-09-21,64.57173919677734,64.57173919677734,70.48999786376953,69.83999633789062,70.3499984741211,17619900
2023-09-22,64.6272201538086,64.6272201538086,70.45999908447266,69.83999633789062,70.22000122070312,14714800
2023-09-25,64.34060668945312,64.34060668945312,69.62999725341797,69.16000366210938,69.31999969482422,16853100
2023-09-26,63.50850296020508,63.50850296020508,69.25,68.62999725341797,69.04000091552734,17756900
2023-09-27,63.3882942199707,63.3882942199707,69.0,68.08000183105469,68.94999694824219,16390400
2023-09-28,63.90605926513672,63.90605926513672,69.33000183105469,68.52999877929688,68.62000274658203,19507400
2023-09-29,63.72114562988281,63.72114562988281,69.76000213623047,68.75,69.75,20292800
2023-10-02,62.7873420715332,62.7873420715332,68.52999877929688,67.68000030517578,68.47000122070312,23671400
2023-10-03,62.00144958496094,62.00144958496094,67.48999786376953,66.83000183105469,67.30000305175781,19913200
2023-10-04,62.112403869628906,62.112403869628906,67.2699966430664,66.62000274658203,67.2300033569336,19586200
2023-10-05,62.65788650512695,62.65788650512695,67.87000274658203,67.33999633789062,67.56999969482422,18327200
2023-10-06,63.351318359375,63.351318359375,68.68000030517578,67.2300033569336,67.63999938964844,17758900
2023-10-09,63.25886154174805,63.25886154174805,68.5,67.80999755859375,67.87999725341797,11015700
2023-10-10,64.12796020507812,64.12796020507812,69.63999938964844,69.0999984741211,69.19000244140625,23682800
2023-10-11,64.39608764648438,64.39608764648438,69.86000061035156,69.26000213623047,69.76000213623047,15393600
2023-10-12,63.859832763671875,63.859832763671875,69.76000213623047,68.80999755859375,69.73999786376953,16764600
2023-10-13,63.26811599731445,63.26811599731445,69.02999877929688,68.26000213623047,68.87000274658203,19900300
2023-10-16,63.73039245605469,63.73039245605469,69.0,68.45999908447266,68.55000305175781,20119600
2023-10-17,63.76737594604492,63.76737594604492,69.29000091552734,68.3499984741211,68.36000061035156,12155100
2023-10-18,62.65788650512695,62.65788650512695,68.43000030517578,67.69000244140625,68.36000061035156,16945900
2023-10-19,62.1031494140625,62.1031494140625,67.91000366210938,67.05000305175781,67.55000305175781,27204100
2023-10-20,61.54841995239258,61.54841995239258,67.08999633789062,66.54000091552734,66.93000030517578,28251800
2023-10-23,61.59464645385742,61.59464645385742,67.04000091552734,66.06999969482422,66.31999969482422,18574700
2023-10-24,61.945987701416016,61.945987701416016,67.05999755859375,66.6500015258789,66.73999786376953,22138700
2023-10-25,61.50217819213867,61.50217819213867,67.08000183105469,66.44000244140625,66.81999969482422,17400900
2023-10-26,61.05839920043945,61.05839920043945,66.48999786376953,65.83000183105469,66.3499984741211,22914700
2023-10-27,60.87348175048828,60.87348175048828,66.52999877929688,65.68000030517578,66.5,24116300
2023-10-30,61.65011215209961,61.65011215209961,66.70999908447266,66.2699966430664,66.55999755859375,23954500
2023-10-31,61.87200927734375,61.87200927734375,66.97000122070312,66.52999877929688,66.76000213623047,18291300
2023-11-01,62.45449447631836,62.45449447631836,67.56999969482422,66.88999938964844,67.08000183105469,21115000
2023-11-02,63.73039245605469,63.73039245605469,68.94000244140625,68.4800033569336,68.68000030517578,19669400
2023-11-03,64.40532684326172,64.40532684326172,70.0,69.41000366210938,69.51000213623047,20752900
2023-11-06,64.08172607421875,64.08172607421875,69.62999725341797,69.16999816894531,69.55999755859375,15938000
2023-11-07,63.693416595458984,63.693416595458984,69.0199966430664,68.63999938964844,68.7699966430664,15747100
2023-11-08,63.610206604003906,63.610206604003906,69.0999984741211,68.5999984741211,68.86000061035156,10916500
2023-11-09,63.6009521484375,63.6009521484375,69.58000183105469,68.76000213623047,69.41000366210938,14557600
2023-11-10,63.887569427490234,63.887569427490234,69.1500015258789,68.26000213623047,68.73999786376953,12518800
2023-11-13,64.05399322509766,64.05399322509766,69.37999725341797,68.70999908447266,68.81999969482422,11354700
2023-11-14,65.69047546386719,65.69047546386719,71.13999938964844,70.44999694824219,70.45999908447266,21166800
2023-11-15,65.58877563476562,65.58877563476562,71.29000091552734,70.9000015258789,71.08000183105469,12980000
2023-11-16,65.54254913330078,65.54254913330078,71.11000061035156,70.63999938964844,70.81999969482422,13769700
2023-11-17,66.43012237548828,66.43012237548828,71.86000061035156,71.41000366210938,71.55000305175781,14314300
2023-11-20,66.67976379394531,66.67976379394531,72.19999694824219,71.73999786376953,71.73999786376953,10334700
2023-11-21,66.4208755493164,66.4208755493164,72.1500015258789,71.75,72.08000183105469,12300200
2023-11-22,66.57805633544922,66.57805633544922,72.04000091552734,71.62999725341797,71.94999694824219,12162900
2023-11-24,67.08657836914062,67.08657836914062,72.58000183105469,72.2300033569336,72.23999786376953,8083500
2023-11-27,66.85542297363281,66.85542297363281,72.43000030517578,72.16000366210938,72.33999633789062,10365000
2023-11-28,66.8739242553711,66.8739242553711,72.55000305175781,72.0199966430664,72.11000061035156,11129900
2023-11-29,67.01261138916016,67.01261138916016,72.76000213623047,72.30000305175781,72.54000091552734,10462200
2023-11-30,66.95713806152344,66.95713806152344,72.61000061035156,72.16999816894531,72.48999786376953,19444200
2023-12-01,67.65980529785156,67.65980529785156,73.23999786376953,72.3499984741211,72.37999725341797,21091900
2023-12-04,67.13279724121094,67.13279724121094,72.7699966430664,72.33000183105469,72.45999908447266,14778700
2023-12-05,66.89241027832031,66.89241027832031,72.81999969482422,72.2300033569336,72.37999725341797,17529500
2023-12-06,67.09581756591797,67.09581756591797,73.22000122070312,72.55000305175781,73.06999969482422,16547400
2023-12-07,67.4194107055664,67.4194107055664,73.12999725341797,72.43000030517578,72.72000122070312,14513200
2023-12-08,67.62281799316406,67.62281799316406,73.25,72.72000122070312,72.73999786376953,13323600
2023-12-11,67.78923797607422,67.78923797607422,73.36000061035156,73.0199966430664,73.02999877929688,12372000
2023-12-12,67.909423828125,67.909423828125,73.44999694824219,72.95999908447266,73.19999694824219,13210000
2023-12-13,68.89872741699219,68.89872741699219,74.58999633789062,73.16000366210938,73.51000213623047,16760700
2023-12-14,69.40723419189453,69.40723419189453,75.33000183105469,74.72000122070312,74.88999938964844,21959600
2023-12-15,68.7322998046875,68.7322998046875,74.8499984741211,74.29000091552734,74.70999908447266,22420700
2023-12-18,68.89872741699219,68.89872741699219,74.70999908447266,74.30000305175781,74.6500015258789,14409900
2023-12-19,69.48119354248047,69.48119354248047,75.19999694824219,74.93000030517578,74.93000030517578,15551800
2023-12-20,68.78001403808594,68.78001403808594,74.41999816894531,73.41999816894531,74.23999786376953,23019200
2023-12-21,69.89404296875,69.89404296875,74.66000366210938,74.0999984741211,74.26000213623047,15837400
2023-12-22,69.95957946777344,69.95957946777344,74.97000122070312,74.52999877929688,74.81999969482422,12184500
2023-12-26,70.27787017822266,70.27787017822266,75.19000244140625,74.80999755859375,74.80999755859375,8915400
2023-12-27,70.65234375,70.65234375,75.52999877929688,75.11000061035156,75.12000274658203,13103800
2023-12-28,70.46510314941406,70.46510314941406,75.66000366210938,75.26000213623047,75.44999694824219,16832000
2023-12-29,70.54000091552734,70.54000091552734,75.58999633789062,75.1500015258789,75.37999725341797,21346400
2024-01-02,69.75362396240234,69.75362396240234,74.87000274658203,74.41000366210938,74.54000091552734,18177600
2024-01-03,69.2293701171875,69.2293701171875,74.16000366210938,73.58000183105469,73.77999877929688,18637700
2024-01-04,69.38851928710938,69.38851928710938,74.48999786376953,73.94000244140625,73.94000244140625,11977100
2024-01-05,69.43531799316406,69.43531799316406,74.81999969482422,73.95999908447266,74.02999877929688,20636700
2024-01-08,70.17488861083984,70.17488861083984,74.9800033569336,74.2699966430664,74.33000183105469,16250100
2024-01-09,69.54766845703125,69.54766845703125,74.47000122070312,74.18000030517578,74.29000091552734,10218300
2024-01-10,69.99702453613281,69.99702453613281,74.87999725341797,74.52999877929688,74.61000061035156,12191300
2024-01-11,69.98766326904297,69.98766326904297,75.06999969482422,74.0999984741211,74.97000122070312,16434300
2024-01-12,70.27787017822266,70.27787017822266,75.5,74.93000030517578,75.26000213623047,11329300
2024-01-16,69.09830474853516,69.09830474853516,74.26000213623047,73.66000366210938,74.16000366210938,19802700
2024-01-17,68.4429931640625,68.4429931640625,73.13999938964844,72.58000183105469,72.83000183105469,16381400
2024-01-18,69.05150604248047,69.05150604248047,73.77999877929688,73.26000213623047,73.41999816894531,16391400
2024-01-19,69.21064758300781,69.21064758300781,73.94000244140625,73.30000305175781,73.55999755859375,15792200
2024-01-22,69.42597198486328,69.42597198486328,74.37999725341797,74.04000091552734,74.11000061035156,15424800
2024-01-23,69.2293701171875,69.2293701171875,74.0,73.62000274658203,73.77999877929688,13575400
2024-01-24,69.75362396240234,69.75362396240234,75.0,74.5,74.93000030517578,16314600
2024-01-25,69.95021057128906,69.95021057128906,74.7300033569336,74.33000183105469,74.69000244140625,15268800
2024-01-26,70.25914764404297,70.25914764404297,75.23999786376953,74.98999786376953,75.11000061035156,16478600
2024-01-29,70.67105865478516,70.67105865478516,75.56999969482422,74.93000030517578,75.0199966430664,13341500
2024-01-30,70.57744598388672,70.57744598388672,75.4800033569336,75.0999984741211,75.37999725341797,11708400
2024-01-31,70.22171020507812,70.22171020507812,75.97000122070312,74.9000015258789,75.7300033569336,23907300
2024-02-01,70.91445922851562,70.91445922851562,75.7699966430664,75.02999877929688,75.19000244140625,17189400
2024-02-02,70.3527603149414,70.3527603149414,75.19999694824219,74.80999755859375,75.12999725341797,15579800
2024-02-05,69.97830200195312,69.97830200195312,74.91999816894531,74.33000183105469,74.69999694824219,15617900
2024-02-06,70.408935546875,70.408935546875,75.2300033569336,74.68000030517578,74.72000122070312,13886600
2024-02-07,70.3714828491211,70.3714828491211,75.29000091552734,75.0,75.16999816894531,10485100
2024-02-08,70.24979400634766,70.24979400634766,75.0999984741211,74.81999969482422,75.05000305175781,9578500
2024-02-09,70.49319458007812,70.49319458007812,75.3499984741211,74.87999725341797,75.05000305175781,11001100
2024-02-12,70.61489868164062,70.61489868164062,75.66000366210938,75.25,75.2699966430664,6911500
2024-02-13,69.52893829345703,69.52893829345703,74.72000122070312,74.0199966430664,74.62000274658203,14942500
2024-02-14,70.30596160888672,70.30596160888672,75.12000274658203,74.69999694824219,74.76000213623047,13248000
2024-02-15,71.10169982910156,71.10169982910156,75.97000122070312,75.44999694824219,75.45999908447266,14128600
2024-02-16,71.21403503417969,71.21403503417969,76.38999938964844,75.80000305175781,75.9800033569336,13381600
2024-02-20,71.5042495727539,71.5042495727539,76.62999725341797,76.18000030517578,76.55000305175781,15285800
2024-02-21,71.5604248046875,71.5604248046875,76.47000122070312,76.08999633789062,76.22000122070312,11433700
2024-02-22,72.36552429199219,72.36552429199219,77.31999969482422,76.93000030517578,77.06999969482422,15476000
2024-02-23,72.45913696289062,72.45913696289062,77.52999877929688,77.2699966430664,77.37999725341797,11400000
2024-02-26,72.35615539550781,72.35615539550781,77.45999908447266,77.1500015258789,77.45999908447266,15015200
2024-02-27,72.55274963378906,72.55274963378906,77.55999755859375,77.29000091552734,77.33999633789062,11110900
2024-02-28,72.13147735595703,72.13147735595703,77.1500015258789,76.91999816894531,76.9800033569336,12196600
2024-02-29,72.31871032714844,72.31871032714844,77.55000305175781,76.86000061035156,77.41999816894531,17221700
2024-03-01,73.02083587646484,73.02083587646484,78.02999877929688,77.25,77.56999969482422,18930500
2024-03-04,72.83360290527344,72.83360290527344,77.95999908447266,77.68000030517578,77.76000213623047,13961000
2024-03-05,72.7025375366211,72.7025375366211,78.12999725341797,77.44000244140625,77.8499984741211,12874400
2024-03-06,73.56381225585938,73.56381225585938,78.80999755859375,78.36000061035156,78.51000213623047,24098100
2024-03-07,74.4344482421875,74.4344482421875,79.61000061035156,79.0999984741211,79.16999816894531,18279100
2024-03-08,74.19104766845703,74.19104766845703,79.86000061035156,79.12999725341797,79.77999877929688,14926900
2024-03-11,73.769775390625,73.769775390625,78.83000183105469,78.41000366210938,78.72000122070312,10496000
2024-03-12,74.35955047607422,74.35955047607422,79.44000244140625,78.61000061035156,78.91000366210938,15296000
2024-03-13,74.36891174316406,74.36891174316406,79.62000274658203,79.31999969482422,79.3499984741211,14166600
2024-03-14,73.82593536376953,73.82593536376953,79.47000122070312,78.56999969482422,79.41999816894531,25572000
2024-03-15,73.85401916503906,73.85401916503906,79.11000061035156,78.62999725341797,79.04000091552734,17529100
2024-03-18,73.83529663085938,73.83529663085938,79.12000274658203,78.80999755859375,79.08999633789062,13472200
2024-03-19,73.96636199951172,73.96636199951172,79.22000122070312,78.70999908447266,78.81999969482422,13222100
2024-03-20,74.75273132324219,74.75273132324219,79.9000015258789,78.9000015258789,78.95999908447266,18834900
2024-03-21,74.71529388427734,74.71529388427734,80.02999877929688,79.79000091552734,79.9000015258789,13021000
2024-03-22,74.55614471435547,74.55614471435547,79.83000183105469,79.55000305175781,79.77999877929688,12832800
2024-03-25,74.3969955444336,74.3969955444336,79.76000213623047,79.38999938964844,79.38999938964844,9418000
2024-03-26,74.48123931884766,74.48123931884766,79.87999725341797,79.55999755859375,79.8499984741211,12343100
2024-03-27,74.93061828613281,74.93061828613281,80.05999755859375,79.63999938964844,79.73999786376953,12337200
2024-03-28,74.7621078491211,74.7621078491211,79.97000122070312,79.72000122070312,79.7300033569336,17180400
2024-04-01,74.44380950927734,74.44380950927734,79.87000274658203,79.33000183105469,79.72000122070312,15419500
2024-04-02,73.9195556640625,73.9195556640625,78.95999908447266,78.69000244140625,78.88999938964844,17414900
2024-04-03,74.33146667480469,74.33146667480469,79.5199966430664,78.80999755859375,78.81999969482422,15898300
2024-04-04,73.69487762451172,73.69487762451172,79.94999694824219,78.6500015258789,79.91999816894531,19950400
2024-04-05,73.92891693115234,73.92891693115234,79.12999725341797,78.45999908447266,78.61000061035156,21091800
2024-04-08,74.29401397705078,74.29401397705078,79.52999877929688,79.22000122070312,79.41999816894531,12350900
2024-04-09,74.28465270996094,74.28465270996094,79.80000305175781,79.0,79.7300033569336,12469100
2024-04-10,73.30168914794922,73.30168914794922,78.63999938964844,78.0,78.20999908447266,21567300
2024-04-11,73.49828338623047,73.49828338623047,78.61000061035156,77.6500015258789,78.56999969482422,11967000
2024-04-12,72.3093490600586,72.3093490600586,78.08999633789062,77.13999938964844,77.86000061035156,17934600
2024-04-15,72.09403228759766,72.09403228759766,78.23999786376953,76.88999938964844,78.13999938964844,21610100
2024-04-16,71.3825454711914,71.3825454711914,76.62000274658203,76.0,76.38999938964844,24161800
2024-04-17,71.42935180664062,71.42935180664062,76.72000122070312,75.95999908447266,76.68000030517578,15748000
2024-04-18,71.23275756835938,71.23275756835938,76.61000061035156,75.97000122070312,76.2699966430664,12884200
2024-04-19,71.26084899902344,71.26084899902344,76.41000366210938,75.88999938964844,76.18000030517578,16925000
2024-04-22,72.09403228759766,72.09403228759766,77.2699966430664,76.47000122070312,76.54000091552734,17314200
2024-04-23,72.88041687011719,72.88041687011719,77.94999694824219,77.20999908447266,77.2699966430664,13466000
2024-04-24,72.73997497558594,72.73997497558594,77.97000122070312,77.38999938964844,77.97000122070312,8530000
2024-04-25,72.4029541015625,72.4029541015625,77.44999694824219,76.41999816894531,76.61000061035156,11479600
2024-04-26,72.98339080810547,72.98339080810547,78.05999755859375,77.6500015258789,77.68000030517578,12676400
2024-04-29,73.26423645019531,73.26423645019531,78.4000015258789,78.04000091552734,78.16000366210938,10560000
2024-04-30,72.33743286132812,72.33743286132812,78.22000122070312,77.20999908447266,78.0,18994300
2024-05-01,72.17828369140625,72.17828369140625,78.0199966430664,76.91000366210938,77.25,17900300
2024-05-02,73.15190124511719,73.15190124511719,78.27999877929688,77.5,77.93000030517578,14993300
2024-05-03,73.8821029663086,73.8821029663086,79.22000122070312,78.44000244140625,78.9800033569336,15055600
2024-05-06,74.38763427734375,74.38763427734375,79.5199966430664,79.25,79.30999755859375,9411400
2024-05-07,74.58423614501953,74.58423614501953,79.8499984741211,79.55000305175781,79.72000122070312,9065800
2024-05-08,74.4999771118164,74.4999771118164,79.5999984741211,79.30000305175781,79.31999969482422,6667500
2024-05-09,75.07103729248047,75.07103729248047,80.19999694824219,79.56999969482422,79.56999969482422,13256000
2024-05-10,75.21145629882812,75.21145629882812,80.5199966430664,80.23999786376953,80.45999908447266,8022000
2024-05-13,75.21145629882812,75.21145629882812,80.55000305175781,80.2300033569336,80.41000366210938,6990500
2024-05-14,75.77316284179688,75.77316284179688,80.94999694824219,80.56999969482422,80.6500015258789,15228300
2024-05-15,76.57826232910156,76.57826232910156,81.80000305175781,81.16000366210938,81.31999969482422,10823700
2024-05-16,76.16634368896484,76.16634368896484,81.70999908447266,81.33000183105469,81.63999938964844,13042100
2024-05-17,76.42847442626953,76.42847442626953,81.68000030517578,81.26000213623047,81.37999725341797,10219600
2024-05-20,76.4846420288086,76.4846420288086,81.93000030517578,81.66000366210938,81.72000122070312,5836800
2024-05-21,76.36294555664062,76.36294555664062,81.62999725341797,81.36000061035156,81.4000015258789,6222000
2024-05-22,75.64209747314453,75.64209747314453,81.0999984741211,80.58000183105469,81.0199966430664,10721200
2024-05-23,75.25827026367188,75.25827026367188,81.51000213623047,80.23999786376953,81.5,8805800
2024-05-24,75.87614440917969,75.87614440917969,81.16999816894531,80.76000213623047,80.80000305175781,9289500
2024-05-28,75.84806060791016,75.84806060791016,81.37000274658203,80.77999877929688,81.3499984741211,13036500
2024-05-29,74.64976501464844,74.64976501464844,80.11000061035156,79.70999908447266,79.9800033569336,13662100
2024-05-30,75.2770004272461,75.2770004272461,80.61000061035156,80.20999908447266,80.23999786376953,7456100
2024-05-31,75.99784088134766,75.99784088134766,81.22000122070312,80.55999755859375,80.95999908447266,19932400
2024-06-03,76.21316528320312,76.21316528320312,81.6500015258789,81.08000183105469,81.44000244140625,17127700
2024-06-04,76.11953735351562,76.11953735351562,81.44000244140625,80.97000122070312,81.2300033569336,12565500
2024-06-05,76.65314483642578,76.65314483642578,81.91000366210938,81.2699966430664,81.70999908447266,8661500
2024-06-06,76.915283203125,76.915283203125,82.16000366210938,81.86000061035156,81.91000366210938,13195600
2024-06-07,76.08208465576172,76.08208465576172,81.70999908447266,81.19000244140625,81.44000244140625,21589700
2024-06-10,76.02592468261719,76.02592468261719,81.30000305175781,80.5999984741211,80.72000122070312,8995400
2024-06-11,75.1620101928711,75.1620101928711,79.06999969482422,78.47000122070312,78.88999938964844,17004600
2024-06-12,76.0478286743164,76.0478286743164,80.38999938964844,79.69999694824219,80.18000030517578,15188900
2024-06-13,74.96198272705078,74.96198272705078,79.18000030517578,78.37999725341797,79.18000030517578,12784200
2024-06-14,74.13330078125,74.13330078125,77.91000366210938,77.36000061035156,77.66000366210938,17500000
2024-06-17,74.42858123779297,74.42858123779297,78.16000366210938,77.37000274658203,77.62999725341797,13582700
2024-06-18,74.72384643554688,74.72384643554688,78.4800033569336,78.12000274658203,78.13999938964844,16057100
2024-06-20,74.77147674560547,74.77147674560547,78.62000274658203,78.20999908447266,78.29000091552734,10942900
2024-06-21,74.24759674072266,74.24759674072266,78.05000305175781,77.66999816894531,77.88999938964844,14237600
2024-06-24,74.8381576538086,74.8381576538086,78.95999908447266,78.5199966430664,78.58999633789062,12193700
2024-06-25,75.01913452148438,75.01913452148438,78.87999725341797,78.47000122070312,78.55999755859375,8751700
2024-06-26,74.46668243408203,74.46668243408203,78.33999633789062,77.94000244140625,78.05999755859375,10509700
2024-06-27,74.5238265991211,74.5238265991211,78.5199966430664,78.08000183105469,78.31999969482422,14156000
2024-06-28,74.60955810546875,74.60955810546875,78.56999969482422,78.0,78.2300033569336,17425000
2024-07-01,74.74290466308594,74.74290466308594,79.02999877929688,78.2699966430664,78.76000213623047,19845700
2024-07-02,74.92388153076172,74.92388153076172,78.69000244140625,78.1500015258789,78.22000122070312,10331700
2024-07-03,75.78112030029297,75.78112030029297,79.62000274658203,79.25,79.25,8107900
2024-07-05,76.28595733642578,76.28595733642578,80.2300033569336,79.5199966430664,80.22000122070312,8408800
2024-07-08,75.90495300292969,75.90495300292969,80.22000122070312,79.6500015258789,80.13999938964844,6031700
2024-07-09,75.60015869140625,75.60015869140625,79.58000183105469,79.16999816894531,79.5199966430664,8069800
2024-07-10,76.66696166992188,76.66696166992188,80.54000091552734,79.97000122070312,80.01000213623047,8189200
2024-07-11,76.88603210449219,76.88603210449219,81.18000030517578,80.66999816894531,81.04000091552734,8930000
2024-07-12,77.70519256591797,77.70519256591797,81.87000274658203,81.31999969482422,81.36000061035156,9289700
2024-07-15,77.01939392089844,77.01939392089844,81.4000015258789,80.79000091552734,81.38999938964844,7418700
2024-07-16,77.39086151123047,77.39086151123047,81.27999877929688,80.55000305175781,80.6500015258789,10902900
2024-07-17,76.98128509521484,76.98128509521484,81.13999938964844,80.7300033569336,80.8499984741211,11634200
2024-07-18,76.21927642822266,76.21927642822266,81.04000091552734,79.83999633789062,80.95999908447266,16481500
2024-07-19,75.75254821777344,75.75254821777344,79.81999969482422,79.44999694824219,79.77999877929688,15570300
2024-07-22,76.55266571044922,76.55266571044922,80.4000015258789,80.02999877929688,80.23999786376953,13762800
2024-07-23,76.12403106689453,76.12403106689453,80.08000183105469,79.86000061035156,79.94999694824219,12043000
2024-07-24,75.1620101928711,75.1620101928711,79.77999877929688,78.87000274658203,79.66999816894531,10698000
2024-07-25,74.68576049804688,74.68576049804688,79.11000061035156,77.9800033569336,78.23999786376953,17719800
2024-07-26,75.63825988769531,75.63825988769531,79.55000305175781,78.94000244140625,79.0199966430664,10574700
2024-07-29,75.30488586425781,75.30488586425781,79.26000213623047,78.81999969482422,79.2300033569336,9305600
2024-07-30,75.47632598876953,75.47632598876953,79.44999694824219,78.91999816894531,79.37000274658203,8551600
2024-07-31,76.54313659667969,76.54313659667969,80.70999908447266,80.12000274658203,80.4000015258789,20969400
2024-08-01,74.5143051147461,74.5143051147461,79.54000091552734,77.8499984741211,79.33999633789062,18129800
2024-08-02,73.34272003173828,73.34272003173828,77.36000061035156,76.37999725341797,77.16999816894531,25136200
2024-08-05,71.74252319335938,71.74252319335938,75.83000183105469,73.91000366210938,74.2300033569336,28088800
2024-08-06,71.86634063720703,71.86634063720703,75.9000015258789,74.61000061035156,74.70999908447266,22307500
2024-08-07,72.20923614501953,72.20923614501953,77.08999633789062,75.7699966430664,76.8499984741211,24592600
2024-08-08,73.41893005371094,73.41893005371094,77.16000366210938,76.20999908447266,76.55000305175781,14824700
2024-08-09,73.70467376708984,73.70467376708984,77.38999938964844,76.72000122070312,76.87000274658203,11022700
2024-08-12,73.63799285888672,73.63799285888672,77.52999877929688,77.05999755859375,77.33000183105469,7988700
2024-08-13,74.90483093261719,74.90483093261719,78.69999694824219,77.8499984741211,77.88999938964844,11927500
2024-08-14,75.18106079101562,75.18106079101562,79.0,78.63999938964844,78.79000091552734,7127600
2024-08-15,76.095458984375,76.095458984375,80.05000305175781,79.55999755859375,79.63999938964844,10364200
2024-08-16,76.51456451416016,76.51456451416016,80.4000015258789,79.95999908447266,79.9800033569336,10287800
2024-08-19,77.44801330566406,77.44801330566406,81.4000015258789,80.80000305175781,80.80999755859375,6741000
2024-08-20,77.20987701416016,77.20987701416016,81.36000061035156,80.91000366210938,81.16999816894531,5177900
2024-08-21,77.92426300048828,77.92426300048828,81.97000122070312,81.4000015258789,81.58000183105469,10653500
2024-08-22,77.46705627441406,77.46705627441406,82.13999938964844,81.27999877929688,82.11000061035156,7290700
2024-08-23,78.88629150390625,78.88629150390625,82.87000274658203,81.88999938964844,81.98999786376953,10779000
2024-08-26,78.53386688232422,78.53386688232422,82.72000122070312,82.36000061035156,82.55999755859375,6719900
2024-08-27,78.89581298828125,78.89581298828125,82.97000122070312,82.54000091552734,82.6500015258789,9597100
2024-08-28,78.61959075927734,78.61959075927734,82.91000366210938,82.19999694824219,82.73999786376953,7883900
2024-08-29,78.91486358642578,78.91486358642578,83.27999877929688,82.70999908447266,82.93000030517578,9112100
2024-08-30,79.0386962890625,79.0386962890625,83.25,82.58999633789062,83.12000274658203,15627600
2024-09-03,77.79090881347656,77.79090881347656,82.66000366210938,81.47000122070312,82.55999755859375,9886700
2024-09-04,77.44801330566406,77.44801330566406,81.69000244140625,80.9800033569336,81.06999969482422,10324400
2024-09-05,77.46705627441406,77.46705627441406,81.55999755859375,80.97000122070312,81.41000366210938,12147400
2024-09-06,76.0097427368164,76.0097427368164,81.33000183105469,79.66999816894531,81.12000274658203,12344400
2024-09-09,76.77173614501953,76.77173614501953,80.9000015258789,80.4000015258789,80.41000366210938,10635000
2024-09-10,76.39073181152344,76.39073181152344,80.31999969482422,79.58000183105469,80.30999755859375,9742900
2024-09-11,76.84793853759766,76.84793853759766,80.70999908447266,79.37999725341797,80.2699966430664,12999100
2024-09-12,77.4765853881836,77.4765853881836,81.37000274658203,80.38999938964844,80.61000061035156,11685600
2024-09-13,77.65756225585938,77.65756225585938,81.83000183105469,81.38999938964844,81.44999694824219,7340500
2024-09-16,78.28621673583984,78.28621673583984,82.2300033569336,81.69000244140625,81.87999725341797,9869500
2024-09-17,77.84806823730469,77.84806823730469,82.13999938964844,81.45999908447266,82.08999633789062,7307300
2024-09-18,77.60041809082031,77.60041809082031,82.45999908447266,81.29000091552734,81.80999755859375,8454200
2024-09-19,79.13394927978516,79.13394927978516,83.23999786376953,82.47000122070312,82.95999908447266,9974100
2024-09-20,78.35289764404297,78.35289764404297,82.61000061035156,81.97000122070312,82.58999633789062,7892400
2024-09-23,78.64816284179688,78.64816284179688,82.66000366210938,82.3499984741211,82.38999938964844,6997700
2024-09-24,79.1148910522461,79.1148910522461,83.12000274658203,82.61000061035156,82.81999969482422,6855800
2024-09-25,78.68626403808594,78.68626403808594,83.2300033569336,82.58999633789062,83.20999908447266,11869000
2024-09-26,80.4198226928711,80.4198226928711,84.52999877929688,83.8499984741211,84.19000244140625,12875000
2024-09-27,79.93404388427734,79.93404388427734,84.55999755859375,83.80000305175781,84.2699966430664,10690700
2024-09-30,79.65782165527344,79.65782165527344,83.97000122070312,83.18000030517578,83.95999908447266,13424400
2024-10-01,79.06726837158203,79.06726837158203,83.69000244140625,82.56999969482422,83.66000366210938,18430900
2024-10-02,78.90534210205078,78.90534210205078,83.02999877929688,82.44999694824219,82.86000061035156,8335200
2024-10-03,78.17192077636719,78.17192077636719,82.27999877929688,81.7699966430664,82.12000274658203,9890500
2024-10-04,78.62911987304688,78.62911987304688,82.56999969482422,82.05000305175781,82.12999725341797,8536100
2024-10-07,78.19095611572266,78.19095611572266,82.41000366210938,81.79000091552734,82.30000305175781,7365100
2024-10-08,78.067138671875,78.067138671875,81.97000122070312,81.69000244140625,81.9000015258789,6339100
2024-10-09,78.08618927001953,78.08618927001953,82.05000305175781,81.45999908447266,81.5199966430664,5370800
2024-10-10,77.99092864990234,77.99092864990234,81.91000366210938,81.43000030517578,81.7699966430664,5794400
2024-10-11,78.3909912109375,78.3909912109375,82.37999725341797,81.83000183105469,81.83999633789062,6914900
2024-10-14,78.61959075927734,78.61959075927734,82.58000183105469,82.01000213623047,82.11000061035156,6646200
2024-10-15,77.31465911865234,77.31465911865234,82.26000213623047,81.0999984741211,82.23999786376953,17667300
2024-10-16,77.51468658447266,77.51468658447266,81.45999908447266,81.22000122070312,81.37999725341797,5931800
2024-10-17,77.52420806884766,77.52420806884766,81.70999908447266,81.30999755859375,81.68000030517578,8904600
2024-10-18,78.048095703125,78.048095703125,81.97000122070312,81.62000274658203,81.80999755859375,5863100
2024-10-21,77.12416076660156,77.12416076660156,81.55000305175781,80.83000183105469,81.48999786376953,8009100
2024-10-22,76.68600463867188,76.68600463867188,80.62999725341797,80.37000274658203,80.44000244140625,5844200
2024-10-23,75.91448211669922,75.91448211669922,79.97000122070312,79.3499984741211,79.79000091552734,7556000
2024-10-24,76.34310913085938,76.34310913085938,80.3499984741211,79.80000305175781,80.33000183105469,6522400
2024-10-25,76.0859375,76.0859375,80.45999908447266,79.75,80.33999633789062,9288100
2024-10-28,76.6955337524414,76.6955337524414,80.62999725341797,80.18000030517578,80.23999786376953,6985000
2024-10-29,76.4193115234375,76.4193115234375,80.41999816894531,80.05000305175781,80.25,8778400
2024-10-30,75.92401123046875,75.92401123046875,80.05999755859375,79.51000213623047,79.56999969482422,8828100
2024-10-31,75.45729064941406,75.45729064941406,79.31999969482422,78.47000122070312,79.31999969482422,19247600
2024-11-01,75.60968017578125,75.60968017578125,79.86000061035156,79.30999755859375,79.6500015258789,9951300
2024-11-04,75.66683197021484,75.66683197021484,80.02999877929688,79.38999938964844,79.81999969482422,10280100
2024-11-05,76.4193115234375,76.4193115234375,80.30000305175781,79.58999633789062,79.6500015258789,9596400
2024-11-06,75.31440734863281,75.31440734863281,79.16000366210938,78.41999816894531,79.05000305175781,11746200
2024-11-07,76.45740509033203,76.45740509033203,80.33999633789062,79.83999633789062,79.9800033569336,11634100
2024-11-08,75.40013885498047,75.40013885498047,79.37999725341797,78.77999877929688,79.37999725341797,11540300
2024-11-11,75.41918182373047,75.41918182373047,79.44999694824219,79.0999984741211,79.41000366210938,5839600
2024-11-12,74.01899719238281,74.01899719238281,78.41999816894531,77.31999969482422,78.41999816894531,16613700
2024-11-13,73.58084869384766,73.58084869384766,77.45999908447266,76.80000305175781,77.4000015258789,14828900
2024-11-14,73.7332534790039,73.7332534790039,77.97000122070312,77.33000183105469,77.80999755859375,19039000
2024-11-15,73.46654510498047,73.46654510498047,77.33000183105469,76.95999908447266,77.30999755859375,15433500
2024-11-18,73.8666000366211,73.8666000366211,77.69000244140625,77.0199966430664,77.06999969482422,7772600
2024-11-19,73.77135467529297,73.77135467529297,77.5999984741211,76.79000091552734,76.9000015258789,13402300
2024-11-20,73.57132720947266,73.57132720947266,77.23999786376953,76.69999694824219,77.12999725341797,12442000
2024-11-21,73.59037780761719,73.59037780761719,77.37999725341797,76.8499984741211,77.12000274658203,9161200
2024-11-22,73.87612915039062,73.87612915039062,77.69999694824219,77.16000366210938,77.16999816894531,16809800
2024-11-25,74.25712585449219,74.25712585449219,78.2699966430664,77.72000122070312,78.16000366210938,24934100
2024-11-26,73.82850646972656,73.82850646972656,77.8499984741211,77.2699966430664,77.83000183105469,9360800
2024-11-27,74.22855377197266,74.22855377197266,78.08000183105469,77.69000244140625,77.83999633789062,7477900
2024-11-29,75.21915435791016,75.21915435791016,79.01000213623047,78.20999908447266,78.23999786376953,11643900
2024-12-02,75.4287109375,75.4287109375,79.33000183105469,78.56999969482422,79.08000183105469,15721100
2024-12-03,75.85733032226562,75.85733032226562,79.87000274658203,79.4000015258789,79.70999908447266,13289900
2024-12-04,75.91448211669922,75.91448211669922,79.87999725341797,79.58000183105469,79.73999786376953,10434400
2024-12-05,76.28595733642578,76.28595733642578,80.22000122070312,79.94000244140625,80.0999984741211,11910800
2024-12-06,76.27642822265625,76.27642822265625,80.38999938964844,79.9000015258789,80.38999938964844,7072500
2024-12-09,76.22880554199219,76.22880554199219,80.62999725341797,80.0,80.52999877929688,7801100
2024-12-10,75.54300689697266,75.54300689697266,79.8499984741211,79.29000091552734,79.83000183105469,10662800
2024-12-11,76.01925659179688,76.01925659179688,79.87000274658203,79.48999786376953,79.7300033569336,11858900
2024-12-12,75.35250091552734,75.35250091552734,79.70999908447266,79.05000305175781,79.38999938964844,8623800
2024-12-13,75.14295196533203,75.14295196533203,79.20999908447266,78.68000030517578,79.20999908447266,10116600
2024-12-16,74.89530181884766,74.89530181884766,78.9000015258789,78.5,78.58000183105469,25547700
2024-12-17,74.77655029296875,74.77655029296875,77.70999908447266,77.37000274658203,77.43000030517578,13934900
2024-12-18,72.942138671875,72.942138671875,77.54000091552734,75.41000366210938,77.37999725341797,16470400
2024-12-19,72.71041870117188,72.71041870117188,75.87000274658203,75.26000213623047,75.80000305175781,17486600
2024-12-20,72.5076675415039,72.5076675415039,75.7300033569336,74.37000274658203,74.37999725341797,20878200
2024-12-23,72.98075103759766,72.98075103759766,75.63999938964844,74.94000244140625,75.23999786376953,10491200
2024-12-24,73.2414321899414,73.2414321899414,75.91999816894531,75.43000030517578,75.62000274658203,5585200
2024-12-26,73.58900451660156,73.58900451660156,76.3499984741211,75.93000030517578,75.98999786376953,10784900
2024-12-27,73.4828109741211,73.4828109741211,76.27999877929688,75.83000183105469,76.08000183105469,15819700
2024-12-30,73.00006103515625,73.00006103515625,75.87999725341797,75.27999877929688,75.63999938964844,16427600
2024-12-31,73.00006103515625,73.00006103515625,75.9800033569336,75.44000244140625,75.86000061035156,21393500
2025-01-02,72.74903869628906,72.74903869628906,75.87000274658203,75.13999938964844,75.69999694824219,12756600
2025-01-03,73.0676498413086,73.0676498413086,75.73999786376953,75.23999786376953,75.52999877929688,12548800
2025-01-06,73.7627944946289,73.7627944946289,76.88999938964844,76.25,76.33000183105469,16201800
2025-01-07,73.7048568725586,73.7048568725586,77.05999755859375,76.2300033569336,77.05999755859375,9393200
2025-01-08,73.58900451660156,73.58900451660156,76.33000183105469,75.68000030517578,75.9000015258789,7894800
2025-01-10,72.46904754638672,72.46904754638672,75.66999816894531,74.9000015258789,75.6500015258789,12021900
2025-01-13,72.26629638671875,72.26629638671875,74.88999938964844,74.23999786376953,74.25,12019700
2025-01-14,72.5269775390625,72.5269775390625,75.26000213623047,74.76000213623047,75.0199966430664,9963200
2025-01-15,73.45384216308594,73.45384216308594,76.26000213623047,75.76000213623047,76.19999694824219,12144700
2025-01-16,73.83038330078125,73.83038330078125,76.69000244140625,76.08999633789062,76.25,17925700
2025-01-17,74.12967681884766,74.12967681884766,77.19000244140625,76.68000030517578,76.86000061035156,10667100
2025-01-21,75.62617492675781,75.62617492675781,78.3499984741211,77.68000030517578,77.80000305175781,13169100
2025-01-22,75.452392578125,75.452392578125,78.5,78.12000274658203,78.48999786376953,8666700
2025-01-23,76.07029724121094,76.07029724121094,78.79000091552734,78.19000244140625,78.33999633789062,10977200
2025-01-24,76.49510955810547,76.49510955810547,79.45999908447266,79.08000183105469,79.1500015258789,7578400
2025-01-27,76.49510955810547,76.49510955810547,79.2699966430664,78.81999969482422,78.83999633789062,13559100
2025-01-28,76.3985595703125,76.3985595703125,79.18000030517578,78.66000366210938,79.11000061035156,9458300
2025-01-29,76.38890838623047,76.38890838623047,79.36000061035156,78.8499984741211,79.13999938964844,7875400
2025-01-30,77.22886657714844,77.22886657714844,80.31999969482422,79.63999938964844,79.87999725341797,13792100
2025-01-31,76.5047607421875,76.5047607421875,80.16999816894531,79.16999816894531,79.86000061035156,14935000
2025-02-03,75.60685729980469,75.60685729980469,78.80000305175781,77.6500015258789,77.91000366210938,14997600
2025-02-04,76.48545837402344,76.48545837402344,79.30000305175781,78.70999908447266,78.79000091552734,10608300
2025-02-05,77.22886657714844,77.22886657714844,80.08000183105469,79.55000305175781,79.70999908447266,7857000
2025-02-06,77.59575653076172,77.59575653076172,80.54000091552734,80.19000244140625,80.25,7806500
2025-02-07,76.86199188232422,76.86199188232422,80.4800033569336,79.4800033569336,80.41999816894531,13110800
2025-02-10,77.38335418701172,77.38335418701172,80.18000030517578,79.91999816894531,79.9800033569336,7287300
2025-02-11,77.75023651123047,77.75023651123047,80.61000061035156,80.02999877929688,80.05999755859375,7583700
2025-02-12,78.03987884521484,78.03987884521484,80.98999786376953,79.88999938964844,80.01000213623047,17271400
2025-02-13,78.98604583740234,78.98604583740234,81.8499984741211,81.12000274658203,81.19999694824219,17212300
2025-02-14,79.1019058227539,79.1019058227539,82.3499984741211,81.91000366210938,82.2699966430664,8051800
2025-02-18,79.6715316772461,79.6715316772461,82.62999725341797,82.31999969482422,82.47000122070312,9485900
2025-02-19,78.85087585449219,78.85087585449219,81.80000305175781,81.37999725341797,81.6500015258789,11042200
2025-02-20,79.21776580810547,79.21776580810547,82.0999984741211,81.58000183105469,81.91000366210938,9177400
2025-02-21,78.7253646850586,78.7253646850586,82.13999938964844,81.37999725341797,82.12000274658203,11630000
2025-02-24,78.67709350585938,78.67709350585938,81.98999786376953,81.33999633789062,81.87000274658203,11135700
2025-02-25,79.39155578613281,79.39155578613281,82.51000213623047,81.87999725341797,82.51000213623047,10091400
2025-02-26,79.49774932861328,79.49774932861328,82.98999786376953,82.16999816894531,82.47000122070312,11254600
2025-02-27,78.59986114501953,78.59986114501953,82.11000061035156,81.36000061035156,82.11000061035156,19003200
2025-02-28,78.76399230957031,78.76399230957031,81.6500015258789,80.80999755859375,81.33000183105469,20717700
2025-03-03,79.63292694091797,79.63292694091797,83.38999938964844,82.02999877929688,83.16999816894531,16234700
2025-03-04,79.61360931396484,79.61360931396484,83.33000183105469,81.20999908447266,81.88999938964844,18408500
2025-03-05,81.51561737060547,81.51561737060547,84.56999969482422,83.58000183105469,83.58000183105469,17092500
2025-03-06,80.6756362915039,80.6756362915039,84.48999786376953,83.5,83.80999755859375,18421000
2025-03-07,81.51561737060547,81.51561737060547,84.54000091552734,83.54000091552734,83.70999908447266,13184300
2025-03-10,79.59430694580078,79.59430694580078,83.33999633789062,81.87999725341797,83.04000091552734,19368400
2025-03-11,79.32396697998047,79.32396697998047,82.6500015258789,81.61000061035156,82.52999877929688,18088800
2025-03-12,79.89360046386719,79.89360046386719,82.93000030517578,82.18000030517578,82.70999908447266,15886300
2025-03-13,79.36258697509766,79.36258697509766,82.5,81.94000244140625,82.2699966430664,18561400
2025-03-14,80.8204574584961,80.8204574584961,83.7300033569336,82.8499984741211,83.0,13971300
2025-03-17,81.72801208496094,81.72801208496094,84.77999877929688,83.87000274658203,83.93000030517578,12966800
2025-03-18,81.7183609008789,81.7183609008789,84.7699966430664,84.1500015258789,84.58000183105469,10513400
2025-03-19,81.95973205566406,81.95973205566406,85.19000244140625,84.27999877929688,84.33999633789062,16362400
2025-03-20,81.27423858642578,81.27423858642578,84.25,83.6500015258789,83.66999816894531,11820500
2025-03-21,80.7721939086914,80.7721939086914,83.81999969482422,83.37000274658203,83.55000305175781,18771200
2025-03-24,80.76253509521484,80.76253509521484,83.83000183105469,83.3499984741211,83.58999633789062,12201700
2025-03-25,81.20665740966797,81.20665740966797,84.31999969482422,83.91000366210938,84.22000122070312,10478200
2025-03-26,80.15428161621094,80.15428161621094,83.77999877929688,82.87999725341797,83.55000305175781,17010400
2025-03-27,80.32806396484375,80.32806396484375,83.38999938964844,82.8499984741211,82.88999938964844,10331900
2025-03-28,79.61360931396484,79.61360931396484,82.88999938964844,82.29000091552734,82.79000091552734,14242300
2025-03-31,78.9088134765625,78.9088134765625,81.87999725341797,80.91999816894531,81.2699966430664,25560500
2025-04-01,79.02466583251953,79.02466583251953,82.11000061035156,81.3499984741211,81.77999877929688,15154000
2025-04-02,79.2081069946289,79.2081069946289,82.12999725341797,81.19000244140625,81.25,14451600
2025-04-03,77.5474853515625,77.5474853515625,81.44000244140625,80.22000122070312,81.23999786376953,18718400
2025-04-04,72.430419921875,72.430419921875,77.5199966430664,74.97000122070312,77.25,40904300
2025-04-07,70.68290710449219,70.68290710449219,76.25,72.1500015258789,72.69000244140625,63057500
2025-04-08,70.44153594970703,70.44153594970703,75.91999816894531,72.22000122070312,75.83000183105469,36425000
2025-04-09,75.87718963623047,75.87718963623047,78.86000061035156,72.76000213623047,73.16000366210938,60645100
2025-04-10,74.38069915771484,74.38069915771484,77.48999786376953,75.29000091552734,77.19999694824219,36697600
2025-04-11,76.24408721923828,76.24408721923828,79.1500015258789,77.22000122070312,77.33999633789062,28909900
2025-04-14,77.06474304199219,77.06474304199219,80.23999786376953,79.16999816894531,79.44999694824219,15749900
2025-04-15,77.7598876953125,77.7598876953125,80.91000366210938,80.36000061035156,80.44999694824219,13679800
2025-04-16,77.46058654785156,77.46058654785156,81.05999755859375,79.94000244140625,80.55000305175781,16542600
2025-04-17,78.3005599975586,78.3005599975586,81.58999633789062,80.80999755859375,80.95999908447266,14072500
2025-04-21,77.87574768066406,77.87574768066406,81.55999755859375,80.08999633789062,81.47000122070312,15883900
2025-04-22,79.48810577392578,79.48810577392578,82.69999694824219,81.75,81.7699966430664,14923200
2025-04-23,79.80671691894531,79.80671691894531,83.62999725341797,82.43000030517578,83.12000274658203,15223500
2025-04-24,80.86874389648438,80.86874389648438,83.79000091552734,82.88999938964844,83.02999877929688,11194200
2025-04-25,81.21631622314453,81.21631622314453,84.1500015258789,83.4800033569336,83.5999984741211,10485300
2025-04-28,81.7569808959961,81.7569808959961,84.7699966430664,84.1500015258789,84.2300033569336,10085400
2025-04-29,81.92111206054688,81.92111206054688,85.02999877929688,84.55999755859375,84.58999633789062,8303800
2025-04-30,81.8245620727539,81.8245620727539,85.01000213623047,83.86000061035156,84.27999877929688,24147900
2025-05-01,81.56388854980469,81.56388854980469,84.98999786376953,84.37000274658203,84.9800033569336,10070900
2025-05-02,83.12796783447266,83.12796783447266,86.30000305175781,85.80999755859375,85.95999908447266,14798400
2025-05-05,83.27278900146484,83.27278900146484,86.4800033569336,86.2300033569336,86.37000274658203,8119800
2025-05-06,83.16658782958984,83.16658782958984,86.44000244140625,86.05000305175781,86.20999908447266,8661700
2025-05-07,82.88658905029297,82.88658905029297,86.19000244140625,85.58999633789062,85.93000030517578,8536600
2025-05-08,82.59695434570312,82.59695434570312,86.08999633789062,85.5,86.08999633789062,12228300
2025-05-09,83.00244903564453,83.00244903564453,86.20999908447266,85.73999786376953,86.20999908447266,9149000
2025-05-12,83.4272689819336,83.4272689819336,86.41999816894531,85.6500015258789,86.08999633789062,12602500
2025-05-13,83.53346252441406,83.53346252441406,86.7300033569336,86.19999694824219,86.30000305175781,13242900
2025-05-14,83.12796783447266,83.12796783447266,86.83000183105469,86.04000091552734,86.80999755859375,10173300
2025-05-15,84.03551483154297,84.03551483154297,87.0999984741211,86.5,86.72000122070312,11283200
2025-05-16,84.22860717773438,84.22860717773438,87.27999877929688,86.7699966430664,86.94000244140625,8372100
2025-05-19,85.02996063232422,85.02996063232422,88.08000183105469,87.22000122070312,87.23999786376953,9062900
2025-05-20,85.43546295166016,85.43546295166016,88.52999877929688,88.20999908447266,88.26000213623047,23335500
2025-05-21,84.93341064453125,84.93341064453125,88.88999938964844,87.93000030517578,88.5999984741211,15278800
2025-05-22,84.88513946533203,84.88513946533203,88.1500015258789,87.48999786376953,87.62999725341797,12787300
2025-05-23,85.0009994506836,85.0009994506836,88.19999694824219,87.1500015258789,87.19999694824219,16959600
2025-05-27,86.23681640625,86.23681640625,89.45999908447266,89.12000274658203,89.30000305175781,12435700
2025-05-28,85.24237060546875,85.24237060546875,88.55000305175781,88.12000274658203,88.44999694824219,16812400
2025-05-29,85.61890411376953,85.61890411376953,88.75,88.25,88.73999786376953,11454200
2025-05-30,85.74441528320312,85.74441528320312,88.9000015258789,88.16999816894531,88.75,18590200
2025-06-02,86.66162872314453,86.66162872314453,89.79000091552734,88.66999816894531,88.97000122070312,25710500
2025-06-03,86.0051040649414,86.0051040649414,89.16999816894531,88.62999725341797,88.86000061035156,11787400
2025-06-04,86.39129638671875,86.39129638671875,89.75,89.2300033569336,89.29000091552734,11593300
2025-06-05,86.33336639404297,86.33336639404297,89.86000061035156,89.2300033569336,89.76000213623047,14543100
2025-06-06,86.6423110961914,86.6423110961914,89.8499984741211,89.5,89.62000274658203,10301000
2025-06-09,86.6326675415039,86.6326675415039,90.0,89.55999755859375,89.62000274658203,9641600
2025-06-10,86.74851989746094,86.74851989746094,90.08999633789062,89.6500015258789,90.05000305175781,10254100
2025-06-11,86.60369873046875,86.60369873046875,90.16000366210938,89.63999938964844,90.01000213623047,12329600
2025-06-12,87.26988220214844,87.26988220214844,90.51000213623047,90.1500015258789,90.19999694824219,13288000
2025-06-13,86.1499252319336,86.1499252319336,89.72000122070312,89.0199966430664,89.22000122070312,22177100
2025-06-16,86.47306823730469,86.47306823730469,88.86000061035156,88.04000091552734,88.41000366210938,17843400
2025-06-17,85.41229248046875,85.41229248046875,87.75,86.86000061035156,87.66999816894531,16726300
2025-06-18,85.55962371826172,85.55962371826172,87.58999633789062,86.9000015258789,87.20999908447266,18504400
2025-06-20,84.79350280761719,84.79350280761719,87.05000305175781,86.30999755859375,87.04000091552734,16900600
2025-06-23,85.43193817138672,85.43193817138672,87.01000213623047,85.68000030517578,85.73999786376953,23100600
2025-06-24,86.47306823730469,86.47306823730469,88.16999816894531,87.55999755859375,87.66000366210938,14900600
2025-06-25,86.0016098022461,86.0016098022461,87.68000030517578,87.36000061035156,87.56999969482422,14422100
2025-06-26,86.96417236328125,86.96417236328125,88.61000061035156,88.12999725341797,88.23999786376953,15791500
2025-06-27,87.74993133544922,87.74993133544922,89.62000274658203,88.95999908447266,89.18000030517578,15987700
2025-06-30,87.79904174804688,87.79904174804688,89.48999786376953,88.94999694824219,89.12000274658203,28062100
2025-07-01,87.6517105102539,87.6517105102539,89.38999938964844,89.02999877929688,89.11000061035156,11406100
2025-07-02,87.9070816040039,87.9070816040039,89.55999755859375,88.83999633789062,88.97000122070312,13133600
2025-07-03,87.92672729492188,87.92672729492188,89.68000030517578,89.38999938964844,89.44000244140625,5311100
2025-07-07,86.97399139404297,86.97399139404297,89.0999984741211,88.30000305175781,88.94000244140625,12925000
2025-07-08,87.61241912841797,87.61241912841797,89.29000091552734,88.5999984741211,88.69999694824219,9061400
2025-07-09,88.27050018310547,88.27050018310547,89.9000015258789,89.37999725341797,89.58999633789062,8699900
2025-07-10,88.21156311035156,88.21156311035156,89.87999725341797,89.43000030517578,89.62999725341797,8554400
2025-07-11,87.36686706542969,87.36686706542969,89.12999725341797,88.80999755859375,89.0999984741211,8468000
2025-07-14,87.36686706542969,87.36686706542969,89.0199966430664,88.56999969482422,88.6500015258789,7969900
2025-07-15,86.45342254638672,86.45342254638672,88.97000122070312,87.95999908447266,88.95999908447266,10572000
2025-07-16,86.80701446533203,86.80701446533203,88.44000244140625,87.72000122070312,87.9800033569336,16776500
2025-07-17,87.03292083740234,87.03292083740234,88.62000274658203,88.08999633789062,88.1500015258789,9542000
2025-07-18,86.7873764038086,86.7873764038086,89.02999877929688,88.27999877929688,89.0199966430664,11044700
2025-07-21,87.24900817871094,87.24900817871094,89.27999877929688,88.61000061035156,88.77999877929688,9324000
2025-07-22,87.73028564453125,87.73028564453125,89.38999938964844,88.70999908447266,88.93000030517578,12134300
2025-07-23,89.91077423095703,89.91077423095703,91.56999969482422,90.48999786376953,90.54000091552734,18088200
2025-07-24,89.24288177490234,89.24288177490234,91.2699966430664,90.86000061035156,91.06999969482422,12025500
2025-07-25,89.13483428955078,89.13483428955078,90.76000213623047,90.08999633789062,90.19000244140625,9583200
2025-07-28,87.70082092285156,87.70082092285156,89.86000061035156,89.0999984741211,89.80999755859375,13654000
2025-07-29,87.5240249633789,87.5240249633789,89.30000305175781,88.93000030517578,89.30000305175781,11888600
2025-07-30,86.89541625976562,86.89541625976562,89.08000183105469,88.13999938964844,88.83000183105469,14623000
2025-07-31,85.96231842041016,85.96231842041016,88.13999938964844,87.3499984741211,88.0999984741211,29271500
2025-08-01,85.73641967773438,85.73641967773438,87.43000030517578,86.73999786376953,87.27999877929688,18658100
2025-08-04,86.87577056884766,86.87577056884766,88.47000122070312,88.11000061035156,88.2300033569336,14718100
2025-08-05,86.86595153808594,86.86595153808594,88.63999938964844,88.16999816894531,88.5999984741211,11634100
2025-08-06,87.43562316894531,87.43562316894531,89.16999816894531,88.7699966430664,88.83999633789062,11499900
2025-08-07,88.22138977050781,88.22138977050781,90.08999633789062,89.44000244140625,90.0199966430664,11525600
2025-08-08,88.76160430908203,88.76160430908203,90.52999877929688,90.08000183105469,90.1500015258789,10367200
2025-08-11,88.38835906982422,88.38835906982422,90.19999694824219,89.87999725341797,90.12000274658203,8516600
2025-08-12,89.46878051757812,89.46878051757812,91.1500015258789,90.27999877929688,90.38999938964844,12302700
2025-08-13,90.00899505615234,90.00899505615234,91.66000366210938,91.37000274658203,91.38999938964844,9490500
2025-08-14,90.0188217163086,90.0188217163086,91.68000030517578,91.19999694824219,91.2300033569336,11790600
2025-08-15,90.54920959472656,90.54920959472656,92.27999877929688,92.04000091552734,92.22000122070312,11864300
2025-08-18,90.45098114013672,90.45098114013672,92.13999938964844,91.80000305175781,91.94999694824219,11577800
2025-08-19,90.46080780029297,90.46080780029297,92.48999786376953,92.0199966430664,92.33000183105469,10721600
2025-08-20,90.7849349975586,90.7849349975586,92.45999908447266,92.11000061035156,92.2699966430664,15871100
2025-08-21,90.21525573730469,90.21525573730469,92.06999969482422,91.69000244140625,91.91999816894531,11258900
2025-08-22,91.5707015991211,91.5707015991211,93.37999725341797,92.18000030517578,92.20999908447266,15827500
2025-08-25,90.36258697509766,90.36258697509766,92.94999694824219,91.9800033569336,92.79000091552734,11700800
2025-08-26,90.26437377929688,90.26437377929688,91.94999694824219,91.66999816894531,91.73999786376953,11788900
2025-08-27,90.04828643798828,90.04828643798828,91.72000122070312,91.04000091552734,91.22000122070312,13054200
2025-08-28,90.38223266601562,90.38223266601562,92.13999938964844,91.83000183105469,92.0,11136400
2025-08-29,89.85184478759766,89.85184478759766,91.6500015258789,91.33000183105469,91.52999877929688,18544500
2025-09-02,88.96786499023438,88.96786499023438,90.73999786376953,90.04000091552734,90.0999984741211,15496100
2025-09-03,89.1053695678711,89.1053695678711,90.80000305175781,90.37000274658203,90.44999694824219,14418600
2025-09-04,89.75362396240234,89.75362396240234,91.4000015258789,90.94000244140625,91.0,10348000
2025-09-05,90.15632629394531,90.15632629394531,92.38999938964844,91.5,92.12000274658203,15510600
2025-09-08,91.05995178222656,91.05995178222656,92.73999786376953,92.23999786376953,92.45999908447266,12010700
2025-09-09,90.7554702758789,90.7554702758789,92.5,92.1500015258789,92.33000183105469,10893200
2025-09-10,90.73582458496094,90.73582458496094,92.7699966430664,92.2699966430664,92.6500015258789,11838300
2025-09-11,91.6983871459961,91.6983871459961,93.38999938964844,92.75,92.77999877929688,11013000
2025-09-12,91.33496856689453,91.33496856689453,93.12999725341797,92.7699966430664,92.98999786376953,10010500
2025-09-15,91.94393157958984,91.94393157958984,93.68000030517578,93.31999969482422,93.44999694824219,18108000
2025-09-16,91.68856048583984,91.68856048583984,93.54000091552734,93.08000183105469,93.5199966430664,25226900
2025-09-17,91.34478759765625,91.34478759765625,93.7699966430664,92.61000061035156,93.23999786376953,17013600
2025-09-18,91.6983871459961,91.6983871459961,93.4800033569336,92.81999969482422,93.0999984741211,15791600
2025-09-19,91.34478759765625,91.34478759765625,93.1500015258789,92.76000213623047,93.04000091552734,21889300
2025-09-22,91.63945770263672,91.63945770263672,93.33999633789062,92.7300033569336,92.95999908447266,13692200
2025-09-23,91.46265411376953,91.46265411376953,93.66999816894531,93.0199966430664,93.51000213623047,14688400
2025-09-24,90.93226623535156,90.93226623535156,92.91999816894531,92.45999908447266,92.69000244140625,14910700
2025-09-25,90.28401184082031,90.28401184082031,92.0199966430664,91.52999877929688,91.94999694824219,22434600
2025-09-26,90.98137664794922,90.98137664794922,92.63999938964844,92.2300033569336,92.30999755859375,18138000
2025-09-29,91.33496856689453,91.33496856689453,93.05999755859375,92.7699966430664,92.91999816894531,13807100
2025-09-30,91.70820617675781,91.70820617675781,93.45999908447266,92.86000061035156,92.88999938964844,24295000
2025-10-01,92.4645004272461,92.4645004272461,94.2699966430664,93.86000061035156,93.87999725341797,17167900
2025-10-02,92.61183166503906,92.61183166503906,94.5999984741211,93.87000274658203,94.54000091552734,15300500
2025-10-03,93.38777160644531,93.38777160644531,95.2699966430664,94.8499984741211,94.97000122070312,13985500
2025-10-06,93.6038589477539,93.6038589477539,95.52999877929688,95.1500015258789,95.25,12812500
2025-10-07,92.78862762451172,92.78862762451172,95.01000213623047,94.43000030517578,94.95999908447266,9075000
2025-10-08,93.06364440917969,93.06364440917969,94.93000030517578,94.55000305175781,94.79000091552734,11159400
2025-10-09,92.29753112792969,92.29753112792969,94.79000091552734,93.73999786376953,94.79000091552734,10567900
2025-10-10,90.59831237792969,90.59831237792969,93.7699966430664,92.12000274658203,93.69000244140625,26137200
2025-10-13,91.32514953613281,91.32514953613281,93.08000183105469,92.52999877929688,92.6500015258789,11132900
2025-10-14,91.7376708984375,91.7376708984375,93.68000030517578,92.33999633789062,92.44999694824219,15119000
2025-10-15,92.1796646118164,92.1796646118164,94.12999725341797,93.31999969482422,93.86000061035156,15005400
2025-10-16,92.66093444824219,92.66093444824219,94.73999786376953,94.0,94.41999816894531,24970300
2025-10-17,92.82791900634766,92.82791900634766,94.56999969482422,93.91999816894531,94.04000091552734,16789400
2025-10-20,93.59403228759766,93.59403228759766,95.37999725341797,94.93000030517578,94.94999694824219,12951100
2025-10-21,92.90648651123047,92.90648651123047,95.0,94.55000305175781,94.86000061035156,16644300
2025-10-22,92.76898193359375,92.76898193359375,94.76000213623047,94.05000305175781,94.5999984741211,15028600
2025-10-23,93.2011489868164,93.2011489868164,95.0,94.62000274658203,94.62000274658203,10584400
2025-10-24,93.34848022460938,93.34848022460938,95.20999908447266,94.94000244140625,95.08000183105469,8967800
2025-10-27,93.99673461914062,93.99673461914062,95.7300033569336,95.4800033569336,95.55999755859375,10612600
2025-10-28,93.95745086669922,93.95745086669922,95.94999694824219,95.47000122070312,95.62999725341797,9187600
2025-10-29,93.42706298828125,93.42706298828125,95.75,94.6500015258789,95.66000366210938,17914300
2025-10-30,93.01453399658203,93.01453399658203,95.08000183105469,94.5,94.56999969482422,13967800
2025-10-31,92.80827331542969,92.80827331542969,94.61000061035156,94.12999725341797,94.58999633789062,19459200
2025-11-03,92.8475570678711,92.8475570678711,94.63999938964844,94.26000213623047,94.55999755859375,10681400
2025-11-04,91.89482116699219,91.89482116699219,94.02999877929688,93.44999694824219,93.52999877929688,10349000
2025-11-05,92.48414611816406,92.48414611816406,94.31999969482422,93.66999816894531,93.68000030517578,12451300
2025-11-06,92.27787780761719,92.27787780761719,94.36000061035156,93.70999908447266,94.2699966430664,16176000
2025-11-07,92.62165832519531,92.62165832519531,94.31999969482422,93.33999633789062,93.56999969482422,13976900
2025-11-10,93.59403228759766,93.59403228759766,95.3499984741211,94.58999633789062,94.86000061035156,15682400
2025-11-11,94.28157043457031,94.28157043457031,96.13999938964844,95.66999816894531,95.66999816894531,12959400
2025-11-12,94.8414306640625,94.8414306640625,96.69000244140625,96.30999755859375,96.30999755859375,9532200
2025-11-13,93.82975769042969,93.82975769042969,96.45999908447266,95.43000030517578,96.3499984741211,15864800
2025-11-14,93.56456756591797,93.56456756591797,95.52999877929688,94.77999877929688,94.87999725341797,17396400
2025-11-17,92.34663391113281,92.34663391113281,94.87999725341797,93.68000030517578,94.5999984741211,18850900
2025-11-18,91.14835357666016,91.14835357666016,93.1500015258789,92.30000305175781,92.80999755859375,22482300
2025-11-19,90.87332916259766,90.87332916259766,93.06999969482422,92.13999938964844,92.70999908447266,15425200
2025-11-20,89.6161117553711,89.6161117553711,93.25,91.20999908447266,93.12999725341797,26720600
2025-11-21,91.00102233886719,91.00102233886719,92.9000015258789,91.76000213623047,92.0999984741211,27211400
2025-11-24,91.07959747314453,91.07959747314453,92.87999725341797,92.33999633789062,92.44999694824219,18550900
2025-11-25,92.16983795166016,92.16983795166016,93.87999725341797,92.88999938964844,93.12999725341797,19903700
2025-11-26,93.18151092529297,93.18151092529297,95.01000213623047,94.2300033569336,94.26000213623047,13481200
2025-11-28,93.49581909179688,93.49581909179688,95.22000122070312,94.73999786376953,94.83999633789062,8136000
2025-12-01,93.0341796875,93.0341796875,95.1500015258789,94.69000244140625,94.91999816894531,21791500
2025-12-02,93.34848022460938,93.34848022460938,95.12999725341797,94.75,95.08000183105469,14267600
2025-12-03,93.84941101074219,93.84941101074219,95.58999633789062,95.0999984741211,95.12000274658203,14439800
2025-12-04,94.10477447509766,94.10477447509766,96.18000030517578,95.6500015258789,96.08000183105469,13862900
2025-12-05,94.10477447509766,94.10477447509766,96.2300033569336,95.63999938964844,96.0999984741211,15829800
2025-12-08,93.81011962890625,93.81011962890625,95.81999969482422,95.36000061035156,95.81999969482422,13589200
2025-12-09,93.68242645263672,93.68242645263672,95.83000183105469,95.36000061035156,95.5999984741211,15966700
2025-12-10,94.72357177734375,94.72357177734375,96.5999984741211,95.5,95.55999755859375,21171700
2025-12-11,95.2834243774414,95.2834243774414,97.1500015258789,96.62999725341797,96.72000122070312,19221400
2025-12-12,94.78250122070312,94.78250122070312,97.18000030517578,96.1500015258789,97.05999755859375,20514900
2025-12-15,95.36199188232422,95.36199188232422,97.41999816894531,96.87000274658203,97.30999755859375,22751500
2025-12-16,94.91999816894531,94.91999816894531,95.2300033569336,94.5999984741211,95.13999938964844,29380500
2025-12-17,94.1500015258789,94.1500015258789,94.94999694824219,94.12999725341797,94.7300033569336,34926000
2025-12-18,94.81999969482422,94.81999969482422,95.30999755859375,94.58000183105469,94.94999694824219,29971400
2025-12-19,95.45999908447266,95.45999908447266,95.7300033569336,95.20999908447266,95.26000213623047,31094700
2025-12-22,95.69999694824219,95.69999694824219,95.76000213623047,95.4000015258789,95.47000122070312,15861200
2025-12-23,96.29000091552734,96.29000091552734,96.44000244140625,96.16999816894531,96.27999877929688,16485700
2025-12-24,96.41000366210938,96.41000366210938,96.45999908447266,96.19000244140625,96.33000183105469,5609700
2025-12-26,96.56999969482422,96.56999969482422,96.5999984741211,96.33999633789062,96.52999877929688,9304200
2025-12-29,96.27999877929688,96.27999877929688,96.47000122070312,96.05999755859375,96.26000213623047,16705400
2025-12-30,96.44000244140625,96.44000244140625,96.80000305175781,96.41999816894531,96.62999725341797,15877000
2025-12-31,96.02999877929688,96.02999877929688,96.38999938964844,95.91999816894531,96.33000183105469,27618000
2026-01-02,97.04000091552734,97.04000091552734,97.11000061035156,96.51000213623047,97.02999877929688,42922400
2026-01-05,98.1500015258789,98.1500015258789,98.1500015258789,97.2300033569336,97.26000213623047,25187000
2026-01-06,98.30000305175781,98.30000305175781,98.4800033569336,98.12999725341797,98.30999755859375,14557900
2026-01-07,97.93000030517578,97.93000030517578,98.20999908447266,97.83999633789062,98.13999938964844,15468900
2026-01-08,97.94000244140625,97.94000244140625,97.94999694824219,97.52999877929688,97.55999755859375,14090500
2026-01-09,98.80999755859375,98.80999755859375,98.88999938964844,98.33000183105469,98.41999816894531,16001700
2026-01-12,99.41000366210938,99.41000366210938,99.44000244140625,99.12000274658203,99.1500015258789,15313500
2026-01-13,98.83999633789062,98.83999633789062,99.25,98.6500015258789,99.2300033569336,17697700
2026-01-14,99.30000305175781,99.30000305175781,99.37000274658203,98.9800033569336,99.19000244140625,19947400
2026-01-15,99.26000213623047,99.26000213623047,99.62000274658203,99.22000122070312,99.62000274658203,24662400
2026-01-16,99.52999877929688,99.52999877929688,99.54000091552734,99.05999755859375,99.41999816894531,18699200
2026-01-20,98.0199966430664,98.0199966430664,98.69000244140625,97.86000061035156,98.0,26893300
2026-01-21,99.02999877929688,99.02999877929688,99.27999877929688,97.88999938964844,98.2699966430664,26150500
2026-01-22,99.41999816894531,99.41999816894531,99.66999816894531,99.18000030517578,99.38999938964844,16592800
2026-01-23,99.97000122070312,99.97000122070312,100.0,99.0,99.16999816894531,16753500
2026-01-26,100.47000122070312,100.47000122070312,100.83000183105469,100.45999908447266,100.54000091552734,14959300
2026-01-27,102.08999633789062,102.08999633789062,102.31999969482422,101.43000030517578,101.47000122070312,19754300
2026-01-28,101.01000213623047,101.01000213623047,101.36000061035156,100.55999755859375,101.19000244140625,21938700
2026-01-29,101.69000244140625,101.69000244140625,102.0999984741211,100.55999755859375,102.0199966430664,29236200
2026-01-30,100.73999786376953,100.73999786376953,101.54000091552734,100.37000274658203,101.3499984741211,27813400
2026-02-02,101.4000015258789,101.4000015258789,101.55000305175781,100.81999969482422,100.87999725341797,21725500
2026-02-03,101.44999694824219,101.44999694824219,101.66000366210938,100.63999938964844,101.13999938964844,23625500
2026-02-04,101.77999877929688,101.77999877929688,102.66999816894531,101.37000274658203,102.47000122070312,25576700
2026-02-05,100.33000183105469,100.33000183105469,101.1500015258789,100.2699966430664,100.62000274658203,22760200
2026-02-06,102.61000061035156,102.61000061035156,102.6500015258789,101.63999938964844,101.69000244140625,17343700
2026-02-09,103.98999786376953,103.98999786376953,104.16999816894531,103.12000274658203,103.2300033569336,20137400
2026-02-10,104.23999786376953,104.23999786376953,104.66999816894531,104.23999786376953,104.58000183105469,16861700
2026-02-11,104.94000244140625,104.94000244140625,105.16999816894531,104.16000366210938,104.83999633789062,20493500
2026-02-12,104.1500015258789,104.1500015258789,105.23999786376953,103.80999755859375,105.08999633789062,29385300
2026-02-13,104.23999786376953,104.23999786376953,104.43000030517578,103.44999694824219,103.87999725341797,22651300
2026-02-17,104.22000122070312,104.22000122070312,104.33999633789062,103.0199966430664,103.36000061035156,19647200
2026-02-18,104.33999633789062,104.33999633789062,104.91000366210938,104.12000274658203,104.37000274658203,16099000
2026-02-19,104.05000305175781,104.05000305175781,104.08999633789062,103.37000274658203,103.54000091552734,15994100
2026-02-20,104.9000015258789,104.9000015258789,105.05000305175781,103.86000061035156,103.86000061035156,25737500
2026-02-23,104.47000122070312,104.47000122070312,105.11000061035156,104.19000244140625,104.80999755859375,14151800
2026-02-24,104.66000366210938,104.66000366210938,104.91999816894531,104.08000183105469,104.16999816894531,17358000
2026-02-25,105.66000366210938,105.66000366210938,105.80000305175781,105.1500015258789,105.26000213623047,14783800
2026-02-26,105.56999969482422,105.56999969482422,105.72000122070312,104.87000274658203,105.63999938964844,28482700
2026-02-27,105.37999725341797,105.37999725341797,105.94000244140625,105.26000213623047,105.5199966430664,25575500
2026-03-02,103.30000305175781,103.30000305175781,103.7300033569336,102.72000122070312,102.76000213623047,38046600
2026-03-03,100.08999633789062,100.08999633789062,100.55999755859375,97.75,98.6500015258789,52567300
2026-03-04,101.37999725341797,101.37999725341797,101.48999786376953,100.4000015258789,100.79000091552734,30766400
2026-03-05,99.16000366210938,99.16000366210938,100.2699966430664,98.22000122070312,99.77999877929688,34508300
2026-03-06,98.27999877929688,98.27999877929688,98.69000244140625,97.05999755859375,97.2699966430664,27734400
2026-03-09,98.98999786376953,98.98999786376953,99.41000366210938,95.9800033569336,96.77999877929688,37484700
2026-03-10,99.22000122070312,99.22000122070312,100.87999725341797,99.06999969482422,99.73999786376953,44802900
2026-03-11,99.01000213623047,99.01000213623047,99.37999725341797,98.29000091552734,98.63999938964844,21345300
2026-03-12,97.45999908447266,97.45999908447266,98.12999725341797,97.01000213623047,98.04000091552734,34724600
2026-03-13,96.30000305175781,96.30000305175781,98.11000061035156,96.13999938964844,97.66999816894531,27628100
2026-03-16,98.0999984741211,98.0999984741211,98.31999969482422,97.44999694824219,97.63999938964844,17384000
2026-03-17,98.37000274658203,98.37000274658203,98.97000122070312,98.23999786376953,98.73999786376953,16411500
2026-03-18,96.69000244140625,96.69000244140625,98.01000213623047,96.61000061035156,97.80999755859375,26644800
2026-03-19,96.5199966430664,96.5199966430664,97.11000061035156,94.80000305175781,94.94000244140625,34858300
2026-03-20,93.58999633789062,93.58999633789062,96.12999725341797,93.08000183105469,96.12999725341797,45493400
2026-03-23,95.83999633789062,95.83999633789062,97.0199966430664,94.94999694824219,95.52999877929688,40781200
2026-03-24,95.2699966430664,95.2699966430664,95.80999755859375,94.3499984741211,94.48999786376953,22695800
2026-03-25,96.66000366210938,96.66000366210938,97.1500015258789,96.1500015258789,96.91999816894531,20476300
2026-03-26,94.66000366210938,94.66000366210938,96.2300033569336,94.62000274658203,95.47000122070312,19676500
2026-03-27,93.80000305175781,93.80000305175781,94.83999633789062,93.5199966430664,94.29000091552734,22341100
2026-03-30,94.06999969482422,94.06999969482422,94.9800033569336,93.66999816894531,94.72000122070312,16136400
2026-03-31,97.12999725341797,97.12999725341797,97.16000366210938,95.05999755859375,95.56999969482422,39448000
2026-04-01,98.61000061035156,98.61000061035156,99.31999969482422,98.22000122070312,98.5199966430664,27123200
2026-04-02,98.0,98.0,98.41999816894531,96.36000061035156,96.54000091552734,17276100
2026-04-06,98.48999786376953,98.48999786376953,98.7300033569336,98.02999877929688,98.12999725341797,11810900
2026-04-07,98.3499984741211,98.3499984741211,98.5,96.79000091552734,97.66999816894531,19809700
2026-04-08,102.19000244140625,102.19000244140625,102.63999938964844,101.5199966430664,102.48999786376953,22300800
2026-04-09,101.94999694824219,101.94999694824219,102.47000122070312,100.91000366210938,101.08999633789062,14958400
2026-04-10,102.18000030517578,102.18000030517578,102.69000244140625,101.80999755859375,102.62999725341797,8670300
2026-04-13,102.80999755859375,102.80999755859375,102.8499984741211,101.18000030517578,101.2699966430664,19346900
2026-04-14,103.63999938964844,103.63999938964844,103.81999969482422,103.20999908447266,103.33999633789062,16581000
2026-04-15,103.30999755859375,103.30999755859375,103.44999694824219,102.94000244140625,103.38999938964844,8786300
2026-04-16,103.01000213623047,103.01000213623047,103.58000183105469,102.6500015258789,103.55999755859375,13227600
2026-04-17,104.31999969482422,104.31999969482422,105.12999725341797,104.20999908447266,104.45999908447266,17321500
2026-04-20,103.91000366210938,103.91000366210938,103.93000030517578,103.12999725341797,103.72000122070312,12896100
2026-04-21,101.62999725341797,101.62999725341797,103.2699966430664,101.51000213623047,103.12999725341797,18105400
2026-04-22,101.97000122070312,101.97000122070312,102.37999725341797,101.6500015258789,102.33000183105469,9990800
2026-04-23,101.23999786376953,101.23999786376953,102.12000274658203,100.1500015258789,101.75,15773900
2026-04-24,101.7699966430664,101.7699966430664,101.95999908447266,101.1500015258789,101.41000366210938,14219400
2026-04-27,101.37999725341797,101.37999725341797,102.05999755859375,101.33999633789062,101.83000183105469,10091700
2026-04-28,100.95999908447266,100.95999908447266,101.12999725341797,100.55999755859375,100.93000030517578,11008800
2026-04-29,99.93000030517578,99.93000030517578,100.4800033569336,99.51000213623047,100.4000015258789,10986800
2026-04-30,102.31999969482422,102.31999969482422,102.58000183105469,101.08999633789062,101.31999969482422,16585800
2026-05-01,102.0999984741211,102.0999984741211,102.87000274658203,102.06999969482422,102.29000091552734,14447200
2026-05-04,100.69999694824219,100.69999694824219,101.72000122070312,100.26000213623047,101.44000244140625,21026300
2026-05-05,102.04000091552734,102.04000091552734,102.16000366210938,101.19000244140625,101.66999816894531,12347300
2026-05-06,104.80999755859375,104.80999755859375,104.91999816894531,104.30999755859375,104.5,14755500
2026-05-07,102.88999938964844,102.88999938964844,104.86000061035156,102.81999969482422,104.81999969482422,19257500
2026-05-08,103.95999908447266,103.95999908447266,104.04000091552734,103.38999938964844,103.7699966430664,12280100
2026-05-11,103.73999786376953,103.73999786376953,104.0,103.56999969482422,103.80999755859375,10717500
2026-05-12,103.13999938964844,103.13999938964844,103.27999877929688,102.3499984741211,103.0,15770900
2026-05-13,103.83000183105469,103.83000183105469,103.87999725341797,102.93000030517578,103.01000213623047,9578900
2026-05-14,103.45999908447266,103.45999908447266,103.93000030517578,103.41000366210938,103.79000091552734,8943600
2026-05-15,101.72000122070312,101.72000122070312,102.13999938964844,101.55000305175781,102.01000213623047,17916800
2026-05-18,102.66000366210938,102.66000366210938,102.81999969482422,101.77999877929688,102.4800033569336,15944000
2026-05-19,101.91999816894531,101.91999816894531,102.47000122070312,101.69000244140625,102.08000183105469,13211800
2026-05-20,103.62000274658203,103.62000274658203,103.91000366210938,101.97000122070312,102.16000366210938,16511800
2026-05-21,104.19000244140625,104.19000244140625,104.55999755859375,102.5999984741211,102.81999969482422,14357600
2026-05-22,103.9800033569336,103.9800033569336,104.4800033569336,103.79000091552734,104.22000122070312,12012200
