Date,Adj Close,Close,High,Low,Open,Volume
2004-09-29,19.66771697998047,19.66771697998047,49.9900016784668,49.84000015258789,49.849998474121094,205800
2004-09-30,19.825536727905273,19.825536727905273,50.33000183105469,49.9900016784668,50.0,27900
2004-10-01,20.19246482849121,20.19246482849121,51.25,50.25,50.349998474121094,129800
2004-10-04,20.279260635375977,20.279260635375977,51.54999923706055,51.38999938964844,51.38999938964844,8100
2004-10-05,20.27531623840332,20.27531623840332,51.5,51.349998474121094,51.400001525878906,11900
2004-10-06,20.369998931884766,20.369998931884766,51.630001068115234,51.4900016784668,51.5,9300
2004-10-07,20.16089630126953,20.16089630126953,51.650001525878906,51.099998474121094,51.650001525878906,7900
2004-10-08,20.259532928466797,20.259532928466797,51.56999969482422,51.25,51.56999969482422,16400
2004-10-11,20.180618286132812,20.180618286132812,51.5,51.099998474121094,51.5,4500
2004-10-12,20.24769401550293,20.24769401550293,51.31999969482422,51.0,51.20000076293945,3600
2004-10-13,20.298980712890625,20.298980712890625,51.58000183105469,51.45000076293945,51.54999923706055,2500
2004-10-14,20.456798553466797,20.456798553466797,51.86000061035156,51.45000076293945,51.45000076293945,19200
2004-10-15,20.66590118408203,20.66590118408203,52.380001068115234,52.08000183105469,52.099998474121094,9800
2004-10-18,20.7763671875,20.7763671875,52.79999923706055,52.290000915527344,52.349998474121094,4000
2004-10-19,20.66590118408203,20.66590118408203,53.0,52.380001068115234,52.79999923706055,6200
2004-10-20,20.567272186279297,20.567272186279297,52.29999923706055,51.63999938964844,52.29999923706055,5500
2004-10-21,20.7763671875,20.7763671875,52.65999984741211,52.029998779296875,52.029998779296875,7400
2004-10-22,20.61066246032715,20.61066246032715,52.900001525878906,52.2400016784668,52.650001525878906,69900
2004-10-25,20.512041091918945,20.512041091918945,52.20000076293945,51.810001373291016,52.20000076293945,14000
2004-10-26,20.705364227294922,20.705364227294922,52.47999954223633,52.02000045776367,52.130001068115234,9000
2004-10-27,20.949970245361328,20.949970245361328,53.099998474121094,52.7400016784668,52.86000061035156,9100
2004-10-28,20.961809158325195,20.961809158325195,53.25,52.970001220703125,53.0099983215332,12800
2004-10-29,20.949970245361328,20.949970245361328,53.43000030517578,52.97999954223633,53.43000030517578,50200
2004-11-01,21.155132293701172,21.155132293701172,53.619998931884766,53.18000030517578,53.20000076293945,5400
2004-11-02,20.949970245361328,20.949970245361328,53.720001220703125,53.099998474121094,53.720001220703125,14100
2004-11-03,21.163022994995117,21.163022994995117,53.88999938964844,53.560001373291016,53.88999938964844,12800
2004-11-04,21.48259925842285,21.48259925842285,54.45000076293945,53.599998474121094,53.599998474121094,5200
2004-11-05,20.902633666992188,20.902633666992188,54.290000915527344,52.900001525878906,54.290000915527344,51900
2004-11-08,20.957860946655273,20.957860946655273,53.209999084472656,52.88999938964844,53.150001525878906,31600
2004-11-09,21.036775588989258,21.036775588989258,53.31999969482422,53.040000915527344,53.130001068115234,22300
2004-11-10,21.18669891357422,21.18669891357422,53.84000015258789,53.2599983215332,53.400001525878906,13600
2004-11-11,21.360294342041016,21.360294342041016,54.13999938964844,53.70000076293945,53.72999954223633,13600
2004-11-12,21.778505325317383,21.778505325317383,55.20000076293945,54.189998626708984,54.27000045776367,14900
2004-11-15,22.05467987060547,22.05467987060547,55.959999084472656,55.45000076293945,55.529998779296875,39900
2004-11-16,21.92053985595703,21.92053985595703,56.220001220703125,55.560001373291016,56.220001220703125,26000
2004-11-17,21.41158103942871,21.41158103942871,55.79999923706055,54.08000183105469,55.75,21500
2004-11-18,21.376079559326172,21.376079559326172,54.790000915527344,53.72999954223633,54.790000915527344,80200
2004-11-19,21.155132293701172,21.155132293701172,54.439998626708984,53.619998931884766,54.27000045776367,74800
2004-11-22,21.301116943359375,21.301116943359375,54.02000045776367,53.5,53.84000015258789,84200
2004-11-23,21.391849517822266,21.391849517822266,54.40999984741211,53.77000045776367,53.95000076293945,9100
2004-11-24,21.76272201538086,21.76272201538086,55.29999923706055,54.75,54.75,10600
2004-11-26,21.73904800415039,21.73904800415039,55.4900016784668,55.04999923706055,55.400001525878906,11800
2004-11-29,21.660152435302734,21.660152435302734,55.25,54.63999938964844,55.25,86900
2004-11-30,21.778505325317383,21.778505325317383,55.20000076293945,54.720001220703125,55.099998474121094,32800
2004-12-01,22.20066261291504,22.20066261291504,56.369998931884766,55.33000183105469,55.349998474121094,23600
2004-12-02,22.011274337768555,22.011274337768555,56.27000045776367,55.540000915527344,56.27000045776367,36900
2004-12-03,22.307174682617188,22.307174682617188,56.560001373291016,56.0,56.0,35800
2004-12-06,22.41371726989746,22.41371726989746,57.060001373291016,56.459999084472656,56.650001525878906,53800
2004-12-07,22.129650115966797,22.129650115966797,56.93000030517578,56.0099983215332,56.93000030517578,47900
2004-12-08,22.188827514648438,22.188827514648438,56.5,56.0,56.209999084472656,76000
2004-12-09,22.3505802154541,22.3505802154541,56.650001525878906,55.939998626708984,56.290000915527344,24900
2004-12-10,22.53996467590332,22.53996467590332,57.130001068115234,56.58000183105469,56.599998474121094,13700
2004-12-13,22.47683334350586,22.47683334350586,57.29999923706055,56.90999984741211,57.29999923706055,14900
2004-12-14,22.45709991455078,22.45709991455078,56.9900016784668,56.619998931884766,56.900001525878906,12800
2004-12-15,22.500511169433594,22.500511169433594,57.18000030517578,56.689998626708984,57.15999984741211,21700
2004-12-16,22.29534912109375,22.29534912109375,57.119998931884766,56.5099983215332,57.119998931884766,11000
2004-12-17,22.547849655151367,22.547849655151367,57.150001525878906,56.04999923706055,56.650001525878906,28300
2004-12-20,22.46894645690918,22.46894645690918,57.099998474121094,56.709999084472656,57.099998474121094,10500
2004-12-21,22.725393295288086,22.725393295288086,57.599998474121094,57.150001525878906,57.150001525878906,12500
2004-12-22,22.89483642578125,22.89483642578125,56.75,56.29999923706055,56.400001525878906,21200
2004-12-23,22.721357345581055,22.721357345581055,56.70000076293945,56.099998474121094,56.54999923706055,27100
2004-12-27,22.55191421508789,22.55191421508789,56.349998474121094,55.75,56.31999969482422,24900
2004-12-28,22.636642456054688,22.636642456054688,56.209999084472656,55.9900016784668,56.0,14800
2004-12-29,22.765735626220703,22.765735626220703,56.45000076293945,56.20000076293945,56.25,29400
2004-12-30,22.874656677246094,22.874656677246094,56.7400016784668,56.349998474121094,56.59000015258789,33700
2004-12-31,22.81414794921875,22.81414794921875,56.91999816894531,56.54999923706055,56.869998931884766,36500
2005-01-03,22.547882080078125,22.547882080078125,56.75,55.5,56.75,31900
2005-01-04,22.2089900970459,22.2089900970459,56.279998779296875,55.04999923706055,55.88999938964844,52500
2005-01-05,21.47071647644043,21.47071647644043,55.16999816894531,52.83000183105469,55.16999816894531,77300
2005-01-06,21.636127471923828,21.636127471923828,53.81999969482422,53.150001525878906,53.150001525878906,42200
2005-01-07,21.58771514892578,21.58771514892578,53.880001068115234,53.27000045776367,53.869998931884766,24200
2005-01-10,21.519121170043945,21.519121170043945,53.650001525878906,53.20000076293945,53.45000076293945,12500
2005-01-11,21.301284790039062,21.301284790039062,53.400001525878906,52.650001525878906,53.369998931884766,25300
2005-01-12,21.200414657592773,21.200414657592773,52.900001525878906,51.7400016784668,52.900001525878906,82800
2005-01-13,21.200414657592773,21.200414657592773,53.400001525878906,52.470001220703125,52.540000915527344,34200
2005-01-14,21.46265411376953,21.46265411376953,53.25,52.79999923706055,53.040000915527344,219900
2005-01-18,21.67243194580078,21.67243194580078,53.779998779296875,52.9900016784668,53.150001525878906,26000
2005-01-19,21.692609786987305,21.692609786987305,54.4900016784668,53.630001068115234,53.900001525878906,29600
2005-01-20,21.6240177154541,21.6240177154541,54.0099983215332,53.38999938964844,53.849998474121094,32500
2005-01-21,21.644193649291992,21.644193649291992,54.02000045776367,53.36000061035156,53.54999923706055,61200
2005-01-24,21.47071647644043,21.47071647644043,53.79999923706055,53.20000076293945,53.75,18100
2005-01-25,21.067277908325195,21.067277908325195,53.5,52.209999084472656,53.5,31000
2005-01-26,21.002735137939453,21.002735137939453,52.43000030517578,51.90999984741211,52.43000030517578,26400
2005-01-27,20.853456497192383,20.853456497192383,52.2400016784668,51.38999938964844,52.2400016784668,17200
2005-01-28,20.8857421875,20.8857421875,52.0099983215332,51.54999923706055,51.849998474121094,65900
2005-01-31,20.861528396606445,20.861528396606445,52.25,51.27000045776367,52.15999984741211,40500
2005-02-01,21.01484489440918,21.01484489440918,52.16999816894531,51.70000076293945,51.900001525878906,25600
2005-02-02,21.248825073242188,21.248825073242188,52.66999816894531,52.08000183105469,52.29999923706055,24500
2005-02-03,21.313379287719727,21.313379287719727,53.0,52.68000030517578,52.75,13900
2005-02-04,21.603853225708008,21.603853225708008,53.54999923706055,52.97999954223633,52.97999954223633,20000
2005-02-07,21.53122901916504,21.53122901916504,53.779998779296875,53.279998779296875,53.599998474121094,40900
2005-02-08,21.583681106567383,21.583681106567383,53.5,53.29999923706055,53.5,11500
2005-02-09,21.720844268798828,21.720844268798828,53.93000030517578,53.59000015258789,53.599998474121094,19900
2005-02-10,21.886249542236328,21.886249542236328,54.25,53.619998931884766,53.95000076293945,24100
2005-02-11,21.950801849365234,21.950801849365234,54.439998626708984,53.790000915527344,54.09000015258789,27100
2005-02-14,21.954837799072266,21.954837799072266,54.599998474121094,54.25,54.5,40600
2005-02-15,22.051664352416992,22.051664352416992,54.70000076293945,54.41999816894531,54.5,38200
2005-02-16,22.180761337280273,22.180761337280273,55.029998779296875,54.38999938964844,54.70000076293945,19400
2005-02-17,22.164627075195312,22.164627075195312,55.11000061035156,54.869998931884766,55.02000045776367,23600
2005-02-18,21.970964431762695,21.970964431762695,54.689998626708984,54.16999816894531,54.689998626708984,22900
2005-02-22,21.34162139892578,21.34162139892578,54.09000015258789,52.900001525878906,54.09000015258789,100300
2005-02-23,21.26093292236328,21.26093292236328,53.5,52.70000076293945,53.20000076293945,24000
2005-02-24,21.277069091796875,21.277069091796875,52.95000076293945,52.52000045776367,52.95000076293945,15800
2005-02-25,21.583681106567383,21.583681106567383,53.54999923706055,52.77000045776367,52.77000045776367,30500
2005-02-28,21.52315330505371,21.52315330505371,53.66999816894531,52.810001373291016,53.540000915527344,55100
2005-03-01,21.74907112121582,21.74907112121582,53.90999984741211,53.25,53.25,34900
2005-03-02,21.603853225708008,21.603853225708008,53.810001373291016,53.41999816894531,53.54999923706055,15700
2005-03-03,21.720844268798828,21.720844268798828,53.900001525878906,53.439998626708984,53.54999923706055,9900
2005-03-04,22.128320693969727,22.128320693969727,54.849998474121094,53.9900016784668,54.130001068115234,24200
2005-03-07,22.233203887939453,22.233203887939453,55.529998779296875,54.68000030517578,55.0,42800
2005-03-08,22.108144760131836,22.108144760131836,55.20000076293945,54.59000015258789,55.20000076293945,16200
2005-03-09,21.48280906677246,21.48280906677246,54.79999923706055,53.209999084472656,54.79999923706055,60700
2005-03-10,21.628055572509766,21.628055572509766,53.79999923706055,53.099998474121094,53.099998474121094,58500
2005-03-11,21.385995864868164,21.385995864868164,53.52000045776367,53.0,53.5,21200
2005-03-14,21.684534072875977,21.684534072875977,53.75,53.150001525878906,53.2400016784668,40200
2005-03-15,21.656291961669922,21.656291961669922,54.540000915527344,53.599998474121094,54.27000045776367,51500
2005-03-16,21.398101806640625,21.398101806640625,53.70000076293945,53.02000045776367,53.65999984741211,40800
2005-03-17,21.6240177154541,21.6240177154541,53.77000045776367,53.41999816894531,53.439998626708984,21100
2005-03-18,21.54736328125,21.54736328125,53.650001525878906,53.099998474121094,53.599998474121094,22700
2005-03-21,21.402130126953125,21.402130126953125,53.29999923706055,52.77000045776367,53.29999923706055,27100
2005-03-22,21.018878936767578,21.018878936767578,53.459999084472656,52.099998474121094,53.459999084472656,18100
2005-03-23,20.98255157470703,20.98255157470703,52.33000183105469,51.5,51.650001525878906,25000
2005-03-24,21.025020599365234,21.025020599365234,52.099998474121094,51.439998626708984,51.63999938964844,22600
2005-03-28,20.918869018554688,20.918869018554688,51.529998779296875,51.150001525878906,51.529998779296875,27700
2005-03-29,20.92704200744629,20.92704200744629,51.70000076293945,51.130001068115234,51.29999923706055,23500
2005-03-30,21.204654693603516,21.204654693603516,51.939998626708984,51.290000915527344,51.290000915527344,24100
2005-03-31,21.15566635131836,21.15566635131836,52.36000061035156,51.70000076293945,52.0,66500
2005-04-01,21.167903900146484,21.167903900146484,52.59000015258789,51.45000076293945,52.59000015258789,24800
2005-04-04,21.07401466369629,21.07401466369629,51.72999954223633,51.119998931884766,51.72999954223633,27300
2005-04-05,21.025020599365234,21.025020599365234,51.79999923706055,51.38999938964844,51.70000076293945,22400
2005-04-06,21.135250091552734,21.135250091552734,52.029998779296875,51.66999816894531,51.709999084472656,20300
2005-04-07,21.327125549316406,21.327125549316406,52.380001068115234,51.900001525878906,52.0,28500
2005-04-08,21.229143142700195,21.229143142700195,52.349998474121094,52.0,52.31999969482422,40300
2005-04-11,21.249553680419922,21.249553680419922,52.06999969482422,51.849998474121094,52.04999923706055,21800
2005-04-12,21.53533363342285,21.53533363342285,52.77000045776367,51.81999969482422,52.0,44300
2005-04-13,21.559837341308594,21.559837341308594,53.04999923706055,52.70000076293945,52.869998931884766,32000
2005-04-14,21.355695724487305,21.355695724487305,52.93000030517578,52.310001373291016,52.810001373291016,24600
2005-04-15,21.514921188354492,21.514921188354492,52.7599983215332,52.22999954223633,52.45000076293945,27800
2005-04-18,21.482261657714844,21.482261657714844,52.720001220703125,52.11000061035156,52.70000076293945,31900
2005-04-19,21.588420867919922,21.588420867919922,52.88999938964844,52.66999816894531,52.66999816894531,24100
2005-04-20,21.53533363342285,21.53533363342285,52.93000030517578,52.56999969482422,52.84000015258789,40000
2005-04-21,21.531251907348633,21.531251907348633,52.95000076293945,52.630001068115234,52.86000061035156,10900
2005-04-22,21.698637008666992,21.698637008666992,53.150001525878906,52.790000915527344,52.790000915527344,124700
2005-04-25,21.9354190826416,21.9354190826416,53.72999954223633,53.18000030517578,53.400001525878906,19800
2005-04-26,21.9639949798584,21.9639949798584,54.0,53.70000076293945,53.900001525878906,45100
2005-04-27,22.135473251342773,22.135473251342773,54.31999969482422,53.63999938964844,53.869998931884766,45700
2005-04-28,22.0823974609375,22.0823974609375,54.209999084472656,53.959999084472656,54.209999084472656,19600
2005-04-29,22.376331329345703,22.376331329345703,54.810001373291016,53.95000076293945,54.209999084472656,13800
2005-05-02,22.360000610351562,22.360000610351562,55.0,54.16999816894531,55.0,27600
2005-05-03,22.392669677734375,22.392669677734375,54.849998474121094,54.459999084472656,54.599998474121094,89000
2005-05-04,22.4130802154541,22.4130802154541,55.099998474121094,54.459999084472656,54.900001525878906,27600
2005-05-05,22.698869705200195,22.698869705200195,55.599998474121094,55.099998474121094,55.099998474121094,21900
2005-05-06,22.4130802154541,22.4130802154541,55.40999984741211,54.66999816894531,55.369998931884766,125700
2005-05-09,22.800920486450195,22.800920486450195,55.849998474121094,54.97999954223633,55.04999923706055,67900
2005-05-10,22.800920486450195,22.800920486450195,55.849998474121094,55.4900016784668,55.7599983215332,30400
2005-05-11,22.813173294067383,22.813173294067383,56.0,55.31999969482422,55.79999923706055,61000
2005-05-12,22.584552764892578,22.584552764892578,56.099998474121094,55.279998779296875,56.099998474121094,33400
2005-05-13,22.576387405395508,22.576387405395508,55.70000076293945,54.83000183105469,55.70000076293945,31200
2005-05-16,22.68252182006836,22.68252182006836,55.58000183105469,55.189998626708984,55.29999923706055,21600
2005-05-17,22.88257598876953,22.88257598876953,56.09000015258789,55.41999816894531,55.650001525878906,19400
2005-05-18,23.107120513916016,23.107120513916016,56.599998474121094,56.25,56.25,41200
2005-05-19,23.41330337524414,23.41330337524414,57.36000061035156,56.79999923706055,56.79999923706055,27100
2005-05-20,23.46229362487793,23.46229362487793,57.56999969482422,57.0,57.130001068115234,81400
2005-05-23,23.515356063842773,23.515356063842773,57.7599983215332,57.349998474121094,57.349998474121094,56900
2005-05-24,23.18875503540039,23.18875503540039,57.27000045776367,56.619998931884766,57.25,47900
2005-05-25,22.90298080444336,22.90298080444336,56.650001525878906,56.099998474121094,56.650001525878906,52200
2005-05-26,22.805009841918945,22.805009841918945,56.650001525878906,55.849998474121094,56.099998474121094,48000
2005-05-27,22.92339515686035,22.92339515686035,56.25,55.91999816894531,56.220001220703125,28000
2005-05-31,23.164257049560547,23.164257049560547,56.93000030517578,56.400001525878906,56.400001525878906,46300
2005-06-01,23.429630279541016,23.429630279541016,57.38999938964844,56.619998931884766,56.79999923706055,32500
2005-06-02,23.347978591918945,23.347978591918945,57.36000061035156,57.04999923706055,57.29999923706055,31500
2005-06-03,23.352069854736328,23.352069854736328,57.689998626708984,57.04999923706055,57.099998474121094,23900
2005-06-06,23.527603149414062,23.527603149414062,57.63999938964844,57.25,57.25,40800
2005-06-07,23.727657318115234,23.727657318115234,58.47999954223633,57.72999954223633,57.79999923706055,58700
2005-06-08,23.82563591003418,23.82563591003418,58.75,58.099998474121094,58.099998474121094,28800
2005-06-09,23.85011863708496,23.85011863708496,58.439998626708984,58.0,58.29999923706055,28000
2005-06-10,23.80113983154297,23.80113983154297,58.5,58.15999984741211,58.41999816894531,24000
2005-06-13,23.911365509033203,23.911365509033203,58.599998474121094,58.189998626708984,58.380001068115234,25800
2005-06-14,24.107330322265625,24.107330322265625,59.04999923706055,58.68000030517578,58.70000076293945,23900
2005-06-15,24.160398483276367,24.160398483276367,59.29999923706055,58.880001068115234,59.29999923706055,16000
2005-06-16,24.184894561767578,24.184894561767578,59.2400016784668,58.810001373291016,58.880001068115234,28700
2005-06-17,24.458423614501953,24.458423614501953,60.0,59.52000045776367,59.650001525878906,19100
2005-06-20,24.438016891479492,24.438016891479492,60.09000015258789,59.709999084472656,59.95000076293945,70500
2005-06-21,24.22980499267578,24.22980499267578,59.95000076293945,59.20000076293945,59.95000076293945,26600
2005-06-22,24.193058013916016,24.193058013916016,59.70000076293945,59.09000015258789,59.70000076293945,16800
2005-06-23,24.107330322265625,24.107330322265625,59.52000045776367,59.04999923706055,59.349998474121094,24500
2005-06-24,24.058326721191406,24.058326721191406,59.36000061035156,58.560001373291016,59.20000076293945,30000
2005-06-27,24.02696990966797,24.02696990966797,58.34000015258789,58.09000015258789,58.099998474121094,20800
2005-06-28,24.14667320251465,24.14667320251465,58.5,58.119998931884766,58.29999923706055,14200
2005-06-29,24.225093841552734,24.225093841552734,58.90999984741211,58.56999969482422,58.650001525878906,71900
2005-06-30,24.229223251342773,24.229223251342773,58.79999923706055,58.189998626708984,58.5,39600
2005-07-01,24.43560218811035,24.43560218811035,59.20000076293945,58.68000030517578,58.709999084472656,27600
2005-07-05,24.745180130004883,24.745180130004883,60.0,59.22999954223633,59.290000915527344,42400
2005-07-06,24.68326759338379,24.68326759338379,60.13999938964844,59.72999954223633,60.0,20100
2005-07-07,24.708030700683594,24.708030700683594,59.95000076293945,59.11000061035156,59.4900016784668,21700
2005-07-08,25.129045486450195,25.129045486450195,61.04999923706055,59.81999969482422,59.86000061035156,74700
2005-07-11,25.434494018554688,25.434494018554688,61.7599983215332,60.95000076293945,60.970001220703125,31700
2005-07-12,25.430368423461914,25.430368423461914,61.880001068115234,61.41999816894531,61.75,29300
2005-07-13,25.281763076782227,25.281763076782227,61.70000076293945,61.189998626708984,61.70000076293945,78200
2005-07-14,24.860754013061523,24.860754013061523,61.34000015258789,60.099998474121094,61.20000076293945,80800
2005-07-15,24.963939666748047,24.963939666748047,60.540000915527344,59.869998931884766,59.95000076293945,131700
2005-07-18,25.02998924255371,25.02998924255371,60.88999938964844,60.25,60.54999923706055,23500
2005-07-19,25.219852447509766,25.219852447509766,61.189998626708984,60.790000915527344,60.869998931884766,42500
2005-07-20,25.4427547454834,25.4427547454834,61.689998626708984,60.83000183105469,61.099998474121094,23500
2005-07-21,25.083648681640625,25.083648681640625,61.599998474121094,60.5,61.5,70200
2005-07-22,25.281763076782227,25.281763076782227,61.25,60.709999084472656,61.0,17200
2005-07-25,25.281763076782227,25.281763076782227,61.58000183105469,61.150001525878906,61.349998474121094,23600
2005-07-26,25.56245231628418,25.56245231628418,61.9900016784668,61.56999969482422,61.59000015258789,19500
2005-07-27,25.632617950439453,25.632617950439453,62.25,61.650001525878906,62.099998474121094,42600
2005-07-28,25.991731643676758,25.991731643676758,63.06999969482422,62.220001220703125,62.400001525878906,45500
2005-07-29,25.958696365356445,25.958696365356445,63.099998474121094,62.79999923706055,63.0,71900
2005-08-01,25.942197799682617,25.942197799682617,63.099998474121094,62.61000061035156,63.099998474121094,35600
2005-08-02,26.127931594848633,26.127931594848633,63.40999984741211,62.869998931884766,62.939998626708984,17600
2005-08-03,26.06601905822754,26.06601905822754,63.45000076293945,62.79999923706055,63.20000076293945,25500
2005-08-04,25.624364852905273,25.624364852905273,62.9900016784668,62.0099983215332,62.9900016784668,46000
2005-08-05,24.736921310424805,24.736921310424805,61.779998779296875,59.52000045776367,61.779998779296875,128300
2005-08-08,23.845348358154297,23.845348358154297,59.31999969482422,57.41999816894531,59.06999969482422,155000
2005-08-09,23.95680046081543,23.95680046081543,58.779998779296875,57.54999923706055,58.709999084472656,83100
2005-08-10,24.187946319580078,24.187946319580078,59.5,58.36000061035156,58.5,60100
2005-08-11,24.509889602661133,24.509889602661133,59.380001068115234,58.52000045776367,58.52000045776367,28500
2005-08-12,24.489259719848633,24.489259719848633,59.5099983215332,58.84000015258789,59.209999084472656,24700
2005-08-15,24.720409393310547,24.720409393310547,60.290000915527344,59.20000076293945,59.400001525878906,13600
2005-08-16,24.864879608154297,24.864879608154297,60.45000076293945,59.88999938964844,59.88999938964844,77100
2005-08-17,24.6667537689209,24.6667537689209,60.220001220703125,59.45000076293945,60.209999084472656,50700
2005-08-18,24.50164031982422,24.50164031982422,59.54999923706055,59.150001525878906,59.54999923706055,30200
2005-08-19,24.414958953857422,24.414958953857422,59.43000030517578,59.02000045776367,59.43000030517578,28500
2005-08-22,24.489259719848633,24.489259719848633,59.459999084472656,58.97999954223633,58.97999954223633,57000
2005-08-23,24.592453002929688,24.592453002929688,59.720001220703125,59.31999969482422,59.58000183105469,114300
2005-08-24,24.67913818359375,24.67913818359375,60.29999923706055,59.65999984741211,59.880001068115234,70300
2005-08-25,24.708030700683594,24.708030700683594,60.20000076293945,59.52000045776367,59.790000915527344,29000
2005-08-26,24.402587890625,24.402587890625,60.13999938964844,59.119998931884766,59.88999938964844,38900
2005-08-29,24.406713485717773,24.406713485717773,59.38999938964844,58.63999938964844,59.029998779296875,35300
2005-08-30,24.481008529663086,24.481008529663086,59.349998474121094,58.779998779296875,59.130001068115234,42800
2005-08-31,24.906156539916992,24.906156539916992,60.61000061035156,59.220001220703125,59.220001220703125,59200
2005-09-01,25.129045486450195,25.129045486450195,61.59000015258789,60.43000030517578,60.58000183105469,55900
2005-09-02,25.06300926208496,25.06300926208496,61.2400016784668,60.47999954223633,60.939998626708984,57900
2005-09-06,25.599599838256836,25.599599838256836,62.06999969482422,60.650001525878906,60.650001525878906,40900
2005-09-07,25.545940399169922,25.545940399169922,62.09000015258789,61.400001525878906,62.09000015258789,35200
2005-09-08,25.380828857421875,25.380828857421875,61.75,61.27000045776367,61.689998626708984,14700
2005-09-09,25.50879669189453,25.50879669189453,61.83000183105469,61.560001373291016,61.650001525878906,38400
2005-09-12,25.430368423461914,25.430368423461914,61.7599983215332,61.5099983215332,61.650001525878906,19200
2005-09-13,25.236360549926758,25.236360549926758,61.529998779296875,61.040000915527344,61.47999954223633,34200
2005-09-14,25.215728759765625,25.215728759765625,61.290000915527344,60.810001373291016,61.22999954223633,20100
2005-09-15,25.228120803833008,25.228120803833008,61.34000015258789,61.029998779296875,61.09000015258789,10700
2005-09-16,25.281763076782227,25.281763076782227,61.40999984741211,60.880001068115234,61.290000915527344,14200
2005-09-19,25.083648681640625,25.083648681640625,61.349998474121094,60.630001068115234,61.349998474121094,24400
2005-09-20,24.889646530151367,24.889646530151367,61.130001068115234,60.15999984741211,60.650001525878906,23700
2005-09-21,24.340669631958008,24.340669631958008,60.20000076293945,58.970001220703125,60.06999969482422,88900
2005-09-22,24.47275733947754,24.47275733947754,59.52000045776367,58.400001525878906,59.099998474121094,63300
2005-09-23,24.49340057373047,24.49340057373047,59.75,58.88999938964844,59.099998474121094,53700
2005-09-26,24.687957763671875,24.687957763671875,59.22999954223633,58.7599983215332,58.9900016784668,18000
2005-09-27,24.62532615661621,24.62532615661621,59.130001068115234,58.290000915527344,59.099998474121094,60300
2005-09-28,24.387332916259766,24.387332916259766,59.02000045776367,58.27000045776367,59.02000045776367,35800
2005-09-29,24.842445373535156,24.842445373535156,59.5099983215332,58.25,58.40999984741211,40300
2005-09-30,25.239078521728516,25.239078521728516,60.45000076293945,59.79999923706055,59.79999923706055,55200
2005-10-03,25.163936614990234,25.163936614990234,60.560001373291016,59.689998626708984,60.560001373291016,47500
2005-10-04,24.738061904907227,24.738061904907227,60.45000076293945,59.25,60.45000076293945,53400
2005-10-05,24.353939056396484,24.353939056396484,59.25,58.2400016784668,59.25,64000
2005-10-06,24.320537567138672,24.320537567138672,58.63999938964844,57.720001220703125,58.400001525878906,69800
2005-10-07,24.070030212402344,24.070030212402344,58.369998931884766,57.220001220703125,58.369998931884766,39500
2005-10-10,23.76106834411621,23.76106834411621,57.650001525878906,56.810001373291016,57.650001525878906,78500
2005-10-11,23.656679153442383,23.656679153442383,57.189998626708984,56.369998931884766,57.189998626708984,25700
2005-10-12,23.23080825805664,23.23080825805664,56.52000045776367,55.16999816894531,56.52000045776367,78900
2005-10-13,23.234989166259766,23.234989166259766,56.11000061035156,55.040000915527344,55.59000015258789,43300
2005-10-14,23.773588180541992,23.773588180541992,57.02000045776367,56.0099983215332,56.400001525878906,67300
2005-10-17,23.9113712310791,23.9113712310791,57.27000045776367,56.77000045776367,57.0,109600
2005-10-18,23.681730270385742,23.681730270385742,57.349998474121094,56.470001220703125,57.27000045776367,38500
2005-10-19,23.948945999145508,23.948945999145508,57.41999816894531,56.0099983215332,56.209999084472656,48500
2005-10-20,23.569000244140625,23.569000244140625,57.470001220703125,56.29999923706055,57.20000076293945,64600
2005-10-21,23.794464111328125,23.794464111328125,57.439998626708984,56.47999954223633,56.47999954223633,55300
2005-10-24,24.27878189086914,24.27878189086914,58.29999923706055,57.849998474121094,57.93000030517578,94800
2005-10-25,24.1785831451416,24.1785831451416,58.45000076293945,57.68000030517578,58.11000061035156,20300
2005-10-26,23.932249069213867,23.932249069213867,57.97999954223633,57.16999816894531,57.90999984741211,36100
2005-10-27,23.67337989807129,23.67337989807129,57.310001373291016,56.70000076293945,57.290000915527344,43800
2005-10-28,24.387332916259766,24.387332916259766,58.459999084472656,57.439998626708984,57.47999954223633,92200
2005-10-31,24.512596130371094,24.512596130371094,59.11000061035156,58.619998931884766,58.810001373291016,182500
2005-11-01,23.969818115234375,23.969818115234375,58.709999084472656,56.869998931884766,58.709999084472656,76300
2005-11-02,24.19110870361328,24.19110870361328,57.97999954223633,57.11000061035156,57.58000183105469,42300
2005-11-03,24.120126724243164,24.120126724243164,58.63999938964844,57.529998779296875,58.150001525878906,63400
2005-11-04,23.98235511779785,23.98235511779785,57.7599983215332,56.9900016784668,57.75,21500
2005-11-07,24.09508514404297,24.09508514404297,58.130001068115234,57.5,57.900001525878906,30800
2005-11-08,24.028270721435547,24.028270721435547,57.75,57.11000061035156,57.529998779296875,15500
2005-11-09,24.299665451049805,24.299665451049805,58.720001220703125,57.7400016784668,57.7400016784668,31800
2005-11-10,24.87584114074707,24.87584114074707,59.619998931884766,57.88999938964844,58.0,21300
2005-11-11,24.976049423217773,24.976049423217773,60.0,59.41999816894531,59.61000061035156,33200
2005-11-14,24.95516586303711,24.95516586303711,60.290000915527344,59.540000915527344,60.290000915527344,23200
2005-11-15,24.942638397216797,24.942638397216797,60.15999984741211,59.47999954223633,59.959999084472656,25900
2005-11-16,24.800695419311523,24.800695419311523,59.79999923706055,59.130001068115234,59.79999923706055,17900
2005-11-17,25.209857940673828,25.209857940673828,60.41999816894531,59.349998474121094,59.459999084472656,28600
2005-11-18,25.301712036132812,25.301712036132812,60.75,60.150001525878906,60.560001373291016,77700
2005-11-21,25.426977157592773,25.426977157592773,61.119998931884766,60.27000045776367,60.65999984741211,39600
2005-11-22,25.75263023376465,25.75263023376465,61.75,60.400001525878906,60.400001525878906,43500
2005-11-23,25.865354537963867,25.865354537963867,61.95000076293945,61.36000061035156,61.54999923706055,27800
2005-11-25,25.953044891357422,25.953044891357422,62.15999984741211,61.7599983215332,61.88999938964844,7300
2005-11-28,25.669124603271484,25.669124603271484,62.029998779296875,61.369998931884766,62.029998779296875,37900
2005-11-29,25.685827255249023,25.685827255249023,61.70000076293945,61.2599983215332,61.40999984741211,16700
2005-11-30,25.531341552734375,25.531341552734375,61.900001525878906,61.11000061035156,61.75,28900
2005-12-01,25.902935028076172,25.902935028076172,62.22999954223633,61.33000183105469,61.33000183105469,40900
2005-12-02,25.77351188659668,25.77351188659668,62.099998474121094,61.369998931884766,61.970001220703125,18200
2005-12-05,25.677474975585938,25.677474975585938,61.959999084472656,61.06999969482422,61.959999084472656,21400
2005-12-06,25.593978881835938,25.593978881835938,62.0,61.2400016784668,62.0,28500
2005-12-07,25.460365295410156,25.460365295410156,61.5,60.560001373291016,61.34000015258789,29100
2005-12-08,25.65243911743164,25.65243911743164,62.06999969482422,60.79999923706055,60.79999923706055,58800
2005-12-09,25.719223022460938,25.719223022460938,61.83000183105469,61.22999954223633,61.459999084472656,22100
2005-12-12,25.735933303833008,25.735933303833008,62.0,61.25,61.9900016784668,30400
2005-12-13,25.861181259155273,25.861181259155273,61.9900016784668,61.36000061035156,61.630001068115234,20300
2005-12-14,25.911296844482422,25.911296844482422,62.400001525878906,61.689998626708984,61.93000030517578,44200
2005-12-15,25.715059280395508,25.715059280395508,62.45000076293945,61.58000183105469,62.20000076293945,28300
2005-12-16,25.80691146850586,25.80691146850586,62.029998779296875,61.61000061035156,62.0,10800
2005-12-19,25.468717575073242,25.468717575073242,61.81999969482422,60.97999954223633,61.81999969482422,28500
2005-12-20,25.502124786376953,25.502124786376953,61.290000915527344,60.630001068115234,60.79999923706055,31400
2005-12-21,25.656597137451172,25.656597137451172,61.47999954223633,61.08000183105469,61.08000183105469,62000
2005-12-22,25.802738189697266,25.802738189697266,61.849998474121094,60.7599983215332,61.20000076293945,44600
2005-12-23,25.890413284301758,25.890413284301758,62.25,61.900001525878906,61.95000076293945,42800
2005-12-27,25.773351669311523,25.773351669311523,60.540000915527344,60.11000061035156,60.5,60900
2005-12-28,25.743349075317383,25.743349075317383,60.45000076293945,59.83000183105469,60.45000076293945,90700
2005-12-29,25.610416412353516,25.610416412353516,60.45000076293945,59.68000030517578,60.33000183105469,69600
2005-12-30,25.53754425048828,25.53754425048828,59.849998474121094,59.459999084472656,59.68000030517578,43200
2006-01-03,26.052051544189453,26.052051544189453,60.959999084472656,59.15999984741211,59.939998626708984,70300
2006-01-04,26.24500846862793,26.24500846862793,61.220001220703125,60.709999084472656,61.209999084472656,75000
2006-01-05,26.4465274810791,26.4465274810791,61.970001220703125,61.2400016784668,61.2400016784668,31200
2006-01-06,26.695215225219727,26.695215225219727,62.279998779296875,61.70000076293945,62.0099983215332,36000
2006-01-09,26.92246437072754,26.92246437072754,62.790000915527344,62.25,62.599998474121094,49200
2006-01-10,27.08539581298828,27.08539581298828,63.5,62.459999084472656,62.790000915527344,54900
2006-01-11,27.128276824951172,27.128276824951172,63.41999816894531,62.970001220703125,63.41999816894531,41900
2006-01-12,27.051109313964844,27.051109313964844,63.31999969482422,62.880001068115234,63.31999969482422,136400
2006-01-13,26.71665382385254,26.71665382385254,63.09000015258789,62.04999923706055,63.09000015258789,43000
2006-01-17,26.609466552734375,26.609466552734375,62.310001373291016,61.619998931884766,62.310001373291016,59500
2006-01-18,26.605178833007812,26.605178833007812,62.25,61.7599983215332,62.04999923706055,32700
2006-01-19,26.93961524963379,26.93961524963379,62.90999984741211,62.06999969482422,62.20000076293945,59000
2006-01-20,26.678064346313477,26.678064346313477,62.900001525878906,61.9900016784668,62.900001525878906,49000
2006-01-23,26.798118591308594,26.798118591308594,62.650001525878906,62.290000915527344,62.5,42800
2006-01-24,26.999650955200195,26.999650955200195,63.15999984741211,62.650001525878906,62.68000030517578,79800
2006-01-25,27.016788482666016,27.016788482666016,63.40999984741211,62.7400016784668,63.15999984741211,1518500
2006-01-26,27.106834411621094,27.106834411621094,63.41999816894531,62.90999984741211,63.279998779296875,1408300
2006-01-27,27.411279678344727,27.411279678344727,64.25,63.5,63.70000076293945,1885100
2006-01-30,27.389827728271484,27.389827728271484,64.18000030517578,63.65999984741211,64.18000030517578,1318700
2006-01-31,27.46271324157715,27.46271324157715,64.37999725341797,63.650001525878906,63.65999984741211,423900
2006-02-01,27.591339111328125,27.591339111328125,64.62999725341797,64.0,64.1500015258789,49700
2006-02-02,27.39838981628418,27.39838981628418,64.33000183105469,63.709999084472656,64.27999877929688,66700
2006-02-03,27.158288955688477,27.158288955688477,63.7599983215332,62.65999984741211,63.7599983215332,81000
2006-02-06,27.261184692382812,27.261184692382812,63.58000183105469,63.209999084472656,63.34000015258789,99800
2006-02-07,27.046810150146484,27.046810150146484,63.63999938964844,63.02000045776367,63.630001068115234,68500
2006-02-08,26.92675018310547,26.92675018310547,63.029998779296875,62.290000915527344,63.029998779296875,57900
2006-02-09,27.055376052856445,27.055376052856445,63.33000183105469,62.650001525878906,62.900001525878906,43700
2006-02-10,27.08111572265625,27.08111572265625,63.43000030517578,62.619998931884766,63.0099983215332,375200
2006-02-13,27.11971092224121,27.11971092224121,63.279998779296875,63.02000045776367,63.25,45700
2006-02-14,27.2697696685791,27.2697696685791,63.70000076293945,62.75,63.25,49100
2006-02-15,27.50987434387207,27.50987434387207,64.16000366210938,63.36000061035156,63.369998931884766,598900
2006-02-16,27.69425392150879,27.69425392150879,64.62999725341797,64.16000366210938,64.19999694824219,72400
2006-02-17,27.9901065826416,27.9901065826416,65.27999877929688,62.63999938964844,64.75,56400
2006-02-21,27.955810546875,27.955810546875,65.52999877929688,65.0,65.4000015258789,61200
2006-02-22,28.268796920776367,28.268796920776367,66.02999877929688,65.0,65.3499984741211,46700
2006-02-23,28.22163200378418,28.22163200378418,66.02999877929688,65.37999725341797,65.94000244140625,56800
2006-02-24,28.071578979492188,28.071578979492188,65.81999969482422,65.2699966430664,65.81999969482422,52500
2006-02-27,28.075849533081055,28.075849533081055,65.75,65.23999786376953,65.69999694824219,55600
2006-02-28,27.972963333129883,27.972963333129883,65.61000061035156,65.0,65.30999755859375,58500
2006-03-01,28.13589096069336,28.13589096069336,66.19999694824219,65.11000061035156,66.19999694824219,42200
2006-03-02,28.101581573486328,28.101581573486328,65.54000091552734,65.12999725341797,65.30000305175781,28300
2006-03-03,27.947227478027344,27.947227478027344,65.44999694824219,64.87999725341797,65.44999694824219,100300
2006-03-06,28.453176498413086,28.453176498413086,67.05000305175781,65.5,65.75,59900
2006-03-07,28.110137939453125,28.110137939453125,66.4000015258789,65.44999694824219,66.4000015258789,38500
2006-03-08,28.255943298339844,28.255943298339844,65.9000015258789,65.0,65.58000183105469,74700
2006-03-09,28.48748207092285,28.48748207092285,66.68000030517578,65.69999694824219,65.97000122070312,55800
2006-03-10,28.74473762512207,28.74473762512207,67.08000183105469,66.26000213623047,66.58000183105469,67100
2006-03-13,28.556072235107422,28.556072235107422,67.43000030517578,66.33999633789062,67.30000305175781,56400
2006-03-14,28.76188850402832,28.76188850402832,67.23999786376953,66.58000183105469,66.77999877929688,43400
2006-03-15,29.30642318725586,29.30642318725586,68.4800033569336,67.36000061035156,67.36000061035156,57000
2006-03-16,29.610855102539062,29.610855102539062,69.44999694824219,68.44000244140625,68.44999694824219,45300
2006-03-17,29.876693725585938,29.876693725585938,69.70999908447266,68.77999877929688,69.30000305175781,96100
2006-03-20,29.373817443847656,29.373817443847656,69.6500015258789,67.87999725341797,69.6500015258789,96700
2006-03-21,29.033124923706055,29.033124923706055,68.23999786376953,67.01000213623047,67.98999786376953,220100
2006-03-22,29.097808837890625,29.097808837890625,67.61000061035156,67.0,67.4000015258789,40600
2006-03-23,29.175443649291992,29.175443649291992,67.72000122070312,67.23999786376953,67.23999786376953,143000
2006-03-24,29.132312774658203,29.132312774658203,68.25,67.30000305175781,68.25,116100
2006-03-27,28.795915603637695,28.795915603637695,67.54000091552734,66.58999633789062,67.47000122070312,60300
2006-03-28,29.115060806274414,29.115060806274414,67.9000015258789,66.52999877929688,66.79000091552734,74400
2006-03-29,29.658472061157227,29.658472061157227,68.9800033569336,68.0,68.0,78200
2006-03-30,29.23150634765625,29.23150634765625,68.94999694824219,67.47000122070312,68.94999694824219,96900
2006-03-31,29.291881561279297,29.291881561279297,68.18000030517578,67.30000305175781,68.02999877929688,92200
2006-04-03,28.787307739257812,28.787307739257812,68.2699966430664,66.58999633789062,68.1500015258789,57200
2006-04-04,28.588909149169922,28.588909149169922,66.97000122070312,66.0,66.88999938964844,97900
2006-04-05,28.74416160583496,28.74416160583496,66.9800033569336,66.44000244140625,66.91999816894531,54800
2006-04-06,28.627731323242188,28.627731323242188,66.80000305175781,66.33999633789062,66.41000366210938,62900
2006-04-07,28.196462631225586,28.196462631225586,66.5,65.37999725341797,66.48999786376953,107100
2006-04-10,27.929080963134766,27.929080963134766,65.44000244140625,64.62999725341797,65.44000244140625,38700
2006-04-11,27.860065460205078,27.860065460205078,64.91999816894531,64.43000030517578,64.61000061035156,71300
2006-04-12,27.860065460205078,27.860065460205078,64.88999938964844,64.25,64.5999984741211,29700
2006-04-13,27.493486404418945,27.493486404418945,64.55000305175781,63.59000015258789,64.37999725341797,47500
2006-04-17,27.415864944458008,27.415864944458008,63.97999954223633,63.459999084472656,63.599998474121094,40300
2006-04-18,28.084333419799805,28.084333419799805,65.36000061035156,63.75,63.810001373291016,44100
2006-04-19,28.429357528686523,28.429357528686523,66.08999633789062,65.0,65.19999694824219,32900
2006-04-20,28.45954132080078,28.45954132080078,66.08999633789062,65.44000244140625,66.05000305175781,33500
2006-04-21,28.463844299316406,28.463844299316406,66.41000366210938,65.83000183105469,66.0999984741211,63400
2006-04-24,28.31720733642578,28.31720733642578,66.1500015258789,65.36000061035156,66.1500015258789,49900
2006-04-25,28.101581573486328,28.101581573486328,65.77999877929688,65.01000213623047,65.69999694824219,44900
2006-04-26,28.01533317565918,28.01533317565918,65.41999816894531,64.81999969482422,65.41999816894531,61400
2006-04-27,28.192148208618164,28.192148208618164,66.0,64.45999908447266,66.0,57900
2006-04-28,28.295654296875,28.295654296875,66.06999969482422,65.4000015258789,65.62000274658203,63100
2006-05-01,27.954944610595703,27.954944610595703,66.08000183105469,64.62000274658203,65.98999786376953,48800
2006-05-02,27.670307159423828,27.670307159423828,65.0,63.79999923706055,65.0,51800
2006-05-03,27.722063064575195,27.722063064575195,64.41000366210938,63.77000045776367,64.3499984741211,32300
2006-05-04,28.11451530456543,28.11451530456543,65.5199966430664,64.5,64.5,47200
2006-05-05,28.476774215698242,28.476774215698242,66.36000061035156,65.80000305175781,65.91999816894531,48100
2006-05-08,28.601858139038086,28.601858139038086,66.4000015258789,65.93000030517578,66.18000030517578,146300
2006-05-09,28.588909149169922,28.588909149169922,66.54000091552734,65.8499984741211,66.4000015258789,149400
2006-05-10,28.485403060913086,28.485403060913086,66.62999725341797,66.0,66.19000244140625,58000
2006-05-11,27.959266662597656,27.959266662597656,66.05000305175781,64.75,65.7300033569336,57000
2006-05-12,27.605621337890625,27.605621337890625,64.45999908447266,63.369998931884766,64.37000274658203,62600
2006-05-15,27.98514175415039,27.98514175415039,64.94000244140625,63.380001068115234,64.08000183105469,69600
2006-05-16,27.8773136138916,27.8773136138916,65.20999908447266,64.54000091552734,65.12999725341797,29900
2006-05-17,27.35548210144043,27.35548210144043,64.13999938964844,63.27000045776367,64.13999938964844,68700
2006-05-18,27.14415740966797,27.14415740966797,64.20999908447266,62.88999938964844,64.1500015258789,36800
2006-05-19,27.2088623046875,27.2088623046875,63.709999084472656,62.349998474121094,62.790000915527344,91700
2006-05-22,27.135540008544922,27.135540008544922,62.91999816894531,62.06999969482422,62.849998474121094,172000
2006-05-23,26.837963104248047,26.837963104248047,63.279998779296875,62.22999954223633,62.599998474121094,81700
2006-05-24,26.881084442138672,26.881084442138672,62.81999969482422,61.689998626708984,62.27000045776367,167100
2006-05-25,27.385663986206055,27.385663986206055,63.900001525878906,62.79999923706055,62.849998474121094,61800
2006-05-26,27.713441848754883,27.713441848754883,64.37999725341797,63.84000015258789,64.29000091552734,61900
2006-05-30,27.48485565185547,27.48485565185547,64.30999755859375,63.72999954223633,64.26000213623047,35000
2006-05-31,27.532302856445312,27.532302856445312,64.30999755859375,62.849998474121094,64.16000366210938,56700
2006-06-01,28.036882400512695,28.036882400512695,65.01000213623047,64.0,64.0,35600
2006-06-02,28.36034393310547,28.36034393310547,65.88999938964844,65.11000061035156,65.31999969482422,45600
2006-06-05,28.49834442138672,28.49834442138672,67.05000305175781,65.5199966430664,65.69999694824219,75500
2006-06-06,28.15764808654785,28.15764808654785,66.29000091552734,65.23999786376953,66.29000091552734,34300
2006-06-07,28.356019973754883,28.356019973754883,66.22000122070312,65.16999816894531,65.44999694824219,51200
2006-06-08,28.295654296875,28.295654296875,65.83999633789062,64.62000274658203,65.75,74800
2006-06-09,28.481098175048828,28.481098175048828,66.19000244140625,65.55999755859375,65.61000061035156,53200
2006-06-12,28.14039421081543,28.14039421081543,66.25,64.98999786376953,66.25,183600
2006-06-13,27.851449966430664,27.851449966430664,65.20999908447266,64.41000366210938,64.69999694824219,72100
2006-06-14,27.614234924316406,27.614234924316406,64.68000030517578,63.88999938964844,64.18000030517578,60000
2006-06-15,28.192148208618164,28.192148208618164,65.37000274658203,64.3499984741211,64.3499984741211,59500
2006-06-16,28.136093139648438,28.136093139648438,65.37999725341797,64.76000213623047,65.12000274658203,62700
2006-06-19,27.942007064819336,27.942007064819336,65.6500015258789,64.69000244140625,65.6500015258789,65800
2006-06-20,27.795373916625977,27.795373916625977,65.0,64.19999694824219,65.0,42100
2006-06-21,28.11884117126465,28.11884117126465,65.25,64.37000274658203,64.44999694824219,127000
2006-06-22,27.92045021057129,27.92045021057129,65.19999694824219,64.48999786376953,65.19999694824219,55300
2006-06-23,27.709125518798828,27.709125518798828,64.87000274658203,64.04000091552734,64.87000274658203,84100
2006-06-26,28.00464630126953,28.00464630126953,64.29000091552734,63.70000076293945,63.849998474121094,50100
2006-06-27,27.97413444519043,27.97413444519043,64.5,63.970001220703125,64.3499984741211,37200
2006-06-28,28.05694580078125,28.05694580078125,64.58000183105469,64.11000061035156,64.25,24600
2006-06-29,28.680248260498047,28.680248260498047,65.80000305175781,64.62000274658203,65.05000305175781,59700
2006-06-30,28.898170471191406,28.898170471191406,66.73999786376953,65.75,66.0999984741211,81800
2006-07-03,29.434295654296875,29.434295654296875,67.52999877929688,66.5199966430664,66.72000122070312,894900
2006-07-05,29.386348724365234,29.386348724365234,67.5199966430664,66.37000274658203,67.47000122070312,78200
2006-07-06,29.456092834472656,29.456092834472656,67.58000183105469,67.08999633789062,67.38999938964844,29800
2006-07-07,29.334041595458984,29.334041595458984,67.80999755859375,66.9000015258789,67.62999725341797,51700
2006-07-10,29.56505584716797,29.56505584716797,67.88999938964844,67.19999694824219,67.58000183105469,113000
2006-07-11,29.613000869750977,29.613000869750977,68.08999633789062,67.41000366210938,67.94999694824219,107100
2006-07-12,29.691448211669922,29.691448211669922,68.1500015258789,67.7699966430664,68.1500015258789,111000
2006-07-13,29.290456771850586,29.290456771850586,68.06999969482422,67.06999969482422,67.87999725341797,63600
2006-07-14,28.889467239379883,28.889467239379883,67.1500015258789,66.27999877929688,66.9000015258789,65300
2006-07-17,28.889467239379883,28.889467239379883,66.47000122070312,66.0999984741211,66.44000244140625,42100
2006-07-18,29.325326919555664,29.325326919555664,67.33999633789062,66.22000122070312,66.63999938964844,54600
2006-07-19,29.778654098510742,29.778654098510742,68.37000274658203,67.33999633789062,67.33999633789062,89000
2006-07-20,29.534542083740234,29.534542083740234,68.72000122070312,67.76000213623047,68.72000122070312,48700
2006-07-21,29.050722122192383,29.050722122192383,67.58999633789062,66.52999877929688,67.58999633789062,72200
2006-07-24,29.530187606811523,29.530187606811523,67.75,66.76000213623047,66.91000366210938,59900
2006-07-25,29.68273162841797,29.68273162841797,68.22000122070312,67.58999633789062,67.80999755859375,105600
2006-07-26,29.787336349487305,29.787336349487305,68.44999694824219,67.97000122070312,68.13999938964844,55900
2006-07-27,29.691448211669922,29.691448211669922,68.91999816894531,68.11000061035156,68.69999694824219,52600
2006-07-28,30.12295913696289,30.12295913696289,69.13999938964844,68.25,68.25,36900
2006-07-31,30.02271842956543,30.02271842956543,69.06999969482422,68.41999816894531,69.0199966430664,50400
2006-08-01,29.86581802368164,29.86581802368164,68.66999816894531,67.80999755859375,68.61000061035156,869700
2006-08-02,29.809139251708984,29.809139251708984,68.66000366210938,68.27999877929688,68.54000091552734,62800
2006-08-03,30.09246253967285,30.09246253967285,69.05999755859375,68.16999816894531,68.16999816894531,36700
2006-08-04,30.567562103271484,30.567562103271484,70.16999816894531,69.58000183105469,69.58000183105469,22600
2006-08-07,30.266796112060547,30.266796112060547,70.16999816894531,69.27999877929688,70.16999816894531,32500
2006-08-08,29.8178653717041,29.8178653717041,69.48999786376953,68.26000213623047,69.48999786376953,60900
2006-08-09,29.63477897644043,29.63477897644043,68.8499984741211,67.98999786376953,68.8499984741211,52100
2006-08-10,29.656587600708008,29.656587600708008,68.2699966430664,67.33999633789062,68.0999984741211,91500
2006-08-11,29.473522186279297,29.473522186279297,68.1500015258789,67.3499984741211,68.1500015258789,38000
2006-08-14,29.7568302154541,29.7568302154541,68.83999633789062,67.91000366210938,68.05999755859375,47700
2006-08-15,30.096818923950195,30.096818923950195,69.16000366210938,68.8499984741211,68.87000274658203,52200
2006-08-16,30.153480529785156,30.153480529785156,69.27999877929688,69.08999633789062,69.27999877929688,43000
2006-08-17,30.109895706176758,30.109895706176758,69.38999938964844,68.94999694824219,69.19000244140625,67700
2006-08-18,30.245014190673828,30.245014190673828,69.43000030517578,68.9800033569336,69.37999725341797,22700
2006-08-21,30.419363021850586,30.419363021850586,69.83000183105469,69.23999786376953,69.33999633789062,49700
2006-08-22,30.6329402923584,30.6329402923584,70.33000183105469,69.55000305175781,69.8499984741211,49300
2006-08-23,30.397558212280273,30.397558212280273,70.5199966430664,69.54000091552734,70.5199966430664,48400
2006-08-24,30.515249252319336,30.515249252319336,70.08999633789062,69.68000030517578,69.79000091552734,22000
2006-08-25,30.493459701538086,30.493459701538086,70.19999694824219,69.83999633789062,70.08000183105469,45400
2006-08-28,30.85523223876953,30.85523223876953,70.79000091552734,69.93000030517578,70.0999984741211,39000
2006-08-29,30.859586715698242,30.859586715698242,70.87000274658203,70.29000091552734,70.87000274658203,40200
2006-08-30,31.042661666870117,31.042661666870117,71.33000183105469,70.75,70.9000015258789,65800
2006-08-31,31.068803787231445,31.068803787231445,71.63999938964844,69.31999969482422,71.55000305175781,128600
2006-09-01,30.89010238647461,30.89010238647461,71.58999633789062,70.87000274658203,71.58999633789062,31200
2006-09-05,31.20392608642578,31.20392608642578,71.58999633789062,70.9000015258789,71.13999938964844,62900
2006-09-06,31.055723190307617,31.055723190307617,71.5199966430664,71.18000030517578,71.5,39700
2006-09-07,30.80293083190918,30.80293083190918,71.30000305175781,70.58999633789062,71.30000305175781,70000
2006-09-08,31.094959259033203,31.094959259033203,71.41999816894531,70.26000213623047,70.68000030517578,46200
2006-09-11,31.195207595825195,31.195207595825195,71.63999938964844,70.79000091552734,71.02999877929688,40200
2006-09-12,31.596214294433594,31.596214294433594,72.5199966430664,71.44999694824219,71.83000183105469,59900
2006-09-13,31.774913787841797,31.774913787841797,73.08999633789062,72.33000183105469,72.6500015258789,50100
2006-09-14,31.604917526245117,31.604917526245117,72.69999694824219,72.19000244140625,72.69999694824219,78900
2006-09-15,31.85772705078125,31.85772705078125,73.18000030517578,72.58000183105469,72.58000183105469,75500
2006-09-18,31.63108253479004,31.63108253479004,73.05000305175781,72.45999908447266,73.05000305175781,56500
2006-09-19,31.866453170776367,31.866453170776367,73.13999938964844,72.5,72.5,34900
2006-09-20,31.796703338623047,31.796703338623047,73.58999633789062,72.75,73.4000015258789,86800
2006-09-21,31.44366455078125,31.44366455078125,73.06999969482422,71.83000183105469,72.8499984741211,114700
2006-09-22,31.526472091674805,31.526472091674805,72.55999755859375,71.6500015258789,72.0999984741211,93200
2006-09-25,31.574007034301758,31.574007034301758,71.97000122070312,71.22000122070312,71.94999694824219,225200
2006-09-26,31.499197006225586,31.499197006225586,71.81999969482422,71.44000244140625,71.80000305175781,45900
2006-09-27,31.776386260986328,31.776386260986328,72.30999755859375,71.37000274658203,71.58999633789062,44300
2006-09-28,31.71039390563965,31.71039390563965,72.44999694824219,71.75,72.44999694824219,75600
2006-09-29,31.679594039916992,31.679594039916992,72.37999725341797,71.93000030517578,72.19999694824219,58200
2006-10-02,31.617990493774414,31.617990493774414,72.43000030517578,71.30000305175781,72.12999725341797,60700
2006-10-03,31.925987243652344,31.925987243652344,72.81999969482422,71.69999694824219,71.69999694824219,74800
2006-10-04,32.295589447021484,32.295589447021484,73.43000030517578,72.6500015258789,72.6500015258789,54500
2006-10-05,32.50675964355469,32.50675964355469,74.0199966430664,73.4800033569336,73.4800033569336,82000
2006-10-06,32.30437469482422,32.30437469482422,74.0,73.19000244140625,74.0,69100
2006-10-09,32.489173889160156,32.489173889160156,73.95999908447266,72.77999877929688,73.51000213623047,186100
2006-10-10,32.49358367919922,32.49358367919922,74.30999755859375,73.0999984741211,73.75,62400
2006-10-11,32.370384216308594,32.370384216308594,74.06999969482422,73.12999725341797,73.55000305175781,88400
2006-10-12,32.6651725769043,32.6651725769043,74.23999786376953,73.5999984741211,73.77999877929688,86200
2006-10-13,33.03916931152344,33.03916931152344,75.08999633789062,74.23999786376953,74.33000183105469,113800
2006-10-16,33.10956954956055,33.10956954956055,75.27999877929688,74.95999908447266,75.16999816894531,63400
2006-10-17,32.99958038330078,32.99958038330078,75.30999755859375,74.88999938964844,75.25,45800
2006-10-18,33.166770935058594,33.166770935058594,75.5199966430664,75.0999984741211,75.5,56500
2006-10-19,33.08757781982422,33.08757781982422,75.5999984741211,75.05000305175781,75.44999694824219,68300
2006-10-20,33.04356384277344,33.04356384277344,75.27999877929688,74.70999908447266,75.06999969482422,44000
2006-10-23,33.2415771484375,33.2415771484375,75.55000305175781,74.83000183105469,75.27999877929688,49100
2006-10-24,33.06998062133789,33.06998062133789,75.66999816894531,75.0,75.66999816894531,67700
2006-10-25,33.23716735839844,33.23716735839844,75.7699966430664,75.12999725341797,75.31999969482422,30500
2006-10-26,33.56716537475586,33.56716537475586,76.30999755859375,75.66999816894531,75.98999786376953,77400
2006-10-27,33.342769622802734,33.342769622802734,76.2699966430664,75.62000274658203,76.19999694824219,57700
2006-10-30,33.531978607177734,33.531978607177734,76.36000061035156,75.54000091552734,75.5999984741211,44700
2006-10-31,33.58917236328125,33.58917236328125,76.80000305175781,75.83999633789062,76.80000305175781,106200
2006-11-01,33.32957458496094,33.32957458496094,76.58000183105469,75.6500015258789,76.5199966430664,80100
2006-11-02,32.69599151611328,32.69599151611328,75.58999633789062,73.97000122070312,75.58999633789062,110800
2006-11-03,32.335174560546875,32.335174560546875,74.5999984741211,72.91000366210938,74.5999984741211,102300
2006-11-06,32.634376525878906,32.634376525878906,74.36000061035156,73.7300033569336,73.9000015258789,448000
2006-11-07,32.277984619140625,32.277984619140625,74.19999694824219,73.36000061035156,74.19999694824219,74600
2006-11-08,32.38799285888672,32.38799285888672,73.79000091552734,72.69000244140625,73.33000183105469,94800
2006-11-09,32.436370849609375,32.436370849609375,73.94999694824219,73.26000213623047,73.70999908447266,86200
2006-11-10,32.56838607788086,32.56838607788086,74.08000183105469,73.5,73.7699966430664,49900
2006-11-13,32.6475830078125,32.6475830078125,74.33999633789062,73.83000183105469,74.11000061035156,54300
2006-11-14,33.061180114746094,33.061180114746094,75.23999786376953,74.3499984741211,74.55000305175781,72400
2006-11-15,33.100772857666016,33.100772857666016,75.44999694824219,75.0,75.25,89000
2006-11-16,33.325172424316406,33.325172424316406,75.77999877929688,75.37000274658203,75.69999694824219,102300
2006-11-17,33.19755935668945,33.19755935668945,75.75,75.25,75.75,54500
2006-11-20,34.34596252441406,34.34596252441406,78.37000274658203,76.48999786376953,76.48999786376953,162200
2006-11-21,34.90034103393555,34.90034103393555,79.37000274658203,78.1500015258789,78.1500015258789,249300
2006-11-22,35.054359436035156,35.054359436035156,79.83000183105469,79.02999877929688,79.55000305175781,108800
2006-11-24,35.203948974609375,35.203948974609375,80.01000213623047,79.30000305175781,79.44999694824219,57600
2006-11-27,34.25355911254883,34.25355911254883,80.19999694824219,77.83000183105469,80.19999694824219,127700
2006-11-28,34.34596252441406,34.34596252441406,78.0999984741211,77.2699966430664,78.0,85500
2006-11-29,34.829952239990234,34.829952239990234,79.25,78.41999816894531,78.5,136400
2006-11-30,35.195133209228516,35.195133209228516,80.19999694824219,79.04000091552734,79.52999877929688,44000
2006-12-01,35.129150390625,35.129150390625,80.30000305175781,79.20999908447266,80.19999694824219,136500
2006-12-04,35.538333892822266,35.538333892822266,80.94999694824219,79.5,79.5,62500
2006-12-05,35.265533447265625,35.265533447265625,81.1500015258789,80.08999633789062,81.1500015258789,62700
2006-12-06,35.067535400390625,35.067535400390625,80.30000305175781,79.05999755859375,80.30000305175781,85900
2006-12-07,34.851951599121094,34.851951599121094,80.0999984741211,79.19999694824219,80.0999984741211,85300
2006-12-08,34.966346740722656,34.966346740722656,79.61000061035156,79.0,79.44000244140625,72600
2006-12-11,35.04554748535156,35.04554748535156,79.8499984741211,79.18000030517578,79.5999984741211,75800
2006-12-12,34.88715362548828,34.88715362548828,79.9800033569336,79.0999984741211,79.94999694824219,45900
2006-12-13,34.70675277709961,34.70675277709961,79.9000015258789,78.45999908447266,79.9000015258789,62400
2006-12-14,34.73313903808594,34.73313903808594,79.38999938964844,78.6500015258789,78.6500015258789,55500
2006-12-15,34.473541259765625,34.473541259765625,79.30000305175781,78.30999755859375,79.22000122070312,134700
2006-12-18,34.257965087890625,34.257965087890625,78.79000091552734,77.83999633789062,78.48999786376953,101100
2006-12-19,33.967552185058594,33.967552185058594,77.69999694824219,76.62000274658203,77.5999984741211,195900
2006-12-20,34.32395553588867,34.32395553588867,78.16000366210938,77.20999908447266,77.20999908447266,219600
2006-12-21,34.0423583984375,34.0423583984375,78.1500015258789,77.16999816894531,77.69999694824219,355700
2006-12-22,33.74354553222656,33.74354553222656,75.94999694824219,74.97000122070312,75.91999816894531,364700
2006-12-26,33.985836029052734,33.985836029052734,76.06999969482422,75.30000305175781,75.30000305175781,94400
2006-12-27,34.290916442871094,34.290916442871094,76.54000091552734,75.80000305175781,75.80000305175781,58800
2006-12-28,34.38513946533203,34.38513946533203,76.94999694824219,76.2699966430664,76.75,95300
2006-12-29,34.546653747558594,34.546653747558594,77.37999725341797,76.72000122070312,76.9000015258789,358400
2007-01-03,34.60048294067383,34.60048294067383,77.70999908447266,76.4000015258789,77.33999633789062,525700
2007-01-04,34.645362854003906,34.645362854003906,77.26000213623047,76.62999725341797,77.2300033569336,166100
2007-01-05,34.00376892089844,34.00376892089844,77.0999984741211,75.75,77.0999984741211,143700
2007-01-08,34.05314254760742,34.05314254760742,76.0,75.43000030517578,76.0,87000
2007-01-09,34.48383331298828,34.48383331298828,76.95999908447266,75.7300033569336,75.7300033569336,136300
2007-01-10,34.928016662597656,34.928016662597656,77.9000015258789,76.55000305175781,76.72000122070312,138600
2007-01-11,35.38114929199219,35.38114929199219,79.33000183105469,78.0999984741211,78.0999984741211,186800
2007-01-12,35.49330520629883,35.49330520629883,79.27999877929688,78.80999755859375,78.94999694824219,185900
2007-01-16,35.99581527709961,35.99581527709961,80.33999633789062,79.29000091552734,79.75,161800
2007-01-17,35.982364654541016,35.982364654541016,80.5,79.31999969482422,80.23999786376953,120000
2007-01-18,35.937496185302734,35.937496185302734,80.48999786376953,79.80999755859375,80.25,85200
2007-01-19,36.296417236328125,36.296417236328125,80.9000015258789,79.61000061035156,79.94000244140625,81800
2007-01-22,35.9913330078125,35.9913330078125,80.94999694824219,80.08999633789062,80.94999694824219,76000
2007-01-23,36.16180419921875,36.16180419921875,80.91999816894531,80.2699966430664,80.36000061035156,114300
2007-01-24,36.63290786743164,36.63290786743164,81.6500015258789,80.5999984741211,80.69999694824219,97500
2007-01-25,36.85723876953125,36.85723876953125,82.75,81.87999725341797,82.16000366210938,174500
2007-01-26,36.97837829589844,36.97837829589844,82.47000122070312,81.69999694824219,82.44999694824219,117000
2007-01-29,37.099517822265625,37.099517822265625,82.80000305175781,82.19000244140625,82.5999984741211,145600
2007-01-30,37.28346252441406,37.28346252441406,83.0999984741211,82.25,82.81999969482422,87400
2007-01-31,37.57956314086914,37.57956314086914,83.94000244140625,82.66000366210938,83.19999694824219,139800
2007-02-01,37.727630615234375,37.727630615234375,84.11000061035156,83.13999938964844,83.83000183105469,885600
2007-02-02,37.794921875,37.794921875,84.23999786376953,83.68000030517578,84.13999938964844,130900
2007-02-05,37.794921875,37.794921875,84.41000366210938,84.1500015258789,84.4000015258789,168400
2007-02-06,38.35125732421875,38.35125732421875,85.4800033569336,84.62000274658203,84.75,139400
2007-02-07,39.15435791015625,39.15435791015625,87.2699966430664,85.05000305175781,85.52999877929688,254600
2007-02-08,38.853782653808594,38.853782653808594,87.44000244140625,86.44999694824219,86.88999938964844,172600
2007-02-09,38.40510177612305,38.40510177612305,86.87999725341797,83.7300033569336,86.75,285800
2007-02-12,37.70970153808594,37.70970153808594,85.5999984741211,83.70999908447266,85.5999984741211,274400
2007-02-13,38.44100570678711,38.44100570678711,85.68000030517578,83.37999725341797,83.8499984741211,199300
2007-02-14,38.167335510253906,38.167335510253906,85.97000122070312,84.79000091552734,85.80000305175781,291800
2007-02-15,38.44997787475586,38.44997787475586,86.08999633789062,84.91999816894531,85.25,175700
2007-02-16,38.35125732421875,38.35125732421875,85.6500015258789,84.4000015258789,85.54000091552734,130500
2007-02-20,38.647369384765625,38.647369384765625,86.27999877929688,84.51000213623047,85.33999633789062,106900
2007-02-21,38.521751403808594,38.521751403808594,85.94000244140625,85.1500015258789,85.94000244140625,129900
2007-02-22,38.31538391113281,38.31538391113281,85.94999694824219,85.08000183105469,85.94999694824219,96900
2007-02-23,37.646873474121094,37.646873474121094,85.30999755859375,83.80000305175781,85.25,166700
2007-02-26,37.45843505859375,37.45843505859375,84.30000305175781,82.05999755859375,84.05999755859375,230500
2007-02-27,36.296417236328125,36.296417236328125,82.54000091552734,80.08000183105469,82.13999938964844,302000
2007-02-28,36.56560134887695,36.56560134887695,82.23999786376953,80.87999725341797,80.91000366210938,949600
2007-03-01,36.197715759277344,36.197715759277344,81.80000305175781,78.0,80.4000015258789,332600
2007-03-02,35.62343215942383,35.62343215942383,80.62000274658203,79.2300033569336,80.27999877929688,251600
2007-03-05,34.23707962036133,34.23707962036133,78.51000213623047,76.30000305175781,78.44000244140625,300100
2007-03-06,35.49330520629883,35.49330520629883,79.27999877929688,77.0999984741211,77.0999984741211,163300
2007-03-07,34.99531173706055,34.99531173706055,79.16000366210938,77.88999938964844,78.68000030517578,95000
2007-03-08,35.55613327026367,35.55613327026367,79.80999755859375,78.0999984741211,78.0999984741211,137100
2007-03-09,36.02722930908203,36.02722930908203,80.36000061035156,79.56999969482422,80.19999694824219,132200
2007-03-12,36.2066764831543,36.2066764831543,80.97000122070312,79.7300033569336,80.29000091552734,103800
2007-03-13,35.35424041748047,35.35424041748047,80.69999694824219,78.5199966430664,80.5,129500
2007-03-14,35.524715423583984,35.524715423583984,79.27999877929688,77.5,78.4000015258789,111900
2007-03-15,35.84326171875,35.84326171875,79.9000015258789,79.31999969482422,79.47000122070312,118300
2007-03-16,35.4439697265625,35.4439697265625,79.87999725341797,78.94000244140625,79.87999725341797,131400
2007-03-19,35.79841995239258,35.79841995239258,80.12999725341797,79.33999633789062,79.75,140300
2007-03-20,35.94198989868164,35.94198989868164,80.2699966430664,79.38999938964844,79.80000305175781,67800
2007-03-21,36.37717819213867,36.37717819213867,81.29000091552734,79.5,79.94999694824219,82300
2007-03-22,36.41305923461914,36.41305923461914,81.4000015258789,80.62000274658203,81.08999633789062,178900
2007-03-23,36.435508728027344,36.435508728027344,81.68000030517578,81.05000305175781,81.25,222000
2007-03-26,35.852027893066406,35.852027893066406,80.80999755859375,79.19999694824219,80.79000091552734,469400
2007-03-27,35.47748947143555,35.47748947143555,79.2300033569336,78.25,79.08000183105469,103300
2007-03-28,35.24282455444336,35.24282455444336,78.80999755859375,77.37999725341797,78.1500015258789,104800
2007-03-29,35.3015022277832,35.3015022277832,78.81999969482422,77.7699966430664,78.80000305175781,115900
2007-03-30,35.80690002441406,35.80690002441406,79.3499984741211,78.05000305175781,78.05000305175781,231300
2007-04-02,36.032527923583984,36.032527923583984,79.94999694824219,78.9000015258789,79.30000305175781,151100
2007-04-03,36.3484001159668,36.3484001159668,80.79000091552734,80.08999633789062,80.33000183105469,186400
2007-04-04,36.16789627075195,36.16789627075195,80.55000305175781,79.6500015258789,80.55000305175781,88500
2007-04-05,36.13180923461914,36.13180923461914,80.36000061035156,80.0,80.0,66900
2007-04-09,36.199501037597656,36.199501037597656,80.3499984741211,80.0,80.0999984741211,97800
2007-04-10,36.3484001159668,36.3484001159668,80.86000061035156,79.93000030517578,79.93000030517578,82500
2007-04-11,35.80690002441406,35.80690002441406,80.58000183105469,78.97000122070312,80.58000183105469,137800
2007-04-12,35.563232421875,35.563232421875,79.19000244140625,78.4800033569336,79.19000244140625,71600
2007-04-13,35.96483612060547,35.96483612060547,79.69999694824219,78.44999694824219,78.69999694824219,82700
2007-04-16,36.00997543334961,36.00997543334961,79.98999786376953,79.37000274658203,79.9000015258789,160900
2007-04-17,36.47926330566406,36.47926330566406,80.87999725341797,79.77999877929688,79.77999877929688,95200
2007-04-18,36.25364685058594,36.25364685058594,80.72000122070312,80.25,80.38999938964844,75300
2007-04-19,36.00997543334961,36.00997543334961,80.02999877929688,79.41999816894531,79.68000030517578,66700
2007-04-20,36.280723571777344,36.280723571777344,80.44999694824219,80.0199966430664,80.19999694824219,139200
2007-04-23,36.68686294555664,36.68686294555664,81.41999816894531,80.19999694824219,80.4000015258789,182400
2007-04-24,36.43864822387695,36.43864822387695,81.75,80.27999877929688,81.75,74800
2007-04-25,36.41608428955078,36.41608428955078,81.30999755859375,79.93000030517578,80.93000030517578,152000
2007-04-26,36.43864822387695,36.43864822387695,80.98999786376953,80.25,80.88999938964844,57800
2007-04-27,36.3484001159668,36.3484001159668,80.75,80.2300033569336,80.4000015258789,56500
2007-04-30,35.76179885864258,35.76179885864258,80.68000030517578,79.12000274658203,80.68000030517578,152300
2007-05-01,35.45042419433594,35.45042419433594,79.5,77.79000091552734,79.5,171500
2007-05-02,35.730194091796875,35.730194091796875,79.2699966430664,78.1500015258789,78.1500015258789,90800
2007-05-03,35.824951171875,35.824951171875,79.61000061035156,79.05000305175781,79.4800033569336,48800
2007-05-04,35.51359558105469,35.51359558105469,79.3499984741211,78.33000183105469,79.30999755859375,87500
2007-05-07,35.61286163330078,35.61286163330078,79.08000183105469,78.30000305175781,78.63999938964844,164000
2007-05-08,35.37821960449219,35.37821960449219,78.6500015258789,78.23999786376953,78.33999633789062,81900
2007-05-09,35.76179885864258,35.76179885864258,79.58999633789062,78.13999938964844,78.13999938964844,76800
2007-05-10,35.28345489501953,35.28345489501953,79.04000091552734,78.0199966430664,79.04000091552734,103300
2007-05-11,35.76179885864258,35.76179885864258,79.25,78.33000183105469,78.3499984741211,65600
2007-05-14,35.5587158203125,35.5587158203125,79.47000122070312,78.58999633789062,79.18000030517578,82500
2007-05-15,35.0172119140625,35.0172119140625,79.11000061035156,77.36000061035156,78.9000015258789,422900
2007-05-16,34.584014892578125,34.584014892578125,77.72000122070312,76.19999694824219,77.45999908447266,136700
2007-05-17,33.98385238647461,33.98385238647461,76.16000366210938,75.06999969482422,76.04000091552734,154700
2007-05-18,33.64090347290039,33.64090347290039,75.30999755859375,74.01000213623047,75.12999725341797,373200
2007-05-21,33.77625274658203,33.77625274658203,75.79000091552734,74.1500015258789,74.38999938964844,597400
2007-05-22,34.277156829833984,34.277156829833984,76.33999633789062,74.94000244140625,75.0999984741211,179700
2007-05-23,34.01542282104492,34.01542282104492,76.69999694824219,75.18000030517578,76.0,193000
2007-05-24,33.446861267089844,33.446861267089844,75.2300033569336,73.19999694824219,75.02999877929688,208700
2007-05-25,33.63637161254883,33.63637161254883,75.44999694824219,74.12999725341797,74.4800033569336,158400
2007-05-29,34.836708068847656,34.836708068847656,77.81999969482422,75.0,75.4000015258789,164500
2007-05-30,35.77080154418945,35.77080154418945,79.2699966430664,76.8499984741211,76.8499984741211,574700
2007-05-31,35.626399993896484,35.626399993896484,79.83000183105469,78.43000030517578,79.56999969482422,198100
2007-06-01,35.676055908203125,35.676055908203125,79.48999786376953,78.5,79.23999786376953,128100
2007-06-04,35.820438385009766,35.820438385009766,79.75,78.5999984741211,78.80000305175781,222700
2007-06-05,35.251888275146484,35.251888275146484,79.11000061035156,78.0,79.0999984741211,126300
2007-06-06,35.01270294189453,35.01270294189453,78.11000061035156,77.16000366210938,77.75,74000
2007-06-07,33.911651611328125,33.911651611328125,77.05999755859375,74.97000122070312,76.91999816894531,206300
2007-06-08,34.31776809692383,34.31776809692383,76.18000030517578,74.69999694824219,75.05000305175781,160900
2007-06-11,33.8033332824707,33.8033332824707,75.7699966430664,74.86000061035156,75.7699966430664,172200
2007-06-12,33.216712951660156,33.216712951660156,74.83000183105469,73.54000091552734,74.83000183105469,273900
2007-06-13,33.95224380493164,33.95224380493164,75.36000061035156,73.94999694824219,74.12999725341797,105100
2007-06-14,33.58672332763672,33.58672332763672,75.44999694824219,74.30000305175781,75.44999694824219,71600
2007-06-15,33.95677947998047,33.95677947998047,75.73999786376953,75.02999877929688,75.12000274658203,178100
2007-06-18,33.43331527709961,33.43331527709961,75.19999694824219,74.04000091552734,75.1500015258789,154200
2007-06-19,33.49649429321289,33.49649429321289,74.29000091552734,73.31999969482422,73.6500015258789,175900
2007-06-20,32.490196228027344,32.490196228027344,74.2699966430664,72.0,74.2300033569336,73500
2007-06-21,32.67068862915039,32.67068862915039,72.58000183105469,71.25,72.25,346500
2007-06-22,32.54885482788086,32.54885482788086,72.31999969482422,71.55999755859375,72.19999694824219,110800
2007-06-25,32.015193939208984,32.015193939208984,71.33999633789062,69.8499984741211,71.02999877929688,381600
2007-06-26,31.89183235168457,31.89183235168457,70.55999755859375,69.5999984741211,70.2300033569336,210800
2007-06-27,32.70969009399414,32.70969009399414,71.81999969482422,69.13999938964844,69.41000366210938,196400
2007-06-28,32.540626525878906,32.540626525878906,72.25,71.18000030517578,71.55999755859375,117100
2007-06-29,32.41727066040039,32.41727066040039,72.22000122070312,70.37000274658203,71.23999786376953,195300
2007-07-02,33.16659164428711,33.16659164428711,72.68000030517578,71.06999969482422,71.20999908447266,217100
2007-07-03,33.07521438598633,33.07521438598633,72.94000244140625,72.18000030517578,72.66000366210938,92000
2007-07-05,33.573238372802734,33.573238372802734,74.30999755859375,72.98999786376953,72.98999786376953,129100
2007-07-06,33.5321044921875,33.5321044921875,73.86000061035156,72.83000183105469,73.61000061035156,110800
2007-07-09,33.50927734375,33.50927734375,73.51000213623047,72.8499984741211,73.51000213623047,64600
2007-07-10,32.6594352722168,32.6594352722168,72.86000061035156,71.38999938964844,72.77999877929688,119300
2007-07-11,32.595458984375,32.595458984375,71.58000183105469,70.58000183105469,71.30000305175781,138700
2007-07-12,33.01581573486328,33.01581573486328,72.26000213623047,71.25,71.5,92000
2007-07-13,33.331077575683594,33.331077575683594,73.04000091552734,71.94000244140625,71.95999908447266,107200
2007-07-16,33.0523681640625,33.0523681640625,73.86000061035156,72.33999633789062,72.91000366210938,88200
2007-07-17,32.93355941772461,32.93355941772461,72.86000061035156,72.02999877929688,72.5999984741211,123700
2007-07-18,32.86046600341797,32.86046600341797,71.93000030517578,70.69000244140625,71.8499984741211,136500
2007-07-19,32.983829498291016,32.983829498291016,72.58999633789062,72.0999984741211,72.12000274658203,76900
2007-07-20,32.40813446044922,32.40813446044922,72.08000183105469,70.5,72.0,157100
2007-07-23,31.846139907836914,31.846139907836914,71.19999694824219,69.69999694824219,71.19999694824219,134300
2007-07-24,31.201908111572266,31.201908111572266,69.86000061035156,68.02999877929688,69.23999786376953,128900
2007-07-25,30.86380386352539,30.86380386352539,69.2699966430664,67.08999633789062,68.80000305175781,262800
2007-07-26,30.297243118286133,30.297243118286133,67.62999725341797,65.31999969482422,67.62999725341797,317500
2007-07-27,29.292043685913086,29.292043685913086,67.0,64.11000061035156,66.19999694824219,252000
2007-07-30,29.858619689941406,29.858619689941406,65.62999725341797,64.2300033569336,64.95999908447266,197200
2007-07-31,29.739816665649414,29.739816665649414,67.04000091552734,65.01000213623047,66.0999984741211,552700
2007-08-01,30.132766723632812,30.132766723632812,66.16000366210938,63.70000076293945,65.01000213623047,202500
2007-08-02,30.630781173706055,30.630781173706055,67.0999984741211,66.04000091552734,66.54000091552734,545600
2007-08-03,29.447402954101562,29.447402954101562,66.73999786376953,64.44999694824219,66.69000244140625,169300
2007-08-06,30.47543716430664,30.47543716430664,66.69999694824219,63.54999923706055,65.25,333300
2007-08-07,30.644487380981445,30.644487380981445,67.66000366210938,65.37000274658203,65.94000244140625,233700
2007-08-08,31.85527992248535,31.85527992248535,69.88999938964844,67.19000244140625,67.48999786376953,293500
2007-08-09,31.503467559814453,31.503467559814453,70.12999725341797,65.80999755859375,68.37000274658203,453700
2007-08-10,30.55310821533203,30.55310821533203,68.93000030517578,66.83999633789062,67.58000183105469,193700
2007-08-13,30.406890869140625,30.406890869140625,67.7300033569336,66.55000305175781,66.75,178000
2007-08-14,29.534215927124023,29.534215927124023,66.5999984741211,64.55000305175781,66.5999984741211,440600
2007-08-15,29.03618812561035,29.03618812561035,66.33999633789062,63.54999923706055,64.36000061035156,629200
2007-08-16,30.201297760009766,30.201297760009766,66.0999984741211,63.02000045776367,63.38999938964844,472100
2007-08-17,30.886646270751953,30.886646270751953,69.44999694824219,66.5199966430664,67.7699966430664,517700
2007-08-20,31.453197479248047,31.453197479248047,68.94999694824219,67.25,67.5,367800
2007-08-21,31.599407196044922,31.599407196044922,69.54000091552734,68.26000213623047,68.43000030517578,250600
2007-08-22,31.983213424682617,31.983213424682617,70.44000244140625,69.19000244140625,70.0,274700
2007-08-23,31.4349422454834,31.4349422454834,70.16999816894531,68.72000122070312,70.0,277300
2007-08-24,31.603986740112305,31.603986740112305,69.30000305175781,68.25,69.12000274658203,240900
2007-08-27,30.91862678527832,30.91862678527832,68.9000015258789,67.66999816894531,68.77999877929688,205100
2007-08-28,29.97283935546875,29.97283935546875,67.4800033569336,65.5999984741211,67.4800033569336,195400
2007-08-29,31.06941032409668,31.06941032409668,68.0,66.01000213623047,66.01000213623047,239200
2007-08-30,31.22933006286621,31.22933006286621,68.41999816894531,66.44000244140625,66.44000244140625,269100
2007-08-31,31.745643615722656,31.745643615722656,70.27999877929688,68.66000366210938,69.04000091552734,1092000
2007-09-04,32.16596984863281,32.16596984863281,71.0,69.27999877929688,69.51000213623047,359600
2007-09-05,31.39380645751953,31.39380645751953,69.87000274658203,68.66999816894531,69.69999694824219,255600
2007-09-06,31.672521591186523,31.672521591186523,69.43000030517578,68.33000183105469,69.13999938964844,181800
2007-09-07,30.909503936767578,30.909503936767578,68.45999908447266,67.55999755859375,68.12000274658203,330200
2007-09-10,30.589658737182617,30.589658737182617,68.30000305175781,66.56999969482422,68.05000305175781,188200
2007-09-11,31.224740982055664,31.224740982055664,68.33999633789062,67.5,67.51000213623047,369400
2007-09-12,31.042003631591797,31.042003631591797,68.63999938964844,67.80000305175781,68.02999877929688,107200
2007-09-13,31.741044998168945,31.741044998168945,69.80000305175781,68.3499984741211,68.47000122070312,133700
2007-09-14,31.946659088134766,31.946659088134766,69.91999816894531,68.36000061035156,68.75,427500
2007-09-17,31.71364402770996,31.71364402770996,69.83999633789062,69.0,69.61000061035156,107500
2007-09-18,32.84220886230469,32.84220886230469,71.87999725341797,69.54000091552734,69.80999755859375,154600
2007-09-19,33.45901870727539,33.45901870727539,73.44999694824219,72.05000305175781,72.05000305175781,200400
2007-09-20,32.59089660644531,32.59089660644531,72.7699966430664,71.33000183105469,72.7699966430664,498400
2007-09-21,32.82390594482422,32.82390594482422,72.19999694824219,71.68000030517578,71.95999908447266,82600
2007-09-24,33.446205139160156,33.446205139160156,72.44999694824219,71.23999786376953,71.4000015258789,131500
2007-09-25,32.61524963378906,32.61524963378906,71.62000274658203,70.6500015258789,71.62000274658203,380800
2007-09-26,33.090755462646484,33.090755462646484,71.68000030517578,70.8499984741211,71.29000091552734,155900
2007-09-27,33.34465026855469,33.34465026855469,72.2300033569336,71.63999938964844,72.02999877929688,141200
2007-09-28,32.98917770385742,32.98917770385742,71.97000122070312,71.30000305175781,71.97000122070312,174800
2007-10-01,33.79244613647461,33.79244613647461,73.19999694824219,72.08999633789062,72.0999984741211,884900
2007-10-02,34.406436920166016,34.406436920166016,74.52999877929688,73.4000015258789,73.54000091552734,205200
2007-10-03,34.2402458190918,34.2402458190918,74.4800033569336,73.76000213623047,74.19000244140625,168300
2007-10-04,34.591087341308594,34.591087341308594,74.93000030517578,73.75,74.41000366210938,136300
2007-10-05,35.40361404418945,35.40361404418945,76.69000244140625,74.69999694824219,75.23999786376953,266300
2007-10-08,34.73420333862305,34.73420333862305,75.73999786376953,75.19000244140625,75.4800033569336,140900
2007-10-09,35.12198257446289,35.12198257446289,76.08000183105469,74.63999938964844,75.44999694824219,159300
2007-10-10,34.877315521240234,34.877315521240234,76.18000030517578,75.23999786376953,76.08000183105469,187600
2007-10-11,34.73881530761719,34.73881530761719,76.4800033569336,75.05999755859375,76.37000274658203,111800
2007-10-12,34.411048889160156,34.411048889160156,75.68000030517578,74.54000091552734,75.5,129500
2007-10-15,33.76475143432617,33.76475143432617,74.83999633789062,72.97000122070312,74.5999984741211,205100
2007-10-16,33.35388946533203,33.35388946533203,73.04000091552734,72.04000091552734,72.88999938964844,205800
2007-10-17,33.3031005859375,33.3031005859375,74.12000274658203,70.55000305175781,72.83999633789062,263900
2007-10-18,33.31232452392578,33.31232452392578,72.88999938964844,70.81999969482422,71.58000183105469,134000
2007-10-19,31.895078659057617,31.895078659057617,71.72000122070312,69.08999633789062,71.72000122070312,184500
2007-10-22,32.73066711425781,32.73066711425781,70.9000015258789,68.76000213623047,69.08999633789062,246600
2007-10-23,33.07689666748047,33.07689666748047,71.6500015258789,70.37000274658203,71.44999694824219,185500
2007-10-24,32.52293014526367,32.52293014526367,71.0999984741211,69.36000061035156,71.0999984741211,370600
2007-10-25,32.5921630859375,32.5921630859375,71.55999755859375,69.94999694824219,71.33999633789062,310000
2007-10-26,33.086124420166016,33.086124420166016,72.06999969482422,70.43000030517578,71.55999755859375,144600
2007-10-29,32.54600524902344,32.54600524902344,71.80999755859375,70.5,71.63999938964844,133200
2007-10-30,32.993797302246094,32.993797302246094,71.87000274658203,70.87999725341797,70.87999725341797,178600
2007-10-31,33.68165588378906,33.68165588378906,72.95999908447266,70.77999877929688,71.91999816894531,263600
2007-11-01,32.10744094848633,32.10744094848633,71.31999969482422,69.55000305175781,71.16000366210938,278700
2007-11-02,31.650407791137695,31.650407791137695,69.93000030517578,67.5999984741211,69.93000030517578,306500
2007-11-05,31.193382263183594,31.193382263183594,68.44999694824219,67.25,67.5,309000
2007-11-06,31.58577537536621,31.58577537536621,68.41999816894531,66.91999816894531,67.20999908447266,212600
2007-11-07,30.602479934692383,30.602479934692383,67.9000015258789,66.08999633789062,66.9800033569336,495200
2007-11-08,30.69481086730957,30.69481086730957,67.08000183105469,65.37999725341797,66.63999938964844,294100
2007-11-09,30.445526123046875,30.445526123046875,67.01000213623047,65.5,65.7699966430664,247200
2007-11-12,30.796367645263672,30.796367645263672,67.69000244140625,65.87999725341797,66.08999633789062,277800
2007-11-13,31.81660270690918,31.81660270690918,68.91999816894531,66.69999694824219,66.69999694824219,175900
2007-11-14,31.170297622680664,31.170297622680664,70.0199966430664,67.5199966430664,70.0199966430664,311500
2007-11-15,31.114896774291992,31.114896774291992,68.04000091552734,66.5,67.72000122070312,342800
2007-11-16,30.533233642578125,30.533233642578125,68.2300033569336,65.80999755859375,68.19000244140625,361500
2007-11-19,29.868459701538086,29.868459701538086,66.0,64.69999694824219,66.0,316900
2007-11-20,29.29139518737793,29.29139518737793,65.97000122070312,62.400001525878906,65.4000015258789,482500
2007-11-21,29.08828353881836,29.08828353881836,63.779998779296875,62.290000915527344,62.77000045776367,339000
2007-11-23,29.660717010498047,29.660717010498047,64.94000244140625,63.66999816894531,64.27999877929688,164500
2007-11-26,28.238855361938477,28.238855361938477,64.94999694824219,61.16999816894531,64.94999694824219,221400
2007-11-27,28.899003982543945,28.899003982543945,62.630001068115234,61.099998474121094,62.13999938964844,291100
2007-11-28,30.168537139892578,30.168537139892578,65.3499984741211,63.4900016784668,63.4900016784668,302100
2007-11-29,29.68380355834961,29.68380355834961,65.41000366210938,63.86000061035156,65.30000305175781,152400
2007-11-30,30.49167823791504,30.49167823791504,66.94000244140625,65.23999786376953,65.69999694824219,275600
2007-12-03,30.16391372680664,30.16391372680664,66.26000213623047,64.76000213623047,66.26000213623047,423300
2007-12-04,29.351423263549805,29.351423263549805,65.33999633789062,63.58000183105469,65.33999633789062,299200
2007-12-05,30.33934211730957,30.33934211730957,65.75,64.30999755859375,64.87000274658203,223800
2007-12-06,31.304170608520508,31.304170608520508,67.94999694824219,65.58999633789062,65.72000122070312,180600
2007-12-07,31.193382263183594,31.193382263183594,68.62000274658203,67.5,68.0,264100
2007-12-10,31.862764358520508,31.862764358520508,69.0199966430664,67.26000213623047,67.61000061035156,248200
2007-12-11,30.182371139526367,30.182371139526367,69.66999816894531,65.33000183105469,69.30000305175781,280600
2007-12-12,30.080812454223633,30.080812454223633,67.62000274658203,64.54000091552734,67.61000061035156,416500
2007-12-13,29.739212036132812,29.739212036132812,65.0999984741211,63.529998779296875,64.94999694824219,318400
2007-12-14,28.991315841674805,28.991315841674805,65.0199966430664,62.66999816894531,63.18000030517578,922900
2007-12-17,28.095741271972656,28.095741271972656,62.2400016784668,60.86000061035156,62.220001220703125,509100
2007-12-18,28.529691696166992,28.529691696166992,62.25,60.0099983215332,61.869998931884766,494100
2007-12-19,28.820520401000977,28.820520401000977,62.43000030517578,61.38999938964844,61.939998626708984,370500
2007-12-20,28.700393676757812,28.700393676757812,62.08000183105469,60.56999969482422,62.08000183105469,998500
2007-12-21,29.263511657714844,29.263511657714844,62.36000061035156,61.41999816894531,61.41999816894531,374200
2007-12-24,30.211429595947266,30.211429595947266,64.55000305175781,62.369998931884766,62.369998931884766,121700
2007-12-26,29.709320068359375,29.709320068359375,63.970001220703125,63.04999923706055,63.849998474121094,371900
2007-12-27,29.118038177490234,29.118038177490234,63.20000076293945,61.68000030517578,62.91999816894531,353800
2007-12-28,28.606542587280273,28.606542587280273,62.5,60.58000183105469,62.040000915527344,395000
2007-12-31,28.841176986694336,28.841176986694336,61.72999954223633,60.529998779296875,61.31999969482422,335800
2008-01-02,28.752017974853516,28.752017974853516,62.02000045776367,60.400001525878906,61.459999084472656,5341700
2008-01-03,27.855714797973633,27.855714797973633,62.220001220703125,59.02000045776367,62.220001220703125,259300
2008-01-04,26.724777221679688,26.724777221679688,59.41999816894531,56.86000061035156,59.41999816894531,382300
2008-01-07,26.97348976135254,26.97348976135254,57.86000061035156,55.97999954223633,57.029998779296875,668600
2008-01-08,26.03965187072754,26.03965187072754,59.11000061035156,55.400001525878906,57.599998474121094,646700
2008-01-09,26.499536514282227,26.499536514282227,56.470001220703125,53.529998779296875,55.70000076293945,534600
2008-01-10,26.907793045043945,26.907793045043945,58.29999923706055,54.880001068115234,56.36000061035156,717000
2008-01-11,26.912477493286133,26.912477493286133,58.220001220703125,55.869998931884766,57.88999938964844,558300
2008-01-14,26.79986000061035,26.79986000061035,58.41999816894531,55.83000183105469,57.81999969482422,399900
2008-01-15,26.25551986694336,26.25551986694336,56.5,55.36000061035156,56.22999954223633,542700
2008-01-16,26.55584144592285,26.55584144592285,57.4900016784668,55.209999084472656,55.209999084472656,621800
2008-01-17,26.19450569152832,26.19450569152832,57.150001525878906,55.619998931884766,56.7599983215332,700400
2008-01-18,25.847244262695312,25.847244262695312,56.77000045776367,54.20000076293945,56.25,880900
2008-01-22,26.466684341430664,26.466684341430664,57.439998626708984,53.33000183105469,54.970001220703125,925800
2008-01-23,28.977266311645508,28.977266311645508,61.75,55.70000076293945,55.70000076293945,1329400
2008-01-24,28.29682159423828,28.29682159423828,63.099998474121094,59.650001525878906,61.810001373291016,755600
2008-01-25,28.13258171081543,28.13258171081543,61.599998474121094,59.349998474121094,61.029998779296875,690400
2008-01-28,29.08519744873047,29.08519744873047,61.97999954223633,59.09000015258789,59.9900016784668,814200
2008-01-29,28.822404861450195,28.822404861450195,62.400001525878906,60.93000030517578,61.880001068115234,532400
2008-01-30,28.05280303955078,28.05280303955078,62.369998931884766,59.75,61.27000045776367,589500
2008-01-31,28.615924835205078,28.615924835205078,61.70000076293945,59.040000915527344,59.560001373291016,743400
2008-02-01,29.81255531311035,29.81255531311035,63.619998931884766,61.189998626708984,61.349998474121094,848600
2008-02-04,29.50284767150879,29.50284767150879,63.470001220703125,61.95000076293945,63.470001220703125,520000
2008-02-05,28.461078643798828,28.461078643798828,62.689998626708984,60.650001525878906,61.779998779296875,711000
2008-02-06,27.99649429321289,27.99649429321289,61.25,59.52000045776367,61.08000183105469,558000
2008-02-07,28.658161163330078,28.658161163330078,61.06999969482422,59.0,59.47999954223633,462600
2008-02-08,27.743093490600586,27.743093490600586,60.93000030517578,58.380001068115234,60.93000030517578,837500
2008-02-11,27.179975509643555,27.179975509643555,59.849998474121094,57.66999816894531,59.119998931884766,720200
2008-02-12,27.954259872436523,27.954259872436523,59.86000061035156,58.310001373291016,58.310001373291016,902800
2008-02-13,28.174808502197266,28.174808502197266,60.790000915527344,58.97999954223633,60.790000915527344,814900
2008-02-14,27.64924430847168,27.64924430847168,60.75,58.900001525878906,60.02000045776367,1046100
2008-02-15,27.874486923217773,27.874486923217773,59.40999984741211,58.099998474121094,58.70000076293945,1150900
2008-02-19,27.804096221923828,27.804096221923828,61.150001525878906,58.310001373291016,61.150001525878906,1076500
2008-02-20,27.977720260620117,27.977720260620117,59.70000076293945,58.099998474121094,58.150001525878906,1518700
2008-02-21,27.217512130737305,27.217512130737305,60.34000015258789,58.0,60.08000183105469,1092300
2008-02-22,27.987098693847656,27.987098693847656,59.63999938964844,57.72999954223633,58.97999954223633,1063400
2008-02-25,28.841176986694336,28.841176986694336,61.459999084472656,58.90999984741211,60.459999084472656,984800
2008-02-26,28.83647918701172,28.83647918701172,61.959999084472656,60.65999984741211,61.5,889100
2008-02-27,28.700393676757812,28.700393676757812,61.93000030517578,60.7599983215332,61.33000183105469,447800
2008-02-28,28.10912322998047,28.10912322998047,60.90999984741211,59.900001525878906,60.90999984741211,627800
2008-02-29,27.70553970336914,27.70553970336914,59.869998931884766,58.81999969482422,59.84000015258789,556600
2008-03-03,27.897945404052734,27.897945404052734,59.66999816894531,58.310001373291016,59.029998779296875,629500
2008-03-04,27.635164260864258,27.635164260864258,59.68000030517578,58.18000030517578,58.650001525878906,517100
2008-03-05,28.015256881713867,28.015256881713867,60.06999969482422,58.70000076293945,58.70000076293945,558300
2008-03-06,26.73887062072754,26.73887062072754,59.83000183105469,56.95000076293945,59.83000183105469,535000
2008-03-07,27.175273895263672,27.175273895263672,58.22999954223633,56.2400016784668,57.04999923706055,636400
2008-03-10,26.790475845336914,26.790475845336914,58.189998626708984,56.81999969482422,58.13999938964844,752200
2008-03-11,28.531450271606445,28.531450271606445,60.79999923706055,57.939998626708984,58.84000015258789,577700
2008-03-12,27.93079948425293,27.93079948425293,61.54999923706055,59.52000045776367,60.41999816894531,363400
2008-03-13,28.259279251098633,28.259279251098633,60.709999084472656,57.7599983215332,59.209999084472656,503300
2008-03-14,27.686777114868164,27.686777114868164,61.27000045776367,57.9900016784668,61.27000045776367,615900
2008-03-17,27.855714797973633,27.855714797973633,59.72999954223633,58.06999969482422,58.47999954223633,1021200
2008-03-18,29.080503463745117,29.080503463745117,62.0,59.84000015258789,61.20000076293945,774700
2008-03-19,28.85993766784668,28.85993766784668,63.0,61.5,61.72999954223633,372600
2008-03-20,29.821941375732422,29.821941375732422,64.05000305175781,61.61000061035156,61.75,531200
2008-03-24,30.492998123168945,30.492998123168945,65.5999984741211,64.30999755859375,65.08999633789062,384200
2008-03-25,30.57101821899414,30.57101821899414,65.37999725341797,63.720001220703125,65.0999984741211,752900
2008-03-26,29.98465347290039,29.98465347290039,64.4000015258789,63.2400016784668,64.0199966430664,437000
2008-03-27,29.73875617980957,29.73875617980957,65.12999725341797,62.75,65.12999725341797,673300
2008-03-28,29.388853073120117,29.388853073120117,64.44000244140625,62.0,64.44000244140625,491400
2008-03-31,29.50233268737793,29.50233268737793,63.83000183105469,62.099998474121094,63.16999816894531,409000
2008-04-01,31.18101692199707,31.18101692199707,65.94000244140625,63.27000045776367,63.7400016784668,3876600
2008-04-02,31.029701232910156,31.029701232910156,66.22000122070312,64.77999877929688,66.13999938964844,483400
2008-04-03,31.739002227783203,31.739002227783203,67.12000274658203,65.19999694824219,65.95999908447266,508900
2008-04-04,31.23777198791504,31.23777198791504,67.68000030517578,65.91999816894531,67.68000030517578,1124600
2008-04-07,30.949308395385742,30.949308395385742,67.19000244140625,65.41999816894531,67.19000244140625,681300
2008-04-08,30.906757354736328,30.906757354736328,65.95999908447266,65.0,65.95999908447266,452500
2008-04-09,30.131258010864258,30.131258010864258,65.43000030517578,63.70000076293945,65.25,515900
2008-04-10,30.42443084716797,30.42443084716797,64.7699966430664,63.22999954223633,63.70000076293945,576600
2008-04-11,30.050859451293945,30.050859451293945,64.3499984741211,63.31999969482422,63.459999084472656,422300
2008-04-14,29.875896453857422,29.875896453857422,64.16000366210938,63.08000183105469,63.380001068115234,410800
2008-04-15,30.178546905517578,30.178546905517578,63.900001525878906,63.08000183105469,63.619998931884766,218700
2008-04-16,31.403268814086914,31.403268814086914,66.41000366210938,64.23999786376953,64.66000366210938,358200
2008-04-17,31.516752243041992,31.516752243041992,66.66999816894531,65.4800033569336,66.01000213623047,400600
2008-04-18,31.337068557739258,31.337068557739258,67.87000274658203,66.12000274658203,67.61000061035156,814400
2008-04-21,31.105356216430664,31.105356216430664,66.37000274658203,65.54000091552734,66.36000061035156,307700
2008-04-22,31.029701232910156,31.029701232910156,65.97000122070312,65.08999633789062,65.73999786376953,522800
2008-04-23,31.417457580566406,31.417457580566406,66.87999725341797,65.38999938964844,65.62000274658203,693300
2008-04-24,32.04164505004883,32.04164505004883,68.0,66.31999969482422,66.54000091552734,886400
2008-04-25,32.22132873535156,32.22132873535156,68.80999755859375,67.4000015258789,68.80999755859375,454400
2008-04-28,32.17877197265625,32.17877197265625,68.3499984741211,67.55000305175781,68.3499984741211,699600
2008-04-29,31.828855514526367,31.828855514526367,67.95999908447266,66.91000366210938,67.38999938964844,806100
2008-04-30,31.384355545043945,31.384355545043945,67.9800033569336,66.19000244140625,67.88999938964844,629600
2008-05-01,32.060550689697266,32.060550689697266,67.80000305175781,65.91999816894531,66.44999694824219,780200
2008-05-02,32.03219223022461,32.03219223022461,68.72000122070312,67.30000305175781,68.72000122070312,1311800
2008-05-05,31.942340850830078,31.942340850830078,67.73999786376953,66.9000015258789,67.70999908447266,295500
2008-05-06,32.164588928222656,32.164588928222656,68.05000305175781,66.79000091552734,68.04000091552734,336800
2008-05-07,31.289772033691406,31.289772033691406,68.0,65.91999816894531,67.94000244140625,496200
2008-05-08,31.10062599182129,31.10062599182129,66.83999633789062,65.30000305175781,66.83999633789062,419100
2008-05-09,30.930410385131836,30.930410385131836,66.08999633789062,65.06999969482422,65.69999694824219,342300
2008-05-12,31.67279815673828,31.67279815673828,66.9800033569336,65.44000244140625,65.61000061035156,287700
2008-05-13,31.80048942565918,31.80048942565918,67.30000305175781,66.44999694824219,67.23999786376953,307100
2008-05-14,31.99907684326172,31.99907684326172,68.04000091552734,67.38999938964844,67.88999938964844,297000
2008-05-15,32.38684844970703,32.38684844970703,68.48999786376953,67.20999908447266,67.86000061035156,415000
2008-05-16,32.21660232543945,32.21660232543945,68.5,67.62999725341797,68.5,323800
2008-05-19,32.268611907958984,32.268611907958984,68.5199966430664,67.5999984741211,68.16000366210938,256700
2008-05-20,31.833572387695312,31.833572387695312,67.8499984741211,66.75,67.73999786376953,1419600
2008-05-21,31.067533493041992,31.067533493041992,67.68000030517578,65.38999938964844,67.18000030517578,3444000
2008-05-22,30.80272674560547,30.80272674560547,65.7300033569336,64.95999908447266,65.36000061035156,3545600
2008-05-23,30.65614128112793,30.65614128112793,65.08000183105469,64.51000213623047,64.9800033569336,311300
2008-05-27,31.07698631286621,31.07698631286621,65.94999694824219,64.8499984741211,64.8499984741211,370600
2008-05-28,31.129003524780273,31.129003524780273,66.19999694824219,65.43000030517578,66.19000244140625,199800
2008-05-29,31.464736938476562,31.464736938476562,66.55999755859375,65.58999633789062,65.80999755859375,726700
2008-05-30,31.318164825439453,31.318164825439453,66.94999694824219,65.87000274658203,66.94999694824219,304700
2008-06-02,30.793264389038086,30.793264389038086,66.66999816894531,64.63999938964844,66.66999816894531,338500
2008-06-03,30.99660873413086,30.99660873413086,65.69000244140625,64.75,65.48999786376953,410000
2008-06-04,31.157379150390625,31.157379150390625,66.41000366210938,65.12999725341797,65.29000091552734,323800
2008-06-05,31.871414184570312,31.871414184570312,67.41999816894531,66.12000274658203,66.33000183105469,218100
2008-06-06,30.537914276123047,30.537914276123047,67.04000091552734,64.55999755859375,67.04000091552734,595100
2008-06-09,29.93265151977539,29.93265151977539,65.3499984741211,63.16999816894531,64.86000061035156,412100
2008-06-10,29.94683265686035,29.94683265686035,63.810001373291016,62.22999954223633,63.08000183105469,378600
2008-06-11,29.492870330810547,29.492870330810547,63.9900016784668,62.290000915527344,63.66999816894531,269600
2008-06-12,29.795499801635742,29.795499801635742,63.599998474121094,62.08000183105469,62.91999816894531,335700
2008-06-13,30.292022705078125,30.292022705078125,64.05999755859375,62.52000045776367,63.349998474121094,301900
2008-06-16,30.6939640045166,30.6939640045166,64.94000244140625,63.5,63.72999954223633,256900
2008-06-17,29.823877334594727,29.823877334594727,65.23999786376953,62.93000030517578,65.23999786376953,232400
2008-06-18,29.384109497070312,29.384109497070312,62.95000076293945,61.63999938964844,62.95000076293945,229400
2008-06-19,30.06505012512207,30.06505012512207,63.58000183105469,61.720001220703125,62.04999923706055,792100
2008-06-20,29.388853073120117,29.388853073120117,63.02000045776367,61.779998779296875,62.880001068115234,271400
2008-06-23,28.660633087158203,28.660633087158203,62.59000015258789,60.61000061035156,62.58000183105469,271800
2008-06-24,28.6788387298584,28.6788387298584,60.66999816894531,59.099998474121094,59.63999938964844,964300
2008-06-25,29.14842414855957,29.14842414855957,61.779998779296875,60.02000045776367,60.02000045776367,1119900
2008-06-26,28.175695419311523,28.175695419311523,61.40999984741211,58.72999954223633,61.400001525878906,476900
2008-06-27,27.955272674560547,27.955272674560547,59.209999084472656,57.84000015258789,58.939998626708984,1234000
2008-06-30,27.993610382080078,27.993610382080078,59.209999084472656,57.72999954223633,58.2400016784668,1266500
2008-07-01,27.969648361206055,27.969648361206055,58.84000015258789,56.7599983215332,56.88999938964844,2001800
2008-07-02,27.62464141845703,27.62464141845703,58.65999984741211,57.36000061035156,58.459999084472656,2487500
2008-07-03,27.3419189453125,27.3419189453125,57.88999938964844,56.84000015258789,57.72999954223633,2056800
2008-07-07,26.728565216064453,26.728565216064453,57.65999984741211,55.560001373291016,57.36000061035156,2200300
2008-07-08,28.72197151184082,28.72197151184082,59.95000076293945,55.41999816894531,55.900001525878906,4736200
2008-07-09,26.76212501525879,26.76212501525879,61.369998931884766,55.31999969482422,61.369998931884766,2749200
2008-07-10,27.279619216918945,27.279619216918945,57.369998931884766,55.08000183105469,55.68000030517578,2237100
2008-07-11,27.14546012878418,27.14546012878418,57.95000076293945,55.310001373291016,55.5099983215332,4163200
2008-07-14,26.201475143432617,26.201475143432617,57.790000915527344,54.439998626708984,56.7400016784668,3855400
2008-07-15,25.947521209716797,25.947521209716797,55.95000076293945,53.189998626708984,54.38999938964844,6946000
2008-07-16,27.84027099609375,27.84027099609375,58.099998474121094,53.540000915527344,54.119998931884766,4768500
2008-07-17,28.175695419311523,28.175695419311523,59.029998779296875,56.599998474121094,58.099998474121094,8110000
2008-07-18,28.223615646362305,28.223615646362305,58.9900016784668,57.849998474121094,58.68000030517578,4488700
2008-07-21,28.434446334838867,28.434446334838867,59.34000015258789,58.38999938964844,58.869998931884766,3129700
2008-07-22,29.19635009765625,29.19635009765625,61.029998779296875,58.15999984741211,58.68000030517578,6480900
2008-07-23,30.020540237426758,30.020540237426758,63.20000076293945,60.29999923706055,60.29999923706055,5532900
2008-07-24,28.03193473815918,28.03193473815918,62.97999954223633,58.189998626708984,62.97999954223633,2615400
2008-07-25,28.4919490814209,28.4919490814209,60.20000076293945,58.349998474121094,59.11000061035156,4093000
2008-07-28,28.02715301513672,28.02715301513672,60.34000015258789,57.84000015258789,59.79999923706055,1083800
2008-07-29,29.330509185791016,29.330509185791016,61.310001373291016,58.27000045776367,58.40999984741211,2094600
2008-07-30,29.229883193969727,29.229883193969727,63.15999984741211,59.15999984741211,63.15999984741211,4018500
2008-07-31,28.865718841552734,28.865718841552734,61.02000045776367,59.36000061035156,60.650001525878906,2728100
2008-08-01,28.88967514038086,28.88967514038086,60.40999984741211,58.77000045776367,60.27000045776367,3156300
2008-08-04,28.467992782592773,28.467992782592773,60.130001068115234,59.04999923706055,60.0099983215332,3286600
2008-08-05,29.747406005859375,29.747406005859375,62.189998626708984,59.47999954223633,59.70000076293945,2620900
2008-08-06,29.603649139404297,29.603649139404297,62.060001373291016,60.880001068115234,61.709999084472656,2221000
2008-08-07,28.822595596313477,28.822595596313477,61.36000061035156,59.630001068115234,61.15999984741211,2783500
2008-08-08,29.661148071289062,29.661148071289062,62.86000061035156,59.849998474121094,60.130001068115234,2850800
2008-08-11,30.619497299194336,30.619497299194336,64.5199966430664,61.939998626708984,62.59000015258789,5189800
2008-08-12,29.934280395507812,29.934280395507812,64.23999786376953,61.68000030517578,64.23999786376953,4389300
2008-08-13,29.498226165771484,29.498226165771484,62.119998931884766,60.790000915527344,62.0099983215332,4023000
2008-08-14,29.972614288330078,29.972614288330078,62.65999984741211,60.95000076293945,61.220001220703125,4712900
2008-08-15,29.929494857788086,29.929494857788086,63.31999969482422,61.849998474121094,62.720001220703125,2975400
2008-08-18,29.517383575439453,29.517383575439453,62.65999984741211,60.61000061035156,62.54999923706055,3402800
2008-08-19,28.789051055908203,28.789051055908203,60.619998931884766,59.38999938964844,60.61000061035156,4193500
2008-08-20,28.832176208496094,28.832176208496094,60.43000030517578,58.81999969482422,60.150001525878906,4381400
2008-08-21,28.319454193115234,28.319454193115234,59.52000045776367,58.70000076293945,59.43000030517578,3852600
2008-08-22,29.282602310180664,29.282602310180664,61.11000061035156,59.2599983215332,59.2599983215332,2729600
2008-08-25,28.39612579345703,28.39612579345703,61.29999923706055,58.9900016784668,61.040000915527344,1789900
2008-08-26,28.731548309326172,28.731548309326172,59.959999084472656,58.380001068115234,58.380001068115234,2080500
2008-08-27,29.019060134887695,29.019060134887695,60.560001373291016,59.349998474121094,60.380001068115234,1627200
2008-08-28,29.75699234008789,29.75699234008789,62.11000061035156,60.43000030517578,60.650001525878906,1363600
2008-08-29,29.550945281982422,29.550945281982422,62.25,61.0,61.650001525878906,1347300
2008-09-02,29.74258804321289,29.74258804321289,63.119998931884766,60.90999984741211,62.0,2444100
2008-09-03,30.21221160888672,30.21221160888672,63.04999923706055,61.58000183105469,61.9900016784668,2689600
2008-09-04,29.364072799682617,29.364072799682617,62.720001220703125,61.119998931884766,62.36000061035156,2620000
2008-09-05,29.36885643005371,29.36885643005371,61.36000061035156,59.880001068115234,60.619998931884766,3785300
2008-09-08,30.63867950439453,30.63867950439453,64.04000091552734,62.25,63.4900016784668,3510900
2008-09-09,29.493431091308594,29.493431091308594,64.12000274658203,61.060001373291016,63.58000183105469,3092300
2008-09-10,29.546152114868164,29.546152114868164,62.22999954223633,60.36000061035156,61.869998931884766,3161300
2008-09-11,29.996562957763672,29.996562957763672,62.599998474121094,60.33000183105469,61.34000015258789,4225200
2008-09-12,29.900733947753906,29.900733947753906,62.95000076293945,61.209999084472656,61.7599983215332,2567500
2008-09-15,28.175695419311523,28.175695419311523,61.81999969482422,58.79999923706055,61.459999084472656,6087100
2008-09-16,29.565319061279297,29.565319061279297,61.70000076293945,57.599998474121094,57.65999984741211,5486600
2008-09-17,27.864234924316406,27.864234924316406,60.7599983215332,57.75,60.41999816894531,4194600
2008-09-18,30.231374740600586,30.231374740600586,63.09000015258789,55.83000183105469,58.0099983215332,6149500
2008-09-19,31.13223648071289,31.13223648071289,68.94999694824219,61.63999938964844,68.94999694824219,2369000
2008-09-22,28.515913009643555,28.515913009643555,64.4000015258789,59.29999923706055,62.0,1726000
2008-09-23,28.707582473754883,28.707582473754883,61.27000045776367,59.75,60.91999816894531,2495000
2008-09-24,28.509525299072266,28.509525299072266,61.31999969482422,58.04999923706055,60.040000915527344,3085200
2008-09-25,28.863880157470703,28.863880157470703,60.18000030517578,58.27000045776367,59.86000061035156,2240200
2008-09-26,29.75708770751953,29.75708770751953,61.29999923706055,57.81999969482422,58.040000915527344,1991700
2008-09-29,27.5338077545166,27.5338077545166,60.880001068115234,56.720001220703125,58.93000030517578,3275700
2008-09-30,29.51437759399414,29.51437759399414,60.9900016784668,57.43000030517578,59.650001525878906,2369100
2008-10-01,28.80080223083496,28.80080223083496,60.5,58.459999084472656,60.5,2887000
2008-10-02,26.94157600402832,26.94157600402832,58.869998931884766,55.31999969482422,58.689998626708984,2279600
2008-10-03,25.776533126831055,25.776533126831055,57.119998931884766,52.75,56.63999938964844,4099000
2008-10-06,25.004695892333984,25.004695892333984,52.70000076293945,48.900001525878906,52.41999816894531,4331400
2008-10-07,22.859073638916016,22.859073638916016,51.83000183105469,47.09000015258789,51.099998474121094,3188200
2008-10-08,22.543546676635742,22.543546676635742,48.58000183105469,44.31999969482422,45.310001373291016,2313700
2008-10-09,20.75714683532715,20.75714683532715,48.11000061035156,42.5,46.29999923706055,5654200
2008-10-10,22.742570877075195,22.742570877075195,47.31999969482422,38.33000183105469,40.900001525878906,3060000
2008-10-13,24.18917465209961,24.18917465209961,49.95000076293945,46.2400016784668,49.70000076293945,1518600
2008-10-14,22.543546676635742,22.543546676635742,51.470001220703125,43.400001525878906,51.470001220703125,3512800
2008-10-15,19.650365829467773,19.650365829467773,45.790000915527344,40.18000030517578,44.900001525878906,2787600
2008-10-16,20.7911319732666,20.7911319732666,43.25,39.0,41.630001068115234,2282300
2008-10-17,20.56783103942871,20.56783103942871,44.31999969482422,40.619998931884766,40.790000915527344,3186700
2008-10-20,20.718307495117188,20.718307495117188,43.380001068115234,40.70000076293945,43.380001068115234,1889500
2008-10-21,20.009578704833984,20.009578704833984,43.130001068115234,41.119998931884766,42.13999938964844,1410200
2008-10-22,18.596965789794922,18.596965789794922,40.70000076293945,36.9900016784668,40.0,2564900
2008-10-23,18.111530303955078,18.111530303955078,39.11000061035156,34.400001525878906,38.220001220703125,5536300
2008-10-24,17.082408905029297,17.082408905029297,37.2400016784668,33.38999938964844,33.38999938964844,2853100
2008-10-27,16.111543655395508,16.111543655395508,36.560001373291016,33.0,34.869998931884766,2338400
2008-10-28,18.630952835083008,18.630952835083008,38.560001373291016,32.529998779296875,34.0,4867500
2008-10-29,17.970762252807617,17.970762252807617,39.72999954223633,36.630001068115234,38.060001373291016,3787300
2008-10-30,18.93191909790039,18.93191909790039,39.209999084472656,37.47999954223633,38.95000076293945,3782900
2008-10-31,20.15035629272461,20.15035629272461,41.70000076293945,38.4900016784668,39.31999969482422,11149000
2008-11-03,19.490161895751953,19.490161895751953,41.720001220703125,40.0099983215332,41.400001525878906,6681200
2008-11-04,20.5823917388916,20.5823917388916,42.540000915527344,40.40999984741211,41.279998779296875,6208700
2008-11-05,18.55812644958496,18.55812644958496,41.79999923706055,37.95000076293945,41.790000915527344,9770700
2008-11-06,17.689208984375,17.689208984375,38.41999816894531,36.290000915527344,37.86000061035156,12780800
2008-11-07,18.810558319091797,18.810558319091797,38.88999938964844,35.7400016784668,36.869998931884766,8636600
2008-11-10,17.126102447509766,17.126102447509766,39.13999938964844,34.849998474121094,39.119998931884766,3812600
2008-11-11,16.888248443603516,16.888248443603516,35.56999969482422,33.38999938964844,34.79999923706055,3649900
2008-11-12,15.679508209228516,15.679508209228516,34.0,32.040000915527344,33.9900016784668,5528600
2008-11-13,17.402803421020508,17.402803421020508,35.9900016784668,30.81999969482422,33.38999938964844,9470900
2008-11-14,15.441648483276367,15.441648483276367,35.380001068115234,31.6299991607666,35.36000061035156,2605900
2008-11-17,14.883400917053223,14.883400917053223,32.040000915527344,30.579999923706055,31.43000030517578,2647600
2008-11-18,14.742624282836914,14.742624282836914,31.290000915527344,28.559999465942383,30.790000915527344,3246200
2008-11-19,12.762049674987793,12.762049674987793,30.3700008392334,26.0,30.059999465942383,3068800
2008-11-20,11.752350807189941,11.752350807189941,27.600000381469727,23.850000381469727,25.81999969482422,4156200
2008-11-21,12.616425514221191,12.616425514221191,26.209999084472656,22.520000457763672,24.799999237060547,6877600
2008-11-24,14.762040138244629,14.762040138244629,30.760000228881836,25.739999771118164,26.8700008392334,5300100
2008-11-25,14.995049476623535,14.995049476623535,31.469999313354492,28.6299991607666,31.040000915527344,2949200
2008-11-26,15.80572509765625,15.80572509765625,32.61000061035156,29.920000076293945,30.889999389648438,2348000
2008-11-28,15.572710990905762,15.572710990905762,32.79999923706055,31.3799991607666,32.380001068115234,838000
2008-12-01,12.53389835357666,12.53389835357666,31.350000381469727,25.450000762939453,31.280000686645508,2431700
2008-12-02,14.198935508728027,14.198935508728027,29.3799991607666,26.5,26.510000228881836,3379600
2008-12-03,14.995049476623535,14.995049476623535,30.889999389648438,27.510000228881836,27.969999313354492,4203100
2008-12-04,14.582433700561523,14.582433700561523,32.25,29.360000610351562,30.329999923706055,2461400
2008-12-05,16.12611198425293,16.12611198425293,33.25,29.139999389648438,29.579999923706055,2176800
2008-12-08,17.630958557128906,17.630958557128906,36.369998931884766,33.5099983215332,33.97999954223633,1851300
2008-12-09,16.10184097290039,16.10184097290039,36.27000045776367,32.900001525878906,35.83000183105469,2632100
2008-12-10,17.485328674316406,17.485328674316406,36.099998474121094,33.619998931884766,33.790000915527344,1656000
2008-12-11,14.99020004272461,14.99020004272461,35.380001068115234,30.34000015258789,35.20000076293945,1955400
2008-12-12,16.558141708374023,16.558141708374023,34.11000061035156,29.81999969482422,30.020000457763672,1917500
2008-12-15,15.980481147766113,15.980481147766113,34.560001373291016,31.489999771118164,34.22999954223633,1425300
2008-12-16,17.93678092956543,17.93678092956543,36.97999954223633,32.84000015258789,36.95000076293945,2348400
2008-12-17,18.266874313354492,18.266874313354492,39.220001220703125,35.290000915527344,36.0,4069200
2008-12-18,16.747472763061523,16.747472763061523,38.220001220703125,34.380001068115234,38.09000015258789,1897500
2008-12-19,17.92221450805664,17.92221450805664,36.91999816894531,34.58000183105469,34.58000183105469,2274400
2008-12-22,17.247472763061523,17.247472763061523,36.630001068115234,33.900001525878906,36.619998931884766,3688700
2008-12-23,17.150371551513672,17.150371551513672,36.25,34.970001220703125,35.88999938964844,1580400
2008-12-24,17.352319717407227,17.352319717407227,34.79999923706055,34.029998779296875,34.61000061035156,615700
2008-12-26,17.601638793945312,17.601638793945312,35.29999923706055,34.189998626708984,35.0099983215332,608500
2008-12-29,16.589414596557617,16.589414596557617,35.0,32.63999938964844,35.0,1549800
2008-12-30,17.25259017944336,17.25259017944336,34.86000061035156,33.47999954223633,33.68000030517578,1765300
2008-12-31,18.175052642822266,18.175052642822266,36.790000915527344,34.61000061035156,34.810001373291016,1954200
2009-01-02,17.596656799316406,17.596656799316406,36.63999938964844,35.27000045776367,36.630001068115234,2181800
2009-01-05,17.27254295349121,17.27254295349121,35.619998931884766,34.36000061035156,35.2400016784668,7318600
2009-01-06,18.13517189025879,18.13517189025879,36.75,34.150001525878906,35.25,1913900
2009-01-07,17.526840209960938,17.526840209960938,36.220001220703125,34.880001068115234,36.150001525878906,1439600
2009-01-08,17.39719581604004,17.39719581604004,35.130001068115234,34.18000030517578,34.68000030517578,2063200
2009-01-09,16.504650115966797,16.504650115966797,34.95000076293945,32.95000076293945,34.91999816894531,1491800
2009-01-12,15.537307739257812,15.537307739257812,32.95000076293945,30.639999389648438,32.880001068115234,1760800
2009-01-13,16.006013870239258,16.006013870239258,32.279998779296875,30.600000381469727,30.809999465942383,1792700
2009-01-14,15.168326377868652,15.168326377868652,31.479999542236328,30.100000381469727,31.479999542236328,2330100
2009-01-15,15.66695499420166,15.66695499420166,32.150001525878906,28.889999389648438,30.420000076293945,3927500
2009-01-16,16.260318756103516,16.260318756103516,32.709999084472656,30.6200008392334,32.0,5540300
2009-01-20,14.440328598022461,14.440328598022461,32.18000030517578,28.799999237060547,32.15999984741211,3918700
2009-01-21,15.951167106628418,15.951167106628418,32.0099983215332,28.65999984741211,29.639999389648438,3471500
2009-01-22,15.078570365905762,15.078570365905762,31.860000610351562,29.790000915527344,30.81999969482422,3904300
2009-01-23,15.537307739257812,15.537307739257812,31.280000686645508,29.049999237060547,29.25,3563500
2009-01-26,15.447549819946289,15.447549819946289,32.04999923706055,30.3700008392334,31.219999313354492,3755700
2009-01-27,15.66695499420166,15.66695499420166,31.959999084472656,30.829999923706055,31.200000762939453,2490400
2009-01-28,17.023225784301758,17.023225784301758,34.27000045776367,32.040000915527344,33.08000183105469,2712800
2009-01-29,15.632049560546875,15.632049560546875,33.5,31.219999313354492,33.41999816894531,2714700
2009-01-30,14.988816261291504,14.988816261291504,32.189998626708984,29.670000076293945,31.719999313354492,2386500
2009-02-02,15.352816581726074,15.352816581726074,30.829999923706055,29.260000228881836,29.3700008392334,2732600
2009-02-03,15.198236465454102,15.198236465454102,30.989999771118164,29.940000534057617,30.950000762939453,2159200
2009-02-04,14.829248428344727,14.829248428344727,31.299999237060547,29.739999771118164,30.489999771118164,7818500
2009-02-05,14.515113830566406,14.515113830566406,30.170000076293945,28.229999542236328,29.110000610351562,4770500
2009-02-06,15.522346496582031,15.522346496582031,31.440000534057617,29.209999084472656,29.270000457763672,4500200
2009-02-09,15.751716613769531,15.751716613769531,31.639999389648438,30.510000228881836,31.479999542236328,2627000
2009-02-10,14.350564956665039,14.350564956665039,31.540000915527344,28.520000457763672,31.540000915527344,4686400
2009-02-11,14.624815940856934,14.624815940856934,29.329999923706055,27.90999984741211,29.079999923706055,3494300
2009-02-12,14.375496864318848,14.375496864318848,28.979999542236328,26.739999771118164,28.290000915527344,3502600
2009-02-13,13.492927551269531,13.492927551269531,28.579999923706055,27.0,28.559999465942383,3436000
2009-02-17,12.535554885864258,12.535554885864258,26.25,24.889999389648438,26.0,2560700
2009-02-18,12.715065956115723,12.715065956115723,25.68000030517578,24.399999618530273,25.489999771118164,5537100
2009-02-19,12.166571617126465,12.166571617126465,26.209999084472656,24.18000030517578,26.0,2946800
2009-02-20,12.934459686279297,12.934459686279297,26.059999465942383,23.18000030517578,23.739999771118164,6286800
2009-02-23,11.962133407592773,11.962133407592773,26.3700008392334,23.850000381469727,26.18000030517578,5058000
2009-02-24,12.974348068237305,12.974348068237305,26.1299991607666,23.920000076293945,24.81999969482422,5187300
2009-02-25,12.725034713745117,12.725034713745117,26.6299991607666,24.510000228881836,25.729999542236328,4889400
2009-02-26,12.071828842163086,12.071828842163086,26.309999465942383,24.09000015258789,26.040000915527344,3821000
2009-02-27,11.912263870239258,11.912263870239258,24.709999084472656,23.5,23.549999237060547,3676800
2009-03-02,11.169309616088867,11.169309616088867,23.559999465942383,21.8799991607666,23.559999465942383,4773700
2009-03-03,11.21418571472168,11.21418571472168,22.989999771118164,21.350000381469727,22.68000030517578,5413900
2009-03-04,11.393695831298828,11.393695831298828,23.40999984741211,22.18000030517578,22.93000030517578,3058600
2009-03-05,10.69062614440918,10.69062614440918,22.559999465942383,21.1299991607666,22.270000457763672,3390700
2009-03-06,10.546021461486816,10.546021461486816,21.809999465942383,19.950000762939453,21.579999923706055,4933800
2009-03-09,10.780380249023438,10.780380249023438,21.639999389648438,20.510000228881836,20.510000228881836,3882000
2009-03-10,12.28125286102295,12.28125286102295,24.719999313354492,22.0,22.209999084472656,3060900
2009-03-11,12.081803321838379,12.081803321838379,25.09000015258789,23.889999389648438,24.729999542236328,2695800
2009-03-12,13.069089889526367,13.069089889526367,26.3799991607666,23.889999389648438,24.260000228881836,2791300
2009-03-13,12.789857864379883,12.789857864379883,26.940000534057617,24.790000915527344,26.790000915527344,2757900
2009-03-16,11.782624244689941,11.782624244689941,26.079999923706055,23.579999923706055,25.84000015258789,2283000
2009-03-17,12.675165176391602,12.675165176391602,25.489999771118164,23.139999389648438,23.68000030517578,2398400
2009-03-18,13.368271827697754,13.368271827697754,26.829999923706055,24.3700008392334,25.010000228881836,3892800
2009-03-19,12.550511360168457,12.550511360168457,27.270000457763672,25.059999465942383,27.229999542236328,2177800
2009-03-20,11.468485832214355,11.468485832214355,25.079999923706055,23.0,25.079999923706055,2783100
2009-03-23,13.323394775390625,13.323394775390625,26.90999984741211,23.850000381469727,24.09000015258789,2763900
2009-03-24,12.296208381652832,12.296208381652832,26.860000610351562,24.399999618530273,26.0,4493200
2009-03-25,12.498592376708984,12.498592376708984,25.190000534057617,22.559999465942383,24.739999771118164,2340700
2009-03-26,12.778253555297852,12.778253555297852,25.3700008392334,23.610000610351562,24.84000015258789,3010400
2009-03-27,12.208754539489746,12.208754539489746,24.81999969482422,23.959999084472656,24.559999465942383,2526500
2009-03-30,11.54263687133789,11.54263687133789,23.3700008392334,22.5,23.270000457763672,1412900
2009-03-31,12.346044540405273,12.346044540405273,24.6299991607666,22.829999923706055,23.110000610351562,2461700
2009-04-01,12.279942512512207,12.279942512512207,24.510000228881836,23.59000015258789,23.850000381469727,1859200
2009-04-02,13.169793128967285,13.169793128967285,26.18000030517578,24.489999771118164,25.020000457763672,2353800
2009-04-03,14.303715705871582,14.303715705871582,28.25,25.31999969482422,25.81999969482422,2793400
2009-04-06,14.141000747680664,14.141000747680664,28.469999313354492,26.899999618530273,27.549999237060547,3235200
2009-04-07,13.08334732055664,13.08334732055664,27.299999237060547,25.510000228881836,27.149999618530273,2370000
2009-04-08,13.276572227478027,13.276572227478027,26.31999969482422,25.34000015258789,25.850000381469727,2579700
2009-04-09,15.056276321411133,15.056276321411133,29.610000610351562,26.780000686645508,27.270000457763672,2493800
2009-04-13,15.102043151855469,15.102043151855469,30.299999237060547,28.579999923706055,28.8799991607666,4314300
2009-04-14,13.820653915405273,13.820653915405273,29.489999771118164,27.1200008392334,29.15999984741211,3382100
2009-04-15,15.020682334899902,15.020682334899902,29.700000762939453,26.920000076293945,27.110000610351562,4144900
2009-04-16,15.524086952209473,15.524086952209473,31.940000534057617,28.3799991607666,29.559999465942383,5803700
2009-04-17,15.803752899169922,15.803752899169922,32.18000030517578,29.920000076293945,30.729999542236328,5805200
2009-04-20,14.176593780517578,14.176593780517578,30.309999465942383,27.709999084472656,30.040000915527344,4124800
2009-04-21,15.432550430297852,15.432550430297852,30.420000076293945,27.020000457763672,27.190000534057617,2776100
2009-04-22,14.893560409545898,14.893560409545898,30.899999618530273,29.1200008392334,29.729999542236328,9377100
2009-04-23,15.564766883850098,15.564766883850098,30.790000915527344,29.0,29.479999542236328,6132600
2009-04-24,16.302072525024414,16.302072525024414,33.0,30.239999771118164,30.860000610351562,7819400
2009-04-27,15.325773239135742,15.325773239135742,31.690000534057617,29.270000457763672,31.479999542236328,6108400
2009-04-28,15.529172897338867,15.529172897338867,31.299999237060547,29.40999984741211,29.860000610351562,6029900
2009-04-29,16.205453872680664,16.205453872680664,32.29999923706055,30.6299991607666,30.920000076293945,5113600
2009-04-30,16.1342716217041,16.1342716217041,32.970001220703125,31.59000015258789,32.220001220703125,5575000
2009-05-01,15.60544490814209,15.60544490814209,31.780000686645508,30.280000686645508,31.760000228881836,3926800
2009-05-04,16.89191436767578,16.89191436767578,33.290000915527344,31.0,31.329999923706055,5437900
2009-05-05,16.261388778686523,16.261388778686523,32.939998626708984,31.690000534057617,32.939998626708984,6108700
2009-05-06,16.881744384765625,16.881744384765625,33.369998931884766,31.68000030517578,32.63999938964844,8067300
2009-05-07,15.915617942810059,15.915617942810059,33.619998931884766,30.469999313354492,33.61000061035156,7561500
2009-05-08,16.978357315063477,16.978357315063477,33.599998474121094,31.299999237060547,31.760000228881836,6114200
2009-05-11,16.332576751708984,16.332576751708984,32.959999084472656,32.02000045776367,32.369998931884766,3484000
2009-05-12,16.28680992126465,16.28680992126465,32.68000030517578,30.65999984741211,32.45000076293945,3181700
2009-05-13,15.218988418579102,15.218988418579102,31.020000457763672,29.450000762939453,30.959999084472656,2867300
2009-05-14,15.5800199508667,15.5800199508667,31.1299991607666,29.0,29.5,2592500
2009-05-15,15.056276321411133,15.056276321411133,30.75,29.030000686645508,30.469999313354492,2103600
2009-05-18,16.266475677490234,16.266475677490234,32.20000076293945,29.899999618530273,29.93000030517578,2776800
2009-05-19,15.95629596710205,15.95629596710205,32.290000915527344,30.979999542236328,32.130001068115234,2909000
2009-05-20,15.829170227050781,15.829170227050781,32.70000076293945,30.959999084472656,32.209999084472656,3417700
2009-05-21,15.874939918518066,15.874939918518066,31.56999969482422,30.309999465942383,30.579999923706055,2684600
2009-05-22,15.483403205871582,15.483403205871582,31.639999389648438,30.40999984741211,31.639999389648438,1669600
2009-05-26,16.403762817382812,16.403762817382812,32.54999923706055,30.149999618530273,30.280000686645508,2517200
2009-05-27,15.808837890625,15.808837890625,32.470001220703125,30.90999984741211,32.22999954223633,2539800
2009-05-28,16.027484893798828,16.027484893798828,31.920000076293945,30.690000534057617,31.579999923706055,2397500
2009-05-29,16.556310653686523,16.556310653686523,32.630001068115234,31.3799991607666,32.0,1692900
2009-06-01,17.40547752380371,17.40547752380371,34.9900016784668,33.0,33.34000015258789,3811800
2009-06-02,17.044458389282227,17.044458389282227,34.029998779296875,33.2599983215332,33.75,2796300
2009-06-03,17.01395034790039,17.01395034790039,33.540000915527344,32.93000030517578,33.36000061035156,2019100
2009-06-04,17.55803108215332,17.55803108215332,34.83000183105469,33.47999954223633,33.720001220703125,2006000
2009-06-05,17.51226234436035,17.51226234436035,35.099998474121094,33.849998474121094,35.08000183105469,2798300
2009-06-08,17.19192123413086,17.19192123413086,34.7400016784668,33.4900016784668,34.7400016784668,3558400
2009-06-09,17.19192123413086,17.19192123413086,34.27000045776367,33.619998931884766,34.2400016784668,2516800
2009-06-10,16.89191436767578,16.89191436767578,34.31999969482422,32.380001068115234,34.220001220703125,2373100
2009-06-11,16.546142578125,16.546142578125,33.459999084472656,32.439998626708984,33.220001220703125,2714700
2009-06-12,17.146154403686523,17.146154403686523,33.720001220703125,32.29999923706055,32.5,1765400
2009-06-15,16.332576751708984,16.332576751708984,33.41999816894531,31.579999923706055,33.2400016784668,2129600
2009-06-16,16.032567977905273,16.032567977905273,32.369998931884766,31.030000686645508,32.209999084472656,2248100
2009-06-17,15.72747802734375,15.72747802734375,31.700000762939453,30.579999923706055,31.479999542236328,2144600
2009-06-18,15.834259033203125,15.834259033203125,31.420000076293945,30.649999618530273,31.09000015258789,1742400
2009-06-19,15.991891860961914,15.991891860961914,31.610000610351562,30.979999542236328,31.5,1292300
2009-06-22,15.157974243164062,15.157974243164062,31.209999084472656,29.739999771118164,30.8799991607666,2041900
2009-06-23,15.269843101501465,15.269843101501465,30.549999237060547,29.649999618530273,30.18000030517578,1855000
2009-06-24,15.603194236755371,15.603194236755371,30.450000762939453,29.799999237060547,30.440000534057617,4424500
2009-06-25,15.809926986694336,15.809926986694336,30.59000015258789,29.56999969482422,30.0,1872300
2009-06-26,15.944311141967773,15.944311141967773,31.09000015258789,30.219999313354492,30.510000228881836,2356600
2009-06-29,15.933974266052246,15.933974266052246,31.110000610351562,30.3700008392334,30.90999984741211,2342100
2009-06-30,16.027006149291992,16.027006149291992,31.329999923706055,30.790000915527344,31.040000915527344,1894200
2009-07-01,16.306087493896484,16.306087493896484,31.75,31.15999984741211,31.229999542236328,1682600
2009-07-02,15.442983627319336,15.442983627319336,31.15999984741211,29.850000381469727,31.100000381469727,2344000
2009-07-06,15.830609321594238,15.830609321594238,30.709999084472656,29.420000076293945,29.700000762939453,2654100
2009-07-07,15.215569496154785,15.215569496154785,30.719999313354492,29.34000015258789,30.709999084472656,2036100
2009-07-08,15.0708646774292,15.0708646774292,29.709999084472656,28.329999923706055,29.600000381469727,2370500
2009-07-09,14.786604881286621,14.786604881286621,29.479999542236328,28.56999969482422,29.360000610351562,1289300
2009-07-10,14.76593017578125,14.76593017578125,28.739999771118164,27.81999969482422,28.350000381469727,1123900
2009-07-13,15.324106216430664,15.324106216430664,29.84000015258789,28.3700008392334,28.690000534057617,3929500
2009-07-14,15.510165214538574,15.510165214538574,30.280000686645508,29.219999313354492,29.75,2822300
2009-07-15,16.083852767944336,16.083852767944336,31.559999465942383,30.31999969482422,30.610000610351562,1768200
2009-07-16,16.269906997680664,16.269906997680664,31.739999771118164,30.510000228881836,30.989999771118164,1606200
2009-07-17,15.835770606994629,15.835770606994629,31.360000610351562,30.40999984741211,31.290000915527344,1454700
2009-07-20,16.393957138061523,16.393957138061523,31.860000610351562,30.940000534057617,31.030000686645508,1687800
2009-07-21,16.347434997558594,16.347434997558594,32.0,30.959999084472656,32.0,2990100
2009-07-22,16.368106842041016,16.368106842041016,32.119998931884766,31.1299991607666,31.170000076293945,1949300
2009-07-23,17.019319534301758,17.019319534301758,33.310001373291016,31.600000381469727,31.700000762939453,2922400
2009-07-24,17.13819694519043,17.13819694519043,33.27000045776367,32.290000915527344,32.709999084472656,1272500
2009-07-27,17.386276245117188,17.386276245117188,33.72999954223633,32.900001525878906,33.20000076293945,2146100
2009-07-28,17.370763778686523,17.370763778686523,33.75,33.11000061035156,33.43000030517578,1451100
2009-07-29,17.15369415283203,17.15369415283203,33.619998931884766,32.93000030517578,33.380001068115234,1187200
2009-07-30,17.768733978271484,17.768733978271484,34.90999984741211,33.709999084472656,33.790000915527344,1918200
2009-07-31,17.753223419189453,17.753223419189453,34.70000076293945,34.0099983215332,34.369998931884766,2208800
2009-08-03,18.07366180419922,18.07366180419922,35.13999938964844,34.43000030517578,35.09000015258789,2541900
2009-08-04,19.060810089111328,19.060810089111328,37.13999938964844,34.52000045776367,34.790000915527344,3454100
2009-08-05,19.7895450592041,19.7895450592041,38.4900016784668,36.61000061035156,36.900001525878906,3965400
2009-08-06,19.639673233032227,19.639673233032227,39.810001373291016,38.0,38.83000183105469,5953400
2009-08-07,20.7353515625,20.7353515625,40.900001525878906,38.34000015258789,38.91999816894531,5471300
2009-08-10,20.290884017944336,20.290884017944336,40.08000183105469,38.81999969482422,39.9900016784668,4432000
2009-08-11,19.701684951782227,19.701684951782227,39.060001373291016,37.650001525878906,38.869998931884766,4275200
2009-08-12,19.846403121948242,19.846403121948242,39.18000030517578,38.0099983215332,38.04999923706055,4619200
2009-08-13,19.949766159057617,19.949766159057617,38.9900016784668,38.099998474121094,38.84000015258789,5339500
2009-08-14,19.784385681152344,19.784385681152344,38.470001220703125,37.33000183105469,38.439998626708984,3538500
2009-08-17,18.730043411254883,18.730043411254883,36.880001068115234,36.0,36.779998779296875,3385800
2009-08-18,18.91610336303711,18.91610336303711,37.0099983215332,36.119998931884766,36.36000061035156,2379900
2009-08-19,18.766218185424805,18.766218185424805,36.47999954223633,35.7400016784668,35.95000076293945,2693600
2009-08-20,19.515625,19.515625,37.790000915527344,36.2599983215332,36.310001373291016,5235500
2009-08-21,20.027292251586914,20.027292251586914,39.54999923706055,38.09000015258789,38.279998779296875,5953400
2009-08-24,19.960102081298828,19.960102081298828,39.310001373291016,38.45000076293945,39.290000915527344,5958400
2009-08-25,20.182336807250977,20.182336807250977,39.349998474121094,38.56999969482422,38.900001525878906,3483900
2009-08-26,20.244361877441406,20.244361877441406,39.22999954223633,38.61000061035156,38.970001220703125,2680900
2009-08-27,20.440763473510742,20.440763473510742,39.650001525878906,38.349998474121094,39.150001525878906,2465000
2009-08-28,20.62165069580078,20.62165069580078,40.040000915527344,39.189998626708984,39.900001525878906,3074500
2009-08-31,20.29604721069336,20.29604721069336,39.56999969482422,38.86000061035156,39.16999816894531,2961300
2009-09-01,19.210702896118164,19.210702896118164,39.31999969482422,37.130001068115234,38.970001220703125,4356400
2009-09-02,18.82306671142578,18.82306671142578,37.13999938964844,36.41999816894531,36.86000061035156,3443600
2009-09-03,19.20036506652832,19.20036506652832,37.189998626708984,36.18000030517578,36.88999938964844,1933100
2009-09-04,19.422605514526367,19.422605514526367,37.58000183105469,36.47999954223633,37.13999938964844,1587900
2009-09-08,20.099647521972656,20.099647521972656,38.88999938964844,37.88999938964844,38.16999816894531,2051900
2009-09-09,20.492450714111328,20.492450714111328,39.779998779296875,38.540000915527344,38.869998931884766,2825800
2009-09-10,20.79737091064453,20.79737091064453,40.33000183105469,39.040000915527344,39.61000061035156,2117300
2009-09-11,20.761201858520508,20.761201858520508,40.65999984741211,39.66999816894531,40.470001220703125,2384000
2009-09-14,21.376232147216797,21.376232147216797,41.38999938964844,39.56999969482422,39.58000183105469,2229900
2009-09-15,21.71733856201172,21.71733856201172,42.619998931884766,40.810001373291016,41.650001525878906,3555000
2009-09-16,22.60112190246582,22.60112190246582,43.790000915527344,42.22999954223633,42.43000030517578,3659700
2009-09-17,22.5029239654541,22.5029239654541,45.2400016784668,42.88999938964844,43.689998626708984,5152800
2009-09-18,22.53392791748047,22.53392791748047,44.16999816894531,42.81999969482422,43.790000915527344,2874100
2009-09-21,22.18248748779297,22.18248748779297,43.41999816894531,42.599998474121094,42.9900016784668,2423600
2009-09-22,22.8853816986084,22.8853816986084,44.349998474121094,43.22999954223633,43.459999084472656,4488000
2009-09-23,22.058448791503906,22.058448791503906,44.439998626708984,42.61000061035156,44.43000030517578,3291700
2009-09-24,21.253101348876953,21.253101348876953,42.70000076293945,40.459999084472656,42.52000045776367,4804900
2009-09-25,21.320960998535156,21.320960998535156,41.310001373291016,40.06999969482422,40.439998626708984,4635600
2009-09-28,22.203014373779297,22.203014373779297,42.59000015258789,40.97999954223633,41.16999816894531,2644700
2009-09-29,21.8428955078125,21.8428955078125,42.959999084472656,41.70000076293945,42.63999938964844,3198100
2009-09-30,21.634117126464844,21.634117126464844,42.22999954223633,40.86000061035156,42.220001220703125,3905300
2009-10-01,20.663314819335938,20.663314819335938,41.41999816894531,39.59000015258789,41.36000061035156,9101300
2009-10-02,20.51718521118164,20.51718521118164,40.439998626708984,38.630001068115234,38.65999984741211,4742800
2009-10-05,21.08086395263672,21.08086395263672,40.5,39.400001525878906,39.75,2928300
2009-10-06,21.023460388183594,21.023460388183594,41.27000045776367,39.7400016784668,40.7599983215332,3546900
2009-10-07,21.00779914855957,21.00779914855957,40.58000183105469,39.68000030517578,40.13999938964844,3338500
2009-10-08,21.409687042236328,21.409687042236328,41.400001525878906,40.58000183105469,40.79999923706055,3031900
2009-10-09,21.592363357543945,21.592363357543945,41.400001525878906,40.470001220703125,40.810001373291016,2673300
2009-10-12,21.561044692993164,21.561044692993164,41.81999969482422,41.099998474121094,41.65999984741211,1933400
2009-10-13,21.258319854736328,21.258319854736328,41.220001220703125,40.38999938964844,41.040000915527344,2546600
2009-10-14,22.036006927490234,22.036006927490234,42.380001068115234,41.25,41.5,3152400
2009-10-15,21.848108291625977,21.848108291625977,42.029998779296875,41.619998931884766,41.880001068115234,3492400
2009-10-16,21.27398681640625,21.27398681640625,41.43000030517578,40.65999984741211,41.310001373291016,3071500
2009-10-19,21.73328399658203,21.73328399658203,41.75,40.83000183105469,41.04999923706055,2579400
2009-10-20,21.331396102905273,21.331396102905273,41.63999938964844,40.68000030517578,41.540000915527344,2128100
2009-10-21,21.059982299804688,21.059982299804688,41.5099983215332,40.27000045776367,40.58000183105469,2481700
2009-10-22,21.613237380981445,21.613237380981445,41.45000076293945,39.75,40.33000183105469,3386000
2009-10-23,21.35749626159668,21.35749626159668,41.56999969482422,40.720001220703125,41.52000045776367,3243100
2009-10-26,21.3053035736084,21.3053035736084,41.91999816894531,40.72999954223633,40.90999984741211,3607400
2009-10-27,20.997352600097656,20.997352600097656,41.029998779296875,40.04999923706055,40.84000015258789,3593700
2009-10-28,20.115291595458984,20.115291595458984,40.56999969482422,38.470001220703125,39.97999954223633,4654200
2009-10-29,21.03388214111328,21.03388214111328,40.43000030517578,39.02000045776367,39.150001525878906,3309800
2009-10-30,20.668529510498047,20.668529510498047,40.2599983215332,38.59000015258789,40.0099983215332,4424100
2009-11-02,20.663314819335938,20.663314819335938,40.47999954223633,38.439998626708984,39.70000076293945,4906100
2009-11-03,20.966049194335938,20.966049194335938,40.25,38.9900016784668,39.02000045776367,4509500
2009-11-04,20.51718521118164,20.51718521118164,40.83000183105469,39.279998779296875,40.720001220703125,4320800
2009-11-05,20.981700897216797,20.981700897216797,40.290000915527344,39.41999816894531,39.84000015258789,2379300
2009-11-06,20.637226104736328,20.637226104736328,40.189998626708984,39.220001220703125,39.5099983215332,2442300
2009-11-09,21.65499496459961,21.65499496459961,41.5,39.939998626708984,40.130001068115234,2272300
2009-11-10,21.493196487426758,21.493196487426758,41.47999954223633,40.58000183105469,41.189998626708984,2548400
2009-11-11,21.89508628845215,21.89508628845215,42.25,41.41999816894531,41.54999923706055,3107300
2009-11-12,21.6706485748291,21.6706485748291,42.25,41.41999816894531,41.900001525878906,2920500
2009-11-13,21.962934494018555,21.962934494018555,42.20000076293945,41.5,41.560001373291016,2444100
2009-11-16,22.495304107666016,22.495304107666016,43.5099983215332,42.369998931884766,42.369998931884766,3053700
2009-11-17,22.10384750366211,22.10384750366211,43.310001373291016,42.310001373291016,42.81999969482422,2486000
2009-11-18,22.5057430267334,22.5057430267334,43.2400016784668,42.290000915527344,42.34000015258789,2928900
2009-11-19,21.989028930664062,21.989028930664062,42.7400016784668,41.939998626708984,42.65999984741211,1960500
2009-11-20,21.832447052001953,21.832447052001953,42.04999923706055,41.68000030517578,41.900001525878906,1782300
2009-11-23,22.10907745361328,22.10907745361328,43.02000045776367,42.02000045776367,42.58000183105469,2182700
2009-11-24,21.780258178710938,21.780258178710938,42.369998931884766,41.56999969482422,42.31999969482422,2051800
2009-11-25,21.868982315063477,21.868982315063477,42.189998626708984,41.7599983215332,41.959999084472656,1530100
2009-11-27,21.232229232788086,21.232229232788086,41.40999984741211,40.470001220703125,40.66999816894531,1315200
2009-11-30,22.025564193725586,22.025564193725586,42.36000061035156,40.5,40.83000183105469,2306800
2009-12-01,22.349166870117188,22.349166870117188,43.040000915527344,42.18000030517578,42.630001068115234,2229800
2009-12-02,22.714523315429688,22.714523315429688,43.7400016784668,42.65999984741211,42.65999984741211,2292500
2009-12-03,22.458772659301758,22.458772659301758,44.290000915527344,42.88999938964844,43.75,3429700
2009-12-04,23.12162208557129,23.12162208557129,44.619998931884766,43.470001220703125,44.130001068115234,3493900
2009-12-07,22.636219024658203,22.636219024658203,44.29999923706055,43.060001373291016,44.189998626708984,2004000
2009-12-08,22.5057430267334,22.5057430267334,43.84000015258789,42.939998626708984,43.0099983215332,2069600
2009-12-09,22.458772659301758,22.458772659301758,43.4900016784668,42.970001220703125,43.2599983215332,1942500
2009-12-10,22.37004280090332,22.37004280090332,43.40999984741211,42.630001068115234,43.27000045776367,1546900
2009-12-11,22.730173110961914,22.730173110961914,43.59000015258789,42.90999984741211,43.04999923706055,1555300
2009-12-14,23.142501831054688,23.142501831054688,44.43000030517578,43.2400016784668,43.72999954223633,3169900
2009-12-15,22.912857055664062,22.912857055664062,44.2400016784668,43.790000915527344,44.060001373291016,2450600
2009-12-16,23.07986831665039,23.07986831665039,44.439998626708984,44.0,44.15999984741211,2626100
2009-12-17,22.93895149230957,22.93895149230957,44.220001220703125,43.599998474121094,43.88999938964844,2526300
2009-12-18,23.09030532836914,23.09030532836914,44.29999923706055,43.52000045776367,44.06999969482422,2061600
2009-12-21,23.40347671508789,23.40347671508789,44.900001525878906,44.36000061035156,44.400001525878906,2957000
2009-12-22,23.648775100708008,23.648775100708008,45.349998474121094,44.849998474121094,44.849998474121094,1703500
2009-12-23,23.930631637573242,23.930631637573242,46.349998474121094,45.29999923706055,45.29999923706055,1531400
2009-12-24,24.276365280151367,24.276365280151367,45.939998626708984,45.470001220703125,45.52000045776367,560300
2009-12-28,24.392669677734375,24.392669677734375,46.63999938964844,45.95000076293945,46.099998474121094,2909600
2009-12-29,24.027894973754883,24.027894973754883,46.439998626708984,45.439998626708984,46.310001373291016,1939400
2009-12-30,24.06490707397461,24.06490707397461,45.56999969482422,45.040000915527344,45.29999923706055,1424300
2009-12-31,23.652536392211914,23.652536392211914,45.97999954223633,44.689998626708984,45.7400016784668,1259000
2010-01-04,23.552091598510742,23.552091598510742,45.41999816894531,44.20000076293945,45.220001220703125,2408400
2010-01-05,23.525653839111328,23.525653839111328,44.58000183105469,43.93000030517578,44.5,2054200
2010-01-06,23.483369827270508,23.483369827270508,44.84000015258789,44.29999923706055,44.52000045776367,2471200
2010-01-07,23.737123489379883,23.737123489379883,45.099998474121094,43.95000076293945,44.459999084472656,2091700
2010-01-08,23.562654495239258,23.562654495239258,44.849998474121094,44.18000030517578,44.810001373291016,2682000
2010-01-11,23.700109481811523,23.700109481811523,45.060001373291016,44.58000183105469,44.869998931884766,1924800
2010-01-12,23.303617477416992,23.303617477416992,44.77000045776367,43.86000061035156,44.43000030517578,3124500
2010-01-13,23.774131774902344,23.774131774902344,45.08000183105469,44.130001068115234,44.18000030517578,2133000
2010-01-14,23.752992630004883,23.752992630004883,45.060001373291016,44.59000015258789,44.90999984741211,1594700
2010-01-15,23.573240280151367,23.573240280151367,44.849998474121094,44.400001525878906,44.75,5577000
2010-01-19,24.054338455200195,24.054338455200195,45.630001068115234,44.459999084472656,44.540000915527344,2454200
2010-01-20,23.78471565246582,23.78471565246582,45.15999984741211,44.54999923706055,45.15999984741211,3339900
2010-01-21,23.10272789001465,23.10272789001465,45.27000045776367,43.619998931884766,44.97999954223633,4233400
2010-01-22,22.521194458007812,22.521194458007812,44.0099983215332,42.470001220703125,43.54999923706055,5039500
2010-01-25,22.679794311523438,22.679794311523438,43.13999938964844,42.099998474121094,43.13999938964844,3749000
2010-01-26,22.46832847595215,22.46832847595215,43.18000030517578,42.41999816894531,42.470001220703125,3352900
2010-01-27,22.669227600097656,22.669227600097656,42.939998626708984,41.86000061035156,42.630001068115234,3714400
2010-01-28,22.473608016967773,22.473608016967773,43.22999954223633,42.099998474121094,43.209999084472656,3750000
2010-01-29,22.34673309326172,22.34673309326172,43.18000030517578,41.97999954223633,42.81999969482422,4096200
2010-02-01,22.75381088256836,22.75381088256836,43.099998474121094,42.4900016784668,42.59000015258789,2839200
2010-02-02,23.065725326538086,23.065725326538086,43.84000015258789,42.68000030517578,43.16999816894531,3270000
2010-02-03,22.690366744995117,22.690366744995117,43.4900016784668,42.66999816894531,43.47999954223633,3079200
2010-02-04,21.849788665771484,21.849788665771484,42.61000061035156,41.33000183105469,42.560001373291016,3942800
2010-02-05,22.2515811920166,22.2515811920166,42.279998779296875,40.86000061035156,41.4900016784668,5100500
2010-02-08,21.765193939208984,21.765193939208984,42.38999938964844,41.06999969482422,42.2599983215332,2969600
2010-02-09,21.69647216796875,21.69647216796875,41.810001373291016,40.720001220703125,41.68000030517578,4785200
2010-02-10,21.738773345947266,21.738773345947266,41.630001068115234,40.33000183105469,41.119998931884766,2893900
2010-02-11,21.9449520111084,21.9449520111084,41.529998779296875,40.599998474121094,41.099998474121094,2706400
2010-02-12,22.203994750976562,22.203994750976562,42.0,40.869998931884766,40.9900016784668,3385000
2010-02-16,22.83310317993164,22.83310317993164,43.22999954223633,42.36000061035156,42.439998626708984,2730300
2010-02-17,23.039283752441406,23.039283752441406,43.75,43.2400016784668,43.310001373291016,3139000
2010-02-18,23.382919311523438,23.382919311523438,44.349998474121094,43.27000045776367,43.40999984741211,2737200
2010-02-19,23.398780822753906,23.398780822753906,44.5,43.86000061035156,44.029998779296875,3250100
2010-02-22,23.456937789916992,23.456937789916992,44.66999816894531,44.150001525878906,44.400001525878906,1757800
2010-02-23,23.27717399597168,23.27717399597168,44.5099983215332,43.93000030517578,44.209999084472656,2715900
2010-02-24,23.51508331298828,23.51508331298828,44.4900016784668,44.040000915527344,44.11000061035156,2965400
2010-02-25,23.604970932006836,23.604970932006836,44.7400016784668,43.720001220703125,44.0,2067000
2010-02-26,23.594385147094727,23.594385147094727,45.119998931884766,44.43000030517578,44.7599983215332,1784300
2010-03-01,23.7952823638916,23.7952823638916,45.18000030517578,44.72999954223633,44.900001525878906,1849600
2010-03-02,23.805856704711914,23.805856704711914,45.27000045776367,44.91999816894531,45.189998626708984,1575400
2010-03-03,23.742414474487305,23.742414474487305,45.220001220703125,44.84000015258789,45.13999938964844,1884000
2010-03-04,23.890438079833984,23.890438079833984,45.2400016784668,44.880001068115234,44.91999816894531,1557300
2010-03-05,24.54070472717285,24.54070472717285,46.5099983215332,45.25,45.349998474121094,2161800
2010-03-08,24.78917121887207,24.78917121887207,47.060001373291016,46.36000061035156,46.45000076293945,1729200
2010-03-09,24.847326278686523,24.847326278686523,47.720001220703125,46.61000061035156,46.810001373291016,2126000
2010-03-10,25.069368362426758,25.069368362426758,47.63999938964844,46.959999084472656,47.22999954223633,2311500
2010-03-11,25.21739959716797,25.21739959716797,47.75,47.029998779296875,47.20000076293945,1766200
2010-03-12,25.418285369873047,25.418285369873047,48.36000061035156,47.689998626708984,48.09000015258789,2344400
2010-03-15,25.360139846801758,25.360139846801758,48.31999969482422,47.47999954223633,47.959999084472656,2164400
2010-03-16,25.973388671875,25.973388671875,49.279998779296875,48.029998779296875,48.16999816894531,3905000
2010-03-17,26.359315872192383,26.359315872192383,49.959999084472656,49.150001525878906,49.349998474121094,3467900
2010-03-18,26.216581344604492,26.216581344604492,50.060001373291016,49.5099983215332,49.70000076293945,2448700
2010-03-19,25.931095123291016,25.931095123291016,49.810001373291016,49.0,49.04999923706055,2703900
2010-03-22,26.25887107849121,26.25887107849121,49.810001373291016,48.619998931884766,48.70000076293945,2922600
2010-03-23,26.184852600097656,26.184852600097656,49.7400016784668,49.06999969482422,49.65999984741211,3974700
2010-03-24,26.327598571777344,26.327598571777344,50.150001525878906,49.310001373291016,49.369998931884766,3241200
2010-03-25,26.392051696777344,26.392051696777344,50.5,49.54999923706055,49.79999923706055,4033400
2010-03-26,26.253557205200195,26.253557205200195,50.040000915527344,49.16999816894531,49.779998779296875,4339000
2010-03-29,26.333450317382812,26.333450317382812,49.65999984741211,49.099998474121094,49.630001068115234,1914200
2010-03-30,26.296173095703125,26.296173095703125,49.630001068115234,49.16999816894531,49.529998779296875,1968300
2010-03-31,25.997892379760742,25.997892379760742,49.41999816894531,48.790000915527344,49.189998626708984,2365900
2010-04-01,26.13105010986328,26.13105010986328,49.310001373291016,48.61000061035156,49.16999816894531,2198300
2010-04-05,26.706298828125,26.706298828125,50.220001220703125,49.130001068115234,49.27000045776367,1961200
2010-04-06,27.318832397460938,27.318832397460938,51.400001525878906,49.869998931884766,50.04999923706055,3307100
2010-04-07,26.71694564819336,26.71694564819336,51.31999969482422,49.939998626708984,51.189998626708984,3521700
2010-04-08,26.74890899658203,26.74890899658203,50.29999923706055,49.849998474121094,49.939998626708984,2047800
2010-04-09,27.127079010009766,27.127079010009766,51.04999923706055,50.130001068115234,50.41999816894531,1710500
2010-04-12,26.956645965576172,26.956645965576172,51.150001525878906,50.560001373291016,51.119998931884766,1872300
2010-04-13,27.61709976196289,27.61709976196289,52.029998779296875,50.58000183105469,50.650001525878906,1712600
2010-04-14,27.65972328186035,27.65972328186035,52.29999923706055,51.630001068115234,52.25,2026800
2010-04-15,26.903371810913086,26.903371810913086,51.779998779296875,50.459999084472656,51.68000030517578,2594700
2010-04-16,26.28551483154297,26.28551483154297,50.81999969482422,49.2400016784668,50.38999938964844,4450000
2010-04-19,26.402690887451172,26.402690887451172,49.959999084472656,48.84000015258789,49.0099983215332,2825700
2010-04-20,26.85011100769043,26.85011100769043,50.40999984741211,49.31999969482422,49.849998474121094,2193300
2010-04-21,27.318832397460938,27.318832397460938,51.59000015258789,50.279998779296875,50.31999969482422,2980100
2010-04-22,27.739612579345703,27.739612579345703,52.279998779296875,50.619998931884766,50.900001525878906,1552700
2010-04-23,28.10712432861328,28.10712432861328,52.83000183105469,51.720001220703125,52.22999954223633,3302900
2010-04-26,28.330833435058594,28.330833435058594,53.599998474121094,52.720001220703125,52.93000030517578,2486700
2010-04-27,27.42535400390625,27.42535400390625,53.25,51.4900016784668,52.88999938964844,4589700
2010-04-28,27.510570526123047,27.510570526123047,52.20000076293945,51.439998626708984,52.119998931884766,3500600
2010-04-29,28.75160789489746,28.75160789489746,54.060001373291016,52.27000045776367,52.310001373291016,3268600
2010-04-30,27.856781005859375,27.856781005859375,54.36000061035156,52.18000030517578,53.869998931884766,4056200
2010-05-03,28.7835750579834,28.7835750579834,54.349998474121094,52.75,52.7599983215332,4016000
2010-05-04,28.12842559814453,28.12842559814453,53.540000915527344,52.34000015258789,53.22999954223633,3672500
2010-05-05,27.75026512145996,27.75026512145996,53.04999923706055,51.31999969482422,51.970001220703125,3597300
2010-05-06,26.610414505004883,26.610414505004883,52.09000015258789,45.0,51.72999954223633,6191800
2010-05-07,26.16301155090332,26.16301155090332,51.130001068115234,48.31999969482422,50.43000030517578,5896600
2010-05-10,27.888744354248047,27.888744354248047,52.5099983215332,51.33000183105469,51.7599983215332,4817300
2010-05-11,28.053863525390625,28.053863525390625,53.18000030517578,51.52000045776367,51.650001525878906,3229100
2010-05-12,28.506614685058594,28.506614685058594,53.709999084472656,52.54999923706055,52.90999984741211,2577400
2010-05-13,28.043222427368164,28.043222427368164,53.7599983215332,52.560001373291016,53.63999938964844,2522000
2010-05-14,27.153709411621094,27.153709411621094,52.2599983215332,50.439998626708984,52.209999084472656,4558000
2010-05-17,27.19099235534668,27.19099235534668,52.0099983215332,49.52000045776367,51.2400016784668,2913300
2010-05-18,26.503890991210938,26.503890991210938,51.900001525878906,49.470001220703125,51.849998474121094,3725300
2010-05-19,26.258895874023438,26.258895874023438,50.400001525878906,47.97999954223633,49.29999923706055,5955800
2010-05-20,24.911317825317383,24.911317825317383,48.459999084472656,46.66999816894531,47.97999954223633,5847200
2010-05-21,25.7475528717041,25.7475528717041,48.400001525878906,45.72999954223633,46.0,5652000
2010-05-24,25.17230987548828,25.17230987548828,48.63999938964844,47.18000030517578,48.380001068115234,3826100
2010-05-25,25.374713897705078,25.374713897705078,47.7400016784668,45.36000061035156,45.91999816894531,4736400
2010-05-26,25.321447372436523,25.321447372436523,49.040000915527344,47.22999954223633,48.439998626708984,4937300
2010-05-27,26.711627960205078,26.711627960205078,50.20000076293945,48.189998626708984,48.77000045776367,2876100
2010-05-28,26.37073516845703,26.37073516845703,50.470001220703125,49.189998626708984,50.06999969482422,2769200
2010-06-01,25.822118759155273,25.822118759155273,49.70000076293945,48.400001525878906,48.84000015258789,2715000
2010-06-02,26.328126907348633,26.328126907348633,49.529998779296875,47.970001220703125,48.81999969482422,2015700
2010-06-03,26.253557205200195,26.253557205200195,49.75,48.849998474121094,49.70000076293945,2171700
2010-06-04,24.767498016357422,24.767498016357422,48.709999084472656,46.25,48.31999969482422,9751200
2010-06-07,24.634353637695312,24.634353637695312,47.529998779296875,46.16999816894531,46.7599983215332,3646600
2010-06-08,25.07643699645996,25.07643699645996,47.16999816894531,45.22999954223633,46.41999816894531,4966300
2010-06-09,25.22557830810547,25.22557830810547,48.720001220703125,47.119998931884766,47.529998779296875,4130400
2010-06-10,26.31747055053711,26.31747055053711,49.599998474121094,47.959999084472656,48.380001068115234,3918800
2010-06-11,26.631731033325195,26.631731033325195,50.119998931884766,48.790000915527344,48.880001068115234,2626800
2010-06-14,26.961965560913086,26.961965560913086,51.150001525878906,50.11000061035156,50.65999984741211,2967100
2010-06-15,27.5638370513916,27.5638370513916,51.86000061035156,50.59000015258789,50.93000030517578,2692500
2010-06-16,27.313505172729492,27.313505172729492,51.709999084472656,51.02000045776367,51.369998931884766,2496600
2010-06-17,27.372095108032227,27.372095108032227,51.630001068115234,50.83000183105469,51.4900016784668,3137100
2010-06-18,27.28687286376953,27.28687286376953,51.58000183105469,50.970001220703125,51.58000183105469,1981200
2010-06-21,27.073820114135742,27.073820114135742,52.150001525878906,50.68000030517578,51.939998626708984,2910100
2010-06-22,26.269540786743164,26.269540786743164,51.18000030517578,49.189998626708984,50.970001220703125,4468100
2010-06-23,26.338781356811523,26.338781356811523,50.029998779296875,48.52000045776367,49.2599983215332,2987900
2010-06-24,25.781225204467773,25.781225204467773,48.849998474121094,47.790000915527344,48.66999816894531,3163500
2010-06-25,26.43180274963379,26.43180274963379,49.380001068115234,47.84000015258789,48.150001525878906,4883700
2010-06-28,26.11995506286621,26.11995506286621,49.38999938964844,48.38999938964844,49.34000015258789,2439400
2010-06-29,25.265058517456055,25.265058517456055,47.869998931884766,46.599998474121094,47.849998474121094,4804700
2010-06-30,24.99622344970703,24.99622344970703,47.709999084472656,46.34000015258789,47.060001373291016,3616100
2010-07-01,24.91019630432129,24.91019630432129,46.7400016784668,45.18000030517578,46.52000045776367,7804700
2010-07-02,24.431671142578125,24.431671142578125,46.709999084472656,45.20000076293945,46.52000045776367,2682600
2010-07-06,23.88861846923828,23.88861846923828,46.54999923706055,43.959999084472656,46.33000183105469,4989800
2010-07-07,25.04998207092285,25.04998207092285,46.650001525878906,44.45000076293945,44.5,3702500
2010-07-08,25.361841201782227,25.361841201782227,47.59000015258789,46.33000183105469,47.25,2288500
2010-07-09,25.684450149536133,25.684450149536133,47.86000061035156,46.95000076293945,47.09000015258789,1597100
2010-07-12,25.765079498291016,25.765079498291016,48.06999969482422,47.16999816894531,47.689998626708984,2419900
2010-07-13,26.3995361328125,26.3995361328125,49.279998779296875,48.38999938964844,48.63999938964844,2622800
2010-07-14,26.24361801147461,26.24361801147461,49.27000045776367,48.16999816894531,48.869998931884766,2297300
2010-07-15,26.1575870513916,26.1575870513916,48.900001525878906,47.68000030517578,48.880001068115234,2560700
2010-07-16,25.308069229125977,25.308069229125977,48.400001525878906,46.70000076293945,48.33000183105469,2758100
2010-07-19,25.619915008544922,25.619915008544922,47.900001525878906,46.369998931884766,47.150001525878906,2740600
2010-07-20,26.098447799682617,26.098447799682617,48.709999084472656,46.720001220703125,46.880001068115234,3494800
2010-07-21,25.555395126342773,25.555395126342773,48.91999816894531,47.279998779296875,48.7599983215332,3526700
2010-07-22,26.512432098388672,26.512432098388672,49.709999084472656,48.09000015258789,48.13999938964844,3295200
2010-07-23,26.85117530822754,26.85117530822754,49.97999954223633,48.439998626708984,49.2400016784668,2956400
2010-07-26,27.52326774597168,27.52326774597168,51.310001373291016,49.63999938964844,50.04999923706055,3857800
2010-07-27,27.517879486083984,27.517879486083984,51.81999969482422,50.59000015258789,51.68000030517578,3483300
2010-07-28,27.464115142822266,27.464115142822266,51.70000076293945,50.779998779296875,51.029998779296875,2919200
2010-07-29,27.232921600341797,27.232921600341797,51.63999938964844,50.13999938964844,51.5099983215332,2276900
2010-07-30,27.39423179626465,27.39423179626465,51.209999084472656,49.95000076293945,50.08000183105469,2746300
2010-08-02,28.313644409179688,28.313644409179688,52.810001373291016,51.619998931884766,51.779998779296875,3018300
2010-08-03,28.039419174194336,28.039419174194336,52.56999969482422,51.779998779296875,52.529998779296875,1955500
2010-08-04,28.238357543945312,28.238357543945312,52.540000915527344,51.900001525878906,52.38999938964844,2041300
2010-08-05,27.883499145507812,27.883499145507812,52.5,51.75,52.2400016784668,1847300
2010-08-06,27.75446319580078,27.75446319580078,51.779998779296875,50.7599983215332,51.310001373291016,1836100
2010-08-09,28.071691513061523,28.071691513061523,52.380001068115234,51.560001373291016,51.880001068115234,2914500
2010-08-10,27.797481536865234,27.797481536865234,52.22999954223633,51.15999984741211,51.779998779296875,2180200
2010-08-11,27.103879928588867,27.103879928588867,51.09000015258789,49.9900016784668,50.84000015258789,2688600
2010-08-12,26.76515007019043,26.76515007019043,50.290000915527344,49.5,49.75,2632600
2010-08-13,26.76515007019043,26.76515007019043,50.150001525878906,49.619998931884766,49.75,2208700
2010-08-16,26.74365234375,26.74365234375,50.189998626708984,49.25,49.529998779296875,1827400
2010-08-17,27.356592178344727,27.356592178344727,51.2400016784668,49.93000030517578,50.22999954223633,2290800
2010-08-18,27.383474349975586,27.383474349975586,51.27000045776367,50.5099983215332,51.029998779296875,1651800
2010-08-19,26.68450355529785,26.68450355529785,50.779998779296875,49.349998474121094,50.779998779296875,2883700
2010-08-20,26.598472595214844,26.598472595214844,49.540000915527344,48.959999084472656,49.349998474121094,1585400
2010-08-23,26.458675384521484,26.458675384521484,49.84000015258789,49.189998626708984,49.66999816894531,1535700
2010-08-24,26.35115623474121,26.35115623474121,49.34000015258789,48.11000061035156,48.5,2611500
2010-08-25,26.770523071289062,26.770523071289062,50.040000915527344,48.529998779296875,48.599998474121094,1817700
2010-08-26,26.60923957824707,26.60923957824707,50.439998626708984,49.41999816894531,50.150001525878906,2792800
2010-08-27,27.050119400024414,27.050119400024414,50.400001525878906,48.75,49.79999923706055,2298700
2010-08-30,26.840425491333008,26.840425491333008,50.68000030517578,49.869998931884766,50.2400016784668,1641900
2010-08-31,27.044729232788086,27.044729232788086,50.459999084472656,49.4900016784668,49.7599983215332,2804700
2010-09-01,27.926513671875,27.926513671875,52.06999969482422,50.880001068115234,50.88999938964844,2037800
2010-09-02,28.2813720703125,28.2813720703125,52.66999816894531,51.86000061035156,51.9900016784668,1990000
2010-09-03,28.695388793945312,28.695388793945312,53.400001525878906,52.81999969482422,53.33000183105469,2093000
2010-09-07,28.254497528076172,28.254497528076172,53.11000061035156,52.4900016784668,52.91999816894531,1728300
2010-09-08,28.313644409179688,28.313644409179688,52.9900016784668,52.43000030517578,52.61000061035156,2043200
2010-09-09,27.985666275024414,27.985666275024414,53.279998779296875,51.88999938964844,53.209999084472656,1428600
2010-09-10,28.13620948791504,28.13620948791504,52.56999969482422,51.91999816894531,52.209999084472656,1024300
2010-09-13,28.598602294921875,28.598602294921875,53.22999954223633,52.65999984741211,52.83000183105469,1611000
2010-09-14,28.491079330444336,28.491079330444336,53.380001068115234,52.70000076293945,53.04999923706055,1842800
2010-09-15,28.738399505615234,28.738399505615234,53.650001525878906,52.66999816894531,52.72999954223633,3981000
2010-09-16,28.58784294128418,28.58784294128418,53.540000915527344,52.959999084472656,53.349998474121094,1490300
2010-09-17,28.67386817932129,28.67386817932129,53.560001373291016,52.849998474121094,53.400001525878906,1287600
2010-09-20,29.372852325439453,29.372852325439453,54.849998474121094,53.40999984741211,53.52000045776367,1801800
2010-09-21,28.94270896911621,28.94270896911621,54.77000045776367,53.709999084472656,54.77000045776367,3266300
2010-09-22,28.55021858215332,28.55021858215332,53.91999816894531,53.0,53.540000915527344,2927100
2010-09-23,27.845855712890625,27.845855712890625,52.790000915527344,51.59000015258789,52.68000030517578,2352800
2010-09-24,28.63359260559082,28.63359260559082,52.79999923706055,51.91999816894531,52.029998779296875,3617600
2010-09-27,28.28095245361328,28.28095245361328,52.97999954223633,51.880001068115234,52.97999954223633,1765200
2010-09-28,28.394878387451172,28.394878387451172,52.470001220703125,51.36000061035156,52.29999923706055,1755000
2010-09-29,28.17245864868164,28.17245864868164,52.279998779296875,51.7400016784668,52.27000045776367,2032200
2010-09-30,28.25384521484375,28.25384521484375,52.81999969482422,51.68000030517578,52.349998474121094,2745600
2010-10-01,28.394878387451172,28.394878387451172,52.599998474121094,51.689998626708984,52.38999938964844,6097900
2010-10-04,28.655298233032227,28.655298233032227,52.81999969482422,52.150001525878906,52.25,5232900
2010-10-05,29.111005783081055,29.111005783081055,53.84000015258789,52.81999969482422,53.11000061035156,2061300
2010-10-06,28.95368766784668,28.95368766784668,53.599998474121094,53.09000015258789,53.459999084472656,2100000
2010-10-07,29.035043716430664,29.035043716430664,53.88999938964844,53.2599983215332,53.599998474121094,1283000
2010-10-08,29.116418838500977,29.116418838500977,53.79999923706055,53.2400016784668,53.54999923706055,1118100
2010-10-11,29.111005783081055,29.111005783081055,53.84000015258789,53.52000045776367,53.7400016784668,954600
2010-10-12,29.31715202331543,29.31715202331543,54.18000030517578,53.279998779296875,53.5099983215332,1686500
2010-10-13,29.620960235595703,29.620960235595703,55.09000015258789,54.11000061035156,54.20000076293945,1634600
2010-10-14,29.545015335083008,29.545015335083008,54.810001373291016,54.119998931884766,54.5,1587600
2010-10-15,29.507020950317383,29.507020950317383,54.91999816894531,54.27000045776367,54.75,1794000
2010-10-18,29.88678741455078,29.88678741455078,55.150001525878906,54.310001373291016,54.369998931884766,1638000
2010-10-19,29.517873764038086,29.517873764038086,55.2400016784668,54.22999954223633,54.45000076293945,1987000
2010-10-20,30.163454055786133,30.163454055786133,56.08000183105469,54.52000045776367,54.52000045776367,1958700
2010-10-21,30.130908966064453,30.130908966064453,56.18000030517578,55.18000030517578,55.93000030517578,1848300
2010-10-22,30.147193908691406,30.147193908691406,55.90999984741211,55.16999816894531,55.70000076293945,1147900
2010-10-25,30.201440811157227,30.201440811157227,56.0,55.56999969482422,56.0,1663900
2010-10-26,29.984439849853516,29.984439849853516,55.43000030517578,54.970001220703125,55.25,1669500
2010-10-27,29.772859573364258,29.772859573364258,55.2599983215332,54.5,55.029998779296875,2485700
2010-10-28,29.588409423828125,29.588409423828125,55.380001068115234,54.0099983215332,55.13999938964844,1185400
2010-10-29,29.593830108642578,29.593830108642578,54.77000045776367,54.31999969482422,54.43000030517578,1017800
2010-11-01,29.848819732666016,29.848819732666016,55.540000915527344,54.66999816894531,54.810001373291016,1263100
2010-11-02,30.054956436157227,30.054956436157227,55.56999969482422,55.08000183105469,55.439998626708984,1166400
2010-11-03,30.054956436157227,30.054956436157227,55.61000061035156,54.91999816894531,55.61000061035156,1589400
2010-11-04,30.749372482299805,30.749372482299805,56.779998779296875,55.77000045776367,55.90999984741211,1186500
2010-11-05,31.080303192138672,31.080303192138672,57.650001525878906,56.459999084472656,56.880001068115234,1534200
2010-11-08,30.9121150970459,30.9121150970459,57.29999923706055,56.5,57.130001068115234,1784400
2010-11-09,29.658918380737305,29.658918380737305,57.209999084472656,54.290000915527344,57.119998931884766,3078600
2010-11-10,30.0278377532959,30.0278377532959,55.380001068115234,54.70000076293945,54.90999984741211,1480000
2010-11-11,29.789134979248047,29.789134979248047,55.43000030517578,54.75,55.0,1305100
2010-11-12,29.512462615966797,29.512462615966797,55.060001373291016,54.130001068115234,54.599998474121094,1683700
2010-11-15,29.230350494384766,29.230350494384766,54.81999969482422,53.790000915527344,54.52000045776367,2017000
2010-11-16,28.226703643798828,28.226703643798828,53.540000915527344,51.619998931884766,53.5099983215332,3883400
2010-11-17,28.443710327148438,28.443710327148438,52.7400016784668,51.959999084472656,52.15999984741211,1503300
2010-11-18,28.69869041442871,28.69869041442871,53.400001525878906,52.790000915527344,53.310001373291016,2498900
2010-11-19,28.850601196289062,28.850601196289062,53.310001373291016,52.33000183105469,52.75,2001900
2010-11-22,28.926544189453125,28.926544189453125,53.5,53.0099983215332,53.040000915527344,1443200
2010-11-23,28.69869041442871,28.69869041442871,53.0,52.58000183105469,52.720001220703125,2671600
2010-11-24,29.252044677734375,29.252044677734375,54.0,53.29999923706055,53.31999969482422,1555400
2010-11-26,29.192371368408203,29.192371368408203,54.04999923706055,53.56999969482422,53.68000030517578,661100
2010-11-29,29.17609977722168,29.17609977722168,53.939998626708984,53.040000915527344,53.529998779296875,1620500
2010-11-30,29.045894622802734,29.045894622802734,53.869998931884766,53.209999084472656,53.29999923706055,1652000
2010-12-01,29.214069366455078,29.214069366455078,54.20000076293945,53.40999984741211,54.20000076293945,2195300
2010-12-02,29.664344787597656,29.664344787597656,54.720001220703125,53.88999938964844,54.02000045776367,1353800
2010-12-03,29.658918380737305,29.658918380737305,54.810001373291016,54.16999816894531,54.29999923706055,1589000
2010-12-06,29.718605041503906,29.718605041503906,54.90999984741211,54.08000183105469,54.63999938964844,1602500
2010-12-07,29.783716201782227,29.783716201782227,55.41999816894531,54.88999938964844,55.310001373291016,1773500
2010-12-08,29.344276428222656,29.344276428222656,55.11000061035156,53.77000045776367,55.040000915527344,2263600
2010-12-09,29.0838680267334,29.0838680267334,54.47999954223633,53.4900016784668,54.29999923706055,1487900
2010-12-10,29.273759841918945,29.273759841918945,54.29999923706055,53.619998931884766,53.709999084472656,2754600
2010-12-13,29.32257652282715,29.32257652282715,54.439998626708984,53.9900016784668,54.27000045776367,1023800
2010-12-14,29.035043716430664,29.035043716430664,54.61000061035156,53.279998779296875,54.13999938964844,1645800
2010-12-15,28.758358001708984,28.758358001708984,53.869998931884766,52.91999816894531,53.470001220703125,1447800
2010-12-16,28.80719566345215,28.80719566345215,53.349998474121094,52.75,53.099998474121094,1270200
2010-12-17,29.045894622802734,29.045894622802734,53.59000015258789,53.04999923706055,53.189998626708984,2871200
2010-12-20,29.393112182617188,29.393112182617188,54.36000061035156,53.65999984741211,53.709999084472656,2388500
2010-12-21,29.70232391357422,29.70232391357422,54.84000015258789,54.27000045776367,54.31999969482422,2927500
2010-12-22,29.930179595947266,29.930179595947266,55.52000045776367,54.66999816894531,54.66999816894531,1398000
2010-12-23,29.7945556640625,29.7945556640625,55.349998474121094,54.900001525878906,55.189998626708984,1241600
2010-12-27,30.164756774902344,30.164756774902344,55.02000045776367,54.11000061035156,54.310001373291016,1275200
2010-12-28,30.285429000854492,30.285429000854492,55.290000915527344,54.720001220703125,55.099998474121094,2919200
2010-12-29,30.345745086669922,30.345745086669922,55.43000030517578,55.02000045776367,55.22999954223633,1511400
2010-12-30,30.428007125854492,30.428007125854492,55.68000030517578,55.2400016784668,55.2400016784668,1229500
2010-12-31,30.36768341064453,30.36768341064453,55.75,55.29999923706055,55.470001220703125,1168500
2011-01-03,30.932594299316406,30.932594299316406,56.439998626708984,55.72999954223633,55.7599983215332,1957400
2011-01-04,30.340259552001953,30.340259552001953,56.630001068115234,55.0,56.47999954223633,2315700
2011-01-05,30.4499568939209,30.4499568939209,55.630001068115234,55.13999938964844,55.150001525878906,1512700
2011-01-06,30.164756774902344,30.164756774902344,55.68000030517578,54.970001220703125,55.66999816894531,1819300
2011-01-07,30.175737380981445,30.175737380981445,55.45000076293945,54.5,55.290000915527344,2001200
2011-01-10,30.170244216918945,30.170244216918945,55.13999938964844,54.41999816894531,54.79999923706055,1668400
2011-01-11,30.10443115234375,30.10443115234375,55.38999938964844,54.5099983215332,55.209999084472656,1237500
2011-01-12,30.230573654174805,30.230573654174805,55.349998474121094,54.86000061035156,55.310001373291016,1639600
2011-01-13,30.32928466796875,30.32928466796875,55.470001220703125,54.9900016784668,55.130001068115234,1200400
2011-01-14,30.532222747802734,30.532222747802734,55.66999816894531,55.119998931884766,55.2599983215332,1334300
2011-01-18,30.795473098754883,30.795473098754883,56.150001525878906,55.400001525878906,55.650001525878906,1348900
2011-01-19,30.38962173461914,30.38962173461914,56.130001068115234,55.150001525878906,56.09000015258789,2340800
2011-01-20,30.395109176635742,30.395109176635742,55.84000015258789,55.150001525878906,55.33000183105469,1934400
2011-01-21,30.41704750061035,30.41704750061035,55.66999816894531,55.310001373291016,55.599998474121094,1196800
2011-01-24,30.570627212524414,30.570627212524414,56.02000045776367,55.36000061035156,55.540000915527344,1143000
2011-01-25,30.92711067199707,30.92711067199707,56.40999984741211,55.41999816894531,55.59000015258789,1249600
2011-01-26,30.976463317871094,30.976463317871094,56.7599983215332,56.15999984741211,56.560001373291016,2310600
2011-01-27,31.464582443237305,31.464582443237305,57.5,56.75,56.970001220703125,1926600
2011-01-28,30.943561553955078,30.943561553955078,57.599998474121094,56.27000045776367,57.439998626708984,1404200
2011-01-31,31.35489273071289,31.35489273071289,57.349998474121094,56.59000015258789,56.689998626708984,1916800
2011-02-01,31.431678771972656,31.431678771972656,57.56999969482422,56.7599983215332,57.5099983215332,2400100
2011-02-02,31.431678771972656,31.431678771972656,57.68000030517578,57.220001220703125,57.279998779296875,1698300
2011-02-03,31.51943016052246,31.51943016052246,57.61000061035156,57.0,57.099998474121094,1294300
2011-02-04,31.28907585144043,31.28907585144043,57.599998474121094,56.810001373291016,57.540000915527344,1842700
2011-02-07,31.596208572387695,31.596208572387695,57.70000076293945,57.02000045776367,57.130001068115234,1361500
2011-02-08,31.73332977294922,31.73332977294922,57.95000076293945,57.56999969482422,57.65999984741211,1356800
2011-02-09,31.75527572631836,31.75527572631836,57.95000076293945,57.599998474121094,57.779998779296875,1702500
2011-02-10,31.886882781982422,31.886882781982422,58.27000045776367,57.720001220703125,57.720001220703125,1364800
2011-02-11,32.095306396484375,32.095306396484375,58.56999969482422,57.84000015258789,58.06999969482422,1355200
2011-02-14,32.10079574584961,32.10079574584961,58.709999084472656,58.130001068115234,58.599998474121094,1062000
2011-02-15,31.980131149291992,31.980131149291992,58.5099983215332,58.0,58.310001373291016,1198500
2011-02-16,32.05142593383789,32.05142593383789,58.900001525878906,58.18000030517578,58.47999954223633,1084400
2011-02-17,32.08433532714844,32.08433532714844,58.720001220703125,58.369998931884766,58.45000076293945,1011000
2011-02-18,32.21047592163086,32.21047592163086,58.88999938964844,58.5,58.59000015258789,1288000
2011-02-22,31.930774688720703,31.930774688720703,58.869998931884766,58.09000015258789,58.279998779296875,2159100
2011-02-23,31.662031173706055,31.662031173706055,58.41999816894531,57.369998931884766,58.20000076293945,1966800
2011-02-24,31.420711517333984,31.420711517333984,57.84000015258789,56.83000183105469,57.65999984741211,1586800
2011-02-25,32.03496551513672,32.03496551513672,58.4900016784668,57.540000915527344,57.540000915527344,1135900
2011-02-28,32.83023452758789,32.83023452758789,59.86000061035156,58.790000915527344,58.88999938964844,1725800
2011-03-01,31.85398292541504,31.85398292541504,60.0,58.06999969482422,59.83000183105469,3119700
2011-03-02,31.563302993774414,31.563302993774414,58.15999984741211,57.34000015258789,58.0,2400000
2011-03-03,32.01851272583008,32.01851272583008,58.400001525878906,57.939998626708984,58.130001068115234,1590100
2011-03-04,31.711387634277344,31.711387634277344,58.45000076293945,57.529998779296875,58.34000015258789,1681900
2011-03-07,31.48104476928711,31.48104476928711,58.20000076293945,57.04999923706055,58.02000045776367,1661400
2011-03-08,31.92528533935547,31.92528533935547,58.52000045776367,57.40999984741211,57.5,2228600
2011-03-09,31.89238929748535,31.89238929748535,58.470001220703125,57.720001220703125,58.209999084472656,1358600
2011-03-10,31.404260635375977,31.404260635375977,57.7400016784668,57.20000076293945,57.66999816894531,1704800
2011-03-11,31.72236442565918,31.72236442565918,57.95000076293945,57.02000045776367,57.04999923706055,1349400
2011-03-14,31.404260635375977,31.404260635375977,57.61000061035156,57.029998779296875,57.5,1673700
2011-03-15,31.239713668823242,31.239713668823242,57.349998474121094,55.90999984741211,56.119998931884766,2439500
2011-03-16,30.779024124145508,30.779024124145508,57.0099983215332,55.72999954223633,56.95000076293945,3176100
2011-03-17,31.014856338500977,31.014856338500977,56.95000076293945,56.09000015258789,56.790000915527344,1837500
2011-03-18,31.327468872070312,31.327468872070312,57.36000061035156,56.849998474121094,57.029998779296875,1887600
2011-03-21,31.667518615722656,31.667518615722656,57.9900016784668,57.470001220703125,57.619998931884766,1340600
2011-03-22,31.464582443237305,31.464582443237305,57.869998931884766,57.20000076293945,57.75,2793800
2011-03-23,31.119075775146484,31.119075775146484,57.27000045776367,56.36000061035156,57.27000045776367,1699400
2011-03-24,31.250694274902344,31.250694274902344,57.150001525878906,56.369998931884766,57.08000183105469,1466700
2011-03-25,31.494869232177734,31.494869232177734,57.2599983215332,56.560001373291016,56.79999923706055,2441500
2011-03-28,31.45619773864746,31.45619773864746,57.279998779296875,56.790000915527344,57.06999969482422,1843000
2011-03-29,31.583261489868164,31.583261489868164,57.290000915527344,56.380001068115234,57.0,2293200
2011-03-30,32.04179000854492,32.04179000854492,58.06999969482422,57.2400016784668,57.4900016784668,1832700
2011-03-31,32.30144119262695,32.30144119262695,58.560001373291016,57.900001525878906,57.959999084472656,3204000
2011-04-01,32.35116195678711,32.35116195678711,58.95000076293945,58.25,58.779998779296875,4149100
2011-04-04,32.32906723022461,32.32906723022461,58.77000045776367,58.400001525878906,58.7400016784668,1072600
2011-04-05,32.36221694946289,32.36221694946289,58.81999969482422,58.38999938964844,58.459999084472656,1248100
2011-04-06,32.378787994384766,32.378787994384766,58.84000015258789,58.439998626708984,58.84000015258789,1286500
2011-04-07,32.01968765258789,32.01968765258789,58.689998626708984,57.689998626708984,58.66999816894531,1773000
2011-04-08,31.787670135498047,31.787670135498047,58.349998474121094,57.369998931884766,58.119998931884766,2259700
2011-04-11,31.809762954711914,31.809762954711914,58.029998779296875,57.38999938964844,57.650001525878906,1335300
2011-04-12,31.7545166015625,31.7545166015625,57.75,57.33000183105469,57.38999938964844,1996500
2011-04-13,31.704801559448242,31.704801559448242,57.77000045776367,57.290000915527344,57.7599983215332,1212600
2011-04-14,32.163333892822266,32.163333892822266,58.34000015258789,57.099998474121094,57.220001220703125,1423500
2011-04-15,32.57767105102539,32.57767105102539,59.0,58.25,58.380001068115234,1408600
2011-04-18,32.28485870361328,32.28485870361328,58.529998779296875,58.060001373291016,58.529998779296875,1709900
2011-04-19,32.53899383544922,32.53899383544922,59.0,58.5099983215332,58.560001373291016,1096500
2011-04-20,32.92018508911133,32.92018508911133,59.68000030517578,59.0,59.40999984741211,1432600
2011-04-21,33.14115905761719,33.14115905761719,60.02000045776367,59.33000183105469,59.75,1746900
2011-04-25,33.36213302612305,33.36213302612305,60.61000061035156,59.810001373291016,60.119998931884766,1421400
2011-04-26,33.65493392944336,33.65493392944336,61.13999938964844,60.27000045776367,60.61000061035156,2700000
2011-04-27,33.90352249145508,33.90352249145508,61.43000030517578,60.83000183105469,61.040000915527344,1860300
2011-04-28,34.35654830932617,34.35654830932617,62.380001068115234,61.38999938964844,61.45000076293945,2348200
2011-04-29,34.157649993896484,34.157649993896484,62.349998474121094,61.09000015258789,62.290000915527344,1777800
2011-05-02,34.20737075805664,34.20737075805664,62.36000061035156,61.400001525878906,62.130001068115234,2434500
2011-05-03,33.91457748413086,33.91457748413086,62.189998626708984,60.689998626708984,61.7400016784668,2052900
2011-05-04,33.721214294433594,33.721214294433594,61.4900016784668,60.75,61.290000915527344,1650200
2011-05-05,33.699134826660156,33.699134826660156,61.45000076293945,60.52000045776367,60.709999084472656,1900000
2011-05-06,33.40080642700195,33.40080642700195,61.54999923706055,60.290000915527344,61.43000030517578,2277700
2011-05-09,33.57205581665039,33.57205581665039,60.93000030517578,60.220001220703125,60.4900016784668,983300
2011-05-10,34.10240173339844,34.10240173339844,61.810001373291016,60.97999954223633,61.02000045776367,1699400
2011-05-11,33.74332809448242,33.74332809448242,61.709999084472656,60.880001068115234,61.689998626708984,1736000
2011-05-12,33.798553466796875,33.798553466796875,61.27000045776367,60.38999938964844,60.900001525878906,1429800
2011-05-13,33.439483642578125,33.439483642578125,61.33000183105469,60.380001068115234,61.33000183105469,1482300
2011-05-16,33.48919677734375,33.48919677734375,61.0099983215332,60.22999954223633,60.2599983215332,2157000
2011-05-17,33.47813034057617,33.47813034057617,60.75,60.220001220703125,60.439998626708984,2183400
2011-05-18,33.80408477783203,33.80408477783203,61.25,60.34000015258789,60.59000015258789,1323700
2011-05-19,33.947731018066406,33.947731018066406,61.709999084472656,60.970001220703125,61.45000076293945,1324000
2011-05-20,33.533409118652344,33.533409118652344,61.40999984741211,60.63999938964844,61.15999984741211,1385200
2011-05-23,33.19088363647461,33.19088363647461,60.36000061035156,59.91999816894531,60.08000183105469,1809700
2011-05-24,33.290321350097656,33.290321350097656,60.4900016784668,60.040000915527344,60.20000076293945,1299400
2011-05-25,33.44499588012695,33.44499588012695,60.849998474121094,59.720001220703125,60.13999938964844,1411900
2011-05-26,33.89247131347656,33.89247131347656,61.5099983215332,60.27000045776367,60.47999954223633,1095800
2011-05-27,34.08584213256836,34.08584213256836,61.77000045776367,61.25,61.5099983215332,970600
2011-05-31,34.62723159790039,34.62723159790039,62.70000076293945,61.95000076293945,62.18000030517578,1691500
2011-06-01,33.63283157348633,33.63283157348633,62.61000061035156,60.79999923706055,62.540000915527344,2859300
2011-06-02,33.38975524902344,33.38975524902344,61.400001525878906,60.34000015258789,60.880001068115234,2122900
2011-06-03,33.5223503112793,33.5223503112793,60.959999084472656,59.68000030517578,59.84000015258789,1897800
2011-06-06,33.03066635131836,33.03066635131836,60.779998779296875,59.7599983215332,60.58000183105469,1172700
2011-06-07,33.37870407104492,33.37870407104492,60.959999084472656,59.939998626708984,60.119998931884766,1252000
2011-06-08,33.284786224365234,33.284786224365234,60.810001373291016,60.11000061035156,60.15999984741211,1509400
2011-06-09,32.92570114135742,32.92570114135742,60.459999084472656,59.33000183105469,60.41999816894531,1381600
2011-06-10,32.09703826904297,32.09703826904297,59.43000030517578,58.0099983215332,59.33000183105469,2011600
2011-06-13,32.2296257019043,32.2296257019043,58.7599983215332,57.97999954223633,58.25,1780800
2011-06-14,32.71024703979492,32.71024703979492,59.369998931884766,58.7400016784668,58.90999984741211,1163900
2011-06-15,32.18544006347656,32.18544006347656,59.0099983215332,57.81999969482422,58.689998626708984,1761700
2011-06-16,32.439552307128906,32.439552307128906,59.0,57.88999938964844,58.27000045776367,2077100
2011-06-17,32.748924255371094,32.748924255371094,59.45000076293945,58.72999954223633,59.36000061035156,1912800
2011-06-20,33.14668273925781,33.14668273925781,60.150001525878906,59.09000015258789,59.09000015258789,1968200
2011-06-21,33.40632629394531,33.40632629394531,60.529998779296875,59.9900016784668,60.36000061035156,1375400
2011-06-22,33.306888580322266,33.306888580322266,60.880001068115234,60.22999954223633,60.34000015258789,3467800
2011-06-23,32.63290786743164,32.63290786743164,59.560001373291016,58.529998779296875,59.470001220703125,2618700
2011-06-24,32.6379280090332,32.6379280090332,59.040000915527344,58.20000076293945,58.709999084472656,2083800
2011-06-27,32.77720642089844,32.77720642089844,59.04999923706055,58.529998779296875,58.61000061035156,2519000
2011-06-28,33.05021286010742,33.05021286010742,59.369998931884766,58.63999938964844,59.02000045776367,1278700
2011-06-29,33.39566421508789,33.39566421508789,60.09000015258789,59.31999969482422,59.63999938964844,2049000
2011-06-30,33.484779357910156,33.484779357910156,60.400001525878906,59.83000183105469,60.13999938964844,1960900
2011-07-01,34.05866241455078,34.05866241455078,61.29999923706055,60.119998931884766,60.27000045776367,1796700
2011-07-05,34.320518493652344,34.320518493652344,61.790000915527344,60.84000015258789,61.310001373291016,1693200
2011-07-06,34.57680892944336,34.57680892944336,62.150001525878906,61.34000015258789,61.41999816894531,1655200
2011-07-07,35.01138687133789,35.01138687133789,62.9900016784668,62.45000076293945,62.529998779296875,1530900
2011-07-08,34.96681213378906,34.96681213378906,62.779998779296875,61.959999084472656,62.130001068115234,1956000
2011-07-11,34.359527587890625,34.359527587890625,62.18000030517578,61.529998779296875,61.869998931884766,1878600
2011-07-12,34.47651672363281,34.47651672363281,62.7400016784668,61.36000061035156,61.470001220703125,2078400
2011-07-13,34.13665771484375,34.13665771484375,62.20000076293945,61.220001220703125,62.04999923706055,1853600
2011-07-14,33.81909942626953,33.81909942626953,61.5099983215332,60.43000030517578,61.41999816894531,1715800
2011-07-15,34.19236755371094,34.19236755371094,61.380001068115234,60.529998779296875,60.939998626708984,1526200
2011-07-18,33.952796936035156,33.952796936035156,61.290000915527344,60.40999984741211,61.189998626708984,1272400
2011-07-19,34.498802185058594,34.498802185058594,61.95000076293945,61.099998474121094,61.310001373291016,1363100
2011-07-20,34.749534606933594,34.749534606933594,62.47999954223633,61.79999923706055,62.15999984741211,1508500
2011-07-21,35.02810287475586,35.02810287475586,63.22999954223633,62.70000076293945,62.709999084472656,1373600
2011-07-22,35.2008171081543,35.2008171081543,63.31999969482422,62.709999084472656,62.9900016784668,1184400
2011-07-25,34.872093200683594,34.872093200683594,62.9900016784668,62.290000915527344,62.47999954223633,2624300
2011-07-26,34.950096130371094,34.950096130371094,62.959999084472656,62.209999084472656,62.54999923706055,1815200
2011-07-27,33.96951675415039,33.96951675415039,62.529998779296875,60.91999816894531,62.380001068115234,1794700
2011-07-28,34.002933502197266,34.002933502197266,61.619998931884766,60.369998931884766,60.95000076293945,2360300
2011-07-29,34.008506774902344,34.008506774902344,61.13999938964844,59.959999084472656,60.4900016784668,1982300
2011-08-01,33.49592971801758,33.49592971801758,62.0,59.63999938964844,61.77000045776367,2668900
2011-08-02,32.42620086669922,32.42620086669922,60.040000915527344,58.130001068115234,59.72999954223633,3298000
2011-08-03,32.15876007080078,32.15876007080078,58.29999923706055,56.209999084472656,58.290000915527344,4775700
2011-08-04,30.587602615356445,30.587602615356445,57.2599983215332,54.7599983215332,57.099998474121094,4629400
2011-08-05,29.824298858642578,29.824298858642578,55.59000015258789,52.70000076293945,55.459999084472656,7017600
2011-08-08,27.233556747436523,27.233556747436523,52.439998626708984,48.720001220703125,51.709999084472656,9058400
2011-08-09,29.712881088256836,29.712881088256836,53.43000030517578,48.959999084472656,49.52000045776367,8039400
2011-08-10,29.0275821685791,29.0275821685791,54.689998626708984,51.65999984741211,52.349998474121094,7527500
2011-08-11,30.53189468383789,30.53189468383789,55.849998474121094,52.130001068115234,52.47999954223633,4463100
2011-08-12,30.526321411132812,30.526321411132812,56.310001373291016,54.4900016784668,55.470001220703125,4019100
2011-08-15,31.64063262939453,31.64063262939453,56.84000015258789,55.11000061035156,55.209999084472656,2630500
2011-08-16,31.545902252197266,31.545902252197266,56.9900016784668,55.66999816894531,56.20000076293945,2688800
2011-08-17,31.63506317138672,31.63506317138672,57.5,56.27000045776367,56.95000076293945,2230600
2011-08-18,30.2254638671875,30.2254638671875,55.45000076293945,53.650001525878906,54.86000061035156,3488600
2011-08-19,29.646015167236328,29.646015167236328,54.68000030517578,53.06999969482422,53.20000076293945,3271400
2011-08-22,29.679452896118164,29.679452896118164,54.58000183105469,52.52000045776367,54.40999984741211,2213600
2011-08-23,30.4093074798584,30.4093074798584,54.630001068115234,53.0,53.34000015258789,2687800
2011-08-24,30.810462951660156,30.810462951660156,55.47999954223633,53.959999084472656,54.459999084472656,3095000
2011-08-25,30.23659896850586,30.23659896850586,56.25,53.689998626708984,55.58000183105469,2370800
2011-08-26,30.60431480407715,30.60431480407715,55.130001068115234,52.7400016784668,53.97999954223633,2829900
2011-08-29,31.651756286621094,31.651756286621094,56.86000061035156,55.619998931884766,55.630001068115234,1976900
2011-08-30,31.740901947021484,31.740901947021484,57.38999938964844,55.79999923706055,56.70000076293945,2705900
2011-08-31,32.09748077392578,32.09748077392578,57.88999938964844,56.81999969482422,57.41999816894531,3047600
2011-09-01,31.63506317138672,31.63506317138672,57.959999084472656,56.52000045776367,57.5,4270000
2011-09-02,30.888469696044922,30.888469696044922,56.45000076293945,55.279998779296875,55.63999938964844,3459400
2011-09-06,30.75475311279297,30.75475311279297,55.439998626708984,53.65999984741211,53.72999954223633,3163900
2011-09-07,31.913631439208984,31.913631439208984,57.349998474121094,55.2599983215332,55.90999984741211,1902000
2011-09-08,31.668487548828125,31.668487548828125,57.59000015258789,56.58000183105469,56.869998931884766,2395000
2011-09-09,30.6767520904541,30.6767520904541,56.59000015258789,54.560001373291016,56.31999969482422,2436900
2011-09-12,30.777042388916016,30.777042388916016,55.279998779296875,54.040000915527344,54.189998626708984,4245800
2011-09-13,30.849468231201172,30.849468231201172,55.61000061035156,54.7400016784668,55.59000015258789,2166300
2011-09-14,31.050031661987305,31.050031661987305,56.119998931884766,54.68000030517578,55.5,2115200
2011-09-15,31.5626220703125,31.5626220703125,56.709999084472656,55.83000183105469,56.45000076293945,2848800
2011-09-16,31.86905288696289,31.86905288696289,57.220001220703125,55.939998626708984,56.68000030517578,2019000
2011-09-19,31.17262840270996,31.17262840270996,56.4900016784668,55.79999923706055,56.22999954223633,1958600
2011-09-20,31.15590476989746,31.15590476989746,56.65999984741211,55.709999084472656,55.900001525878906,1546600
2011-09-21,29.512304306030273,29.512304306030273,55.97999954223633,52.93000030517578,55.880001068115234,2825000
2011-09-22,28.7935848236084,28.7935848236084,52.54999923706055,50.869998931884766,51.84000015258789,4405500
2011-09-23,29.005657196044922,29.005657196044922,51.7400016784668,50.650001525878906,51.0,2688200
2011-09-26,29.410701751708984,29.410701751708984,52.369998931884766,51.15999984741211,52.0099983215332,2246100
2011-09-27,29.703243255615234,29.703243255615234,53.779998779296875,52.529998779296875,53.189998626708984,1777600
2011-09-28,28.949405670166016,28.949405670166016,53.2599983215332,51.36000061035156,52.689998626708984,2241900
2011-09-29,29.399463653564453,29.399463653564453,52.56999969482422,51.4900016784668,52.439998626708984,2151600
2011-09-30,28.617490768432617,28.617490768432617,52.369998931884766,50.86000061035156,51.400001525878906,1970600
2011-10-03,27.26734733581543,27.26734733581543,51.279998779296875,48.38999938964844,50.34000015258789,5785500
2011-10-04,28.341848373413086,28.341848373413086,50.58000183105469,47.099998474121094,47.790000915527344,5508100
2011-10-05,28.09994125366211,28.09994125366211,50.58000183105469,47.869998931884766,50.58000183105469,8885500
2011-10-06,28.87063980102539,28.87063980102539,51.40999984741211,49.369998931884766,49.900001525878906,2513100
2011-10-07,28.066190719604492,28.066190719604492,51.810001373291016,49.779998779296875,51.56999969482422,2993000
2011-10-10,29.466955184936523,29.466955184936523,52.38999938964844,50.75,50.849998474121094,2280500
2011-10-11,28.881893157958984,28.881893157958984,52.189998626708984,51.06999969482422,52.0,2206200
2011-10-12,29.354459762573242,29.354459762573242,52.970001220703125,51.34000015258789,51.849998474121094,2634100
2011-10-13,29.163177490234375,29.163177490234375,52.27000045776367,50.810001373291016,51.95000076293945,1850000
2011-10-14,29.83824920654297,29.83824920654297,53.279998779296875,52.290000915527344,52.400001525878906,1685600
2011-10-17,29.19131851196289,29.19131851196289,52.81999969482422,51.65999984741211,52.81999969482422,1835000
2011-10-18,30.22079086303711,30.22079086303711,53.959999084472656,51.720001220703125,51.81999969482422,3158600
2011-10-19,29.872007369995117,29.872007369995117,54.0099983215332,52.869998931884766,53.65999984741211,2348600
2011-10-20,30.040781021118164,30.040781021118164,53.529998779296875,52.08000183105469,53.529998779296875,1965200
2011-10-21,31.0308837890625,31.0308837890625,55.15999984741211,53.93000030517578,53.959999084472656,1636200
2011-10-24,31.80158233642578,31.80158233642578,56.61000061035156,55.040000915527344,55.29999923706055,2858800
2011-10-25,31.284048080444336,31.284048080444336,56.25,55.369998931884766,56.0,2190500
2011-10-26,31.514690399169922,31.514690399169922,56.29999923706055,55.130001068115234,56.08000183105469,1919000
2011-10-27,33.011104583740234,33.011104583740234,59.119998931884766,57.119998931884766,57.900001525878906,2167600
2011-10-28,33.078609466552734,33.078609466552734,58.83000183105469,58.06999969482422,58.150001525878906,1971100
2011-10-31,32.707298278808594,32.707298278808594,58.900001525878906,57.599998474121094,58.2400016784668,2033500
2011-11-01,31.655323028564453,31.655323028564453,57.560001373291016,55.9900016784668,56.349998474121094,3614000
2011-11-02,32.26288986206055,32.26288986206055,57.81999969482422,56.33000183105469,57.11000061035156,2302500
2011-11-03,32.707298278808594,32.707298278808594,58.290000915527344,56.4900016784668,58.04999923706055,2155400
2011-11-04,32.44291305541992,32.44291305541992,57.779998779296875,56.70000076293945,57.65999984741211,1500600
2011-11-07,32.44853973388672,32.44853973388672,58.369998931884766,56.900001525878906,57.59000015258789,1661500
2011-11-08,32.87046432495117,32.87046432495117,58.4900016784668,56.709999084472656,58.0,1250100
2011-11-09,31.368436813354492,31.368436813354492,57.40999984741211,55.630001068115234,57.099998474121094,1950700
2011-11-10,31.362794876098633,31.362794876098633,56.61000061035156,55.400001525878906,56.33000183105469,2765200
2011-11-11,32.206634521484375,32.206634521484375,57.41999816894531,56.11000061035156,56.41999816894531,1796700
2011-11-14,31.610321044921875,31.610321044921875,57.060001373291016,55.810001373291016,56.97999954223633,2019900
2011-11-15,31.846595764160156,31.846595764160156,57.0099983215332,55.630001068115234,55.900001525878906,1725800
2011-11-16,31.542804718017578,31.542804718017578,56.939998626708984,55.93000030517578,56.060001373291016,1466300
2011-11-17,30.963382720947266,30.963382720947266,56.04999923706055,54.70000076293945,55.97999954223633,2401000
2011-11-18,31.160276412963867,31.160276412963867,55.4900016784668,54.75,55.380001068115234,1924800
2011-11-21,30.372690200805664,30.372690200805664,54.58000183105469,53.650001525878906,54.58000183105469,2054100
2011-11-22,30.232044219970703,30.232044219970703,54.25,53.38999938964844,53.77000045776367,2021300
2011-11-23,29.32068634033203,29.32068634033203,53.290000915527344,52.060001373291016,53.290000915527344,1728000
2011-11-25,29.45008659362793,29.45008659362793,53.29999923706055,51.88999938964844,52.0,680200
2011-11-28,30.108285903930664,30.108285903930664,54.16999816894531,53.08000183105469,53.880001068115234,1721900
2011-11-29,30.06328773498535,30.06328773498535,53.849998474121094,53.130001068115234,53.599998474121094,1794100
2011-11-30,31.46406364440918,31.46406364440918,56.0,54.7599983215332,54.810001373291016,2171600
2011-12-01,31.205293655395508,31.205293655395508,55.90999984741211,54.91999816894531,55.90999984741211,2356400
2011-12-02,31.17714500427246,31.17714500427246,56.36000061035156,55.369998931884766,55.83000183105469,1374500
2011-12-05,31.441543579101562,31.441543579101562,56.5,55.4900016784668,56.18000030517578,1362900
2011-12-06,31.390920639038086,31.390920639038086,56.13999938964844,55.41999816894531,55.810001373291016,2075500
2011-12-07,31.73407745361328,31.73407745361328,56.61000061035156,55.22999954223633,55.7400016784668,1675500
2011-12-08,31.013999938964844,31.013999938964844,56.20000076293945,55.0099983215332,56.02000045776367,1642200
2011-12-09,31.69470977783203,31.69470977783203,56.61000061035156,55.310001373291016,55.52000045776367,1221700
2011-12-12,31.132152557373047,31.132152557373047,55.849998474121094,54.869998931884766,55.849998474121094,1710100
2011-12-13,30.766477584838867,30.766477584838867,56.11000061035156,54.40999984741211,55.619998931884766,1555200
2011-12-14,30.94649314880371,30.94649314880371,55.59000015258789,54.29999923706055,54.4900016784668,2213400
2011-12-15,31.46406364440918,31.46406364440918,56.15999984741211,55.36000061035156,55.5099983215332,1268500
2011-12-16,31.812841415405273,31.812841415405273,57.0099983215332,56.060001373291016,56.15999984741211,1749800
2011-12-19,31.537189483642578,31.537189483642578,56.869998931884766,55.90999984741211,56.650001525878906,1366200
2011-12-20,32.49354553222656,32.49354553222656,57.81999969482422,56.68000030517578,56.849998474121094,1248400
2011-12-21,32.48229217529297,32.48229217529297,57.939998626708984,57.27000045776367,57.72999954223633,2621500
2011-12-22,32.949222564697266,32.949222564697266,58.869998931884766,57.81999969482422,57.95000076293945,1388200
2011-12-23,33.09256362915039,33.09256362915039,58.34000015258789,57.77000045776367,58.29999923706055,2307400
2011-12-27,33.24043655395508,33.24043655395508,58.849998474121094,57.779998779296875,58.099998474121094,1173200
2011-12-28,32.84228515625,32.84228515625,58.619998931884766,57.709999084472656,58.560001373291016,1359300
2011-12-29,33.132381439208984,33.132381439208984,58.380001068115234,57.72999954223633,57.900001525878906,948500
2011-12-30,32.99016571044922,32.99016571044922,58.709999084472656,57.97999954223633,58.369998931884766,1969300
2012-01-03,33.26888656616211,33.26888656616211,59.650001525878906,57.9900016784668,59.04999923706055,6177500
2012-01-04,32.7000846862793,32.7000846862793,58.25,57.31999969482422,58.099998474121094,2393900
2012-01-05,33.007225036621094,33.007225036621094,58.150001525878906,57.029998779296875,57.47999954223633,1805000
2012-01-06,32.899173736572266,32.899173736572266,58.34000015258789,57.56999969482422,58.18000030517578,1337800
2012-01-09,32.785404205322266,32.785404205322266,58.119998931884766,57.4900016784668,58.0099983215332,1537200
2012-01-10,33.14944076538086,33.14944076538086,58.650001525878906,58.189998626708984,58.310001373291016,1558300
2012-01-11,33.38263702392578,33.38263702392578,58.79999923706055,58.02000045776367,58.189998626708984,1407000
2012-01-12,33.1380615234375,33.1380615234375,58.779998779296875,57.90999984741211,58.63999938964844,1734500
2012-01-13,33.212005615234375,33.212005615234375,58.400001525878906,57.66999816894531,58.0,1534700
2012-01-17,33.485023498535156,33.485023498535156,59.290000915527344,58.63999938964844,58.970001220703125,1450300
2012-01-18,33.718223571777344,33.718223571777344,59.47999954223633,58.81999969482422,58.959999084472656,1522000
2012-01-19,33.84906005859375,33.84906005859375,59.72999954223633,59.209999084472656,59.5099983215332,1277300
2012-01-20,34.059505462646484,34.059505462646484,59.939998626708984,59.15999984741211,59.56999969482422,1352900
2012-01-23,34.22446060180664,34.22446060180664,60.400001525878906,59.77000045776367,60.06999969482422,1238800
2012-01-24,34.48611068725586,34.48611068725586,60.630001068115234,59.779998779296875,59.97999954223633,1820800
2012-01-25,34.92975997924805,34.92975997924805,61.459999084472656,60.349998474121094,60.59000015258789,1499400
2012-01-26,35.17434310913086,35.17434310913086,62.119998931884766,61.54999923706055,61.720001220703125,1620800
2012-01-27,35.18571853637695,35.18571853637695,62.04999923706055,61.349998474121094,61.65999984741211,1498300
2012-01-30,34.924076080322266,34.924076080322266,61.58000183105469,61.099998474121094,61.58000183105469,2355500
2012-01-31,35.094722747802734,35.094722747802734,61.84000015258789,61.29999923706055,61.72999954223633,2069500
2012-02-01,35.441688537597656,35.441688537597656,62.400001525878906,61.959999084472656,62.209999084472656,3222200
2012-02-02,35.52132034301758,35.52132034301758,62.459999084472656,62.119998931884766,62.36000061035156,2712600
2012-02-03,36.01616668701172,36.01616668701172,63.349998474121094,62.72999954223633,62.97999954223633,2698900
2012-02-06,35.902408599853516,35.902408599853516,63.310001373291016,62.7599983215332,63.15999984741211,1778100
2012-02-07,35.8114013671875,35.8114013671875,63.20000076293945,62.83000183105469,63.099998474121094,1985800
2012-02-08,35.873966217041016,35.873966217041016,63.349998474121094,62.630001068115234,63.06999969482422,1735200
2012-02-09,35.612335205078125,35.612335205078125,63.27000045776367,62.2400016784668,63.20000076293945,1438000
2012-02-10,35.282413482666016,35.282413482666016,62.45000076293945,61.84000015258789,62.099998474121094,1675200
2012-02-13,35.64076614379883,35.64076614379883,62.81999969482422,62.29999923706055,62.369998931884766,1842100
2012-02-14,35.2767333984375,35.2767333984375,62.72999954223633,61.63999938964844,62.630001068115234,1866500
2012-02-15,35.06626892089844,35.06626892089844,62.220001220703125,61.439998626708984,62.220001220703125,1969800
2012-02-16,35.435997009277344,35.435997009277344,62.41999816894531,61.52000045776367,61.88999938964844,2318000
2012-02-17,35.46443176269531,35.46443176269531,62.5,61.91999816894531,62.5,1695100
2012-02-21,34.912689208984375,34.912689208984375,62.54999923706055,61.13999938964844,62.47999954223633,2815800
2012-02-22,34.6169319152832,34.6169319152832,61.59000015258789,60.779998779296875,61.34000015258789,2261300
2012-02-23,35.04920959472656,35.04920959472656,61.650001525878906,60.779998779296875,60.790000915527344,2453200
2012-02-24,35.094722747802734,35.094722747802734,61.91999816894531,61.310001373291016,61.790000915527344,1810800
2012-02-27,35.037841796875,35.037841796875,61.810001373291016,60.84000015258789,61.36000061035156,2002800
2012-02-28,34.83306884765625,34.83306884765625,61.86000061035156,61.04999923706055,61.779998779296875,2381700
2012-02-29,34.69087219238281,34.69087219238281,61.689998626708984,60.88999938964844,61.400001525878906,3013500
2012-03-01,34.90132141113281,34.90132141113281,61.52000045776367,61.0,61.04999923706055,3386900
2012-03-02,34.850120544433594,34.850120544433594,61.61000061035156,61.060001373291016,61.220001220703125,1860100
2012-03-05,35.202789306640625,35.202789306640625,61.88999938964844,60.97999954223633,61.25,1830300
2012-03-06,34.73637771606445,34.73637771606445,61.689998626708984,60.95000076293945,61.15999984741211,2236400
2012-03-07,34.924076080322266,34.924076080322266,61.41999816894531,60.650001525878906,61.349998474121094,1367200
2012-03-08,34.742069244384766,34.742069244384766,61.599998474121094,60.90999984741211,61.54999923706055,1454200
2012-03-09,34.912689208984375,34.912689208984375,61.599998474121094,61.0,61.2599983215332,1621800
2012-03-12,35.16865921020508,35.16865921020508,62.0099983215332,61.349998474121094,61.349998474121094,2644800
2012-03-13,35.87965393066406,35.87965393066406,63.18000030517578,62.06999969482422,62.150001525878906,2407300
2012-03-14,35.782955169677734,35.782955169677734,63.33000183105469,62.52000045776367,63.15999984741211,2280800
2012-03-15,35.73176956176758,35.73176956176758,63.060001373291016,62.58000183105469,63.060001373291016,1595600
2012-03-16,35.9365234375,35.9365234375,63.2400016784668,62.810001373291016,62.90999984741211,1799600
2012-03-19,36.18679428100586,36.18679428100586,63.970001220703125,62.939998626708984,63.18000030517578,2106100
2012-03-20,36.13561248779297,36.13561248779297,63.779998779296875,63.220001220703125,63.22999954223633,1795700
2012-03-21,36.08441925048828,36.08441925048828,63.7400016784668,63.41999816894531,63.63999938964844,1515200
2012-03-22,35.589561462402344,35.589561462402344,63.08000183105469,62.189998626708984,63.08000183105469,3203400
2012-03-23,35.8114013671875,35.8114013671875,63.27000045776367,62.349998474121094,62.630001068115234,2495000
2012-03-26,36.23109436035156,36.23109436035156,63.31999969482422,62.790000915527344,63.0099983215332,1630000
2012-03-27,36.236839294433594,36.236839294433594,63.58000183105469,63.08000183105469,63.31999969482422,3449500
2012-03-28,36.17948913574219,36.17948913574219,63.25,62.459999084472656,63.220001220703125,1573800
2012-03-29,36.196693420410156,36.196693420410156,63.18000030517578,62.34000015258789,62.70000076293945,1530300
2012-03-30,36.49485778808594,36.49485778808594,63.790000915527344,63.279998779296875,63.380001068115234,2059900
2012-04-02,36.75286865234375,36.75286865234375,64.16999816894531,63.4900016784668,63.72999954223633,6716800
2012-04-03,36.60951232910156,36.60951232910156,64.19000244140625,63.599998474121094,64.06999969482422,2338900
2012-04-04,36.208160400390625,36.208160400390625,63.470001220703125,62.88999938964844,63.369998931884766,2045700
2012-04-05,36.070552825927734,36.070552825927734,63.209999084472656,62.68000030517578,62.97999954223633,2925300
2012-04-09,35.6864128112793,35.6864128112793,62.52000045776367,61.83000183105469,62.16999816894531,1126900
2012-04-10,34.91809844970703,34.91809844970703,62.41999816894531,60.84000015258789,62.25,2670600
2012-04-11,35.36532211303711,35.36532211303711,61.70000076293945,61.18000030517578,61.5,1917300
2012-04-12,35.8526725769043,35.8526725769043,62.560001373291016,61.529998779296875,61.810001373291016,1373400
2012-04-13,35.703590393066406,35.703590393066406,62.630001068115234,62.02000045776367,62.439998626708984,2097600
2012-04-16,36.19095993041992,36.19095993041992,63.4900016784668,62.459999084472656,62.650001525878906,1973400
2012-04-17,36.50058364868164,36.50058364868164,63.93000030517578,63.02000045776367,63.5099983215332,1524000
2012-04-18,36.254032135009766,36.254032135009766,63.650001525878906,63.22999954223633,63.52000045776367,1278100
2012-04-19,36.254032135009766,36.254032135009766,63.619998931884766,62.93000030517578,63.310001373291016,2543700
2012-04-20,36.695533752441406,36.695533752441406,64.26000213623047,63.38999938964844,63.5,1649700
2012-04-23,36.31710433959961,36.31710433959961,63.59000015258789,62.90999984741211,63.560001373291016,1764500
2012-04-24,36.8618049621582,36.8618049621582,64.33000183105469,63.400001525878906,63.439998626708984,2618500
2012-04-25,37.28609085083008,37.28609085083008,65.05000305175781,64.58999633789062,64.69000244140625,2191000
2012-04-26,37.37783432006836,37.37783432006836,65.33999633789062,64.66999816894531,64.91999816894531,1885400
2012-04-27,37.63584899902344,37.63584899902344,65.76000213623047,65.01000213623047,65.5,2058500
2012-04-30,37.53839111328125,37.53839111328125,65.62999725341797,65.02999877929688,65.55000305175781,2165000
2012-05-01,37.945472717285156,37.945472717285156,66.69000244140625,65.47000122070312,65.55000305175781,3024200
2012-05-02,37.88813400268555,37.88813400268555,66.22000122070312,65.44999694824219,65.87000274658203,1801900
2012-05-03,37.75627899169922,37.75627899169922,66.4000015258789,65.79000091552734,66.29000091552734,2099900
2012-05-04,37.42369842529297,37.42369842529297,65.62999725341797,65.05000305175781,65.58999633789062,1480000
2012-05-07,37.687461853027344,37.687461853027344,65.87999725341797,65.0,65.06999969482422,1574000
2012-05-08,37.618656158447266,37.618656158447266,65.69000244140625,65.0,65.36000061035156,1610900
2012-05-09,37.49824905395508,37.49824905395508,65.86000061035156,64.87999725341797,65.08999633789062,2729800
2012-05-10,37.52690505981445,37.52690505981445,65.9000015258789,65.01000213623047,65.81999969482422,2346300
2012-05-11,37.60719299316406,37.60719299316406,65.83000183105469,64.94999694824219,65.11000061035156,2780400
2012-05-14,37.13128662109375,37.13128662109375,65.38999938964844,64.72000122070312,64.87999725341797,2759300
2012-05-15,36.93633270263672,36.93633270263672,64.83000183105469,64.23999786376953,64.80000305175781,2525400
2012-05-16,36.52925491333008,36.52925491333008,64.72000122070312,63.599998474121094,64.72000122070312,2051300
2012-05-17,35.462791442871094,35.462791442871094,63.720001220703125,61.849998474121094,63.689998626708984,3341500
2012-05-18,35.03275680541992,35.03275680541992,62.349998474121094,60.90999984741211,62.04999923706055,2888400
2012-05-21,35.795345306396484,35.795345306396484,62.540000915527344,61.150001525878906,61.22999954223633,2124900
2012-05-22,35.86414337158203,35.86414337158203,62.93000030517578,62.25,62.66999816894531,1767400
2012-05-23,35.91576385498047,35.91576385498047,62.790000915527344,61.54999923706055,62.11000061035156,2668900
2012-05-24,36.0763053894043,36.0763053894043,63.220001220703125,62.18000030517578,62.880001068115234,1369500
2012-05-25,35.93295669555664,35.93295669555664,63.16999816894531,62.470001220703125,62.83000183105469,1383000
2012-05-29,36.443267822265625,36.443267822265625,63.619998931884766,62.900001525878906,63.04999923706055,1423600
2012-05-30,35.57746505737305,35.57746505737305,63.209999084472656,62.04999923706055,63.119998931884766,1484000
2012-05-31,35.8469352722168,35.8469352722168,63.0099983215332,61.52000045776367,62.16999816894531,2127000
2012-06-01,34.96969985961914,34.96969985961914,61.79999923706055,60.86000061035156,61.599998474121094,3453800
2012-06-04,34.728878021240234,34.728878021240234,61.130001068115234,60.13999938964844,60.959999084472656,3573700
2012-06-05,35.445587158203125,35.445587158203125,61.93000030517578,60.29999923706055,60.310001373291016,2871000
2012-06-06,36.23109436035156,36.23109436035156,63.189998626708984,62.0,62.310001373291016,6758200
2012-06-07,35.97308349609375,35.97308349609375,63.869998931884766,62.650001525878906,63.7599983215332,2191500
2012-06-08,36.48338317871094,36.48338317871094,63.630001068115234,62.599998474121094,62.70000076293945,1696000
2012-06-11,35.66345977783203,35.66345977783203,64.2699966430664,62.119998931884766,64.16000366210938,2074000
2012-06-12,36.00175094604492,36.00175094604492,62.86000061035156,61.88999938964844,62.4900016784668,1951500
2012-06-13,35.81828689575195,35.81828689575195,63.2599983215332,62.209999084472656,62.59000015258789,1600500
2012-06-14,36.34004211425781,36.34004211425781,63.630001068115234,62.4900016784668,62.540000915527344,1532600
2012-06-15,36.56365203857422,36.56365203857422,63.849998474121094,63.22999954223633,63.619998931884766,1319900
2012-06-18,36.86754608154297,36.86754608154297,64.62999725341797,63.36000061035156,63.47999954223633,1754000
2012-06-19,37.01662063598633,37.01662063598633,64.97000122070312,64.05000305175781,64.61000061035156,2485300
2012-06-20,36.99941635131836,36.99941635131836,64.81999969482422,64.1500015258789,64.63999938964844,2001800
2012-06-21,36.39738082885742,36.39738082885742,64.73999786376953,63.380001068115234,64.66000366210938,3072600
2012-06-22,36.40312194824219,36.40312194824219,63.93000030517578,63.06999969482422,63.7599983215332,2204200
2012-06-25,36.2175407409668,36.2175407409668,62.849998474121094,62.189998626708984,62.31999969482422,3700200
2012-06-26,36.33895492553711,36.33895492553711,63.189998626708984,62.439998626708984,62.79999923706055,2121600
2012-06-27,36.48347473144531,36.48347473144531,63.25,62.77000045776367,63.02000045776367,1694800
2012-06-28,36.88235855102539,36.88235855102539,63.810001373291016,62.540000915527344,62.869998931884766,1726500
2012-06-29,37.824649810791016,37.824649810791016,65.47000122070312,64.6500015258789,64.95999908447266,2215800
2012-07-02,38.24087142944336,38.24087142944336,66.16999816894531,65.33000183105469,65.94000244140625,3891600
2012-07-03,38.46632385253906,38.46632385253906,66.69000244140625,66.06999969482422,66.31999969482422,1586100
2012-07-05,38.229305267333984,38.229305267333984,66.6500015258789,65.98999786376953,66.43000030517578,1407800
2012-07-06,38.321800231933594,38.321800231933594,66.4000015258789,65.58000183105469,65.58000183105469,1617000
2012-07-09,38.362266540527344,38.362266540527344,66.44000244140625,65.98999786376953,66.29000091552734,1785700
2012-07-10,37.95183181762695,37.95183181762695,66.69999694824219,65.29000091552734,66.69000244140625,1534000
2012-07-11,37.99229431152344,37.99229431152344,65.8499984741211,65.2699966430664,65.73999786376953,1630900
2012-07-12,38.1079216003418,38.1079216003418,66.25,65.08000183105469,65.4000015258789,2271800
2012-07-13,38.576168060302734,38.576168060302734,66.80999755859375,66.02999877929688,66.12999725341797,1484600
2012-07-16,38.65132522583008,38.65132522583008,67.04000091552734,66.5,66.68000030517578,1789000
2012-07-17,39.02130889892578,39.02130889892578,67.70999908447266,66.5999984741211,67.25,2007300
2012-07-18,38.790069580078125,38.790069580078125,67.51000213623047,66.87999725341797,67.41000366210938,1690200
2012-07-19,38.38539123535156,38.38539123535156,67.3499984741211,65.94999694824219,67.12999725341797,2365200
2012-07-20,38.18305969238281,38.18305969238281,66.25,65.75,65.91000366210938,1475600
2012-07-23,37.90557861328125,37.90557861328125,65.75,65.12000274658203,65.2699966430664,1342000
2012-07-24,37.77840042114258,37.77840042114258,65.9000015258789,64.93000030517578,65.6500015258789,1941200
2012-07-25,37.76105499267578,37.76105499267578,65.76000213623047,64.97000122070312,65.66000366210938,1350800
2012-07-26,38.096351623535156,38.096351623535156,66.41999816894531,65.51000213623047,66.1500015258789,1365900
2012-07-27,38.460540771484375,38.460540771484375,67.01000213623047,66.18000030517578,66.30999755859375,1469300
2012-07-30,38.63975524902344,38.63975524902344,67.08000183105469,66.51000213623047,66.62000274658203,1370800
2012-07-31,38.58195495605469,38.58195495605469,66.9800033569336,66.5199966430664,66.91000366210938,1782500
2012-08-01,38.3969612121582,38.3969612121582,67.4800033569336,66.41999816894531,67.12000274658203,2666100
2012-08-02,38.50680160522461,38.50680160522461,66.7300033569336,65.91999816894531,66.4000015258789,1637600
2012-08-03,38.80739974975586,38.80739974975586,67.41000366210938,67.0199966430664,67.23999786376953,1730800
2012-08-06,38.766937255859375,38.766937255859375,67.55000305175781,67.05999755859375,67.38999938964844,1768200
2012-08-07,38.31023406982422,38.31023406982422,67.29000091552734,66.2699966430664,67.29000091552734,2471600
2012-08-08,38.050113677978516,38.050113677978516,66.23999786376953,65.5999984741211,66.11000061035156,1899300
2012-08-09,37.928707122802734,37.928707122802734,66.08000183105469,65.5,65.88999938964844,1324000
2012-08-10,37.980735778808594,37.980735778808594,65.7300033569336,65.4000015258789,65.48999786376953,987000
2012-08-13,37.95183181762695,37.95183181762695,65.80000305175781,65.30000305175781,65.66999816894531,1448400
2012-08-14,37.87089538574219,37.87089538574219,65.88999938964844,65.4000015258789,65.87000274658203,1586100
2012-08-15,38.0443229675293,38.0443229675293,65.93000030517578,65.43000030517578,65.43000030517578,1079200
2012-08-16,38.333377838134766,38.333377838134766,66.30999755859375,65.5,65.86000061035156,1362700
2012-08-17,38.34492874145508,38.34492874145508,66.4000015258789,66.08000183105469,66.36000061035156,1773500
2012-08-20,38.2350959777832,38.2350959777832,66.44000244140625,65.80999755859375,66.33999633789062,2710100
2012-08-21,38.3160285949707,38.3160285949707,66.4800033569336,66.13999938964844,66.37999725341797,1429600
2012-08-22,38.29289245605469,38.29289245605469,66.2699966430664,65.51000213623047,66.1500015258789,1893100
2012-08-23,38.17727279663086,38.17727279663086,66.2699966430664,65.80000305175781,66.13999938964844,2421000
2012-08-24,38.30447006225586,38.30447006225586,66.44000244140625,65.7300033569336,65.9800033569336,1946500
2012-08-27,38.420074462890625,38.420074462890625,66.61000061035156,66.12999725341797,66.51000213623047,1191000
2012-08-28,38.55305862426758,38.55305862426758,66.75,66.0999984741211,66.30999755859375,1189900
2012-08-29,38.54148864746094,38.54148864746094,66.8499984741211,66.54000091552734,66.81999969482422,1198700
2012-08-30,38.45477294921875,38.45477294921875,66.63999938964844,66.2699966430664,66.47000122070312,1375000
2012-08-31,38.576168060302734,38.576168060302734,66.87999725341797,66.19999694824219,66.81999969482422,2484900
2012-09-04,38.84787368774414,38.84787368774414,67.2699966430664,66.26000213623047,66.73999786376953,1714000
2012-09-05,38.77850341796875,38.77850341796875,67.3499984741211,66.79000091552734,67.29000091552734,1612500
2012-09-06,39.12535095214844,39.12535095214844,67.69000244140625,67.33000183105469,67.37999725341797,2373700
2012-09-07,39.160037994384766,39.160037994384766,67.91999816894531,67.5999984741211,67.81999969482422,1648300
2012-09-10,38.85365295410156,38.85365295410156,67.66000366210938,67.12000274658203,67.63999938964844,3773600
2012-09-11,38.96927261352539,38.96927261352539,67.44000244140625,67.0199966430664,67.19999694824219,3574500
2012-09-12,39.05018997192383,39.05018997192383,67.62999725341797,67.26000213623047,67.47000122070312,3416200
2012-09-13,39.53001022338867,39.53001022338867,68.4800033569336,67.5199966430664,67.62000274658203,4467500
2012-09-14,39.74969482421875,39.74969482421875,69.19999694824219,68.51000213623047,68.54000091552734,4855800
2012-09-17,39.63408279418945,39.63408279418945,69.11000061035156,68.47000122070312,68.79000091552734,2430200
2012-09-18,39.258323669433594,39.258323669433594,68.41000366210938,67.69000244140625,68.3499984741211,2344400
2012-09-19,39.03864288330078,39.03864288330078,68.0199966430664,67.52999877929688,67.97000122070312,1972600
2012-09-20,38.460540771484375,38.460540771484375,67.23999786376953,66.29000091552734,67.2300033569336,4285400
2012-09-21,38.46632385253906,38.46632385253906,66.76000213623047,66.4800033569336,66.63999938964844,6134600
2012-09-24,38.323577880859375,38.323577880859375,66.25,65.69999694824219,65.7300033569336,4512700
2012-09-25,37.75836944580078,37.75836944580078,66.02999877929688,64.7699966430664,65.9800033569336,5153600
2012-09-26,37.75253677368164,37.75253677368164,65.18000030517578,64.66999816894531,64.73999786376953,2693300
2012-09-27,37.915687561035156,37.915687561035156,65.5199966430664,64.83999633789062,65.05000305175781,1542000
2012-09-28,37.857418060302734,37.857418060302734,65.2699966430664,64.58999633789062,64.91999816894531,2903500
2012-10-01,37.57772445678711,37.57772445678711,65.30999755859375,63.81999969482422,65.0999984741211,5154300
2012-10-02,37.86324691772461,37.86324691772461,64.9800033569336,64.41000366210938,64.68000030517578,2511100
2012-10-03,37.93899154663086,37.93899154663086,65.68000030517578,65.0,65.06999969482422,2928600
2012-10-04,37.92734909057617,37.92734909057617,65.62000274658203,64.77999877929688,65.41999816894531,2258000
2012-10-05,37.973960876464844,37.973960876464844,65.5199966430664,64.95999908447266,65.1500015258789,1636300
2012-10-08,37.892372131347656,37.892372131347656,65.05999755859375,64.72000122070312,64.83000183105469,1825600
2012-10-09,37.75253677368164,37.75253677368164,65.36000061035156,64.7699966430664,65.05000305175781,2292200
2012-10-10,37.90402603149414,37.90402603149414,65.19000244140625,64.68000030517578,64.87000274658203,1984800
2012-10-11,37.87489700317383,37.87489700317383,65.52999877929688,65.0,65.36000061035156,1537800
2012-10-12,37.74087142944336,37.74087142944336,65.37000274658203,64.70999908447266,65.11000061035156,1741200
2012-10-15,37.99144744873047,37.99144744873047,65.23999786376953,64.45999908447266,64.79000091552734,2209900
2012-10-16,38.224517822265625,38.224517822265625,65.70999908447266,65.4000015258789,65.44999694824219,2355800
2012-10-17,38.11962890625,38.11962890625,65.55000305175781,64.98999786376953,65.30999755859375,2665300
2012-10-18,38.51002883911133,38.51002883911133,66.11000061035156,65.31999969482422,65.31999969482422,2155900
2012-10-19,38.18955612182617,38.18955612182617,66.31999969482422,65.44000244140625,66.05999755859375,2046100
2012-10-22,37.99726104736328,37.99726104736328,65.55000305175781,64.83000183105469,65.48999786376953,1642900
2012-10-23,37.612693786621094,37.612693786621094,64.86000061035156,64.08999633789062,64.73999786376953,1976200
2012-10-24,37.58354949951172,37.58354949951172,64.94999694824219,64.30000305175781,64.72000122070312,1701100
2012-10-25,37.478660583496094,37.478660583496094,65.1500015258789,63.68000030517578,64.86000061035156,2028200
2012-10-26,37.152366638183594,37.152366638183594,64.30000305175781,63.400001525878906,64.30000305175781,2320000
2012-10-31,37.51363754272461,37.51363754272461,64.44000244140625,63.7400016784668,64.04000091552734,2616900
2012-11-01,37.69426345825195,37.69426345825195,64.94999694824219,64.22000122070312,64.5,2311200
2012-11-02,37.94482421875,37.94482421875,65.56999969482422,65.01000213623047,65.05999755859375,2587100
2012-11-05,37.69426345825195,37.69426345825195,65.19999694824219,64.30000305175781,65.12000274658203,1633100
2012-11-06,37.857418060302734,37.857418060302734,65.0999984741211,64.55000305175781,64.91999816894531,1415100
2012-11-07,37.688438415527344,37.688438415527344,64.94000244140625,64.37000274658203,64.61000061035156,2476300
2012-11-08,37.2397575378418,37.2397575378418,64.69999694824219,63.900001525878906,64.69999694824219,1793200
2012-11-09,37.140716552734375,37.140716552734375,64.19000244140625,63.45000076293945,63.779998779296875,2400500
2012-11-12,37.053314208984375,37.053314208984375,63.91999816894531,63.349998474121094,63.86000061035156,1182200
2012-11-13,37.024173736572266,37.024173736572266,63.90999984741211,63.25,63.349998474121094,1648100
2012-11-14,36.330772399902344,36.330772399902344,63.810001373291016,62.150001525878906,63.810001373291016,2489400
2012-11-15,36.161800384521484,36.161800384521484,62.72999954223633,61.689998626708984,62.380001068115234,3151600
2012-11-16,36.38320541381836,36.38320541381836,62.5,61.65999984741211,62.11000061035156,2446300
2012-11-19,36.83188247680664,36.83188247680664,63.38999938964844,62.79999923706055,63.130001068115234,2112300
2012-11-20,37.10575485229492,37.10575485229492,63.68000030517578,62.86000061035156,63.29999923706055,2490200
2012-11-21,37.04165267944336,37.04165267944336,63.86000061035156,63.2400016784668,63.720001220703125,1954000
2012-11-23,37.315521240234375,37.315521240234375,64.08999633789062,63.599998474121094,63.79999923706055,921500
2012-11-26,37.39126205444336,37.39126205444336,64.61000061035156,63.70000076293945,63.900001525878906,3668600
2012-11-27,37.18149948120117,37.18149948120117,64.38999938964844,63.2599983215332,63.65999984741211,5494200
2012-11-28,37.134891510009766,37.134891510009766,63.79999923706055,63.11000061035156,63.70000076293945,5931100
2012-11-29,37.33882141113281,37.33882141113281,64.1500015258789,63.540000915527344,64.12999725341797,3011100
2012-11-30,37.414573669433594,37.414573669433594,64.5199966430664,64.02999877929688,64.0999984741211,3312300
2012-12-03,37.56607437133789,37.56607437133789,64.8499984741211,64.27999877929688,64.4800033569336,3735500
2012-12-04,37.624351501464844,37.624351501464844,64.91000366210938,64.33999633789062,64.37999725341797,2379700
2012-12-05,37.5078010559082,37.5078010559082,64.69000244140625,64.12999725341797,64.61000061035156,2487100
2012-12-06,37.857418060302734,37.857418060302734,64.98999786376953,64.3499984741211,64.55999755859375,2335500
2012-12-07,37.99726104736328,37.99726104736328,65.22000122070312,64.93000030517578,65.05000305175781,2812900
2012-12-10,37.97978973388672,37.97978973388672,65.48999786376953,65.05000305175781,65.30000305175781,1934200
2012-12-11,38.0730094909668,38.0730094909668,65.5199966430664,65.19999694824219,65.41999816894531,2086900
2012-12-12,37.968143463134766,37.968143463134766,65.68000030517578,64.9000015258789,65.52999877929688,2335300
2012-12-13,37.67679214477539,37.67679214477539,65.23999786376953,64.44999694824219,65.0,2614500
2012-12-14,37.670955657958984,37.670955657958984,64.81999969482422,64.48999786376953,64.66999816894531,2544500
2012-12-17,37.86907196044922,37.86907196044922,65.05999755859375,64.6500015258789,64.94999694824219,2315800
2012-12-18,38.259490966796875,38.259490966796875,65.66000366210938,65.05999755859375,65.19999694824219,2532300
2012-12-19,38.20703125,38.20703125,65.98999786376953,65.54000091552734,65.95999908447266,3408800
2012-12-20,38.70814514160156,38.70814514160156,66.45999908447266,65.4800033569336,65.4800033569336,2695600
2012-12-21,38.64406204223633,38.64406204223633,66.55999755859375,65.68000030517578,65.87999725341797,2252500
2012-12-24,38.69535446166992,38.69535446166992,65.80999755859375,65.29000091552734,65.56999969482422,1802600
2012-12-26,38.51252365112305,38.51252365112305,65.91000366210938,65.13999938964844,65.91000366210938,1724100
2012-12-27,38.65407943725586,38.65407943725586,65.66000366210938,64.80999755859375,65.41000366210938,2305800
2012-12-28,38.40048599243164,38.40048599243164,65.72000122070312,65.05999755859375,65.33999633789062,1990300
2012-12-31,38.807430267333984,38.807430267333984,65.80999755859375,64.88999938964844,65.12000274658203,3718700
2013-01-02,39.291046142578125,39.291046142578125,67.08999633789062,66.20999908447266,66.93000030517578,5286400
2013-01-03,39.285133361816406,39.285133361816406,66.94000244140625,66.48999786376953,66.62000274658203,3571000
2013-01-04,39.46796417236328,39.46796417236328,66.94999694824219,66.5199966430664,66.80999755859375,2338700
2013-01-07,39.55643844604492,39.55643844604492,67.12000274658203,66.76000213623047,66.94000244140625,2243600
2013-01-08,39.47977066040039,39.47977066040039,67.19999694824219,66.73999786376953,67.08000183105469,1533700
2013-01-09,39.591819763183594,39.591819763183594,67.22000122070312,66.93000030517578,67.16000366210938,2134400
2013-01-10,39.63310241699219,39.63310241699219,67.55000305175781,66.94000244140625,67.36000061035156,2824100
2013-01-11,39.609519958496094,39.609519958496094,67.37000274658203,66.9000015258789,67.29000091552734,2022000
2013-01-14,39.72157287597656,39.72157287597656,67.36000061035156,67.1500015258789,67.33999633789062,1787200
2013-01-15,39.910308837890625,39.910308837890625,67.76000213623047,67.1500015258789,67.29000091552734,2101400
2013-01-16,39.863121032714844,39.863121032714844,67.62999725341797,67.37999725341797,67.55999755859375,2384800
2013-01-17,39.986976623535156,39.986976623535156,67.91999816894531,67.72000122070312,67.87999725341797,2421900
2013-01-18,40.15801239013672,40.15801239013672,68.08999633789062,67.66000366210938,67.88999938964844,2277500
2013-01-22,40.36442565917969,40.36442565917969,68.44999694824219,68.01000213623047,68.1500015258789,2187400
2013-01-23,40.35264587402344,40.35264587402344,68.52999877929688,68.26000213623047,68.4800033569336,2383100
2013-01-24,40.43520736694336,40.43520736694336,68.73999786376953,68.33000183105469,68.5999984741211,2346200
2013-01-25,40.665225982666016,40.665225982666016,68.98999786376953,68.61000061035156,68.80000305175781,2095600
2013-01-28,40.771385192871094,40.771385192871094,69.29000091552734,68.80999755859375,69.16999816894531,3364700
2013-01-29,40.88934326171875,40.88934326171875,69.33000183105469,69.05999755859375,69.16999816894531,2343700
2013-01-30,40.50007629394531,40.50007629394531,69.30999755859375,68.54000091552734,69.30999755859375,1872600
2013-01-31,40.258277893066406,40.258277893066406,68.61000061035156,68.08999633789062,68.5199966430664,2186400
2013-02-01,40.49419021606445,40.49419021606445,68.86000061035156,68.3499984741211,68.62000274658203,3376600
2013-02-04,40.39982604980469,40.39982604980469,68.7699966430664,68.29000091552734,68.41999816894531,2827500
2013-02-05,40.305450439453125,40.305450439453125,68.79000091552734,68.25,68.75,2401200
2013-02-06,40.44700241088867,40.44700241088867,68.58999633789062,68.02999877929688,68.18000030517578,8277600
2013-02-07,40.27596664428711,40.27596664428711,68.69999694824219,68.11000061035156,68.58000183105469,1793400
2013-02-08,40.64753341674805,40.64753341674805,68.91999816894531,68.37000274658203,68.44000244140625,2799900
2013-02-11,40.70650100708008,40.70650100708008,69.08999633789062,68.80000305175781,68.8499984741211,2177700
2013-02-12,41.01319885253906,41.01319885253906,69.55000305175781,69.01000213623047,69.16000366210938,2357700
2013-02-13,40.989601135253906,40.989601135253906,69.7300033569336,69.30999755859375,69.70999908447266,2525900
2013-02-14,40.81855773925781,40.81855773925781,69.48999786376953,69.16999816894531,69.47000122070312,2169200
2013-02-15,40.83625030517578,40.83625030517578,69.33999633789062,68.97000122070312,69.33000183105469,1504200
2013-02-19,41.1606330871582,41.1606330871582,69.80000305175781,69.36000061035156,69.44999694824219,1673700
2013-02-20,40.895233154296875,40.895233154296875,70.06999969482422,69.33999633789062,69.83000183105469,1764500
2013-02-21,40.58855056762695,40.58855056762695,69.36000061035156,68.66000366210938,69.30999755859375,2185700
2013-02-22,40.99549102783203,40.99549102783203,69.51000213623047,69.04000091552734,69.1500015258789,1941400
2013-02-25,40.21699523925781,40.21699523925781,69.81999969482422,68.19000244140625,69.73999786376953,2550400
2013-02-26,40.49419021606445,40.49419021606445,68.8499984741211,68.12000274658203,68.54000091552734,2382800
2013-02-27,40.78907012939453,40.78907012939453,69.4800033569336,68.55999755859375,68.76000213623047,1551400
2013-02-28,40.74778366088867,40.74778366088867,69.45999908447266,69.05999755859375,69.16000366210938,4566400
2013-03-01,40.883419036865234,40.883419036865234,69.41000366210938,68.55999755859375,68.91000366210938,3862400
2013-03-04,41.190120697021484,41.190120697021484,70.0199966430664,69.27999877929688,69.27999877929688,3141000
2013-03-05,41.51448440551758,41.51448440551758,70.54000091552734,69.83000183105469,70.1500015258789,2835800
2013-03-06,41.39064407348633,41.39064407348633,70.73999786376953,69.91999816894531,70.61000061035156,3021800
2013-03-07,41.1960334777832,41.1960334777832,70.41000366210938,69.79000091552734,70.41000366210938,1923300
2013-03-08,41.266807556152344,41.266807556152344,70.2300033569336,69.52999877929688,70.22000122070312,2473300
2013-03-11,41.302188873291016,41.302188873291016,70.12000274658203,69.70999908447266,69.97000122070312,1712600
2013-03-12,41.14883041381836,41.14883041381836,70.12999725341797,69.6500015258789,70.12999725341797,2190100
2013-03-13,41.190120697021484,41.190120697021484,70.02999877929688,69.55999755859375,69.80000305175781,1785000
2013-03-14,41.44963455200195,41.44963455200195,70.37000274658203,69.86000061035156,69.94999694824219,2647700
2013-03-15,41.54399108886719,41.54399108886719,70.47000122070312,69.91999816894531,70.20999908447266,2243800
2013-03-18,41.31398391723633,41.31398391723633,70.27999877929688,69.87000274658203,69.87999725341797,2398300
2013-03-19,41.11344528198242,41.11344528198242,70.2300033569336,69.2699966430664,70.08000183105469,3055200
2013-03-20,41.243202209472656,41.243202209472656,70.06999969482422,69.69000244140625,69.9800033569336,3110100
2013-03-21,41.119346618652344,41.119346618652344,70.19999694824219,69.66999816894531,69.69999694824219,1723800
2013-03-22,41.335693359375,41.335693359375,69.63999938964844,69.26000213623047,69.4000015258789,3143500
2013-03-25,41.34162521362305,41.34162521362305,70.0,69.41999816894531,69.66999816894531,2676500
2013-03-26,41.6982307434082,41.6982307434082,70.20999908447266,69.75,69.75,1722600
2013-03-27,41.77549362182617,41.77549362182617,70.29000091552734,69.80000305175781,69.94999694824219,2463100
2013-03-28,41.91814422607422,41.91814422607422,70.58000183105469,70.0999984741211,70.36000061035156,2632300
2013-04-01,42.042930603027344,42.042930603027344,70.7699966430664,70.11000061035156,70.66000366210938,2501200
2013-04-02,42.17369079589844,42.17369079589844,71.30000305175781,70.79000091552734,70.9800033569336,2546100
2013-04-03,42.02510070800781,42.02510070800781,71.2699966430664,70.55999755859375,71.19999694824219,2215900
2013-04-04,42.708595275878906,42.708595275878906,71.94000244140625,70.76000213623047,70.83999633789062,1905200
2013-04-05,42.94036865234375,42.94036865234375,72.25,71.08999633789062,71.22000122070312,2288300
2013-04-08,43.285072326660156,43.285072326660156,72.9000015258789,71.83000183105469,72.27999877929688,1773500
2013-04-09,43.29103469848633,43.29103469848633,73.1500015258789,72.45999908447266,73.08999633789062,2537900
2013-04-10,43.55848693847656,43.55848693847656,73.41000366210938,72.9000015258789,73.12000274658203,2088000
2013-04-11,43.814048767089844,43.814048767089844,74.08000183105469,73.25,73.44999694824219,2425000
2013-04-12,43.92103576660156,43.92103576660156,73.94000244140625,73.51000213623047,73.70999908447266,1618800
2013-04-15,43.01170349121094,43.01170349121094,73.81999969482422,72.37000274658203,73.6500015258789,3345500
2013-04-16,43.72490310668945,43.72490310668945,73.6500015258789,72.33999633789062,72.88999938964844,3296300
2013-04-17,43.26131057739258,43.26131057739258,73.37999725341797,72.2699966430664,73.30000305175781,3039700
2013-04-18,43.19593048095703,43.19593048095703,73.0199966430664,72.33000183105469,72.94999694824219,2616900
2013-04-19,43.86157989501953,43.86157989501953,73.8499984741211,72.76000213623047,72.94999694824219,1621200
2013-04-22,43.80215835571289,43.80215835571289,74.08000183105469,73.27999877929688,74.01000213623047,2638500
2013-04-23,44.04582977294922,44.04582977294922,74.26000213623047,73.58000183105469,74.05999755859375,3312300
2013-04-24,44.14092254638672,44.14092254638672,74.4000015258789,73.94999694824219,74.18000030517578,1750700
2013-04-25,43.99234390258789,43.99234390258789,74.41000366210938,73.62000274658203,74.37000274658203,2981700
2013-04-26,43.84969711303711,43.84969711303711,74.27999877929688,73.70999908447266,73.94999694824219,2601000
2013-04-29,44.224143981933594,44.224143981933594,74.47000122070312,73.8499984741211,74.36000061035156,1889800
2013-04-30,44.7411994934082,44.7411994934082,75.29000091552734,74.37000274658203,74.44999694824219,2439700
2013-05-01,44.38461685180664,44.38461685180664,75.43000030517578,74.52999877929688,75.38999938964844,6260100
2013-05-02,44.67582321166992,44.67582321166992,75.47000122070312,74.79000091552734,74.79000091552734,2590600
2013-05-03,44.854148864746094,44.854148864746094,75.87000274658203,75.31999969482422,75.68000030517578,2878800
2013-05-06,45.0859260559082,45.0859260559082,75.91999816894531,75.4800033569336,75.4800033569336,2427700
2013-05-07,45.335533142089844,45.335533142089844,76.31999969482422,75.70999908447266,75.97000122070312,2442800
2013-05-08,45.35930633544922,45.35930633544922,76.4800033569336,75.9000015258789,76.19000244140625,2703100
2013-05-09,45.062137603759766,45.062137603759766,76.33999633789062,75.70999908447266,76.1500015258789,2255800
2013-05-10,45.228546142578125,45.228546142578125,76.16999816894531,75.75,76.04000091552734,1706300
2013-05-13,45.44251251220703,45.44251251220703,76.51000213623047,76.04000091552734,76.05999755859375,2114100
2013-05-14,45.608924865722656,45.608924865722656,76.94999694824219,76.44999694824219,76.4800033569336,2081600
2013-05-15,46.06061553955078,46.06061553955078,77.5,76.44000244140625,76.80000305175781,2836800
2013-05-16,45.8228759765625,45.8228759765625,77.70999908447266,76.86000061035156,77.38999938964844,2485200
2013-05-17,46.07844543457031,46.07844543457031,77.56999969482422,77.05000305175781,77.29000091552734,1717700
2013-05-20,46.1854248046875,46.1854248046875,77.7699966430664,77.37000274658203,77.66000366210938,2534100
2013-05-21,46.44692611694336,46.44692611694336,78.33000183105469,77.87000274658203,77.9000015258789,2321300
2013-05-22,45.31769943237305,45.31769943237305,78.86000061035156,75.75,78.02999877929688,5514100
2013-05-23,44.46778869628906,44.46778869628906,75.62999725341797,74.3499984741211,75.62999725341797,5071800
2013-05-24,44.354888916015625,44.354888916015625,74.77999877929688,73.77999877929688,74.55999755859375,3020000
2013-05-28,43.97452163696289,43.97452163696289,75.5999984741211,73.55000305175781,75.48999786376953,3666200
2013-05-29,43.041412353515625,43.041412353515625,73.47000122070312,71.54000091552734,73.41000366210938,5983200
2013-05-30,42.63726043701172,42.63726043701172,72.94999694824219,71.66000366210938,72.30999755859375,3753500
2013-05-31,42.06672668457031,42.06672668457031,72.16000366210938,70.75,71.4800033569336,6474200
2013-06-03,42.304439544677734,42.304439544677734,71.5,70.0999984741211,70.76000213623047,6934600
2013-06-04,41.716060638427734,41.716060638427734,71.4800033569336,70.19000244140625,71.27999877929688,4116400
2013-06-05,41.37134552001953,41.37134552001953,70.47000122070312,69.4000015258789,70.05000305175781,4197000
2013-06-06,42.036983489990234,42.036983489990234,70.80999755859375,69.1500015258789,69.66000366210938,5111000
2013-06-07,42.042930603027344,42.042930603027344,71.12999725341797,69.75,70.94999694824219,3588900
2013-06-10,41.680397033691406,41.680397033691406,70.95999908447266,69.9800033569336,70.9000015258789,3347500
2013-06-11,41.06229019165039,41.06229019165039,69.94999694824219,69.05999755859375,69.3499984741211,4747000
2013-06-12,40.503631591796875,40.503631591796875,69.62000274658203,67.93000030517578,69.4800033569336,3558600
2013-06-13,41.55558395385742,41.55558395385742,70.13999938964844,67.80000305175781,67.86000061035156,4603500
2013-06-14,41.710113525390625,41.710113525390625,71.04000091552734,69.73999786376953,69.98999786376953,3547000
2013-06-17,41.828983306884766,41.828983306884766,71.08000183105469,69.93000030517578,70.69000244140625,4148100
2013-06-18,42.042930603027344,42.042930603027344,71.19999694824219,70.0999984741211,70.48999786376953,4303700
2013-06-19,40.75325393676758,40.75325393676758,70.93000030517578,68.3499984741211,70.51000213623047,4929600
2013-06-20,39.05938720703125,39.05938720703125,67.91000366210938,65.38999938964844,67.77999877929688,8148100
2013-06-21,39.58835983276367,39.58835983276367,67.16999816894531,65.41000366210938,66.2300033569336,7812200
2013-06-24,39.40894317626953,39.40894317626953,67.0999984741211,64.27999877929688,64.83000183105469,8414700
2013-06-25,40.068973541259766,40.068973541259766,67.18000030517578,65.69000244140625,66.44000244140625,11383300
2013-06-26,40.67497634887695,40.67497634887695,67.97000122070312,67.33000183105469,67.52999877929688,6721700
2013-06-27,41.49101257324219,41.49101257324219,69.18000030517578,68.20999908447266,68.33999633789062,5114900
2013-06-28,41.23298263549805,41.23298263549805,69.3499984741211,68.38999938964844,68.88999938964844,6234200
2013-07-01,41.143001556396484,41.143001556396484,69.52999877929688,68.37000274658203,69.26000213623047,3141000
2013-07-02,41.773006439208984,41.773006439208984,69.68000030517578,67.91999816894531,68.66999816894531,3707600
2013-07-03,41.49700927734375,41.49700927734375,69.38999938964844,68.33999633789062,69.38999938964844,2446400
2013-07-05,41.29898452758789,41.29898452758789,69.26000213623047,67.37000274658203,69.1500015258789,2506100
2013-07-08,41.341007232666016,41.341007232666016,69.55999755859375,68.83999633789062,69.08999633789062,2918000
2013-07-09,41.92900848388672,41.92900848388672,70.13999938964844,68.97000122070312,69.30000305175781,1955900
2013-07-10,41.947017669677734,41.947017669677734,70.08000183105469,69.3499984741211,69.87000274658203,3267800
2013-07-11,42.961029052734375,42.961029052734375,71.66999816894531,70.72000122070312,70.94999694824219,3844300
2013-07-12,42.69702911376953,42.69702911376953,71.9000015258789,70.87999725341797,71.83000183105469,3398200
2013-07-15,42.877044677734375,42.877044677734375,71.69000244140625,71.04000091552734,71.37999725341797,2942200
2013-07-16,42.90703582763672,42.90703582763672,71.80000305175781,71.30999755859375,71.37999725341797,2946400
2013-07-17,43.063018798828125,43.063018798828125,71.97000122070312,71.41999816894531,71.83000183105469,2209600
2013-07-18,43.42904281616211,43.42904281616211,72.41000366210938,71.7699966430664,72.08999633789062,1931600
2013-07-19,43.399051666259766,43.399051666259766,72.51000213623047,72.0199966430664,72.30999755859375,1864400
2013-07-22,43.531063079833984,43.531063079833984,72.69000244140625,72.0999984741211,72.37999725341797,1934800
2013-07-23,43.48303985595703,43.48303985595703,72.86000061035156,72.20999908447266,72.77999877929688,1402800
2013-07-24,42.63703536987305,42.63703536987305,72.69999694824219,70.56999969482422,72.5999984741211,3115300
2013-07-25,42.703033447265625,42.703033447265625,71.27999877929688,70.58999633789062,70.98999786376953,1760800
2013-07-26,42.73902893066406,42.73902893066406,71.3499984741211,70.66000366210938,70.94999694824219,1586800
2013-07-29,42.4210205078125,42.4210205078125,71.4000015258789,70.58999633789062,71.06999969482422,3562300
2013-07-30,42.295021057128906,42.295021057128906,71.33000183105469,70.25,70.9000015258789,2362600
2013-07-31,41.6049919128418,41.6049919128418,70.7300033569336,68.7699966430664,70.33000183105469,3443900
2013-08-01,41.4430046081543,41.4430046081543,69.80999755859375,68.88999938964844,69.61000061035156,3445000
2013-08-02,41.23899841308594,41.23899841308594,69.3499984741211,68.70999908447266,69.23999786376953,2578300
2013-08-05,41.20899200439453,41.20899200439453,68.9800033569336,68.47000122070312,68.54000091552734,2831300
2013-08-06,41.064979553222656,41.064979553222656,68.97000122070312,68.33000183105469,68.5999984741211,3889300
2013-08-07,40.95698928833008,40.95698928833008,68.69999694824219,67.91999816894531,68.63999938964844,2021200
2013-08-08,40.974979400634766,40.974979400634766,68.63999938964844,67.93000030517578,68.47000122070312,2476400
2013-08-09,41.33499526977539,41.33499526977539,69.27999877929688,68.0999984741211,68.19999694824219,2893000
2013-08-12,41.04098892211914,41.04098892211914,68.80999755859375,68.08999633789062,68.80999755859375,2709000
2013-08-13,40.47697830200195,40.47697830200195,68.5,67.2699966430664,68.4000015258789,3778200
2013-08-14,40.32096481323242,40.32096481323242,67.62000274658203,67.1500015258789,67.4000015258789,2538300
2013-08-15,39.58296585083008,39.58296585083008,66.81999969482422,65.72000122070312,66.6500015258789,3630500
2013-08-16,38.61092758178711,38.61092758178711,65.91999816894531,64.23999786376953,65.91999816894531,4256700
2013-08-19,38.10092544555664,38.10092544555664,64.37999725341797,63.470001220703125,64.37999725341797,4763500
2013-08-20,38.96494674682617,38.96494674682617,65.22000122070312,63.650001525878906,63.869998931884766,4124500
2013-08-21,38.874935150146484,38.874935150146484,65.81999969482422,64.0,64.36000061035156,4437200
2013-08-22,39.10894775390625,39.10894775390625,65.20999908447266,64.43000030517578,64.94999694824219,2499500
2013-08-23,39.51694107055664,39.51694107055664,65.87999725341797,64.94000244140625,65.22000122070312,2917800
2013-08-26,39.4029655456543,39.4029655456543,66.0,65.47000122070312,65.86000061035156,2925200
2013-08-27,39.21095657348633,39.21095657348633,65.73999786376953,65.0,65.08999633789062,3355100
2013-08-28,38.970943450927734,38.970943450927734,65.47000122070312,64.80999755859375,65.47000122070312,2142600
2013-08-29,39.03094482421875,39.03094482421875,65.05999755859375,64.4800033569336,64.7699966430664,2334600
2013-08-30,38.700927734375,38.700927734375,65.47000122070312,64.41000366210938,65.20999908447266,3852400
2013-09-03,38.364925384521484,38.364925384521484,64.98999786376953,63.400001525878906,64.75,6455100
2013-09-04,38.69492721557617,38.69492721557617,64.70999908447266,63.709999084472656,64.0,4261500
2013-09-05,38.28692626953125,38.28692626953125,64.55000305175781,63.7400016784668,64.55000305175781,3024700
2013-09-06,38.88093566894531,38.88093566894531,65.37999725341797,64.38999938964844,64.38999938964844,4582200
2013-09-09,39.69095230102539,39.69095230102539,66.1500015258789,64.83000183105469,64.87000274658203,3579700
2013-09-10,39.66095733642578,39.66095733642578,66.5,65.72000122070312,66.30999755859375,2905300
2013-09-11,39.97895812988281,39.97895812988281,66.62999725341797,66.05000305175781,66.16000366210938,2568000
2013-09-12,39.72096252441406,39.72096252441406,67.0,66.08000183105469,66.6500015258789,2628600
2013-09-13,39.8349609375,39.8349609375,66.5199966430664,66.05999755859375,66.29000091552734,2582600
2013-09-16,40.230979919433594,40.230979919433594,67.93000030517578,66.87999725341797,67.37000274658203,4413800
2013-09-17,40.206966400146484,40.206966400146484,67.55999755859375,66.9000015258789,67.02999877929688,3328300
2013-09-18,41.56899642944336,41.56899642944336,69.36000061035156,66.30999755859375,67.01000213623047,4452500
2013-09-19,41.532997131347656,41.532997131347656,70.06999969482422,69.16999816894531,69.44000244140625,5138400
2013-09-20,40.854976654052734,40.854976654052734,69.37999725341797,67.94000244140625,69.06999969482422,4082500
2013-09-23,40.57524490356445,40.57524490356445,67.77999877929688,66.97000122070312,67.44999694824219,3523100
2013-09-24,40.26641845703125,40.26641845703125,67.16999816894531,66.45999908447266,66.98999786376953,4447700
2013-09-25,40.399635314941406,40.399635314941406,67.1500015258789,66.20999908447266,66.63999938964844,2626300
2013-09-26,40.647891998291016,40.647891998291016,67.16000366210938,66.68000030517578,66.83000183105469,1465400
2013-09-27,40.47836685180664,40.47836685180664,67.20999908447266,66.41000366210938,66.94000244140625,3412300
2013-09-30,40.0484504699707,40.0484504699707,67.0,65.88999938964844,66.29000091552734,3804700
2013-10-01,40.62972640991211,40.62972640991211,67.80000305175781,66.0,66.1500015258789,4416100
2013-10-02,40.69027328491211,40.69027328491211,67.23999786376953,66.44999694824219,66.7699966430664,2604000
2013-10-03,39.98183059692383,39.98183059692383,67.05999755859375,65.68000030517578,66.91999816894531,6150600
2013-10-04,39.90312576293945,39.90312576293945,66.41999816894531,65.52999877929688,66.05999755859375,2389200
2013-10-07,40.084774017333984,40.084774017333984,66.47000122070312,65.5,65.54000091552734,2267400
2013-10-08,39.6488037109375,39.6488037109375,66.41999816894531,65.47000122070312,66.11000061035156,2622000
2013-10-09,39.65486526489258,39.65486526489258,66.18000030517578,65.4000015258789,65.5,2896600
2013-10-10,40.666080474853516,40.666080474853516,67.22000122070312,66.0,66.0199966430664,2370200
2013-10-11,41.07176208496094,41.07176208496094,67.9000015258789,66.86000061035156,67.05000305175781,2111100
2013-10-14,41.095985412597656,41.095985412597656,67.94000244140625,67.26000213623047,67.44000244140625,2278000
2013-10-15,40.94459915161133,40.94459915161133,68.19000244140625,67.4800033569336,67.7699966430664,3231700
2013-10-16,41.71359634399414,41.71359634399414,68.95999908447266,67.7699966430664,67.9000015258789,3066400
2013-10-17,42.34333038330078,42.34333038330078,70.05999755859375,68.52999877929688,68.6500015258789,3258600
2013-10-18,42.30093765258789,42.30093765258789,70.31999969482422,69.45999908447266,70.30000305175781,2685200
2013-10-21,42.046630859375,42.046630859375,69.87999725341797,69.11000061035156,69.83000183105469,2276500
2013-10-22,42.43415451049805,42.43415451049805,70.36000061035156,69.44999694824219,69.5,3611600
2013-10-23,42.51287841796875,42.51287841796875,70.25,69.68000030517578,69.94999694824219,4650000
2013-10-24,42.50077438354492,42.50077438354492,70.44999694824219,69.79000091552734,70.44999694824219,1600400
2013-10-25,43.0214958190918,43.0214958190918,71.12999725341797,70.19999694824219,70.36000061035156,2213000
2013-10-28,42.71269226074219,42.71269226074219,71.0999984741211,69.94999694824219,71.0999984741211,3347400
2013-10-29,42.46442413330078,42.46442413330078,70.54000091552734,69.7300033569336,70.16000366210938,3174900
2013-10-30,42.1071891784668,42.1071891784668,70.2300033569336,69.19999694824219,70.04000091552734,2466500
2013-10-31,41.858924865722656,41.858924865722656,69.77999877929688,68.66000366210938,69.62000274658203,4039600
2013-11-01,42.076900482177734,42.076900482177734,69.69999694824219,68.7300033569336,69.41000366210938,3448800
2013-11-04,42.155616760253906,42.155616760253906,69.94999694824219,68.9800033569336,69.86000061035156,2640800
2013-11-05,41.46533966064453,41.46533966064453,69.3499984741211,68.3499984741211,69.3499984741211,2533800
2013-11-06,41.40478515625,41.40478515625,69.0,68.29000091552734,68.56999969482422,2256900
2013-11-07,40.890098571777344,40.890098571777344,68.62999725341797,67.37999725341797,68.38999938964844,3236900
2013-11-08,40.33908462524414,40.33908462524414,67.22000122070312,65.66000366210938,66.91999816894531,3577500
2013-11-11,40.3814811706543,40.3814811706543,67.0999984741211,66.44999694824219,66.5,2243000
2013-11-12,40.1998176574707,40.1998176574707,66.6500015258789,65.86000061035156,66.51000213623047,2269900
2013-11-13,40.4601936340332,40.4601936340332,66.81999969482422,65.95999908447266,66.29000091552734,2547100
2013-11-14,40.74478530883789,40.74478530883789,67.77999877929688,66.9000015258789,66.98999786376953,2483500
2013-11-15,40.89616775512695,40.89616775512695,67.6500015258789,67.13999938964844,67.3499984741211,2140300
2013-11-18,40.641845703125,40.641845703125,67.80000305175781,67.05000305175781,67.79000091552734,1739500
2013-11-19,40.35725784301758,40.35725784301758,67.13999938964844,66.37999725341797,66.9800033569336,2202800
2013-11-20,39.866790771484375,39.866790771484375,67.2699966430664,65.6500015258789,66.61000061035156,2922700
2013-11-21,40.17560958862305,40.17560958862305,66.51000213623047,65.75,66.0199966430664,2998000
2013-11-22,40.01817321777344,40.01817321777344,66.55000305175781,65.73999786376953,66.4800033569336,1919400
2013-11-25,39.83046340942383,39.83046340942383,66.20999908447266,65.69000244140625,66.16000366210938,2934200
2013-11-26,39.691192626953125,39.691192626953125,65.94000244140625,65.4000015258789,65.93000030517578,2673400
2013-11-27,40.030277252197266,40.030277252197266,66.16000366210938,65.4800033569336,65.58000183105469,2990600
2013-11-29,39.660919189453125,39.660919189453125,66.19000244140625,65.4000015258789,65.83000183105469,2259600
2013-12-02,39.43083190917969,39.43083190917969,65.62000274658203,64.86000061035156,65.43000030517578,3659000
2013-12-03,39.35210418701172,39.35210418701172,65.20999908447266,64.70999908447266,64.91000366210938,2246800
2013-12-04,39.49742126464844,39.49742126464844,65.69000244140625,64.38999938964844,64.47000122070312,3189600
2013-12-05,39.63670349121094,39.63670349121094,65.55000305175781,64.70999908447266,65.16999816894531,2622100
2013-12-06,39.921287536621094,39.921287536621094,66.0999984741211,65.61000061035156,65.91999816894531,2022500
2013-12-09,40.115047454833984,40.115047454833984,66.30999755859375,65.66000366210938,66.26000213623047,2326100
2013-12-10,40.01211166381836,40.01211166381836,66.51000213623047,66.08000183105469,66.12999725341797,2439600
2013-12-11,39.09173583984375,39.09173583984375,66.19999694824219,64.5,66.08999633789062,2789100
2013-12-12,38.87375259399414,38.87375259399414,64.5999984741211,63.959999084472656,64.45999908447266,2746100
2013-12-13,38.97063064575195,38.97063064575195,65.12000274658203,64.19000244140625,64.43000030517578,3165400
2013-12-16,39.10385513305664,39.10385513305664,64.75,64.29000091552734,64.51000213623047,2571400
2013-12-17,39.285499572753906,39.285499572753906,65.05999755859375,64.36000061035156,64.61000061035156,2640100
2013-12-18,39.98183059692383,39.98183059692383,66.08999633789062,64.1500015258789,64.91000366210938,4120500
2013-12-19,39.43083190917969,39.43083190917969,65.87000274658203,64.75,65.83999633789062,3297500
2013-12-20,39.67302322387695,39.67302322387695,65.58000183105469,64.94999694824219,65.11000061035156,3832900
2013-12-23,39.751739501953125,39.751739501953125,66.05000305175781,65.56999969482422,65.72000122070312,4183400
2013-12-24,39.78739547729492,39.78739547729492,64.86000061035156,64.52999877929688,64.68000030517578,1801200
2013-12-26,39.81817626953125,39.81817626953125,65.23999786376953,64.58999633789062,64.81999969482422,4333500
2013-12-27,39.90425491333008,39.90425491333008,65.0,64.31999969482422,64.9000015258789,3277100
2013-12-30,39.91655349731445,39.91655349731445,65.16000366210938,64.76000213623047,64.87999725341797,3603900
2013-12-31,39.701316833496094,39.701316833496094,65.1500015258789,64.44999694824219,64.91999816894531,5576900
2014-01-02,39.70747756958008,39.70747756958008,64.75,64.05000305175781,64.27999877929688,5829600
2014-01-03,39.92884826660156,39.92884826660156,65.18000030517578,64.41000366210938,64.48999786376953,2771700
2014-01-06,40.13178634643555,40.13178634643555,65.55999755859375,64.93000030517578,65.13999938964844,2917500
2014-01-07,40.31012725830078,40.31012725830078,65.81999969482422,65.06999969482422,65.23999786376953,2582600
2014-01-08,40.11333084106445,40.11333084106445,65.62000274658203,64.94000244140625,65.37999725341797,3368400
2014-01-09,40.11333084106445,40.11333084106445,65.51000213623047,64.75,65.48999786376953,2543000
2014-01-10,40.66065216064453,40.66065216064453,66.16000366210938,65.61000061035156,65.76000213623047,2683900
2014-01-13,40.39006423950195,40.39006423950195,66.2300033569336,65.5,66.0999984741211,3650800
2014-01-14,40.68524932861328,40.68524932861328,66.36000061035156,65.66000366210938,65.91000366210938,2383400
2014-01-15,40.99272155761719,40.99272155761719,66.77999877929688,66.1500015258789,66.1500015258789,3069700
2014-01-16,41.0665283203125,41.0665283203125,66.80999755859375,66.55000305175781,66.55000305175781,2704800
2014-01-17,40.8266716003418,40.8266716003418,66.97000122070312,66.33000183105469,66.8499984741211,2957800
2014-01-21,41.195655822753906,41.195655822753906,67.25,66.58999633789062,66.72000122070312,3255800
2014-01-22,41.37398910522461,41.37398910522461,67.47000122070312,67.0,67.02999877929688,3432800
2014-01-23,41.27559280395508,41.27559280395508,67.26000213623047,66.80000305175781,67.05000305175781,3262600
2014-01-24,40.7590446472168,40.7590446472168,66.91999816894531,66.13999938964844,66.81999969482422,2745800
2014-01-27,40.44540786743164,40.44540786743164,66.58000183105469,65.51000213623047,66.31999969482422,3818500
2014-01-28,40.783634185791016,40.783634185791016,66.44000244140625,65.79000091552734,65.8499984741211,2406700
2014-01-29,40.56226348876953,40.56226348876953,66.29000091552734,65.62999725341797,65.98999786376953,3308200
2014-01-30,41.17719650268555,41.17719650268555,67.20999908447266,66.1500015258789,66.20999908447266,2990100
2014-01-31,41.398590087890625,41.398590087890625,67.62000274658203,66.22000122070312,66.43000030517578,5454400
2014-02-03,40.74059295654297,40.74059295654297,67.31999969482422,65.98999786376953,67.22000122070312,7310400
2014-02-04,41.2325553894043,41.2325553894043,67.08999633789062,66.05999755859375,66.31999969482422,4472100
2014-02-05,41.14645767211914,41.14645767211914,67.01000213623047,66.54000091552734,66.5999984741211,2656000
2014-02-06,41.44778823852539,41.44778823852539,67.5,66.91000366210938,66.94999694824219,2755500
2014-02-07,41.761409759521484,41.761409759521484,68.01000213623047,67.4000015258789,67.81999969482422,5918800
2014-02-10,42.154972076416016,42.154972076416016,68.75,67.68000030517578,68.12000274658203,6276300
2014-02-11,42.32101821899414,42.32101821899414,69.16000366210938,68.33000183105469,68.43000030517578,7136400
2014-02-12,42.34562301635742,42.34562301635742,69.02999877929688,68.5199966430664,69.0199966430664,3335400
2014-02-13,42.50550842285156,42.50550842285156,69.44000244140625,68.48999786376953,68.61000061035156,2754600
2014-02-14,42.671539306640625,42.671539306640625,69.5199966430664,69.01000213623047,69.01000213623047,2509200
2014-02-18,42.880638122558594,42.880638122558594,69.7300033569336,69.02999877929688,69.61000061035156,3819900
2014-02-19,42.856021881103516,42.856021881103516,70.43000030517578,69.55999755859375,69.5999984741211,4334000
2014-02-20,42.76378631591797,42.76378631591797,70.23999786376953,69.29000091552734,69.69999694824219,3503400
2014-02-21,42.86832046508789,42.86832046508789,70.0,69.19999694824219,69.58000183105469,2406000
2014-02-24,42.97286605834961,42.97286605834961,70.56999969482422,69.83999633789062,69.9800033569336,3690100
2014-02-25,43.11429977416992,43.11429977416992,70.44000244140625,69.8499984741211,70.0,3329500
2014-02-26,43.21269607543945,43.21269607543945,70.52999877929688,70.01000213623047,70.3499984741211,4623500
2014-02-27,43.09585189819336,43.09585189819336,70.52999877929688,69.77999877929688,70.30000305175781,3334400
2014-02-28,43.49557113647461,43.49557113647461,70.98999786376953,70.05000305175781,70.1500015258789,8733500
2014-03-03,43.520172119140625,43.520172119140625,70.83999633789062,70.05999755859375,70.29000091552734,5816200
2014-03-04,44.147430419921875,44.147430419921875,71.87999725341797,71.13999938964844,71.2699966430664,4444400
2014-03-05,44.092071533203125,44.092071533203125,72.01000213623047,71.13999938964844,71.83999633789062,3489400
2014-03-06,43.72309494018555,43.72309494018555,71.83000183105469,70.94000244140625,71.83000183105469,3705600
2014-03-07,43.249610900878906,43.249610900878906,70.97000122070312,70.0199966430664,70.7699966430664,3665900
2014-03-10,43.022071838378906,43.022071838378906,70.44000244140625,69.69000244140625,70.36000061035156,6387500
2014-03-11,43.29264831542969,43.29264831542969,70.66999816894531,70.0,70.05000305175781,5101900
2014-03-12,43.42177963256836,43.42177963256836,70.69000244140625,70.1500015258789,70.1500015258789,2711900
2014-03-13,43.218849182128906,43.218849182128906,70.87000274658203,70.1500015258789,70.73999786376953,3688000
2014-03-14,43.32952880859375,43.32952880859375,70.77999877929688,70.16000366210938,70.33999633789062,2713900
2014-03-17,43.42177963256836,43.42177963256836,71.06999969482422,70.4000015258789,71.02999877929688,3115600
2014-03-18,43.550907135009766,43.550907135009766,70.9000015258789,70.33999633789062,70.62999725341797,2483700
2014-03-19,42.726890563964844,42.726890563964844,71.19000244140625,69.23999786376953,71.0,4561500
2014-03-20,42.80067443847656,42.80067443847656,69.62000274658203,68.79000091552734,69.37000274658203,3811500
2014-03-21,43.19424819946289,43.19424819946289,70.47000122070312,69.75,69.81999969482422,2970400
2014-03-24,42.911373138427734,42.911373138427734,70.48999786376953,69.41999816894531,70.44000244140625,5826500
2014-03-25,43.303192138671875,43.303192138671875,70.08999633789062,69.44000244140625,69.87000274658203,3125500
2014-03-26,42.814186096191406,42.814186096191406,70.37999725341797,69.16000366210938,70.25,4286800
2014-03-27,43.0865364074707,43.0865364074707,69.66999816894531,68.87000274658203,69.1500015258789,3097600
2014-03-28,43.34650421142578,43.34650421142578,70.29000091552734,69.7300033569336,69.76000213623047,2278400
2014-03-31,43.711700439453125,43.711700439453125,70.83000183105469,69.79000091552734,70.44999694824219,3597700
2014-04-01,43.90976333618164,43.90976333618164,70.94000244140625,70.12999725341797,70.7699966430664,5804400
2014-04-02,43.94691848754883,43.94691848754883,71.06999969482422,70.52999877929688,70.9000015258789,3266700
2014-04-03,43.854061126708984,43.854061126708984,71.12999725341797,70.5999984741211,71.0999984741211,2372300
2014-04-04,44.00263595581055,44.00263595581055,71.52999877929688,70.7699966430664,71.1500015258789,3600300
2014-04-07,44.144981384277344,44.144981384277344,71.80000305175781,71.08000183105469,71.11000061035156,3845100
2014-04-08,44.417335510253906,44.417335510253906,71.80000305175781,71.11000061035156,71.37999725341797,2935500
2014-04-09,44.30592346191406,44.30592346191406,72.0,71.19999694824219,72.0,4339600
2014-04-10,43.885013580322266,43.885013580322266,71.9800033569336,70.70999908447266,71.69000244140625,4136300
2014-04-11,43.61885452270508,43.61885452270508,71.1500015258789,70.37000274658203,70.7699966430664,3785000
2014-04-14,43.87882995605469,43.87882995605469,70.98999786376953,70.37000274658203,70.83000183105469,2963500
2014-04-15,44.39876174926758,44.39876174926758,71.76000213623047,70.83999633789062,70.98999786376953,3800100
2014-04-16,44.68348693847656,44.68348693847656,72.27999877929688,71.68000030517578,71.9800033569336,2141600
2014-04-17,44.42350387573242,44.42350387573242,72.1500015258789,71.51000213623047,72.13999938964844,3736800
2014-04-21,44.67729949951172,44.67729949951172,72.26000213623047,71.77999877929688,71.87000274658203,2447200
2014-04-22,44.776329040527344,44.776329040527344,72.43000030517578,71.63999938964844,72.26000213623047,2889700
2014-04-23,44.596832275390625,44.596832275390625,72.47000122070312,71.87000274658203,72.33000183105469,3180700
2014-04-24,44.782527923583984,44.782527923583984,72.48999786376953,72.06999969482422,72.19999694824219,2332400
2014-04-25,44.609195709228516,44.609195709228516,72.43000030517578,71.91000366210938,72.38999938964844,2608900
2014-04-28,44.95582962036133,44.95582962036133,72.69000244140625,71.94000244140625,72.29000091552734,2994200
2014-04-29,44.98677062988281,44.98677062988281,72.98999786376953,72.4800033569336,72.8499984741211,2944200
2014-04-30,45.147727966308594,45.147727966308594,72.98999786376953,72.44999694824219,72.81999969482422,2660700
2014-05-01,45.33958053588867,45.33958053588867,73.31999969482422,72.30999755859375,73.05999755859375,3817400
2014-05-02,45.32721710205078,45.32721710205078,73.55000305175781,72.86000061035156,72.9000015258789,3495200
2014-05-05,45.420047760009766,45.420047760009766,73.44000244140625,72.69000244140625,73.0,2628500
2014-05-06,45.25912857055664,45.25912857055664,73.38999938964844,72.87000274658203,73.05999755859375,2879800
2014-05-07,45.80381774902344,45.80381774902344,74.05000305175781,73.16000366210938,73.27999877929688,4417300
2014-05-08,45.90903854370117,45.90903854370117,74.51000213623047,73.9000015258789,73.97000122070312,3389200
2014-05-09,45.939998626708984,45.939998626708984,74.44999694824219,73.80000305175781,74.22000122070312,3706300
2014-05-12,46.08235168457031,46.08235168457031,74.5999984741211,74.13999938964844,74.13999938964844,2983200
2014-05-13,45.785247802734375,45.785247802734375,75.0199966430664,73.86000061035156,74.4800033569336,2476600
2014-05-14,45.80381774902344,45.80381774902344,74.30000305175781,73.69000244140625,74.05000305175781,3956800
2014-05-15,45.77906799316406,45.77906799316406,74.08000183105469,73.3499984741211,74.05000305175781,2941200
2014-05-16,46.19997787475586,46.19997787475586,74.6500015258789,73.6500015258789,74.02999877929688,2478900
2014-05-19,46.01426315307617,46.01426315307617,74.61000061035156,74.0,74.61000061035156,2420400
2014-05-20,45.87190246582031,45.87190246582031,74.5999984741211,73.87000274658203,74.38999938964844,2210200
2014-05-21,45.5686149597168,45.5686149597168,74.36000061035156,73.5,74.36000061035156,2164800
2014-05-22,45.4881477355957,45.4881477355957,73.9000015258789,73.44999694824219,73.69000244140625,1820600
2014-05-23,45.890480041503906,45.890480041503906,74.16999816894531,73.48999786376953,73.48999786376953,1418000
2014-05-27,46.218536376953125,46.218536376953125,74.70999908447266,74.18000030517578,74.33999633789062,2713200
2014-05-28,45.92761993408203,45.92761993408203,74.43000030517578,73.76000213623047,74.4000015258789,2363100
2014-05-29,46.020442962646484,46.020442962646484,74.4000015258789,74.01000213623047,74.30000305175781,2379800
2014-05-30,46.23090744018555,46.23090744018555,74.77999877929688,74.22000122070312,74.27999877929688,3281400
2014-06-02,46.37327194213867,46.37327194213867,75.11000061035156,74.55999755859375,74.91999816894531,3096500
2014-06-03,46.348487854003906,46.348487854003906,74.97000122070312,74.62000274658203,74.91000366210938,1828800
2014-06-04,46.44136047363281,46.44136047363281,75.19000244140625,74.62999725341797,74.88999938964844,1910500
2014-06-05,47.2955436706543,47.2955436706543,76.44000244140625,74.91000366210938,75.19999694824219,4992400
2014-06-06,47.097469329833984,47.097469329833984,76.7699966430664,75.94999694824219,76.7699966430664,9927200
2014-06-09,46.52800750732422,46.52800750732422,76.33999633789062,75.02999877929688,76.16999816894531,2468000
2014-06-10,46.18138885498047,46.18138885498047,75.19000244140625,74.33999633789062,75.11000061035156,2614700
2014-06-11,46.057613372802734,46.057613372802734,74.7300033569336,74.04000091552734,74.30999755859375,2365800
2014-06-12,45.939998626708984,45.939998626708984,74.45999908447266,73.6500015258789,74.4000015258789,2249600
2014-06-13,46.057613372802734,46.057613372802734,74.52999877929688,73.7300033569336,74.22000122070312,1853100
2014-06-16,45.822391510009766,45.822391510009766,74.66000366210938,73.91999816894531,74.3499984741211,2643400
2014-06-17,45.939998626708984,45.939998626708984,74.30000305175781,73.69999694824219,73.9800033569336,1942400
2014-06-18,46.261844635009766,46.261844635009766,74.91000366210938,73.91999816894531,74.2300033569336,2734500
2014-06-19,46.64561462402344,46.64561462402344,75.36000061035156,74.69999694824219,74.94000244140625,2555800
2014-06-20,46.80656433105469,46.80656433105469,75.66000366210938,74.94999694824219,75.36000061035156,2133100
2014-06-23,46.61467361450195,46.61467361450195,75.91000366210938,75.30000305175781,75.58999633789062,4780100
2014-06-24,46.64904022216797,46.64904022216797,74.91000366210938,74.43000030517578,74.62000274658203,3286300
2014-06-25,46.55531692504883,46.55531692504883,74.77999877929688,74.33000183105469,74.58999633789062,3838900
2014-06-26,46.511592864990234,46.511592864990234,74.58999633789062,74.2300033569336,74.55999755859375,2612600
2014-06-27,46.8676872253418,46.8676872253418,75.02999877929688,74.27999877929688,74.33999633789062,2013100
2014-06-30,46.755226135253906,46.755226135253906,75.08000183105469,74.33999633789062,75.06999969482422,4124700
2014-07-01,47.00513458251953,47.00513458251953,75.44000244140625,74.62999725341797,74.88999938964844,3025500
2014-07-02,46.892677307128906,46.892677307128906,75.23999786376953,74.62999725341797,75.23999786376953,2935000
2014-07-03,46.624046325683594,46.624046325683594,74.87999725341797,74.30999755859375,74.79000091552734,2878500
2014-07-07,46.76148223876953,46.76148223876953,74.97000122070312,74.51000213623047,74.51000213623047,2436200
2014-07-08,46.898921966552734,46.898921966552734,75.31999969482422,74.62000274658203,74.62000274658203,3175000
2014-07-09,46.973899841308594,46.973899841308594,75.30999755859375,74.66000366210938,75.16999816894531,2534800
2014-07-10,47.18630599975586,47.18630599975586,75.69999694824219,74.72000122070312,74.80999755859375,3409400
2014-07-11,47.19255447387695,47.19255447387695,75.62999725341797,75.16999816894531,75.5,2629400
2014-07-14,47.423709869384766,47.423709869384766,75.9800033569336,75.4000015258789,75.72000122070312,1907000
2014-07-15,47.45493698120117,47.45493698120117,76.0999984741211,75.56999969482422,75.95999908447266,2907800
2014-07-16,47.60489273071289,47.60489273071289,76.2699966430664,75.73999786376953,76.12000274658203,2204200
2014-07-17,47.361244201660156,47.361244201660156,76.18000030517578,75.69999694824219,76.05999755859375,2930400
2014-07-18,47.82978820800781,47.82978820800781,76.58000183105469,75.80000305175781,75.8499984741211,2042200
2014-07-21,47.65486526489258,47.65486526489258,76.41999816894531,76.05000305175781,76.36000061035156,2612300
2014-07-22,47.804786682128906,47.804786682128906,76.75,76.41000366210938,76.41000366210938,2536100
2014-07-23,47.89225769042969,47.89225769042969,76.7699966430664,76.41000366210938,76.61000061035156,1972200
2014-07-24,47.82978820800781,47.82978820800781,76.87999725341797,76.37999725341797,76.8499984741211,2035000
2014-07-25,47.49866485595703,47.49866485595703,76.66000366210938,76.0,76.66000366210938,4739600
2014-07-28,47.82978820800781,47.82978820800781,76.76000213623047,76.0999984741211,76.1500015258789,2155500
2014-07-29,47.5986213684082,47.5986213684082,76.73999786376953,76.08999633789062,76.69999694824219,1898000
2014-07-30,47.49866485595703,47.49866485595703,76.4800033569336,75.66999816894531,76.16999816894531,3117400
2014-07-31,46.79271697998047,46.79271697998047,75.91999816894531,74.9000015258789,75.6500015258789,3195700
2014-08-01,46.6802864074707,46.6802864074707,75.4000015258789,74.72000122070312,74.88999938964844,3394800
2014-08-04,47.00513458251953,47.00513458251953,75.41000366210938,74.38999938964844,74.91999816894531,2458400
2014-08-05,46.52408218383789,46.52408218383789,75.19999694824219,74.30999755859375,74.94999694824219,2968400
2014-08-06,46.50533676147461,46.50533676147461,74.79000091552734,74.0,74.26000213623047,1930600
2014-08-07,46.53033447265625,46.53033447265625,74.87999725341797,74.31999969482422,74.66999816894531,2299300
2014-08-08,46.80521774291992,46.80521774291992,74.97000122070312,74.33000183105469,74.5999984741211,2574200
2014-08-11,47.098846435546875,47.098846435546875,75.61000061035156,75.0,75.12000274658203,2307300
2014-08-12,47.02388000488281,47.02388000488281,75.61000061035156,75.12999725341797,75.37000274658203,1510400
2014-08-13,47.70484161376953,47.70484161376953,76.38999938964844,75.41000366210938,75.41000366210938,1847200
2014-08-14,47.673587799072266,47.673587799072266,76.63999938964844,76.1500015258789,76.5,2020500
2014-08-15,47.62361526489258,47.62361526489258,76.72000122070312,75.94999694824219,76.55000305175781,2972400
2014-08-18,48.09218215942383,48.09218215942383,76.98999786376953,76.41000366210938,76.41000366210938,2328200
2014-08-19,48.192142486572266,48.192142486572266,77.33000183105469,76.87999725341797,77.1500015258789,1893300
2014-08-20,48.41080093383789,48.41080093383789,77.61000061035156,76.72000122070312,77.1500015258789,2361100
2014-08-21,48.33580780029297,48.33580780029297,77.83999633789062,77.31999969482422,77.55000305175781,2436900
2014-08-22,47.948486328125,47.948486328125,77.37000274658203,76.48999786376953,77.33999633789062,2568700
2014-08-25,47.84227752685547,47.84227752685547,77.19999694824219,76.30999755859375,77.12999725341797,1913700
2014-08-26,47.935997009277344,47.935997009277344,76.94000244140625,76.5999984741211,76.62000274658203,1762400
2014-08-27,47.96721649169922,47.96721649169922,77.0,76.58999633789062,76.81999969482422,1527300
2014-08-28,47.960994720458984,47.960994720458984,76.93000030517578,76.5,76.72000122070312,2491900
2014-08-29,48.21712112426758,48.21712112426758,77.18000030517578,76.70999908447266,76.87000274658203,1857400
2014-09-02,48.22338104248047,48.22338104248047,77.33000183105469,76.9800033569336,77.05000305175781,2356800
2014-09-03,48.34831237792969,48.34831237792969,77.48999786376953,77.11000061035156,77.3499984741211,2254000
2014-09-04,48.167137145996094,48.167137145996094,77.61000061035156,76.86000061035156,77.38999938964844,2032500
2014-09-05,48.67942428588867,48.67942428588867,77.94999694824219,77.12999725341797,77.2300033569336,2285600
2014-09-08,48.629432678222656,48.629432678222656,78.08000183105469,77.61000061035156,77.86000061035156,3472300
2014-09-09,48.3295783996582,48.3295783996582,77.83999633789062,77.22000122070312,77.83999633789062,2389600
2014-09-10,47.567405700683594,47.567405700683594,77.25,76.08000183105469,77.25,3369300
2014-09-11,47.60489273071289,47.60489273071289,76.43000030517578,75.8499984741211,76.05999755859375,3158100
2014-09-12,46.14301300048828,46.14301300048828,75.87000274658203,73.44999694824219,75.8499984741211,5664200
2014-09-15,45.91808319091797,45.91808319091797,74.19999694824219,73.23999786376953,73.83000183105469,4031200
2014-09-16,46.367897033691406,46.367897033691406,74.44000244140625,73.5,73.52999877929688,3866000
2014-09-17,46.35541534423828,46.35541534423828,74.8499984741211,74.0999984741211,74.44999694824219,3340200
2014-09-18,45.94932556152344,45.94932556152344,74.4000015258789,73.51000213623047,74.29000091552734,3321000
2014-09-19,46.005550384521484,46.005550384521484,73.95999908447266,73.38999938964844,73.55000305175781,3465500
2014-09-22,45.64320373535156,45.64320373535156,73.5999984741211,73.05999755859375,73.55000305175781,2511100
2014-09-23,45.31208801269531,45.31208801269531,73.3499984741211,72.5,73.02999877929688,5408600
2014-09-24,45.19103240966797,45.19103240966797,72.52999877929688,71.52999877929688,71.8499984741211,4459300
2014-09-25,44.98926544189453,44.98926544189453,71.80999755859375,71.08999633789062,71.70999908447266,5149900
2014-09-26,45.59457015991211,45.59457015991211,72.37999725341797,71.12000274658203,71.23999786376953,3992400
2014-09-29,45.531532287597656,45.531532287597656,72.26000213623047,71.4800033569336,71.87999725341797,3798600
2014-09-30,45.304534912109375,45.304534912109375,72.41000366210938,71.68000030517578,72.23999786376953,4720400
2014-10-01,45.34235382080078,45.34235382080078,72.38999938964844,71.5999984741211,71.5999984741211,6004400
2014-10-02,45.266693115234375,45.266693115234375,72.2699966430664,71.31999969482422,71.8499984741211,4035000
2014-10-03,45.55044174194336,45.55044174194336,72.41999816894531,71.66999816894531,72.08999633789062,3338400
2014-10-06,45.67024230957031,45.67024230957031,72.83999633789062,72.25,72.43000030517578,2874400
2014-10-07,45.31083679199219,45.31083679199219,72.63999938964844,71.8499984741211,72.29000091552734,2711000
2014-10-08,46.294471740722656,46.294471740722656,73.45999908447266,71.98999786376953,72.04000091552734,4952700
2014-10-09,46.294471740722656,46.294471740722656,74.29000091552734,73.30000305175781,73.3499984741211,4812800
2014-10-10,46.338619232177734,46.338619232177734,74.4000015258789,73.47000122070312,73.52999877929688,4856500
2014-10-13,46.382755279541016,46.382755279541016,74.30999755859375,73.5,73.80000305175781,4322300
2014-10-14,47.13311004638672,47.13311004638672,75.26000213623047,73.7699966430664,73.87000274658203,4833400
2014-10-15,46.950252532958984,46.950252532958984,75.05999755859375,73.77999877929688,74.48999786376953,6098400
2014-10-16,47.02591323852539,47.02591323852539,74.79000091552734,73.48999786376953,73.48999786376953,4380100
2014-10-17,47.082672119140625,47.082672119140625,75.26000213623047,74.05000305175781,75.16999816894531,3592900
2014-10-20,47.80147933959961,47.80147933959961,75.83000183105469,74.69000244140625,74.80000305175781,3538000
2014-10-21,48.236549377441406,48.236549377441406,76.54000091552734,75.62000274658203,76.05000305175781,3590600
2014-10-22,48.249149322509766,48.249149322509766,77.0199966430664,76.38999938964844,76.55000305175781,3685100
2014-10-23,48.621192932128906,48.621192932128906,77.27999877929688,76.58000183105469,76.97000122070312,4636200
2014-10-24,48.58334732055664,48.58334732055664,77.44999694824219,76.61000061035156,77.16999816894531,3367300
2014-10-27,48.9427604675293,48.9427604675293,77.6500015258789,76.94999694824219,77.01000213623047,3241900
2014-10-28,49.157142639160156,49.157142639160156,77.95999908447266,77.31999969482422,77.4000015258789,2537300
2014-10-29,48.87969970703125,48.87969970703125,77.87999725341797,76.8499984741211,77.83000183105469,3652200
2014-10-30,49.18867111206055,49.18867111206055,78.01000213623047,77.12999725341797,77.41999816894531,2619400
2014-10-31,49.80661392211914,49.80661392211914,79.05000305175781,78.30000305175781,78.38999938964844,5992000
2014-11-03,50.24168395996094,50.24168395996094,79.68000030517578,78.87000274658203,79.02999877929688,5130100
2014-11-04,50.32365417480469,50.32365417480469,79.81999969482422,79.0,79.66000366210938,2749400
2014-11-05,50.216468811035156,50.216468811035156,80.18000030517578,79.18000030517578,79.9800033569336,2257200
2014-11-06,49.83183288574219,49.83183288574219,79.91000366210938,78.9000015258789,79.61000061035156,3025000
2014-11-07,49.768775939941406,49.768775939941406,79.30999755859375,78.55000305175781,79.11000061035156,3680900
2014-11-10,50.17863845825195,50.17863845825195,79.62000274658203,78.68000030517578,78.75,2141300
2014-11-11,49.983154296875,49.983154296875,79.63999938964844,78.91999816894531,79.55000305175781,2158300
2014-11-12,49.604827880859375,49.604827880859375,79.3499984741211,78.54000091552734,79.30000305175781,3648500
2014-11-13,49.8759651184082,49.8759651184082,79.29000091552734,78.7300033569336,78.83000183105469,4038700
2014-11-14,49.46611404418945,49.46611404418945,79.23999786376953,78.29000091552734,79.0999984741211,3117900
2014-11-17,49.686798095703125,49.686798095703125,78.93000030517578,78.3499984741211,78.3499984741211,2501400
2014-11-18,49.90119171142578,49.90119171142578,79.25,78.66000366210938,78.80999755859375,2609900
2014-11-19,49.453514099121094,49.453514099121094,79.16999816894531,78.41999816894531,78.91999816894531,2985900
2014-11-20,49.617435455322266,49.617435455322266,78.79000091552734,78.05999755859375,78.37000274658203,3400800
2014-11-21,49.9264030456543,49.9264030456543,79.37999725341797,78.95999908447266,79.29000091552734,2827500
2014-11-24,50.10296630859375,50.10296630859375,79.72000122070312,79.29000091552734,79.33999633789062,3367400
2014-11-25,50.19123840332031,50.19123840332031,79.77999877929688,79.30999755859375,79.62999725341797,4664900
2014-11-26,50.676761627197266,50.676761627197266,80.44000244140625,79.6500015258789,79.6500015258789,2303900
2014-11-28,50.80286407470703,50.80286407470703,81.44000244140625,80.4000015258789,80.56999969482422,2225200
2014-12-01,50.676761627197266,50.676761627197266,81.05999755859375,80.2699966430664,80.5,5767100
2014-12-02,50.99203109741211,50.99203109741211,80.95999908447266,79.86000061035156,80.36000061035156,3641400
2014-12-03,50.94159698486328,50.94159698486328,80.9800033569336,80.55000305175781,80.88999938964844,3620900
2014-12-04,51.074012756347656,51.074012756347656,81.11000061035156,80.37000274658203,80.7699966430664,3367000
2014-12-05,50.81549072265625,50.81549072265625,80.81999969482422,79.95999908447266,80.81999969482422,4100400
2014-12-08,51.13705062866211,51.13705062866211,82.37999725341797,80.44000244140625,80.44999694824219,2651600
2014-12-09,51.370361328125,51.370361328125,81.63999938964844,80.22000122070312,80.30000305175781,3905800
2014-12-10,51.31992721557617,51.31992721557617,81.66000366210938,81.05000305175781,81.26000213623047,3634400
2014-12-11,51.414485931396484,51.414485931396484,81.87000274658203,81.27999877929688,81.37999725341797,2845100
2014-12-12,50.96680450439453,50.96680450439453,81.79000091552734,80.80000305175781,81.36000061035156,3903500
2014-12-15,50.30474853515625,50.30474853515625,81.29000091552734,79.62999725341797,81.27999877929688,5900900
2014-12-16,50.23537826538086,50.23537826538086,80.38999938964844,79.16999816894531,79.77999877929688,7097800
2014-12-17,51.38926696777344,51.38926696777344,81.54000091552734,79.77999877929688,79.79000091552734,7227900
2014-12-18,51.74868392944336,51.74868392944336,82.16000366210938,81.43000030517578,82.06999969482422,6041800
2014-12-19,51.723453521728516,51.723453521728516,82.44000244140625,81.80000305175781,82.23999786376953,5490300
2014-12-22,52.58823776245117,52.58823776245117,82.33999633789062,81.11000061035156,81.1500015258789,3600200
2014-12-23,52.44121551513672,52.44121551513672,82.62999725341797,81.83000183105469,82.56999969482422,4804100
2014-12-24,52.223899841308594,52.223899841308594,82.41000366210938,81.62000274658203,82.26000213623047,1306900
2014-12-26,52.40925979614258,52.40925979614258,82.25,81.72000122070312,82.12000274658203,2907700
2014-12-29,52.69688034057617,52.69688034057617,82.7699966430664,81.80000305175781,81.9000015258789,2789100
2014-12-30,52.65851593017578,52.65851593017578,82.87999725341797,82.19000244140625,82.44000244140625,3292600
2014-12-31,51.7701301574707,51.7701301574707,83.08999633789062,80.91999816894531,82.7699966430664,4494500
2015-01-02,52.54989242553711,52.54989242553711,82.29000091552734,81.33999633789062,81.69999694824219,5570500
2015-01-05,52.83747482299805,52.83747482299805,82.87999725341797,81.75,82.0,6073700
2015-01-06,53.361572265625,53.361572265625,83.75,82.75,82.75,7577100
2015-01-07,54.179664611816406,54.179664611816406,84.88999938964844,83.37000274658203,83.80999755859375,6920700
2015-01-08,54.384193420410156,54.384193420410156,85.36000061035156,84.41000366210938,85.3499984741211,5255000
2015-01-09,54.40972900390625,54.40972900390625,85.5199966430664,84.55999755859375,85.08999633789062,4643900
2015-01-12,54.825199127197266,54.825199127197266,85.87000274658203,85.18000030517578,85.33999633789062,5131800
2015-01-13,54.74211502075195,54.74211502075195,86.33000183105469,85.19999694824219,86.08000183105469,5859600
2015-01-14,55.21505355834961,55.21505355834961,86.43000030517578,85.1500015258789,85.5999984741211,6249100
2015-01-15,55.34288787841797,55.34288787841797,86.80999755859375,86.04000091552734,86.56999969482422,5004100
2015-01-16,55.822242736816406,55.822242736816406,87.44999694824219,86.27999877929688,86.58999633789062,4717000
2015-01-20,55.381263732910156,55.381263732910156,87.8499984741211,86.44999694824219,87.7300033569336,5012700
2015-01-21,55.34288787841797,55.34288787841797,86.69000244140625,86.18000030517578,86.69000244140625,4354500
2015-01-22,56.32716751098633,56.32716751098633,88.22000122070312,86.70999908447266,86.93000030517578,4450600
2015-01-23,56.16738510131836,56.16738510131836,88.3499984741211,87.68000030517578,88.11000061035156,3491800
2015-01-26,56.640350341796875,56.640350341796875,88.69000244140625,87.63999938964844,88.0,2885100
2015-01-27,56.65953063964844,56.65953063964844,89.0,88.30000305175781,88.4000015258789,3209400
2015-01-28,56.282440185546875,56.282440185546875,89.2699966430664,88.05999755859375,88.83000183105469,3948900
2015-01-29,56.480560302734375,56.480560302734375,88.45999908447266,87.45999908447266,88.45999908447266,3337500
2015-01-30,55.31734085083008,55.31734085083008,88.25,86.54000091552734,88.20999908447266,4969800
2015-02-02,55.17033386230469,55.17033386230469,86.69000244140625,84.69000244140625,86.52999877929688,7523600
2015-02-03,55.64968490600586,55.64968490600586,87.0999984741211,85.66000366210938,86.33000183105469,4617400
2015-02-04,55.419578552246094,55.419578552246094,87.08999633789062,86.20999908447266,86.87000274658203,3332800
2015-02-05,56.08427810668945,56.08427810668945,87.79000091552734,86.66999816894531,86.91999816894531,2921600
2015-02-06,54.45448303222656,54.45448303222656,87.66000366210938,84.83000183105469,87.54000091552734,6323300
2015-02-09,54.07101058959961,54.07101058959961,85.61000061035156,84.58000183105469,85.12000274658203,4235700
2015-02-10,54.243587493896484,54.243587493896484,85.05999755859375,83.8499984741211,84.75,6144500
2015-02-11,54.08378601074219,54.08378601074219,85.31999969482422,84.04000091552734,85.04000091552734,4027100
2015-02-12,54.729312896728516,54.729312896728516,85.72000122070312,84.5199966430664,84.81999969482422,4523100
2015-02-13,54.36500549316406,54.36500549316406,85.94000244140625,84.55999755859375,85.9000015258789,3444500
2015-02-17,54.23078536987305,54.23078536987305,85.86000061035156,84.6500015258789,85.0,6414800
2015-02-18,54.73572540283203,54.73572540283203,85.75,84.22000122070312,84.83999633789062,5487900
2015-02-19,53.5597038269043,53.5597038269043,85.69000244140625,83.61000061035156,85.69000244140625,5415600
2015-02-20,54.077415466308594,54.077415466308594,84.73999786376953,83.69000244140625,83.81999969482422,4982700
2015-02-23,54.51201629638672,54.51201629638672,85.33000183105469,84.55000305175781,84.62000274658203,3883800
2015-02-24,53.43826675415039,53.43826675415039,85.1500015258789,83.25,85.1500015258789,6027700
2015-02-25,53.451045989990234,53.451045989990234,84.52999877929688,83.52999877929688,83.69999694824219,6699700
2015-02-26,52.86943435668945,52.86943435668945,83.66000366210938,82.52999877929688,83.62000274658203,4738700
2015-02-27,53.28486633300781,53.28486633300781,83.58000183105469,82.43000030517578,82.9800033569336,4328200
2015-03-02,53.5916748046875,53.5916748046875,84.7699966430664,83.45999908447266,83.58000183105469,5353500
2015-03-03,53.48940658569336,53.48940658569336,83.93000030517578,82.97000122070312,83.73999786376953,4311400
2015-03-04,52.97808837890625,52.97808837890625,83.80000305175781,82.69999694824219,83.69000244140625,3054200
2015-03-05,53.1314811706543,53.1314811706543,83.94999694824219,83.05000305175781,83.0999984741211,3503900
2015-03-06,51.367462158203125,51.367462158203125,82.08999633789062,80.22000122070312,82.05999755859375,7166500
2015-03-09,51.77651596069336,51.77651596069336,81.19000244140625,80.6500015258789,80.6500015258789,6548000
2015-03-10,51.73816680908203,51.73816680908203,81.33000183105469,80.6500015258789,80.7699966430664,5985700
2015-03-11,51.78290557861328,51.78290557861328,81.29000091552734,80.70999908447266,81.05000305175781,2833100
2015-03-12,52.6840934753418,52.6840934753418,82.54000091552734,81.29000091552734,81.31999969482422,4013200
2015-03-13,52.65213394165039,52.65213394165039,82.61000061035156,81.83000183105469,82.41999816894531,2863500
2015-03-16,53.195396423339844,53.195396423339844,83.72000122070312,82.62000274658203,82.83999633789062,2761500
2015-03-17,53.17622375488281,53.17622375488281,83.58000183105469,82.70999908447266,83.06999969482422,3764800
2015-03-18,54.288333892822266,54.288333892822266,85.18000030517578,82.7300033569336,83.20999908447266,5781800
2015-03-19,54.26276397705078,54.26276397705078,85.41000366210938,84.55000305175781,84.81999969482422,5663200
2015-03-20,55.624107360839844,55.624107360839844,87.11000061035156,85.11000061035156,85.4000015258789,6004800
2015-03-23,55.55381393432617,55.55381393432617,87.61000061035156,86.73999786376953,87.02999877929688,3644100
2015-03-24,55.08083724975586,55.08083724975586,86.88999938964844,86.16000366210938,86.86000061035156,5828800
2015-03-25,54.13056945800781,54.13056945800781,86.08000183105469,83.94999694824219,85.88999938964844,5391800
2015-03-26,53.84764862060547,53.84764862060547,84.1500015258789,83.37000274658203,83.9800033569336,5638200
2015-03-27,53.918365478515625,53.918365478515625,84.22000122070312,83.5199966430664,83.81999969482422,2330600
2015-03-30,54.689918518066406,54.689918518066406,85.13999938964844,84.01000213623047,84.22000122070312,4149800
2015-03-31,54.207706451416016,54.207706451416016,85.27999877929688,84.06999969482422,84.68000030517578,2982800
2015-04-01,54.13056945800781,54.13056945800781,84.6500015258789,83.52999877929688,84.37000274658203,6666100
2015-04-02,54.54206466674805,54.54206466674805,85.13999938964844,84.13999938964844,84.33999633789062,3905900
2015-04-06,55.107852935791016,55.107852935791016,86.0,84.9800033569336,85.11000061035156,4398100
2015-04-07,54.13697052001953,54.13697052001953,85.80999755859375,84.19999694824219,85.69000244140625,3039000
2015-04-08,54.2205924987793,54.2205924987793,84.56999969482422,84.08999633789062,84.47000122070312,2630300
2015-04-09,53.09540557861328,53.09540557861328,84.19000244140625,82.37999725341797,84.19000244140625,5098700
2015-04-10,53.056819915771484,53.056819915771484,83.48999786376953,82.27999877929688,83.01000213623047,3651600
2015-04-13,52.91537094116211,52.91537094116211,82.81999969482422,82.27999877929688,82.48999786376953,2348700
2015-04-14,53.101829528808594,53.101829528808594,83.0,82.4000015258789,82.4800033569336,3662600
2015-04-15,52.70318603515625,52.70318603515625,82.93000030517578,81.91999816894531,82.91999816894531,3514000
2015-04-16,52.83821105957031,52.83821105957031,82.52999877929688,81.43000030517578,81.81999969482422,3395400
2015-04-17,52.59389114379883,52.59389114379883,82.27999877929688,81.23999786376953,81.86000061035156,5055300
2015-04-20,52.67104721069336,52.67104721069336,82.38999938964844,81.66000366210938,82.12999725341797,3191200
2015-04-21,52.76105880737305,52.76105880737305,82.58000183105469,81.83000183105469,82.13999938964844,3830400
2015-04-22,52.87037658691406,52.87037658691406,82.66000366210938,82.01000213623047,82.08000183105469,3852800
2015-04-23,53.011817932128906,53.011817932128906,82.62999725341797,82.05000305175781,82.22000122070312,2266200
2015-04-24,53.121124267578125,53.121124267578125,83.0999984741211,82.25,82.54000091552734,2291700
2015-04-27,53.050376892089844,53.050376892089844,83.30999755859375,82.31999969482422,82.69000244140625,2973300
2015-04-28,52.947513580322266,52.947513580322266,82.62000274658203,81.81999969482422,82.43000030517578,3423400
2015-04-29,51.880210876464844,51.880210876464844,81.95999908447266,80.4800033569336,81.55999755859375,3149400
2015-04-30,51.03792953491211,51.03792953491211,80.47000122070312,78.88999938964844,80.37000274658203,8753800
2015-05-01,51.423702239990234,51.423702239990234,80.52999877929688,79.30999755859375,79.47000122070312,5902600
2015-05-04,51.47513961791992,51.47513961791992,80.80000305175781,79.94000244140625,80.23999786376953,4563700
2015-05-05,50.356380462646484,50.356380462646484,80.0199966430664,78.19000244140625,80.0199966430664,6407200
2015-05-06,50.25996398925781,50.25996398925781,78.54000091552734,77.72000122070312,78.3499984741211,6480100
2015-05-07,51.031497955322266,51.031497955322266,79.68000030517578,78.20999908447266,78.27999877929688,6360600
2015-05-08,51.74519729614258,51.74519729614258,81.56999969482422,80.12000274658203,80.1500015258789,5136500
2015-05-11,50.96720886230469,50.96720886230469,80.70999908447266,79.02999877929688,80.16999816894531,3080600
2015-05-12,51.12152862548828,51.12152862548828,79.76000213623047,78.12000274658203,78.68000030517578,4739300
2015-05-13,50.632877349853516,50.632877349853516,80.3499984741211,78.58999633789062,80.0,6222300
2015-05-14,51.610172271728516,51.610172271728516,80.30999755859375,78.98999786376953,79.19000244140625,4905400
2015-05-15,52.13737869262695,52.13737869262695,81.33000183105469,80.41000366210938,80.5999984741211,4390600
2015-05-18,52.00236511230469,52.00236511230469,81.05999755859375,80.44000244140625,80.81999969482422,3450200
2015-05-19,51.82235336303711,51.82235336303711,81.08000183105469,80.41000366210938,80.4800033569336,2784700
2015-05-20,51.77732849121094,51.77732849121094,81.08000183105469,80.43000030517578,80.70999908447266,3427400
2015-05-21,51.53301239013672,51.53301239013672,80.70999908447266,79.77999877929688,80.61000061035156,2667800
2015-05-22,51.46870422363281,51.46870422363281,80.5999984741211,79.5999984741211,79.86000061035156,4067500
2015-05-26,51.07651138305664,51.07651138305664,80.05000305175781,79.20999908447266,80.0,3041700
2015-05-27,51.578006744384766,51.578006744384766,80.3499984741211,79.36000061035156,79.73999786376953,2978600
2015-05-28,51.47513961791992,51.47513961791992,80.38999938964844,79.6500015258789,80.16999816894531,2772000
2015-05-29,50.883636474609375,50.883636474609375,80.19999694824219,79.02999877929688,79.93000030517578,4786500
2015-06-01,51.50729751586914,51.50729751586914,80.26000213623047,79.0199966430664,79.38999938964844,4464400
2015-06-02,51.031497955322266,51.031497955322266,79.80000305175781,79.02999877929688,79.76000213623047,3313200
2015-06-03,50.29853439331055,50.29853439331055,79.30999755859375,78.13999938964844,79.1500015258789,3886000
2015-06-04,50.20207977294922,50.20207977294922,78.44000244140625,77.83000183105469,78.1500015258789,3710100
2015-06-05,49.64271926879883,49.64271926879883,77.80000305175781,76.5,77.05000305175781,6141000
2015-06-08,49.55270004272461,49.55270004272461,77.41000366210938,76.9000015258789,77.19999694824219,3347100
2015-06-09,49.19264221191406,49.19264221191406,77.20999908447266,76.4000015258789,76.81999969482422,4604500
2015-06-10,49.53984451293945,49.53984451293945,77.7300033569336,76.37999725341797,76.47000122070312,4332000
2015-06-11,49.842037200927734,49.842037200927734,77.80999755859375,77.37000274658203,77.62000274658203,9411000
2015-06-12,49.79703903198242,49.79703903198242,77.76000213623047,77.22000122070312,77.23999786376953,3125500
2015-06-15,49.526981353759766,49.526981353759766,77.37999725341797,76.8499984741211,77.37999725341797,3565200
2015-06-16,49.925636291503906,49.925636291503906,77.7699966430664,76.94000244140625,77.0999984741211,5474800
2015-06-17,50.34995651245117,50.34995651245117,78.37000274658203,77.12000274658203,77.70999908447266,3922300
2015-06-18,51.044376373291016,51.044376373291016,79.72000122070312,78.30999755859375,78.36000061035156,5616900
2015-06-19,50.65217208862305,50.65217208862305,79.61000061035156,78.52999877929688,79.44000244140625,5986300
2015-06-22,50.131370544433594,50.131370544433594,79.12999725341797,77.88999938964844,78.77999877929688,3898700
2015-06-23,49.713436126708984,49.713436126708984,77.81999969482422,77.18000030517578,77.6500015258789,2933200
2015-06-24,49.44340133666992,49.44340133666992,77.66000366210938,76.87000274658203,77.3499984741211,3900200
2015-06-25,48.9419059753418,48.9419059753418,77.0,76.08999633789062,77.0,4820600
2015-06-26,49.29389953613281,49.29389953613281,76.08999633789062,75.08999633789062,75.30000305175781,3789500
2015-06-29,48.52753448486328,48.52753448486328,76.37999725341797,74.66999816894531,75.62000274658203,5112000
2015-06-30,48.50807189941406,48.50807189941406,75.38999938964844,74.5,75.12999725341797,5855900
2015-07-01,49.306888580322266,49.306888580322266,75.91999816894531,74.36000061035156,74.37999725341797,6318900
2015-07-02,49.43028259277344,49.43028259277344,77.13999938964844,75.9800033569336,76.45999908447266,4303700
2015-07-06,49.74201202392578,49.74201202392578,76.69000244140625,75.63999938964844,75.7300033569336,5116700
2015-07-07,50.52138900756836,50.52138900756836,77.93000030517578,76.80999755859375,77.0,5921000
2015-07-08,50.32654571533203,50.32654571533203,77.76000213623047,77.25,77.37000274658203,4941800
2015-07-09,50.08624267578125,50.08624267578125,77.94000244140625,76.93000030517578,77.68000030517578,3312900
2015-07-10,50.50189971923828,50.50189971923828,78.27999877929688,77.26000213623047,77.44000244140625,4774100
2015-07-13,50.57332229614258,50.57332229614258,78.73999786376953,77.45999908447266,77.81999969482422,2887800
2015-07-14,50.677249908447266,50.677249908447266,78.30000305175781,77.56999969482422,78.0,2422900
2015-07-15,50.76167678833008,50.76167678833008,78.44000244140625,77.68000030517578,77.83000183105469,2238100
2015-07-16,51.170833587646484,51.170833587646484,78.88999938964844,78.29000091552734,78.29000091552734,2494800
2015-07-17,50.98896408081055,50.98896408081055,78.83000183105469,78.2699966430664,78.73999786376953,1803100
2015-07-20,51.04743957519531,51.04743957519531,78.73999786376953,78.08000183105469,78.31999969482422,2164800
2015-07-21,50.90456771850586,50.90456771850586,78.98999786376953,78.37000274658203,78.68000030517578,3540700
2015-07-22,51.125370025634766,51.125370025634766,79.0,78.37000274658203,78.44999694824219,2883500
2015-07-23,50.48889923095703,50.48889923095703,78.70999908447266,77.2699966430664,78.66999816894531,3188900
2015-07-24,50.703224182128906,50.703224182128906,78.33000183105469,77.52999877929688,77.7699966430664,2800300
2015-07-27,50.79415512084961,50.79415512084961,78.66000366210938,77.94000244140625,77.94000244140625,3003000
2015-07-28,50.82662582397461,50.82662582397461,78.51000213623047,77.9800033569336,78.22000122070312,2674000
2015-07-29,51.157833099365234,51.157833099365234,78.9000015258789,77.8499984741211,78.16999816894531,7988100
2015-07-30,50.90456771850586,50.90456771850586,78.77999877929688,78.12000274658203,78.6500015258789,2932500
2015-07-31,51.307228088378906,51.307228088378906,79.62999725341797,78.8499984741211,78.91999816894531,5490400
2015-08-03,51.62546157836914,51.62546157836914,79.56999969482422,79.0,79.2699966430664,3766400
2015-08-04,51.248783111572266,51.248783111572266,79.86000061035156,78.7300033569336,79.72000122070312,4087300
2015-08-05,50.91106414794922,50.91106414794922,79.1500015258789,78.08000183105469,79.0,3783100
2015-08-06,50.982505798339844,50.982505798339844,78.55000305175781,77.19000244140625,78.45999908447266,3473300
2015-08-07,51.170833587646484,51.170833587646484,78.9000015258789,77.80000305175781,78.37000274658203,3942600
2015-08-10,51.00847244262695,51.00847244262695,79.16999816894531,78.18000030517578,79.0999984741211,2605100
2015-08-11,51.346195220947266,51.346195220947266,79.38999938964844,78.25,78.33999633789062,4539900
2015-08-12,51.50857162475586,51.50857162475586,79.33000183105469,78.36000061035156,78.77999877929688,3229200
2015-08-13,51.56700897216797,51.56700897216797,79.7300033569336,78.47000122070312,79.12999725341797,2381900
2015-08-14,51.84626770019531,51.84626770019531,79.86000061035156,78.87000274658203,79.16999816894531,2558200
2015-08-17,52.28791046142578,52.28791046142578,80.56999969482422,79.48999786376953,79.91000366210938,2912600
2015-08-18,52.4307861328125,52.4307861328125,80.83000183105469,80.23999786376953,80.47000122070312,2904800
2015-08-19,52.119049072265625,52.119049072265625,80.62000274658203,79.7699966430664,80.51000213623047,2401000
2015-08-20,51.735870361328125,51.735870361328125,80.26000213623047,79.41999816894531,79.86000061035156,3999800
2015-08-21,50.774662017822266,50.774662017822266,79.55999755859375,78.18000030517578,79.26000213623047,4126300
2015-08-24,48.397647857666016,48.397647857666016,77.06999969482422,72.25,75.5199966430664,10864500
2015-08-25,47.066261291503906,47.066261291503906,76.0,72.45999908447266,75.5199966430664,9163900
2015-08-26,48.33919143676758,48.33919143676758,74.62999725341797,72.86000061035156,73.19000244140625,5067500
2015-08-27,49.274417877197266,49.274417877197266,76.47000122070312,74.4800033569336,75.12000274658203,5627400
2015-08-28,49.20298385620117,49.20298385620117,75.9800033569336,75.22000122070312,75.81999969482422,3881100
2015-08-31,48.079402923583984,48.079402923583984,75.75,74.02999877929688,75.58000183105469,6197200
2015-09-01,47.163673400878906,47.163673400878906,73.66000366210938,72.0999984741211,73.29000091552734,7218400
2015-09-02,47.65077590942383,47.65077590942383,73.62999725341797,72.72000122070312,73.08999633789062,5018500
2015-09-03,47.780662536621094,47.780662536621094,74.11000061035156,73.4000015258789,73.62000274658203,3712600
2015-09-04,46.89091110229492,46.89091110229492,73.12000274658203,71.66999816894531,73.12000274658203,4262900
2015-09-08,47.59882354736328,47.59882354736328,73.48999786376953,72.61000061035156,72.83999633789062,3004500
2015-09-09,47.053287506103516,47.053287506103516,74.13999938964844,72.33999633789062,73.87000274658203,3338100
2015-09-10,47.15717315673828,47.15717315673828,73.37000274658203,72.25,72.33000183105469,4609500
2015-09-11,48.059932708740234,48.059932708740234,74.0199966430664,72.48999786376953,72.5999984741211,3892500
2015-09-14,48.08592987060547,48.08592987060547,74.25,73.81999969482422,74.11000061035156,3040500
2015-09-15,48.56001281738281,48.56001281738281,74.93000030517578,73.56999969482422,74.06999969482422,2737200
2015-09-16,49.07958221435547,49.07958221435547,75.75,74.69000244140625,74.72000122070312,3318500
2015-09-17,49.63811111450195,49.63811111450195,77.73999786376953,75.2699966430664,75.6500015258789,6337800
2015-09-18,49.55368423461914,49.55368423461914,77.20999908447266,75.54000091552734,75.88999938964844,5798800
2015-09-21,49.97584915161133,49.97584915161133,77.33999633789062,76.30000305175781,76.33999633789062,3176300
2015-09-22,49.34584426879883,49.34584426879883,76.83000183105469,75.80999755859375,76.41000366210938,2963500
2015-09-23,49.65547180175781,49.65547180175781,76.08000183105469,75.08999633789062,75.5,3708700
2015-09-24,49.18974304199219,49.18974304199219,75.91000366210938,74.52999877929688,75.58999633789062,3707600
2015-09-25,49.38652038574219,49.38652038574219,75.91999816894531,74.8499984741211,75.31999969482422,3330000
2015-09-28,48.61906433105469,48.61906433105469,75.1500015258789,73.56999969482422,75.12000274658203,4094600
2015-09-29,49.13726806640625,49.13726806640625,75.2300033569336,74.05000305175781,74.56999969482422,3784900
2015-09-30,49.550514221191406,49.550514221191406,75.69000244140625,74.91000366210938,75.44999694824219,6237100
2015-10-01,49.7932243347168,49.7932243347168,76.02999877929688,75.11000061035156,75.66000366210938,4105200
2015-10-02,50.15397644042969,50.15397644042969,76.4800033569336,75.04000091552734,76.11000061035156,4602000
2015-10-05,51.00017166137695,51.00017166137695,77.87999725341797,76.75,76.77999877929688,5176500
2015-10-06,50.88209915161133,50.88209915161133,78.20999908447266,77.3499984741211,77.79000091552734,3570700
2015-10-07,51.46590042114258,51.46590042114258,78.45999908447266,77.61000061035156,77.87999725341797,4211900
2015-10-08,51.8988151550293,51.8988151550293,79.19000244140625,78.12999725341797,78.38999938964844,3953200
2015-10-09,51.813568115234375,51.813568115234375,79.18000030517578,78.5999984741211,79.11000061035156,3102700
2015-10-12,52.180885314941406,52.180885314941406,79.8499984741211,78.98999786376953,79.16000366210938,3216500
2015-10-13,51.774173736572266,51.774173736572266,79.5999984741211,78.69999694824219,79.30000305175781,2362700
2015-10-14,51.387176513671875,51.387176513671875,79.18000030517578,78.16999816894531,79.08999633789062,3349200
2015-10-15,52.08903503417969,52.08903503417969,79.41000366210938,78.3499984741211,78.41999816894531,2533600
2015-10-16,52.482601165771484,52.482601165771484,80.1500015258789,79.43000030517578,79.45999908447266,2875000
2015-10-19,53.217281341552734,53.217281341552734,81.12999725341797,79.87000274658203,79.9800033569336,3146100
2015-10-20,53.197593688964844,53.197593688964844,81.31999969482422,80.76000213623047,80.9800033569336,2781500
2015-10-21,53.000816345214844,53.000816345214844,81.48999786376953,80.73999786376953,81.25,3460600
2015-10-22,53.466529846191406,53.466529846191406,81.7699966430664,80.80999755859375,80.95999908447266,3504200
2015-10-23,52.94834518432617,52.94834518432617,81.68000030517578,80.2300033569336,81.54000091552734,3421300
2015-10-26,52.935203552246094,52.935203552246094,80.94000244140625,80.05000305175781,80.75,3280000
2015-10-27,52.91554260253906,52.91554260253906,80.87999725341797,80.2699966430664,80.69000244140625,7135300
2015-10-28,52.961456298828125,52.961456298828125,81.26000213623047,79.25,80.66999816894531,4576600
2015-10-29,52.889305114746094,52.889305114746094,80.73999786376953,80.08999633789062,80.5,3283100
2015-10-30,52.403892517089844,52.403892517089844,80.80999755859375,79.81999969482422,80.63999938964844,7057100
2015-11-02,53.51899719238281,53.51899719238281,81.5999984741211,79.77999877929688,80.06999969482422,6869600
2015-11-03,52.98114013671875,52.98114013671875,81.48999786376953,80.44999694824219,81.41000366210938,5285300
2015-11-04,52.744991302490234,52.744991302490234,80.95999908447266,80.16999816894531,80.81999969482422,3165100
2015-11-05,52.95490646362305,52.95490646362305,80.81999969482422,79.9800033569336,80.44000244140625,2804100
2015-11-06,51.3084716796875,51.3084716796875,79.76000213623047,77.72000122070312,79.43000030517578,7070200
2015-11-09,50.42949676513672,50.42949676513672,77.88999938964844,76.37999725341797,77.72000122070312,5919100
2015-11-10,51.00672149658203,51.00672149658203,77.94000244140625,76.8499984741211,76.87000274658203,4688800
2015-11-11,51.06578063964844,51.06578063964844,78.18000030517578,77.55999755859375,77.76000213623047,2228400
2015-11-12,50.71811294555664,50.71811294555664,78.01000213623047,77.18000030517578,77.63999938964844,3212200
2015-11-13,50.140872955322266,50.140872955322266,77.75,76.37999725341797,77.36000061035156,4250100
2015-11-16,50.71811294555664,50.71811294555664,77.31999969482422,76.12000274658203,76.2699966430664,3117900
2015-11-17,50.71811294555664,50.71811294555664,77.9800033569336,77.02999877929688,77.11000061035156,3845600
2015-11-18,51.16414260864258,51.16414260864258,78.05000305175781,76.91999816894531,77.41000366210938,3429200
2015-11-19,51.32157516479492,51.32157516479492,78.62999725341797,77.88999938964844,78.0999984741211,3628100
2015-11-20,51.96442794799805,51.96442794799805,79.30999755859375,78.5,78.7300033569336,3964600
2015-11-23,52.07593536376953,52.07593536376953,79.69000244140625,79.11000061035156,79.26000213623047,2370000
2015-11-24,51.80042266845703,51.80042266845703,79.12999725341797,78.31999969482422,78.95999908447266,3498900
2015-11-25,52.01033020019531,52.01033020019531,79.4800033569336,78.93000030517578,79.01000213623047,1959700
2015-11-27,52.46293640136719,52.46293640136719,80.2300033569336,79.23999786376953,79.26000213623047,1348700
2015-11-30,52.07593536376953,52.07593536376953,80.45999908447266,79.18000030517578,80.2699966430664,7609800
2015-12-01,52.79747772216797,52.79747772216797,80.5199966430664,79.41999816894531,79.5,3847300
2015-12-02,51.721710205078125,51.721710205078125,80.37000274658203,78.7300033569336,80.26000213623047,5713500
2015-12-03,50.9083366394043,50.9083366394043,78.8499984741211,77.4000015258789,78.7300033569336,4737300
2015-12-04,51.87913131713867,51.87913131713867,79.29000091552734,77.6500015258789,77.68000030517578,3434100
2015-12-07,51.73482894897461,51.73482894897461,79.19000244140625,78.5199966430664,78.95999908447266,4195100
2015-12-08,51.68891906738281,51.68891906738281,79.08999633789062,78.36000061035156,78.44000244140625,3638600
2015-12-09,51.40029525756836,51.40029525756836,79.16000366210938,77.95999908447266,78.52999877929688,4218800
2015-12-10,51.0329475402832,51.0329475402832,78.76000213623047,77.7300033569336,78.48999786376953,3465000
2015-12-11,50.94113540649414,50.94113540649414,78.01000213623047,77.16999816894531,77.62000274658203,3420800
2015-12-14,51.17727279663086,51.17727279663086,78.05999755859375,77.06999969482422,77.7699966430664,4775000
2015-12-15,51.73482894897461,51.73482894897461,79.26000213623047,78.37000274658203,78.37000274658203,3449100
2015-12-16,52.744991302490234,52.744991302490234,80.56999969482422,79.01000213623047,79.19999694824219,4699300
2015-12-17,52.482601165771484,52.482601165771484,80.58999633789062,79.77999877929688,80.51000213623047,3726800
2015-12-18,51.87257385253906,51.87257385253906,80.05000305175781,79.08000183105469,79.91999816894531,5724400
2015-12-21,52.07593536376953,52.07593536376953,79.87000274658203,78.95999908447266,79.5,4455300
2015-12-22,52.285831451416016,52.285831451416016,80.20999908447266,79.55999755859375,79.56999969482422,6484300
2015-12-23,52.823238372802734,52.823238372802734,79.44000244140625,78.70999908447266,78.80000305175781,4029000
2015-12-24,52.823238372802734,52.823238372802734,79.69000244140625,78.9800033569336,79.2699966430664,1426000
2015-12-28,53.115882873535156,53.115882873535156,79.87000274658203,79.01000213623047,79.16000366210938,6628800
2015-12-29,53.681243896484375,53.681243896484375,80.80000305175781,79.87000274658203,80.0,3499800
2015-12-30,53.49501419067383,53.49501419067383,80.91000366210938,80.37000274658203,80.6500015258789,3114300
2015-12-31,53.029422760009766,53.029422760009766,80.63999938964844,79.72000122070312,80.38999938964844,3292400
2016-01-04,52.390899658203125,52.390899658203125,79.0999984741211,78.04000091552734,79.06999969482422,8843700
2016-01-05,53.40189743041992,53.40189743041992,80.54000091552734,78.7300033569336,78.80000305175781,7114700
2016-01-06,53.255558013916016,53.255558013916016,80.19000244140625,79.52999877929688,79.56999969482422,5481200
2016-01-07,52.21797561645508,52.21797561645508,79.43000030517578,78.43000030517578,79.0999984741211,6297500
2016-01-08,51.51962661743164,51.51962661743164,79.0999984741211,77.33000183105469,79.04000091552734,4628600
2016-01-11,51.81226348876953,51.81226348876953,78.36000061035156,77.5,77.52999877929688,4956800
2016-01-12,51.46640396118164,51.46640396118164,78.41000366210938,76.9800033569336,78.30999755859375,5951900
2016-01-13,50.72813034057617,50.72813034057617,78.19999694824219,76.0999984741211,77.62999725341797,7679400
2016-01-14,50.60841369628906,50.60841369628906,76.77999877929688,75.5199966430664,76.16999816894531,5167500
2016-01-15,50.262550354003906,50.262550354003906,75.76000213623047,74.55000305175781,75.13999938964844,5571400
2016-01-19,50.528602600097656,50.528602600097656,76.55999755859375,75.56999969482422,75.91999816894531,4978100
2016-01-20,49.17176818847656,49.17176818847656,75.30000305175781,72.33000183105469,75.0999984741211,9091600
2016-01-21,49.444461822509766,49.444461822509766,75.38999938964844,73.68000030517578,74.27999877929688,6849300
2016-01-22,50.821266174316406,50.821266174316406,76.69999694824219,74.94000244140625,75.05999755859375,4542700
2016-01-25,50.50200653076172,50.50200653076172,77.06999969482422,75.7300033569336,76.25,4670100
2016-01-26,51.559513092041016,51.559513092041016,77.55000305175781,76.12999725341797,76.27999877929688,5214000
2016-01-27,50.56184005737305,50.56184005737305,77.41999816894531,75.54000091552734,77.41999816894531,4883200
2016-01-28,50.17610549926758,50.17610549926758,76.73999786376953,75.1500015258789,76.45999908447266,5584400
2016-01-29,51.20701599121094,51.20701599121094,77.06999969482422,75.33000183105469,75.9000015258789,11112200
2016-02-01,51.29347229003906,51.29347229003906,77.7699966430664,76.2699966430664,76.5199966430664,6925300
2016-02-02,50.827911376953125,50.827911376953125,77.0,75.98999786376953,76.75,6406000
2016-02-03,51.167118072509766,51.167118072509766,77.2300033569336,75.9800033569336,76.80999755859375,5729100
2016-02-04,51.19371032714844,51.19371032714844,77.38999938964844,76.18000030517578,76.87999725341797,4286700
2016-02-05,50.22264862060547,50.22264862060547,76.80999755859375,75.44000244140625,76.80999755859375,4033800
2016-02-08,48.786006927490234,48.786006927490234,75.12000274658203,72.19000244140625,75.0199966430664,5440900
2016-02-09,47.88810348510742,47.88810348510742,72.80000305175781,71.44000244140625,72.61000061035156,8405600
2016-02-10,48.22065353393555,48.22065353393555,73.4800033569336,72.18000030517578,72.47000122070312,3877700
2016-02-11,47.53559494018555,47.53559494018555,71.94999694824219,70.88999938964844,71.4800033569336,4930700
2016-02-12,48.08098602294922,48.08098602294922,72.48999786376953,71.55000305175781,72.12999725341797,5067000
2016-02-16,48.96561050415039,48.96561050415039,73.69999694824219,72.51000213623047,72.8499984741211,3888900
2016-02-17,49.38460922241211,49.38460922241211,75.08999633789062,73.69000244140625,73.69000244140625,3060900
2016-02-18,49.88344955444336,49.88344955444336,75.19999694824219,73.94999694824219,74.41000366210938,3539700
2016-02-19,50.16944885253906,50.16944885253906,75.75,74.48999786376953,74.73999786376953,2885500
2016-02-22,50.648311614990234,50.648311614990234,76.70999908447266,76.0,76.02999877929688,2966500
2016-02-23,50.51530075073242,50.51530075073242,76.8499984741211,75.83000183105469,76.08000183105469,2608300
2016-02-24,50.455448150634766,50.455448150634766,76.0199966430664,75.08000183105469,75.62000274658203,2997500
2016-02-25,51.48636245727539,51.48636245727539,77.44999694824219,76.19999694824219,76.19999694824219,3399900
2016-02-26,51.22031021118164,51.22031021118164,77.68000030517578,76.9800033569336,77.33000183105469,3180500
2016-02-29,51.02077865600586,51.02077865600586,77.77999877929688,76.58999633789062,76.93000030517578,5057700
2016-03-01,52.457420349121094,52.457420349121094,78.87999725341797,76.63999938964844,76.77999877929688,5309500
2016-03-02,52.83653259277344,52.83653259277344,79.4800033569336,78.41000366210938,78.55999755859375,3621700
2016-03-03,53.115882873535156,53.115882873535156,79.86000061035156,79.05999755859375,79.47000122070312,2907800
2016-03-04,53.122535705566406,53.122535705566406,79.94000244140625,79.29000091552734,79.7300033569336,2740000
2016-03-07,53.262210845947266,53.262210845947266,80.26000213623047,79.31999969482422,79.45999908447266,3504600
2016-03-08,52.71681594848633,52.71681594848633,80.04000091552734,79.16000366210938,79.97000122070312,2829000
2016-03-09,53.00947952270508,53.00947952270508,80.12000274658203,79.33000183105469,79.51000213623047,3566700
2016-03-10,52.816585540771484,52.816585540771484,80.41000366210938,78.52999877929688,80.25,2472500
2016-03-11,54.00050354003906,54.00050354003906,81.2699966430664,80.02999877929688,80.20999908447266,2520900
2016-03-14,54.007144927978516,54.007144927978516,81.27999877929688,80.75,81.06999969482422,2593900
2016-03-15,54.03371810913086,54.03371810913086,81.41000366210938,80.69000244140625,80.86000061035156,1898100
2016-03-16,54.68556594848633,54.68556594848633,82.3499984741211,80.72000122070312,81.01000213623047,3439600
2016-03-17,55.457088470458984,55.457088470458984,83.55999755859375,81.9800033569336,82.3499984741211,5526400
2016-03-18,55.21764373779297,55.21764373779297,83.75,83.0199966430664,83.54000091552734,3281800
2016-03-21,54.71927261352539,54.71927261352539,82.22000122070312,81.22000122070312,81.95999908447266,4343000
2016-03-22,54.71927261352539,54.71927261352539,81.61000061035156,80.87999725341797,81.19999694824219,4791300
2016-03-23,54.42334747314453,54.42334747314453,81.44999694824219,80.87000274658203,81.36000061035156,2837500
2016-03-24,54.44354248046875,54.44354248046875,81.0199966430664,80.2300033569336,80.77999877929688,2839400
2016-03-28,54.93449783325195,54.93449783325195,81.86000061035156,80.91000366210938,80.93000030517578,3885100
2016-03-29,56.124916076660156,56.124916076660156,83.48999786376953,81.52999877929688,81.77999877929688,5022700
2016-03-30,56.01728820800781,56.01728820800781,83.83999633789062,83.22000122070312,83.66000366210938,3503100
2016-03-31,56.360313415527344,56.360313415527344,83.91000366210938,83.11000061035156,83.27999877929688,7533800
2016-04-01,56.286338806152344,56.286338806152344,83.83000183105469,83.16999816894531,83.62999725341797,5267300
2016-04-04,56.205623626708984,56.205623626708984,83.94000244140625,83.27999877929688,83.86000061035156,6908900
2016-04-05,55.835716247558594,55.835716247558594,83.41999816894531,82.80999755859375,83.19999694824219,3251300
2016-04-06,55.970237731933594,55.970237731933594,83.26000213623047,82.58999633789062,83.05000305175781,2940500
2016-04-07,55.62049102783203,55.62049102783203,83.22000122070312,82.33000183105469,83.0199966430664,2339400
2016-04-08,55.92988586425781,55.92988586425781,83.5,82.94999694824219,83.12999725341797,3370300
2016-04-11,55.8155517578125,55.8155517578125,83.55999755859375,82.97000122070312,83.31999969482422,2848100
2016-04-12,56.219085693359375,56.219085693359375,83.79000091552734,82.95999908447266,83.16999816894531,2504600
2016-04-13,55.970237731933594,55.970237731933594,83.87000274658203,82.94000244140625,83.83000183105469,2827000
2016-04-14,55.66087341308594,55.66087341308594,83.2300033569336,82.54000091552734,83.16999816894531,2044200
2016-04-15,56.07785415649414,56.07785415649414,83.58000183105469,82.5,82.91999816894531,2429100
2016-04-18,56.346866607666016,56.346866607666016,83.79000091552734,83.13999938964844,83.25,2347400
2016-04-19,56.37375259399414,56.37375259399414,84.01000213623047,83.4800033569336,84.01000213623047,3137200
2016-04-20,55.418739318847656,55.418739318847656,84.0,82.33000183105469,83.83000183105469,4085800
2016-04-21,54.430084228515625,54.430084228515625,82.52999877929688,80.68000030517578,82.36000061035156,5046100
2016-04-22,55.02193069458008,55.02193069458008,81.94999694824219,80.80999755859375,80.93000030517578,3124400
2016-04-25,55.479270935058594,55.479270935058594,82.5,81.52999877929688,81.55000305175781,2385600
2016-04-26,55.694480895996094,55.694480895996094,83.27999877929688,82.51000213623047,82.79000091552734,3190800
2016-04-27,55.66087341308594,55.66087341308594,82.91999816894531,81.86000061035156,82.79000091552734,3244500
2016-04-28,55.546531677246094,55.546531677246094,83.08999633789062,81.94000244140625,82.26000213623047,2870600
2016-04-29,55.03538131713867,55.03538131713867,82.37000274658203,81.02999877929688,82.19000244140625,4117300
2016-05-02,55.8895263671875,55.8895263671875,83.30999755859375,81.77999877929688,81.77999877929688,4008000
2016-05-03,55.97694396972656,55.97694396972656,83.29000091552734,82.58999633789062,83.06999969482422,3305700
2016-05-04,56.77730178833008,56.77730178833008,84.58000183105469,82.70999908447266,82.70999908447266,4138600
2016-05-05,56.93871307373047,56.93871307373047,84.81999969482422,84.12999725341797,84.52999877929688,3324300
2016-05-06,57.564186096191406,57.564186096191406,85.66000366210938,84.26000213623047,84.6500015258789,3499300
2016-05-09,58.19640350341797,58.19640350341797,86.66999816894531,85.62000274658203,85.86000061035156,4568700
2016-05-10,58.189674377441406,58.189674377441406,86.81999969482422,86.22000122070312,86.72000122070312,4034800
2016-05-11,56.9454231262207,56.9454231262207,86.47000122070312,84.33999633789062,86.47000122070312,4063900
2016-05-12,57.27500534057617,57.27500534057617,85.44000244140625,84.08000183105469,84.7699966430664,3471000
2016-05-13,56.76384353637695,56.76384353637695,84.93000030517578,83.80999755859375,84.93000030517578,3991500
2016-05-16,57.301902770996094,57.301902770996094,85.44999694824219,84.31999969482422,84.38999938964844,3374900
2016-05-17,56.2392692565918,56.2392692565918,84.98999786376953,83.16000366210938,84.98999786376953,4308300
2016-05-18,55.358211517333984,55.358211517333984,83.36000061035156,81.37000274658203,83.2699966430664,4708500
2016-05-19,54.73944854736328,54.73944854736328,81.9800033569336,80.95999908447266,81.79000091552734,4316000
2016-05-20,55.1766242980957,55.1766242980957,82.19000244140625,81.55000305175781,81.69999694824219,3296100
2016-05-23,55.18336486816406,55.18336486816406,82.36000061035156,81.8499984741211,82.18000030517578,2744000
2016-05-24,55.86935043334961,55.86935043334961,83.20999908447266,82.26000213623047,82.55999755859375,2998500
2016-05-25,55.86935043334961,55.86935043334961,83.29000091552734,82.25,83.29000091552734,3250000
2016-05-26,55.97694396972656,55.97694396972656,83.4800033569336,82.72000122070312,82.91000366210938,3053400
2016-05-27,56.279598236083984,56.279598236083984,84.02999877929688,83.29000091552734,83.37000274658203,3006900
2016-05-31,56.27289962768555,56.27289962768555,83.91999816894531,83.16000366210938,83.55000305175781,4810900
2016-06-01,56.319950103759766,56.319950103759766,83.94999694824219,83.30000305175781,83.37999725341797,4417500
2016-06-02,56.60917663574219,56.60917663574219,84.19999694824219,83.29000091552734,83.5,8043500
2016-06-03,56.83783721923828,56.83783721923828,85.23999786376953,84.0999984741211,84.9800033569336,4295200
2016-06-06,56.400665283203125,56.400665283203125,84.7699966430664,83.41999816894531,84.58999633789062,3231900
2016-06-07,56.743675231933594,56.743675231933594,84.62000274658203,83.98999786376953,84.2300033569336,2424600
2016-06-08,57.10686111450195,57.10686111450195,84.9800033569336,84.05000305175781,84.30999755859375,3099000
2016-06-09,57.23463821411133,57.23463821411133,85.26000213623047,84.61000061035156,84.91000366210938,4132700
2016-06-10,56.96561050415039,56.96561050415039,85.0199966430664,84.33999633789062,84.77999877929688,2538400
2016-06-13,56.97908020019531,56.97908020019531,85.36000061035156,84.62000274658203,84.7300033569336,3250300
2016-06-14,56.83110427856445,56.83110427856445,85.0199966430664,84.19000244140625,84.72000122070312,3437300
2016-06-15,57.369144439697266,57.369144439697266,85.58999633789062,84.56999969482422,84.69000244140625,2829400
2016-06-16,57.69196319580078,57.69196319580078,85.80999755859375,84.76000213623047,85.18000030517578,2827100
2016-06-17,57.597808837890625,57.597808837890625,85.83000183105469,84.9800033569336,85.83000183105469,4408400
2016-06-20,57.67854690551758,57.67854690551758,86.79000091552734,85.6500015258789,86.05000305175781,3987000
2016-06-21,57.89838790893555,57.89838790893555,85.56999969482422,84.93000030517578,85.30999755859375,3614700
2016-06-22,57.8101921081543,57.8101921081543,85.51000213623047,84.9800033569336,85.5,3994500
2016-06-23,58.10197830200195,58.10197830200195,85.94000244140625,85.44000244140625,85.58000183105469,1672700
2016-06-24,57.58626174926758,57.58626174926758,85.72000122070312,83.54000091552734,84.12999725341797,5661700
2016-06-27,57.62696838378906,57.62696838378906,85.05000305175781,83.70999908447266,84.5199966430664,4769800
2016-06-28,58.8416748046875,58.8416748046875,86.72000122070312,85.1500015258789,85.47000122070312,5128700
2016-06-29,59.55419158935547,59.55419158935547,87.87999725341797,87.01000213623047,87.12000274658203,4395600
2016-06-30,60.171730041503906,60.171730041503906,88.66999816894531,87.2699966430664,87.98999786376953,6555800
2016-07-01,60.19207763671875,60.19207763671875,89.4000015258789,88.44000244140625,88.97000122070312,4731800
2016-07-05,60.85711669921875,60.85711669921875,89.68000030517578,88.5999984741211,88.70999908447266,3808400
2016-07-06,60.59245681762695,60.59245681762695,89.6500015258789,88.8499984741211,89.55000305175781,4577200
2016-07-07,59.9681510925293,59.9681510925293,89.26000213623047,87.87999725341797,89.19999694824219,5342000
2016-07-08,60.93854904174805,60.93854904174805,89.83999633789062,88.75,88.86000061035156,2663400
2016-07-11,61.34569549560547,61.34569549560547,90.58999633789062,89.33000183105469,89.87000274658203,3381400
2016-07-12,61.33890151977539,61.33890151977539,90.54000091552734,89.68000030517578,90.41000366210938,3727600
2016-07-13,61.678199768066406,61.678199768066406,90.88999938964844,90.19000244140625,90.5999984741211,4902800
2016-07-14,61.1285514831543,61.1285514831543,90.83999633789062,89.87000274658203,90.61000061035156,3060500
2016-07-15,61.148895263671875,61.148895263671875,90.18000030517578,89.45999908447266,90.06999969482422,3345600
2016-07-18,61.311790466308594,61.311790466308594,90.37999725341797,90.0,90.23999786376953,2699700
2016-07-19,61.610355377197266,61.610355377197266,90.79000091552734,89.93000030517578,90.3499984741211,1916500
2016-07-20,61.617130279541016,61.617130279541016,91.04000091552734,90.51000213623047,90.94999694824219,2100600
2016-07-21,61.73930740356445,61.73930740356445,90.9800033569336,90.19999694824219,90.5999984741211,2179600
2016-07-22,62.282188415527344,62.282188415527344,92.05000305175781,90.69999694824219,90.88999938964844,2482900
2016-07-25,62.16682815551758,62.16682815551758,92.13999938964844,91.30000305175781,91.80999755859375,2374700
2016-07-26,61.8614387512207,61.8614387512207,91.97000122070312,90.94000244140625,91.69000244140625,2460200
2016-07-27,61.37962341308594,61.37962341308594,91.13999938964844,89.69999694824219,91.13999938964844,3935200
2016-07-28,61.949649810791016,61.949649810791016,91.6500015258789,90.0999984741211,90.30999755859375,2853100
2016-07-29,62.736846923828125,62.736846923828125,92.91999816894531,91.19999694824219,91.54000091552734,3502600
2016-08-01,62.872562408447266,62.872562408447266,92.75,92.26000213623047,92.33000183105469,3335100
2016-08-02,61.86822509765625,61.86822509765625,92.54000091552734,91.0,92.37999725341797,3877100
2016-08-03,61.5085563659668,61.5085563659668,91.2300033569336,90.1500015258789,90.8499984741211,3829400
2016-08-04,61.25749588012695,61.25749588012695,90.91999816894531,90.11000061035156,90.75,2649700
2016-08-05,61.29819107055664,61.29819107055664,90.5999984741211,90.01000213623047,90.31999969482422,2941600
2016-08-08,61.40677261352539,61.40677261352539,90.91000366210938,90.11000061035156,90.2699966430664,2240200
2016-08-09,61.73930740356445,61.73930740356445,90.9800033569336,89.94000244140625,90.63999938964844,3474300
2016-08-10,61.67144012451172,61.67144012451172,91.4000015258789,90.58999633789062,91.23999786376953,5302900
2016-08-11,60.97246170043945,60.97246170043945,90.88999938964844,89.37000274658203,90.8499984741211,4788300
2016-08-12,61.2303466796875,61.2303466796875,91.05999755859375,89.77999877929688,90.05000305175781,2972100
2016-08-15,61.169246673583984,61.169246673583984,90.68000030517578,90.0999984741211,90.37000274658203,2961400
2016-08-16,60.43635940551758,60.43635940551758,89.94999694824219,88.94000244140625,89.83999633789062,4166800
2016-08-17,60.68067169189453,60.68067169189453,89.48999786376953,88.37000274658203,88.9800033569336,5192000
2016-08-18,60.456722259521484,60.456722259521484,89.69000244140625,88.66999816894531,89.29000091552734,4074800
2016-08-19,60.06991195678711,60.06991195678711,89.06999969482422,88.26000213623047,88.97000122070312,3284900
2016-08-22,60.39564895629883,60.39564895629883,89.06999969482422,88.54000091552734,88.75,3671000
2016-08-23,60.429588317871094,60.429588317871094,89.51000213623047,89.01000213623047,89.30999755859375,6526100
2016-08-24,60.1649284362793,60.1649284362793,89.29000091552734,88.16000366210938,89.27999877929688,6064800
2016-08-25,60.43635940551758,60.43635940551758,89.5999984741211,88.62000274658203,88.9000015258789,3219700
2016-08-26,59.83920669555664,59.83920669555664,89.7699966430664,87.58999633789062,89.22000122070312,5844000
2016-08-29,60.429588317871094,60.429588317871094,89.33000183105469,88.36000061035156,88.37000274658203,3318600
2016-08-30,60.31421661376953,60.31421661376953,89.3499984741211,88.0999984741211,89.23999786376953,3431900
2016-08-31,60.375308990478516,60.375308990478516,89.2699966430664,88.47000122070312,88.79000091552734,5003000
2016-09-01,60.225990295410156,60.225990295410156,89.0999984741211,88.30000305175781,89.06999969482422,4098000
2016-09-02,60.74851989746094,60.74851989746094,90.61000061035156,89.12999725341797,89.2699966430664,4439500
2016-09-06,61.216773986816406,61.216773986816406,90.22000122070312,89.12000274658203,89.91000366210938,3874300
2016-09-07,61.58320999145508,61.58320999145508,90.80000305175781,89.79000091552734,90.08999633789062,2874200
2016-09-08,60.82996368408203,60.82996368408203,90.5,89.55000305175781,90.3499984741211,3123900
2016-09-09,58.42092514038086,58.42092514038086,88.87000274658203,86.06999969482422,88.62000274658203,7589300
2016-09-12,59.113101959228516,59.113101959228516,87.51000213623047,85.66000366210938,85.91999816894531,7088200
2016-09-13,57.62897872924805,57.62897872924805,86.11000061035156,84.1500015258789,86.08000183105469,7223000
2016-09-14,57.81349563598633,57.81349563598633,85.08000183105469,84.2699966430664,84.55999755859375,4781900
2016-09-15,58.03212356567383,58.03212356567383,85.05999755859375,84.12999725341797,84.58000183105469,4320500
2016-09-16,58.059471130371094,58.059471130371094,85.05000305175781,84.3499984741211,84.83000183105469,6251400
2016-09-19,58.58558654785156,58.58558654785156,85.83999633789062,85.16000366210938,85.25,3407700
2016-09-20,58.49678039550781,58.49678039550781,86.25,85.61000061035156,86.13999938964844,3905800
2016-09-21,59.248374938964844,59.248374938964844,86.83999633789062,84.5999984741211,85.76000213623047,6905000
2016-09-22,60.30751419067383,60.30751419067383,88.33999633789062,87.29000091552734,87.51000213623047,3575700
2016-09-23,60.49199295043945,60.49199295043945,88.83000183105469,87.29000091552734,88.0199966430664,4722300
2016-09-26,60.6355094909668,60.6355094909668,88.94999694824219,88.0,88.27999877929688,3440200
2016-09-27,59.9931640625,59.9931640625,89.02999877929688,87.6500015258789,89.02999877929688,6479800
2016-09-28,60.48515319824219,60.48515319824219,88.58999633789062,87.66999816894531,87.94000244140625,2676300
2016-09-29,59.67884826660156,59.67884826660156,88.27999877929688,87.08000183105469,88.22000122070312,4662800
2016-09-30,59.268890380859375,59.268890380859375,88.19000244140625,86.7300033569336,87.6500015258789,6718600
2016-10-03,58.16196060180664,58.16196060180664,86.29000091552734,84.94999694824219,86.01000213623047,10473900
2016-10-04,57.36933517456055,57.36933517456055,85.04000091552734,83.45999908447266,85.0,7415500
2016-10-05,56.20774841308594,56.20774841308594,84.55000305175781,82.16999816894531,84.12000274658203,8125200
2016-10-06,56.228240966796875,56.228240966796875,82.88999938964844,81.11000061035156,81.8499984741211,6760300
2016-10-07,56.132572174072266,56.132572174072266,83.62999725341797,81.7699966430664,82.80000305175781,6036800
2016-10-10,56.481040954589844,56.481040954589844,83.01000213623047,82.1500015258789,82.1500015258789,2818300
2016-10-11,55.934425354003906,55.934425354003906,82.73999786376953,81.63999938964844,82.55000305175781,4306600
2016-10-12,56.57671356201172,56.57671356201172,82.91999816894531,81.86000061035156,81.98999786376953,3492600
2016-10-13,57.02084732055664,57.02084732055664,83.58999633789062,82.22000122070312,82.47000122070312,3633600
2016-10-14,56.76802062988281,56.76802062988281,83.98999786376953,82.91000366210938,83.30000305175781,3187500
2016-10-17,56.89102554321289,56.89102554321289,83.7699966430664,83.08000183105469,83.1500015258789,3154000
2016-10-18,57.2531623840332,57.2531623840332,84.27999877929688,83.51000213623047,83.80999755859375,2533200
2016-10-19,57.37617874145508,57.37617874145508,84.08999633789062,83.33999633789062,83.80999755859375,2871000
2016-10-20,57.24634552001953,57.24634552001953,84.33000183105469,83.31999969482422,83.95999908447266,3261100
2016-10-21,57.03452682495117,57.03452682495117,83.69000244140625,83.0999984741211,83.37999725341797,3193800
2016-10-24,57.16436004638672,57.16436004638672,84.51000213623047,83.33000183105469,83.8499984741211,3948800
2016-10-25,57.06185531616211,57.06185531616211,83.62000274658203,83.05999755859375,83.31999969482422,3161400
2016-10-26,56.31705856323242,56.31705856323242,83.30999755859375,81.8499984741211,83.19000244140625,4093100
2016-10-27,54.84113693237305,54.84113693237305,82.30999755859375,80.04000091552734,82.2699966430664,5969300
2016-10-28,54.97096252441406,54.97096252441406,81.13999938964844,80.1500015258789,80.38999938964844,4819100
2016-10-31,55.86606979370117,55.86606979370117,81.91000366210938,80.47000122070312,80.80000305175781,5009700
2016-11-01,54.64982986450195,54.64982986450195,81.47000122070312,79.69999694824219,81.4000015258789,7465200
2016-11-02,53.85036849975586,53.85036849975586,80.08000183105469,78.79000091552734,79.8499984741211,7847600
2016-11-03,53.433555603027344,53.433555603027344,79.01000213623047,78.18000030517578,78.87000274658203,7221900
2016-11-04,53.857200622558594,53.857200622558594,79.08000183105469,78.05999755859375,78.38999938964844,4432600
2016-11-07,54.800140380859375,54.800140380859375,80.2300033569336,79.41000366210938,79.41000366210938,5860500
2016-11-08,55.087127685546875,55.087127685546875,80.88999938964844,79.80000305175781,80.18000030517578,4023300
2016-11-09,54.2535285949707,54.2535285949707,80.0,77.7699966430664,78.69999694824219,10045800
2016-11-10,53.3447380065918,53.3447380065918,79.33999633789062,76.9800033569336,79.30000305175781,13504700
2016-11-11,53.6658935546875,53.6658935546875,79.51000213623047,77.94999694824219,78.0,5066000
2016-11-14,54.936805725097656,54.936805725097656,80.61000061035156,78.0199966430664,78.4000015258789,6755200
2016-11-15,54.47901153564453,54.47901153564453,81.33999633789062,79.18000030517578,80.66999816894531,7719900
2016-11-16,54.32184982299805,54.32184982299805,80.0,78.9000015258789,79.76000213623047,10337100
2016-11-17,53.768375396728516,53.768375396728516,80.05999755859375,78.58000183105469,79.45999908447266,3645200
2016-11-18,53.92552947998047,53.92552947998047,79.12999725341797,78.41999816894531,78.79000091552734,3655600
2016-11-21,53.76155090332031,53.76155090332031,79.75,78.58999633789062,79.18000030517578,3488200
2016-11-22,54.704490661621094,54.704490661621094,80.0999984741211,78.83000183105469,79.06999969482422,4226700
2016-11-23,54.47216796875,54.47216796875,79.80000305175781,79.04000091552734,79.36000061035156,6542100
2016-11-25,54.78647994995117,54.78647994995117,80.62999725341797,79.73999786376953,79.80000305175781,1904500
2016-11-28,55.039302825927734,55.039302825927734,81.08000183105469,80.12999725341797,80.18000030517578,4065700
2016-11-29,55.5654296875,55.5654296875,81.7300033569336,80.56999969482422,80.62999725341797,3754200
2016-11-30,54.92998504638672,54.92998504638672,81.05000305175781,80.0,80.55000305175781,6826400
2016-12-01,54.12368392944336,54.12368392944336,80.20999908447266,78.76000213623047,79.91999816894531,6361900
2016-12-02,54.66347885131836,54.66347885131836,80.83000183105469,79.43000030517578,79.55999755859375,3695900
2016-12-05,55.06663131713867,55.06663131713867,80.69000244140625,79.7300033569336,80.01000213623047,3457200
2016-12-06,55.421939849853516,55.421939849853516,81.47000122070312,80.5,80.80000305175781,4024800
2016-12-07,56.52888870239258,56.52888870239258,82.86000061035156,81.06999969482422,81.16999816894531,5754300
2016-12-08,56.91836166381836,56.91836166381836,83.52999877929688,82.01000213623047,82.44999694824219,4404200
2016-12-09,56.85685729980469,56.85685729980469,83.98999786376953,83.0199966430664,83.3499984741211,4506200
2016-12-12,57.23267364501953,57.23267364501953,83.80999755859375,82.83000183105469,82.9800033569336,3610700
2016-12-13,57.205352783203125,57.205352783203125,84.19000244140625,83.13999938964844,84.0999984741211,4015100
2016-12-14,55.954925537109375,55.954925537109375,83.83000183105469,81.75,83.62000274658203,4857300
2016-12-15,55.62694549560547,55.62694549560547,82.47000122070312,81.16000366210938,81.81999969482422,3915200
2016-12-16,56.460548400878906,56.460548400878906,83.16999816894531,81.44999694824219,81.58000183105469,6581100
2016-12-19,57.06867599487305,57.06867599487305,83.87999725341797,82.9000015258789,82.91000366210938,3663600
2016-12-20,57.19850540161133,57.19850540161133,84.08000183105469,83.18000030517578,83.4800033569336,5193600
2016-12-21,56.33073425292969,56.33073425292969,84.26000213623047,82.41999816894531,83.70999908447266,4998400
2016-12-22,56.23653793334961,56.23653793334961,80.87999725341797,79.91000366210938,80.63999938964844,3891700
2016-12-23,56.38304901123047,56.38304901123047,82.27999877929688,80.48999786376953,80.72000122070312,4504400
2016-12-27,56.50166320800781,56.50166320800781,81.30000305175781,80.61000061035156,80.94000244140625,3833000
2016-12-28,56.159793853759766,56.159793853759766,81.18000030517578,80.23999786376953,81.18000030517578,3979500
2016-12-29,56.85746383666992,56.85746383666992,81.73999786376953,80.44999694824219,80.76000213623047,4259400
2016-12-30,57.57601547241211,57.57601547241211,82.69999694824219,81.19999694824219,81.58999633789062,6673400
2017-01-03,57.76437759399414,57.76437759399414,83.0,82.13999938964844,82.9800033569336,9380300
2017-01-04,58.608497619628906,58.608497619628906,84.19000244140625,82.83000183105469,82.91000366210938,6598700
2017-01-05,58.796875,58.796875,84.37999725341797,82.91999816894531,83.69999694824219,8555700
2017-01-06,58.803863525390625,58.803863525390625,84.69999694824219,83.81999969482422,84.0199966430664,3901200
2017-01-09,58.27363586425781,58.27363586425781,84.52999877929688,83.5,84.52999877929688,3546100
2017-01-10,57.77832794189453,57.77832794189453,83.56999969482422,82.77999877929688,83.56999969482422,3959600
2017-01-11,57.42251968383789,57.42251968383789,82.95999908447266,82.2300033569336,82.87000274658203,4498000
2017-01-12,57.71554183959961,57.71554183959961,82.7699966430664,81.5999984741211,82.4000015258789,4670700
2017-01-13,57.63181686401367,57.63181686401367,83.0199966430664,82.33000183105469,82.72000122070312,3658100
2017-01-17,58.078304290771484,58.078304290771484,83.31999969482422,82.76000213623047,82.95999908447266,4139200
2017-01-18,58.17597579956055,58.17597579956055,83.66999816894531,83.02999877929688,83.22000122070312,3317400
2017-01-19,57.58299255371094,57.58299255371094,83.25,82.33999633789062,83.08000183105469,3169200
2017-01-20,58.001556396484375,58.001556396484375,83.19000244140625,82.37999725341797,82.56999969482422,3285400
2017-01-23,58.48992156982422,58.48992156982422,83.97000122070312,83.0,83.26000213623047,3165600
2017-01-24,58.50385665893555,58.50385665893555,84.20999908447266,83.5,83.83999633789062,4204200
2017-01-25,58.12015914916992,58.12015914916992,84.16000366210938,83.05999755859375,83.80999755859375,3461500
2017-01-26,58.00853729248047,58.00853729248047,83.72000122070312,83.02999877929688,83.31999969482422,4093700
2017-01-27,57.44345474243164,57.44345474243164,83.5,82.0199966430664,83.38999938964844,2996000
2017-01-30,57.05277633666992,57.05277633666992,82.2699966430664,81.56999969482422,82.0999984741211,3182600
2017-01-31,57.46437454223633,57.46437454223633,82.94999694824219,81.80000305175781,81.80000305175781,11091400
2017-02-01,56.77372360229492,56.77372360229492,82.88999938964844,81.31999969482422,82.27999877929688,4555800
2017-02-02,57.45043182373047,57.45043182373047,82.43000030517578,81.41999816894531,81.43000030517578,4754800
2017-02-03,57.76437759399414,57.76437759399414,83.2300033569336,82.45999908447266,82.95999908447266,4165000
2017-02-06,57.66668701171875,57.66668701171875,83.05999755859375,82.48999786376953,82.9000015258789,2985800
2017-02-07,57.46437454223633,57.46437454223633,83.02999877929688,82.23999786376953,82.7300033569336,3250700
2017-02-08,57.91785430908203,57.91785430908203,83.19999694824219,82.30000305175781,82.62000274658203,3316700
2017-02-09,58.0573844909668,58.0573844909668,83.37999725341797,82.91999816894531,83.0199966430664,2806600
2017-02-10,58.46897506713867,58.46897506713867,83.86000061035156,83.02999877929688,83.19000244140625,2983800
2017-02-13,58.48992156982422,58.48992156982422,84.19999694824219,83.37999725341797,83.87999725341797,3968200
2017-02-14,58.18295669555664,58.18295669555664,83.69000244140625,82.75,83.63999938964844,2687900
2017-02-15,57.987613677978516,57.987613677978516,83.25,82.33999633789062,82.87999725341797,3687300
2017-02-16,58.329444885253906,58.329444885253906,84.16999816894531,83.12000274658203,83.20999908447266,3097800
2017-02-17,58.44108200073242,58.44108200073242,83.9000015258789,83.06999969482422,83.80999755859375,2624100
2017-02-21,59.187538146972656,59.187538146972656,84.93000030517578,83.56999969482422,83.68000030517578,5646700
2017-02-22,58.992218017578125,58.992218017578125,85.25,84.12999725341797,84.95999908447266,3464400
2017-02-23,59.29917526245117,59.29917526245117,85.06999969482422,84.22000122070312,84.79000091552734,3430900
2017-02-24,59.578216552734375,59.578216552734375,85.43000030517578,84.5199966430664,84.9800033569336,3667400
2017-02-27,59.89216995239258,59.89216995239258,86.16000366210938,85.31999969482422,85.38999938964844,3326700
2017-02-28,59.480560302734375,59.480560302734375,85.8499984741211,85.05999755859375,85.8499984741211,5778100
2017-03-01,59.29917526245117,59.29917526245117,85.48999786376953,84.69999694824219,85.0,6282800
2017-03-02,58.9782600402832,58.9782600402832,84.94999694824219,84.25,84.87999725341797,3060400
2017-03-03,58.74801254272461,58.74801254272461,84.55000305175781,83.3499984741211,84.47000122070312,4177700
2017-03-06,58.48293685913086,58.48293685913086,84.0999984741211,83.43000030517578,84.05999755859375,3237400
2017-03-07,58.20388412475586,58.20388412475586,83.79000091552734,83.02999877929688,83.6500015258789,4658000
2017-03-08,57.12953567504883,57.12953567504883,83.04000091552734,81.83000183105469,82.94000244140625,4814100
2017-03-09,56.27142333984375,56.27142333984375,82.22000122070312,80.4800033569336,81.7300033569336,5604300
2017-03-10,56.097023010253906,56.097023010253906,81.70999908447266,79.9800033569336,81.30000305175781,6278800
2017-03-13,56.23653793334961,56.23653793334961,81.11000061035156,80.33999633789062,80.5,4691000
2017-03-14,56.222591400146484,56.222591400146484,80.79000091552734,80.06999969482422,80.52999877929688,4582400
2017-03-15,57.35973358154297,57.35973358154297,82.63999938964844,80.77999877929688,80.83000183105469,7177800
2017-03-16,57.24811553955078,57.24811553955078,82.62000274658203,81.91000366210938,82.12999725341797,4456700
2017-03-17,57.51322937011719,57.51322937011719,82.69999694824219,82.0,82.4000015258789,4380600
2017-03-20,57.46437454223633,57.46437454223633,82.73999786376953,82.16000366210938,82.5,2748500
2017-03-21,57.21323013305664,57.21323013305664,82.72000122070312,81.87999725341797,82.4800033569336,6969700
2017-03-22,57.18161392211914,57.18161392211914,81.55999755859375,80.55000305175781,81.51000213623047,4618000
2017-03-23,57.603271484375,57.603271484375,82.62999725341797,81.26000213623047,81.37999725341797,7610200
2017-03-24,57.54000473022461,57.54000473022461,82.44999694824219,81.77999877929688,82.08999633789062,4399200
2017-03-27,57.019981384277344,57.019981384277344,82.12000274658203,80.88999938964844,81.76000213623047,4556000
2017-03-28,57.26594161987305,57.26594161987305,81.61000061035156,80.56999969482422,81.33000183105469,4232100
2017-03-29,57.58921432495117,57.58921432495117,81.95999908447266,81.20999908447266,81.45999908447266,3123200
2017-03-30,57.69460678100586,57.69460678100586,82.2300033569336,81.27999877929688,81.81999969482422,4593300
2017-03-31,58.038944244384766,58.038944244384766,82.88999938964844,81.98999786376953,82.12999725341797,7167900
2017-04-03,58.207603454589844,58.207603454589844,82.98999786376953,82.31999969482422,82.36000061035156,7469000
2017-04-04,58.207603454589844,58.207603454589844,83.37000274658203,82.5999984741211,82.70999908447266,5359300
2017-04-05,58.291908264160156,58.291908264160156,83.41000366210938,82.81999969482422,82.91000366210938,4738600
2017-04-06,58.60114288330078,58.60114288330078,83.54000091552734,82.43000030517578,82.7699966430664,4711500
2017-04-07,58.68547821044922,58.68547821044922,83.87999725341797,83.2699966430664,83.58999633789062,4483800
2017-04-10,59.05089569091797,59.05089569091797,84.16000366210938,83.36000061035156,83.55999755859375,2547800
2017-04-11,59.4584846496582,59.4584846496582,84.7699966430664,83.94000244140625,84.05999755859375,3864200
2017-04-12,59.35306930541992,59.35306930541992,84.9000015258789,84.30999755859375,84.58000183105469,3526900
2017-04-13,59.21953582763672,59.21953582763672,84.6500015258789,84.16000366210938,84.43000030517578,2759500
2017-04-17,59.93632507324219,59.93632507324219,85.30999755859375,84.30999755859375,84.4000015258789,3875000
2017-04-18,60.09794616699219,60.09794616699219,85.5999984741211,85.16000366210938,85.22000122070312,2807300
2017-04-19,60.01363754272461,60.01363754272461,85.72000122070312,85.25,85.44999694824219,3622900
2017-04-20,60.02067565917969,60.02067565917969,85.47000122070312,84.80000305175781,85.23999786376953,3109100
2017-04-21,59.802818298339844,59.802818298339844,85.45999908447266,84.95999908447266,85.36000061035156,3261900
2017-04-24,59.14223098754883,59.14223098754883,85.55000305175781,83.38999938964844,85.5,6595300
2017-04-25,59.388206481933594,59.388206481933594,84.63999938964844,84.0199966430664,84.16000366210938,3412300
2017-04-26,58.94548034667969,58.94548034667969,84.62000274658203,83.66999816894531,84.44999694824219,4185400
2017-04-27,58.7908821105957,58.7908821105957,84.20999908447266,83.5,84.01000213623047,4822200
2017-04-28,58.17951583862305,58.17951583862305,83.56999969482422,82.48999786376953,83.44000244140625,5983700
2017-05-01,58.52384567260742,58.52384567260742,83.52999877929688,82.45999908447266,83.1500015258789,6003600
2017-05-02,58.425453186035156,58.425453186035156,83.58999633789062,82.83000183105469,83.37999725341797,4930000
2017-05-03,57.64541244506836,57.64541244506836,83.19999694824219,81.76000213623047,83.0999984741211,6207500
2017-05-04,57.36433029174805,57.36433029174805,81.76000213623047,80.69999694824219,81.5199966430664,8025100
2017-05-05,57.905433654785156,57.905433654785156,82.4000015258789,81.7699966430664,81.80999755859375,5458100
2017-05-08,57.497833251953125,57.497833251953125,82.58000183105469,81.36000061035156,82.58000183105469,3940600
2017-05-09,57.18863296508789,57.18863296508789,81.91999816894531,81.05999755859375,81.80999755859375,5790900
2017-05-10,57.63838195800781,57.63838195800781,82.30000305175781,81.16999816894531,81.37000274658203,3801400
2017-05-11,57.35026550292969,57.35026550292969,81.8499984741211,80.9000015258789,81.72000122070312,3542600
2017-05-12,57.11837387084961,57.11837387084961,81.77999877929688,81.20999908447266,81.61000061035156,3115400
2017-05-15,57.28702926635742,57.28702926635742,82.22000122070312,81.30000305175781,81.3499984741211,3263900
2017-05-16,56.90052032470703,56.90052032470703,81.69000244140625,80.70999908447266,81.5199966430664,4338600
2017-05-17,57.13243103027344,57.13243103027344,81.61000061035156,80.75,80.91999816894531,7243700
2017-05-18,57.44865798950195,57.44865798950195,81.95999908447266,80.7300033569336,81.16999816894531,4128200
2017-05-19,57.75786209106445,57.75786209106445,82.68000030517578,81.3499984741211,81.69000244140625,6390100
2017-05-22,57.98271560668945,57.98271560668945,82.80000305175781,82.16000366210938,82.22000122070312,3433700
2017-05-23,58.03193664550781,58.03193664550781,82.98999786376953,82.52999877929688,82.68000030517578,2960100
2017-05-24,58.50274658203125,58.50274658203125,83.30000305175781,82.6500015258789,82.69000244140625,2578500
2017-05-25,58.50978088378906,58.50978088378906,83.6500015258789,83.08000183105469,83.38999938964844,3146900
2017-05-26,58.088138580322266,58.088138580322266,83.33000183105469,82.4000015258789,83.2300033569336,3046100
2017-05-30,57.72272491455078,57.72272491455078,82.81999969482422,82.13999938964844,82.6500015258789,1865200
2017-05-31,57.75786209106445,57.75786209106445,82.52999877929688,81.87000274658203,82.27999877929688,5515000
2017-06-01,58.060035705566406,58.060035705566406,82.72000122070312,81.76000213623047,81.95999908447266,6557200
2017-06-02,58.65736770629883,58.65736770629883,83.6500015258789,82.95999908447266,82.95999908447266,3999500
2017-06-05,58.40434646606445,58.40434646606445,83.37999725341797,82.7300033569336,83.26000213623047,4919900
2017-06-06,58.123291015625,58.123291015625,83.18000030517578,82.58999633789062,83.16000366210938,4358300
2017-06-07,58.53087615966797,58.53087615966797,83.44000244140625,82.62000274658203,82.69000244140625,3191200
2017-06-08,58.390316009521484,58.390316009521484,83.31999969482422,82.3499984741211,83.31999969482422,2963600
2017-06-09,58.797908782958984,58.797908782958984,83.94999694824219,82.80000305175781,83.08999633789062,4950400
2017-06-12,59.324954986572266,59.324954986572266,84.44000244140625,83.47000122070312,83.5999984741211,4049500
2017-06-13,59.4584846496582,59.4584846496582,84.69000244140625,84.02999877929688,84.37999725341797,2787500
2017-06-14,59.542808532714844,59.542808532714844,85.30000305175781,84.44000244140625,85.12000274658203,5317300
2017-06-15,59.845001220703125,59.845001220703125,85.38999938964844,84.30000305175781,84.37000274658203,3757200
2017-06-16,59.69038009643555,59.69038009643555,85.31999969482422,84.56999969482422,85.2699966430664,4497900
2017-06-19,59.69740676879883,59.69740676879883,84.98999786376953,84.54000091552734,84.94000244140625,4892200
2017-06-20,59.55686569213867,59.55686569213867,85.23999786376953,84.0999984741211,85.0,3194300
2017-06-21,59.43739700317383,59.43739700317383,84.98999786376953,84.04000091552734,84.75,2559700
2017-06-22,59.49361801147461,59.49361801147461,84.83000183105469,84.12999725341797,84.47000122070312,6220800
2017-06-23,59.7000732421875,59.7000732421875,84.62999725341797,83.75,83.88999938964844,3759000
2017-06-26,60.12574768066406,60.12574768066406,85.05999755859375,84.36000061035156,84.36000061035156,6417400
2017-06-27,59.5865478515625,59.5865478515625,84.83000183105469,83.94000244140625,84.33000183105469,3925300
2017-06-28,59.728431701660156,59.728431701660156,84.58999633789062,83.93000030517578,84.22000122070312,2956300
2017-06-29,59.0473747253418,59.0473747253418,83.91999816894531,83.08000183105469,83.91999816894531,3985800
2017-06-30,59.0473747253418,59.0473747253418,83.87999725341797,82.98999786376953,83.45999908447266,4206900
2017-07-03,59.799400329589844,59.799400329589844,84.45999908447266,83.37000274658203,83.55999755859375,3169500
2017-07-05,58.95516586303711,58.95516586303711,84.44000244140625,82.94000244140625,84.44000244140625,5370200
2017-07-06,57.848411560058594,57.848411560058594,82.97000122070312,81.44000244140625,82.58999633789062,4091400
2017-07-07,58.174747467041016,58.174747467041016,82.2300033569336,81.43000030517578,81.73999786376953,3249800
2017-07-10,57.64265060424805,57.64265060424805,82.26000213623047,81.19000244140625,82.18000030517578,4164100
2017-07-11,57.57881164550781,57.57881164550781,81.38999938964844,80.58000183105469,81.30999755859375,3346600
2017-07-12,58.288272857666016,58.288272857666016,82.62999725341797,81.54000091552734,81.70999908447266,3189200
2017-07-13,58.38050079345703,58.38050079345703,82.48999786376953,82.0,82.22000122070312,2556100
2017-07-14,58.94096374511719,58.94096374511719,83.2300033569336,82.70999908447266,82.79000091552734,2577600
2017-07-17,59.41627883911133,59.41627883911133,83.87999725341797,82.91999816894531,83.08000183105469,2730700
2017-07-18,59.28856658935547,59.28856658935547,83.93000030517578,83.33999633789062,83.77999877929688,3012500
2017-07-19,59.735538482666016,59.735538482666016,84.2300033569336,83.5199966430664,83.69999694824219,2949700
2017-07-20,59.45884323120117,59.45884323120117,84.38999938964844,83.7699966430664,84.25,3140400
2017-07-21,59.41627883911133,59.41627883911133,83.97000122070312,83.3499984741211,83.87000274658203,2967100
2017-07-24,59.30278396606445,59.30278396606445,83.83000183105469,83.20999908447266,83.7300033569336,2659300
2017-07-25,59.380802154541016,59.380802154541016,83.77999877929688,83.12999725341797,83.6500015258789,2785000
2017-07-26,59.79228591918945,59.79228591918945,84.56999969482422,83.54000091552734,83.7300033569336,2976800
2017-07-27,59.86325454711914,59.86325454711914,84.7300033569336,83.4800033569336,83.9800033569336,2828800
2017-07-28,59.7000732421875,59.7000732421875,84.66000366210938,83.9800033569336,84.4000015258789,3024500
2017-07-31,59.77809143066406,59.77809143066406,84.37999725341797,83.5999984741211,84.23999786376953,2967600
2017-08-01,60.04767608642578,60.04767608642578,85.0,83.97000122070312,84.5199966430664,3142900
2017-08-02,59.50143051147461,59.50143051147461,84.45999908447266,83.58999633789062,84.45999908447266,2192000
2017-08-03,59.380802154541016,59.380802154541016,84.18000030517578,83.4000015258789,83.72000122070312,2032500
2017-08-04,59.57944869995117,59.57944869995117,84.13999938964844,83.5,83.68000030517578,2068700
2017-08-07,59.51561737060547,59.51561737060547,84.11000061035156,83.56999969482422,84.0,1642700
2017-08-08,59.23183059692383,59.23183059692383,83.91999816894531,83.27999877929688,83.7300033569336,2324400
2017-08-09,59.03318786621094,59.03318786621094,83.58999633789062,83.05000305175781,83.55000305175781,4508400
2017-08-10,58.60751724243164,58.60751724243164,83.18000030517578,82.61000061035156,83.02999877929688,4190800
2017-08-11,58.245697021484375,58.245697021484375,82.69000244140625,81.7300033569336,82.62999725341797,2692800
2017-08-14,59.2176399230957,59.2176399230957,83.62999725341797,82.30000305175781,82.44000244140625,2160200
2017-08-15,59.040279388427734,59.040279388427734,83.30999755859375,82.66999816894531,83.30999755859375,2260000
2017-08-16,59.27439880371094,59.27439880371094,83.80999755859375,83.31999969482422,83.31999969482422,2945300
2017-08-17,58.905479431152344,58.905479431152344,83.75,82.98999786376953,83.44999694824219,2053900
2017-08-18,58.309539794921875,58.309539794921875,82.94999694824219,81.94999694824219,82.81999969482422,2011600
2017-08-21,58.93386459350586,58.93386459350586,83.20999908447266,82.06999969482422,82.19999694824219,2487600
2017-08-22,58.76359939575195,58.76359939575195,83.33000183105469,82.61000061035156,83.08000183105469,1835300
2017-08-23,59.36662673950195,59.36662673950195,83.77999877929688,82.6500015258789,82.86000061035156,1889800
2017-08-24,59.18217468261719,59.18217468261719,84.33000183105469,83.37000274658203,83.8499984741211,2012200
2017-08-25,59.4659309387207,59.4659309387207,84.12999725341797,83.30999755859375,83.69000244140625,2147300
2017-08-28,59.011905670166016,59.011905670166016,83.94000244140625,82.91999816894531,83.86000061035156,2072000
2017-08-29,58.94802474975586,58.94802474975586,83.44999694824219,83.0,83.05999755859375,1401700
2017-08-30,59.281497955322266,59.281497955322266,83.56999969482422,82.62000274658203,82.94999694824219,2054100
2017-08-31,59.62202835083008,59.62202835083008,84.2699966430664,83.62999725341797,83.79000091552734,3212700
2017-09-01,59.8277702331543,59.8277702331543,84.68000030517578,83.94999694824219,84.05999755859375,3385900
2017-09-05,59.66458511352539,59.66458511352539,84.68000030517578,83.68000030517578,84.41999816894531,3705200
2017-09-06,59.8206672668457,59.8206672668457,84.88999938964844,84.19000244140625,84.2699966430664,3330500
2017-09-07,60.20376205444336,60.20376205444336,85.0,84.36000061035156,84.48999786376953,2313000
2017-09-08,60.253440856933594,60.253440856933594,85.23999786376953,84.55999755859375,84.62999725341797,2334500
2017-09-11,60.80681228637695,60.80681228637695,85.80000305175781,85.0,85.12000274658203,2352600
2017-09-12,60.09025955200195,60.09025955200195,85.80000305175781,84.38999938964844,85.58000183105469,3991300
2017-09-13,59.93418884277344,59.93418884277344,84.76000213623047,84.19000244140625,84.72000122070312,1840100
2017-09-14,60.4307861328125,60.4307861328125,85.22000122070312,84.16999816894531,84.37000274658203,2839400
2017-09-15,60.5443115234375,60.5443115234375,85.37999725341797,84.58000183105469,85.12999725341797,3172800
2017-09-18,60.21794509887695,60.21794509887695,85.47000122070312,84.61000061035156,85.31999969482422,3442200
2017-09-19,59.8206672668457,59.8206672668457,84.97000122070312,84.26000213623047,84.94999694824219,2916500
2017-09-20,59.65751266479492,59.65751266479492,84.66000366210938,83.72000122070312,84.54000091552734,2741300
2017-09-21,59.54397964477539,59.54397964477539,84.62999725341797,83.91999816894531,84.08000183105469,6278500
2017-09-22,59.12397766113281,59.12397766113281,83.4800033569336,82.44000244140625,83.16999816894531,4549600
2017-09-25,59.46802520751953,59.46802520751953,83.30999755859375,82.48999786376953,82.48999786376953,5536300
2017-09-26,59.56834030151367,59.56834030151367,83.37999725341797,82.91000366210938,83.12999725341797,3099300
2017-09-27,59.03080368041992,59.03080368041992,83.0999984741211,82.06999969482422,82.94000244140625,3812800
2017-09-28,59.43218231201172,59.43218231201172,83.0,82.19000244140625,82.19000244140625,4114300
2017-09-29,59.55399703979492,59.55399703979492,83.18000030517578,82.62000274658203,82.80000305175781,4245200
2017-10-02,59.46802520751953,59.46802520751953,83.26000213623047,82.83999633789062,83.22000122070312,4533800
2017-10-03,59.38200378417969,59.38200378417969,83.04000091552734,82.66000366210938,82.95999908447266,6710800
2017-10-04,59.68303680419922,59.68303680419922,83.33000183105469,82.62999725341797,82.91999816894531,4137400
2017-10-05,59.89804458618164,59.89804458618164,83.98999786376953,83.37000274658203,83.37999725341797,3398700
2017-10-06,59.704551696777344,59.704551696777344,83.37000274658203,82.5999984741211,83.12999725341797,2594800
2017-10-09,59.84788131713867,59.84788131713867,83.70999908447266,83.25,83.33999633789062,2248200
2017-10-10,60.027061462402344,60.027061462402344,84.31999969482422,83.5,83.76000213623047,6012600
2017-10-11,60.22777557373047,60.22777557373047,84.29000091552734,83.80999755859375,83.81999969482422,2944800
2017-10-12,60.61477279663086,60.61477279663086,84.56999969482422,83.93000030517578,84.05999755859375,2787500
2017-10-13,60.77248764038086,60.77248764038086,85.0,84.4000015258789,84.87999725341797,2662600
2017-10-16,60.4714469909668,60.4714469909668,84.9000015258789,84.30000305175781,84.7300033569336,1972300
2017-10-17,60.543121337890625,60.543121337890625,84.5199966430664,84.12000274658203,84.27999877929688,2191300
2017-10-18,60.478633880615234,60.478633880615234,84.69000244140625,84.20999908447266,84.37000274658203,1935900
2017-10-19,60.29942321777344,60.29942321777344,84.54000091552734,83.83999633789062,84.36000061035156,1838700
2017-10-20,59.955413818359375,59.955413818359375,84.0999984741211,83.33000183105469,84.05999755859375,2929900
2017-10-23,59.72606658935547,59.72606658935547,83.83000183105469,83.2300033569336,83.75,2618800
2017-10-24,59.36767578125,59.36767578125,83.44000244140625,82.54000091552734,83.16999816894531,2521400
2017-10-25,59.19565200805664,59.19565200805664,82.87000274658203,82.0199966430664,82.4800033569336,3490900
2017-10-26,58.708274841308594,58.708274841308594,83.0,81.61000061035156,82.80999755859375,3916400
2017-10-27,58.97345733642578,58.97345733642578,82.48999786376953,81.33999633789062,81.86000061035156,2979900
2017-10-30,58.923282623291016,58.923282623291016,82.54000091552734,81.86000061035156,81.86000061035156,3061000
2017-10-31,58.916141510009766,58.916141510009766,82.3499984741211,81.48999786376953,82.22000122070312,4422700
2017-11-01,59.20280456542969,59.20280456542969,82.77999877929688,82.1500015258789,82.33999633789062,3507700
2017-11-02,59.704551696777344,59.704551696777344,83.63999938964844,82.7300033569336,82.8499984741211,5159300
2017-11-03,59.55399703979492,59.55399703979492,83.41000366210938,82.52999877929688,82.88999938964844,2458400
2017-11-06,59.955413818359375,59.955413818359375,83.87999725341797,83.11000061035156,83.16000366210938,3156300
2017-11-07,60.442779541015625,60.442779541015625,84.5999984741211,83.68000030517578,83.69000244140625,3992500
2017-11-08,60.74382781982422,60.74382781982422,84.80000305175781,84.2300033569336,84.2699966430664,2058200
2017-11-09,60.80831527709961,60.80831527709961,85.3499984741211,84.20999908447266,84.44000244140625,3856400
2017-11-10,60.87282943725586,60.87282943725586,85.20999908447266,84.25,84.41000366210938,3657400
2017-11-13,61.181026458740234,61.181026458740234,85.4800033569336,84.8499984741211,84.9800033569336,3487200
2017-11-14,61.052005767822266,61.052005767822266,85.41999816894531,85.02999877929688,85.12000274658203,4039200
2017-11-15,60.435611724853516,60.435611724853516,85.19999694824219,84.2699966430664,85.05000305175781,5171100
2017-11-16,60.93732452392578,60.93732452392578,85.11000061035156,84.0999984741211,84.11000061035156,5137200
2017-11-17,60.672157287597656,60.672157287597656,85.06999969482422,84.55000305175781,84.80999755859375,2782600
2017-11-20,60.49296569824219,60.49296569824219,84.79000091552734,84.26000213623047,84.70999908447266,3613800
2017-11-21,60.944515228271484,60.944515228271484,85.08000183105469,84.51000213623047,84.63999938964844,3056900
2017-11-22,60.80831527709961,60.80831527709961,85.12999725341797,84.62999725341797,84.87000274658203,2347400
2017-11-24,60.88713836669922,60.88713836669922,85.08999633789062,84.87999725341797,84.91000366210938,1255000
2017-11-27,60.6004524230957,60.6004524230957,85.05000305175781,84.5199966430664,85.04000091552734,2218000
2017-11-28,60.3711051940918,60.3711051940918,84.62000274658203,83.79000091552734,84.51000213623047,2946800
2017-11-29,60.39259338378906,60.39259338378906,84.44999694824219,83.76000213623047,84.0199966430664,4633900
2017-11-30,60.48577117919922,60.48577117919922,84.6500015258789,84.13999938964844,84.52999877929688,4849800
2017-12-01,60.6291389465332,60.6291389465332,84.91000366210938,83.8499984741211,84.48999786376953,4664700
2017-12-04,60.32809829711914,60.32809829711914,85.0999984741211,84.1500015258789,84.76000213623047,4484100
2017-12-05,59.82638168334961,59.82638168334961,84.30000305175781,83.44999694824219,83.75,4372600
2017-12-06,59.76906204223633,59.76906204223633,83.77999877929688,83.0,83.33999633789062,3967900
2017-12-07,59.9195442199707,59.9195442199707,83.68000030517578,83.11000061035156,83.5999984741211,4049100
2017-12-08,60.22777557373047,60.22777557373047,84.18000030517578,83.55000305175781,83.93000030517578,3448600
2017-12-11,60.22058868408203,60.22058868408203,84.1500015258789,83.83999633789062,84.05000305175781,5326200
2017-12-12,60.51447296142578,60.51447296142578,84.66000366210938,83.73999786376953,84.45999908447266,4732000
2017-12-13,60.61477279663086,60.61477279663086,84.97000122070312,84.41000366210938,84.62000274658203,3887100
2017-12-14,60.6004524230957,60.6004524230957,84.87999725341797,84.37999725341797,84.62000274658203,4901000
2017-12-15,60.98033142089844,60.98033142089844,85.25,84.62999725341797,84.66000366210938,4909500
2017-12-18,61.38169479370117,61.38169479370117,86.13999938964844,85.25,85.26000213623047,5169400
2017-12-19,60.07722473144531,60.07722473144531,85.69000244140625,83.66999816894531,85.66999816894531,5259200
2017-12-20,59.38200378417969,59.38200378417969,84.08999633789062,82.83999633789062,83.86000061035156,7831900
2017-12-21,59.152000427246094,59.152000427246094,81.94999694824219,81.18000030517578,81.94999694824219,4701300
2017-12-22,59.559600830078125,59.559600830078125,81.94999694824219,81.22000122070312,81.31999969482422,6484400
2017-12-26,59.85800552368164,59.85800552368164,82.45999908447266,81.68000030517578,81.8499984741211,2874500
2017-12-27,60.05452346801758,60.05452346801758,82.81999969482422,82.30999755859375,82.81999969482422,4341500
2017-12-28,60.37477493286133,60.37477493286133,83.02999877929688,82.30999755859375,82.38999938964844,3172900
2017-12-29,60.396610260009766,60.396610260009766,83.27999877929688,82.8499984741211,83.11000061035156,2957300
2018-01-02,60.17096710205078,60.17096710205078,83.16999816894531,82.4000015258789,83.04000091552734,4639500
2018-01-03,59.99631118774414,59.99631118774414,82.93000030517578,82.26000213623047,82.7300033569336,5516900
2018-01-04,58.962772369384766,58.962772369384766,82.4800033569336,80.98999786376953,82.44999694824219,4734100
2018-01-05,58.991886138916016,58.991886138916016,81.2300033569336,80.83999633789062,81.16999816894531,5742900
2018-01-08,59.297569274902344,59.297569274902344,81.61000061035156,81.04000091552734,81.16000366210938,4763200
2018-01-09,58.5333251953125,58.5333251953125,81.7300033569336,80.38999938964844,81.5,4631000
2018-01-10,57.87825393676758,57.87825393676758,80.2300033569336,79.11000061035156,80.0999984741211,6244400
2018-01-11,57.68175506591797,57.68175506591797,79.93000030517578,79.16999816894531,79.70999908447266,5067100
2018-01-12,57.2159309387207,57.2159309387207,79.23999786376953,78.47000122070312,79.02999877929688,5154600
2018-01-16,57.32510757446289,57.32510757446289,80.02999877929688,78.73999786376953,78.9000015258789,5760800
2018-01-17,57.725433349609375,57.725433349609375,79.4000015258789,78.69999694824219,79.08999633789062,5560300
2018-01-18,56.98301696777344,56.98301696777344,79.0999984741211,78.22000122070312,79.01000213623047,4548200
2018-01-19,57.28871536254883,57.28871536254883,78.72000122070312,78.19999694824219,78.41999816894531,4546800
2018-01-22,57.81275939941406,57.81275939941406,79.47000122070312,78.73999786376953,78.83000183105469,4767400
2018-01-23,58.61341857910156,58.61341857910156,80.55000305175781,79.66000366210938,79.79000091552734,4599700
2018-01-24,58.30769729614258,58.30769729614258,80.61000061035156,79.83000183105469,80.41999816894531,6242500
2018-01-25,58.2057991027832,58.2057991027832,80.11000061035156,79.44999694824219,79.97000122070312,4765000
2018-01-26,58.00201416015625,58.00201416015625,80.08000183105469,79.2300033569336,79.97000122070312,4966400
2018-01-29,57.22320556640625,57.22320556640625,79.48999786376953,78.56999969482422,79.4800033569336,5280200
2018-01-30,56.80833053588867,56.80833053588867,78.58999633789062,77.91999816894531,78.2699966430664,6937600
2018-01-31,57.827308654785156,57.827308654785156,79.4800033569336,78.0199966430664,78.2699966430664,8845500
2018-02-01,56.582698822021484,56.582698822021484,79.73999786376953,77.5999984741211,79.08999633789062,7313200
2018-02-02,56.10233688354492,56.10233688354492,77.5999984741211,76.44000244140625,77.16000366210938,11151800
2018-02-05,54.43556594848633,54.43556594848633,77.54000091552734,74.69000244140625,76.69999694824219,8861900
2018-02-06,54.44283676147461,54.44283676147461,75.19999694824219,73.08999633789062,73.55000305175781,12554100
2018-02-07,54.209938049316406,54.209938049316406,75.91999816894531,74.43000030517578,74.77999877929688,7480000
2018-02-08,52.652339935302734,52.652339935302734,74.93000030517578,72.2699966430664,74.1500015258789,11116900
2018-02-09,53.96973419189453,53.96973419189453,74.73999786376953,72.05000305175781,72.79000091552734,12718500
2018-02-12,53.991580963134766,53.991580963134766,74.62999725341797,72.11000061035156,74.58999633789062,15209300
2018-02-13,54.37005615234375,54.37005615234375,74.91000366210938,73.5199966430664,74.01000213623047,8766100
2018-02-14,53.977027893066406,53.977027893066406,74.25,73.16000366210938,74.05999755859375,8225700
2018-02-15,54.501075744628906,54.501075744628906,75.01000213623047,74.05999755859375,74.2699966430664,7359200
2018-02-16,54.79949951171875,54.79949951171875,75.66999816894531,74.81999969482422,75.11000061035156,7002400
2018-02-20,54.15168762207031,54.15168762207031,75.68000030517578,74.30999755859375,75.05999755859375,5766000
2018-02-21,53.08177185058594,53.08177185058594,74.52999877929688,72.93000030517578,74.4000015258789,7852900
2018-02-22,53.685882568359375,53.685882568359375,74.30999755859375,73.12999725341797,73.27999877929688,7412700
2018-02-23,54.54474639892578,54.54474639892578,74.95999908447266,73.91999816894531,74.02999877929688,6884100
2018-02-26,54.69758987426758,54.69758987426758,75.36000061035156,74.63999938964844,75.30999755859375,6336100
2018-02-27,53.423858642578125,53.423858642578125,75.3499984741211,73.37999725341797,75.30000305175781,7635400
2018-02-28,53.38746643066406,53.38746643066406,74.3499984741211,73.3499984741211,73.66000366210938,9175500
2018-03-01,53.43840026855469,53.43840026855469,74.30000305175781,72.83000183105469,73.19000244140625,8794700
2018-03-02,53.41658020019531,53.41658020019531,73.47000122070312,72.62000274658203,73.06999969482422,8408100
2018-03-05,54.02069091796875,54.02069091796875,74.56999969482422,73.13999938964844,73.19000244140625,5558100
2018-03-06,54.27544021606445,54.27544021606445,74.7300033569336,73.69000244140625,74.33999633789062,6039100
2018-03-07,54.61023712158203,54.61023712158203,75.08999633789062,74.19000244140625,74.2300033569336,9868300
2018-03-08,54.71214294433594,54.71214294433594,75.3499984741211,74.79000091552734,75.19999694824219,6381300
2018-03-09,55.01057434082031,55.01057434082031,75.58000183105469,74.68000030517578,75.16999816894531,6293400
2018-03-12,55.25075149536133,55.25075149536133,76.08999633789062,75.37999725341797,75.62999725341797,6661400
2018-03-13,55.30170822143555,55.30170822143555,76.51000213623047,75.72000122070312,76.16000366210938,4877100
2018-03-14,55.3526496887207,55.3526496887207,76.3499984741211,75.7300033569336,75.91000366210938,5945100
2018-03-15,55.33808517456055,55.33808517456055,76.30999755859375,75.62999725341797,76.18000030517578,5680500
2018-03-16,55.72383117675781,55.72383117675781,76.66000366210938,75.7699966430664,75.94000244140625,4951000
2018-03-19,55.24348449707031,55.24348449707031,76.4800033569336,75.41999816894531,76.45999908447266,3999400
2018-03-20,55.054229736328125,55.054229736328125,76.37999725341797,75.3499984741211,75.8499984741211,5677000
2018-03-21,54.646636962890625,54.646636962890625,75.8499984741211,74.68000030517578,75.55000305175781,5905400
2018-03-22,54.32638931274414,54.32638931274414,75.97000122070312,74.61000061035156,74.9000015258789,5605700
2018-03-23,53.35836410522461,53.35836410522461,74.83000183105469,73.12000274658203,74.62000274658203,9530900
2018-03-26,53.965389251708984,53.965389251708984,73.55999755859375,72.68000030517578,73.02999877929688,6979200
2018-03-27,54.17117691040039,54.17117691040039,74.68000030517578,72.66999816894531,73.52999877929688,9132000
2018-03-28,55.530784606933594,55.530784606933594,75.69999694824219,73.83999633789062,73.97000122070312,8917300
2018-03-29,55.46463394165039,55.46463394165039,75.94999694824219,75.16000366210938,75.7699966430664,5993400
2018-04-02,54.715023040771484,54.715023040771484,75.66999816894531,73.94999694824219,75.33999633789062,6487700
2018-04-03,55.17802810668945,55.17802810668945,75.41999816894531,74.08000183105469,74.56999969482422,9987300
2018-04-04,55.758602142333984,55.758602142333984,76.08999633789062,74.48999786376953,74.66000366210938,5502800
2018-04-05,55.73655319213867,55.73655319213867,75.98999786376953,75.19000244140625,75.91999816894531,4195900
2018-04-06,55.317657470703125,55.317657470703125,76.25,75.0199966430664,75.66999816894531,4817500
2018-04-09,55.14128494262695,55.14128494262695,75.62999725341797,74.91000366210938,75.31999969482422,4466300
2018-04-10,55.08246612548828,55.08246612548828,75.48999786376953,74.83000183105469,75.3499984741211,7318500
2018-04-11,55.200077056884766,55.200077056884766,75.68000030517578,74.73999786376953,74.80999755859375,3892500
2018-04-12,54.58272933959961,54.58272933959961,75.23999786376953,74.05000305175781,75.2300033569336,4049600
2018-04-13,54.86935043334961,54.86935043334961,74.72000122070312,74.08999633789062,74.19999694824219,3817100
2018-04-16,55.207420349121094,55.207420349121094,75.37000274658203,74.56999969482422,74.75,4279000
2018-04-17,55.854156494140625,55.854156494140625,76.41999816894531,75.05999755859375,75.29000091552734,4503600
2018-04-18,55.73655319213867,55.73655319213867,76.27999877929688,75.83000183105469,76.18000030517578,4122900
2018-04-19,54.928157806396484,54.928157806396484,75.66999816894531,74.20999908447266,75.58999633789062,6917900
2018-04-20,54.421051025390625,54.421051025390625,74.95999908447266,73.94999694824219,74.66000366210938,5171200
2018-04-23,54.37694549560547,54.37694549560547,74.37999725341797,73.66000366210938,74.08000183105469,4325700
2018-04-24,54.58272933959961,54.58272933959961,74.58000183105469,73.8499984741211,74.05000305175781,5852200
2018-04-25,54.47983932495117,54.47983932495117,74.41000366210938,73.55000305175781,74.02999877929688,4055400
2018-04-26,55.192726135253906,55.192726135253906,75.5199966430664,74.25,74.3499984741211,5551000
2018-04-27,56.14077377319336,56.14077377319336,76.63999938964844,74.97000122070312,75.05999755859375,6278700
2018-04-30,55.9202880859375,55.9202880859375,76.70999908447266,76.06999969482422,76.41999816894531,6625500
2018-05-01,56.42739486694336,56.42739486694336,76.93000030517578,75.94000244140625,76.08000183105469,5251600
2018-05-02,56.22160720825195,56.22160720825195,76.83000183105469,75.83000183105469,76.61000061035156,5361800
2018-05-03,56.18486404418945,56.18486404418945,76.7699966430664,76.16000366210938,76.26000213623047,5839500
2018-05-04,56.80220031738281,56.80220031738281,77.48999786376953,76.41000366210938,76.41000366210938,3746600
2018-05-07,57.18434524536133,57.18434524536133,77.9000015258789,77.3499984741211,77.4000015258789,4670300
2018-05-08,56.897743225097656,56.897743225097656,77.80000305175781,77.16999816894531,77.80000305175781,4311600
2018-05-09,57.2799072265625,57.2799072265625,77.95999908447266,77.16000366210938,77.26000213623047,4685300
2018-05-10,57.72820281982422,57.72820281982422,78.69999694824219,78.06999969482422,78.2300033569336,3664000
2018-05-11,57.529788970947266,57.529788970947266,78.87000274658203,78.16000366210938,78.58999633789062,2694500
2018-05-14,57.0373649597168,57.0373649597168,78.38999938964844,77.23999786376953,78.22000122070312,3536200
2018-05-15,56.111358642578125,56.111358642578125,77.22000122070312,76.12000274658203,77.22000122070312,5134300
2018-05-16,55.942344665527344,55.942344665527344,76.75,76.01000213623047,76.5,4400400
2018-05-17,55.66306686401367,55.66306686401367,76.3499984741211,75.58000183105469,76.08999633789062,3998100
2018-05-18,55.73655319213867,55.73655319213867,76.12000274658203,75.5,75.83000183105469,3343800
2018-05-21,56.39799880981445,56.39799880981445,76.87000274658203,75.5999984741211,76.01000213623047,3671500
2018-05-22,56.47883987426758,56.47883987426758,76.94999694824219,76.41999816894531,76.7300033569336,3470800
2018-05-23,57.04473876953125,57.04473876953125,77.86000061035156,76.79000091552734,76.80000305175781,3983200
2018-05-24,56.92714309692383,56.92714309692383,77.94000244140625,77.04000091552734,77.63999938964844,3173500
2018-05-25,57.12556457519531,57.12556457519531,78.0199966430664,77.41999816894531,77.52999877929688,3597300
2018-05-29,57.39747619628906,57.39747619628906,78.2300033569336,77.31999969482422,77.54000091552734,4611800
2018-05-30,58.17650604248047,58.17650604248047,79.4000015258789,77.83000183105469,78.05000305175781,4901800
2018-05-31,57.978084564208984,57.978084564208984,79.19000244140625,78.58999633789062,78.91000366210938,5430500
2018-06-01,58.23530197143555,58.23530197143555,79.43000030517578,78.43000030517578,78.58999633789062,7233800
2018-06-04,58.74240493774414,58.74240493774414,79.94999694824219,79.11000061035156,79.4000015258789,5391500
2018-06-05,58.58806610107422,58.58806610107422,80.30000305175781,79.55999755859375,80.22000122070312,5543000
2018-06-06,58.72771453857422,58.72771453857422,79.91000366210938,79.31999969482422,79.72000122070312,4006100
2018-06-07,58.72771453857422,58.72771453857422,80.12000274658203,79.43000030517578,79.91999816894531,3353300
2018-06-08,58.94083023071289,58.94083023071289,80.2699966430664,79.79000091552734,79.97000122070312,2773200
2018-06-11,58.85263442993164,58.85263442993164,80.2699966430664,79.93000030517578,80.11000061035156,4168300
2018-06-12,59.20540237426758,59.20540237426758,80.7699966430664,79.81999969482422,80.02999877929688,3287900
2018-06-13,58.05157470703125,58.05157470703125,80.69999694824219,78.80999755859375,80.55999755859375,7230900
2018-06-14,58.60274887084961,58.60274887084961,80.01000213623047,79.25,79.25,4458200
2018-06-15,58.56601333618164,58.56601333618164,80.26000213623047,79.52999877929688,79.72000122070312,11131800
2018-06-18,58.58234786987305,58.58234786987305,79.05000305175781,78.44000244140625,78.77999877929688,6391600
2018-06-19,58.52299499511719,58.52299499511719,79.27999877929688,78.73999786376953,78.73999786376953,11275400
2018-06-20,59.17571258544922,59.17571258544922,79.88999938964844,78.91000366210938,78.95999908447266,7327500
2018-06-21,59.45759582519531,59.45759582519531,80.26000213623047,79.62000274658203,80.0,3719700
2018-06-22,59.92487335205078,59.92487335205078,80.83999633789062,79.97000122070312,80.33000183105469,4391700
2018-06-25,59.769126892089844,59.769126892089844,80.9000015258789,80.08999633789062,80.6500015258789,5904500
2018-06-26,59.96196746826172,59.96196746826172,81.16999816894531,80.37000274658203,80.73999786376953,3751000
2018-06-27,59.73202896118164,59.73202896118164,81.26000213623047,80.51000213623047,81.05000305175781,4559900
2018-06-28,60.26607894897461,60.26607894897461,81.3499984741211,80.44000244140625,80.52999877929688,3896700
2018-06-29,60.4144287109375,60.4144287109375,81.80000305175781,80.62000274658203,81.0999984741211,5235400
2018-07-02,60.080650329589844,60.080650329589844,81.54000091552734,80.08000183105469,81.5199966430664,7926500
2018-07-03,60.533103942871094,60.533103942871094,82.18000030517578,80.83999633789062,81.04000091552734,7325300
2018-07-05,61.252586364746094,61.252586364746094,82.62000274658203,81.54000091552734,81.8499984741211,7214700
2018-07-06,61.57894515991211,61.57894515991211,83.16000366210938,82.73999786376953,82.79000091552734,7887400
2018-07-09,61.08940124511719,61.08940124511719,83.12999725341797,81.94000244140625,83.12999725341797,6621300
2018-07-10,61.215492248535156,61.215492248535156,82.7300033569336,82.02999877929688,82.51000213623047,4561900
2018-07-11,61.015235900878906,61.015235900878906,82.70999908447266,82.18000030517578,82.43000030517578,5127900
2018-07-12,61.20064926147461,61.20064926147461,82.6500015258789,82.08000183105469,82.5199966430664,4042100
2018-07-13,61.015235900878906,61.015235900878906,82.9000015258789,82.19999694824219,82.55000305175781,5013800
2018-07-16,60.68885803222656,60.68885803222656,82.19999694824219,81.36000061035156,82.11000061035156,3023900
2018-07-17,60.288333892822266,60.288333892822266,82.05999755859375,81.19000244140625,81.94999694824219,4031200
2018-07-18,60.02129364013672,60.02129364013672,81.44999694824219,80.55000305175781,81.16000366210938,5185600
2018-07-19,60.725955963134766,60.725955963134766,82.1500015258789,80.6500015258789,80.87999725341797,4358700
2018-07-20,60.13999557495117,60.13999557495117,81.80000305175781,80.86000061035156,81.58999633789062,3265500
2018-07-23,60.013885498046875,60.013885498046875,81.18000030517578,80.43000030517578,81.04000091552734,4379600
2018-07-24,59.709781646728516,59.709781646728516,81.02999877929688,80.30000305175781,80.88999938964844,4174900
2018-07-25,60.184486389160156,60.184486389160156,81.27999877929688,80.38999938964844,80.54000091552734,4521400
2018-07-26,60.38475036621094,60.38475036621094,81.81999969482422,81.05000305175781,81.25,4385400
2018-07-27,59.739444732666016,59.739444732666016,81.61000061035156,80.45999908447266,81.55999755859375,4788000
2018-07-30,59.77653884887695,59.77653884887695,80.77999877929688,79.98999786376953,80.51000213623047,4002000
2018-07-31,60.77787399291992,60.77787399291992,82.30999755859375,80.83999633789062,80.83999633789062,5737300
2018-08-01,61.20807647705078,61.20807647705078,82.52999877929688,81.12999725341797,81.3499984741211,7798900
2018-08-02,60.96330261230469,60.96330261230469,82.66000366210938,82.01000213623047,82.3499984741211,4748200
2018-08-03,61.62344741821289,61.62344741821289,83.12000274658203,82.1500015258789,82.2300033569336,4342700
2018-08-06,61.54186248779297,61.54186248779297,83.37999725341797,82.7699966430664,83.12000274658203,4655000
2018-08-07,61.430599212646484,61.430599212646484,83.37999725341797,82.4000015258789,83.12000274658203,3047100
2018-08-08,61.07456588745117,61.07456588745117,82.80000305175781,82.1500015258789,82.7699966430664,2415400
2018-08-09,61.10424041748047,61.10424041748047,82.6500015258789,82.19000244140625,82.33999633789062,3720900
2018-08-10,60.6369514465332,60.6369514465332,82.5,81.5999984741211,82.48999786376953,4524100
2018-08-13,60.51826477050781,60.51826477050781,81.8499984741211,81.37999725341797,81.66000366210938,2755400
2018-08-14,60.814964294433594,60.814964294433594,82.19999694824219,81.58000183105469,81.58000183105469,3249400
2018-08-15,61.28226852416992,61.28226852416992,82.72000122070312,81.80999755859375,82.04000091552734,5202600
2018-08-16,61.779232025146484,61.779232025146484,83.30000305175781,82.55999755859375,82.62999725341797,3329800
2018-08-17,62.350345611572266,62.350345611572266,84.06999969482422,83.11000061035156,83.11000061035156,4698400
2018-08-20,62.394866943359375,62.394866943359375,84.55000305175781,84.0,84.16999816894531,4629200
2018-08-21,62.0165901184082,62.0165901184082,84.1500015258789,83.41000366210938,84.0,3149000
2018-08-22,61.66796875,61.66796875,83.63999938964844,82.83000183105469,83.52999877929688,2954900
2018-08-23,61.51218032836914,61.51218032836914,83.30000305175781,82.9000015258789,83.1500015258789,2528800
2018-08-24,61.87565231323242,61.87565231323242,83.43000030517578,82.80000305175781,82.93000030517578,3897100
2018-08-27,61.65314483642578,61.65314483642578,83.55999755859375,82.83999633789062,83.48999786376953,4479000
2018-08-28,62.48386764526367,62.48386764526367,84.25,83.0199966430664,83.23999786376953,4653100
2018-08-29,62.49871826171875,62.49871826171875,84.44000244140625,84.06999969482422,84.2300033569336,3564900
2018-08-30,62.09815979003906,62.09815979003906,84.37000274658203,83.6500015258789,84.3499984741211,2968300
2018-08-31,62.34292984008789,62.34292984008789,84.2300033569336,83.72000122070312,83.77999877929688,3305800
2018-09-04,61.60121154785156,61.60121154785156,84.06999969482422,82.94999694824219,83.86000061035156,4718600
2018-09-05,61.95722579956055,61.95722579956055,83.81999969482422,82.58000183105469,83.0199966430664,5407700
2018-09-06,62.135250091552734,62.135250091552734,84.0,83.63999938964844,83.66000366210938,3760300
2018-09-07,61.46027374267578,61.46027374267578,83.55000305175781,82.7699966430664,83.55000305175781,4234400
2018-09-10,61.734718322753906,61.734718322753906,83.69999694824219,83.11000061035156,83.25,3089200
2018-09-11,61.7273063659668,61.7273063659668,83.5,82.87999725341797,83.01000213623047,3980300
2018-09-12,61.75696563720703,61.75696563720703,83.47000122070312,82.9800033569336,83.23999786376953,2827800
2018-09-13,62.06108093261719,62.06108093261719,83.93000030517578,83.33999633789062,83.61000061035156,3813600
2018-09-14,61.66796875,61.66796875,83.62000274658203,82.54000091552734,83.55000305175781,5215800
2018-09-17,61.86821746826172,61.86821746826172,83.58000183105469,82.87000274658203,83.12999725341797,4414700
2018-09-18,61.57152557373047,61.57152557373047,83.52999877929688,82.87000274658203,83.30000305175781,8039400
2018-09-19,60.85206604003906,60.85206604003906,83.08000183105469,81.91000366210938,83.05000305175781,4410600
2018-09-20,61.42317199707031,61.42317199707031,82.86000061035156,81.7699966430664,82.05000305175781,4308300
2018-09-21,61.40092468261719,61.40092468261719,83.20999908447266,82.56999969482422,82.69000244140625,7292200
2018-09-24,60.29829406738281,60.29829406738281,81.61000061035156,79.83999633789062,81.44000244140625,4111200
2018-09-25,60.30583572387695,60.30583572387695,80.62000274658203,80.08000183105469,80.19000244140625,4781800
2018-09-26,59.58378219604492,59.58378219604492,80.27999877929688,79.18000030517578,80.16999816894531,8971900
2018-09-27,59.869598388671875,59.869598388671875,79.97000122070312,79.37999725341797,79.62000274658203,4942200
2018-09-28,60.6818962097168,60.6818962097168,80.68000030517578,79.62999725341797,79.70999908447266,6092300
2018-10-01,60.117801666259766,60.117801666259766,80.81999969482422,79.91999816894531,80.5999984741211,7215600
2018-10-02,59.982421875,59.982421875,80.19000244140625,79.62999725341797,79.94999694824219,5746700
2018-10-03,59.343101501464844,59.343101501464844,80.0199966430664,78.44000244140625,79.75,7104300
2018-10-04,58.846702575683594,58.846702575683594,78.6500015258789,77.7300033569336,78.58000183105469,6759300
2018-10-05,58.81660842895508,58.81660842895508,78.69000244140625,78.1500015258789,78.26000213623047,4971600
2018-10-08,59.666526794433594,59.666526794433594,79.62999725341797,78.19999694824219,78.31999969482422,5246900
2018-10-09,59.749263763427734,59.749263763427734,79.79000091552734,78.95999908447266,79.3499984741211,5852000
2018-10-10,58.861724853515625,58.861724853515625,79.69000244140625,78.23999786376953,79.25,8837400
2018-10-11,57.176944732666016,57.176944732666016,78.38999938964844,75.93000030517578,78.38999938964844,12471700
2018-10-12,57.02653503417969,57.02653503417969,77.06999969482422,75.37999725341797,76.83999633789062,10167900
2018-10-15,57.41013717651367,57.41013717651367,77.04000091552734,75.7300033569336,75.79000091552734,8526800
2018-10-16,58.590980529785156,58.590980529785156,78.05000305175781,76.12000274658203,76.47000122070312,5315400
2018-10-17,58.36532974243164,58.36532974243164,78.0,77.05000305175781,77.81999969482422,5088900
2018-10-18,58.252506256103516,58.252506256103516,78.18000030517578,77.22000122070312,77.58999633789062,6818700
2018-10-19,58.756439208984375,58.756439208984375,78.37000274658203,77.5,77.5,5357300
2018-10-22,57.93662643432617,57.93662643432617,78.58000183105469,77.02999877929688,78.19000244140625,7499300
2018-10-23,58.192344665527344,58.192344665527344,77.86000061035156,76.44000244140625,76.7699966430664,6988400
2018-10-24,58.74140167236328,58.74140167236328,78.77999877929688,77.41999816894531,77.56999969482422,6016200
2018-10-25,59.49353790283203,59.49353790283203,79.52999877929688,77.86000061035156,78.19999694824219,6215700
2018-10-26,58.064476013183594,58.064476013183594,79.18000030517578,76.68000030517578,79.18000030517578,11721400
2018-10-29,58.80155944824219,58.80155944824219,78.72000122070312,77.69000244140625,77.72000122070312,7159600
2018-10-30,59.606353759765625,59.606353759765625,79.8499984741211,78.0999984741211,78.30000305175781,9053000
2018-10-31,58.9068717956543,58.9068717956543,79.37999725341797,78.16999816894531,79.22000122070312,8322000
2018-11-01,59.185157775878906,59.185157775878906,78.8499984741211,78.02999877929688,78.37999725341797,6062700
2018-11-02,58.69628143310547,58.69628143310547,78.86000061035156,77.1500015258789,78.83999633789062,7609100
2018-11-05,59.568763732910156,59.568763732910156,79.45999908447266,78.18000030517578,78.19999694824219,6753000
2018-11-06,59.869598388671875,59.869598388671875,79.62999725341797,79.08000183105469,79.27999877929688,4127900
2018-11-07,60.584110260009766,60.584110260009766,80.58000183105469,79.5199966430664,79.94999694824219,7559200
2018-11-08,60.629249572753906,60.629249572753906,80.66999816894531,79.94999694824219,80.41999816894531,3559700
2018-11-09,60.62173080444336,60.62173080444336,80.87000274658203,80.16000366210938,80.5199966430664,3388500
2018-11-12,60.7420768737793,60.7420768737793,81.43000030517578,80.54000091552734,80.70999908447266,4969800
2018-11-13,60.6818962097168,60.6818962097168,81.12999725341797,80.19000244140625,80.81999969482422,4882600
2018-11-14,60.53147506713867,60.53147506713867,81.0,80.0999984741211,80.79000091552734,4545800
2018-11-15,60.117801666259766,60.117801666259766,80.27999877929688,79.12999725341797,80.23999786376953,6413700
2018-11-16,60.76462173461914,60.76462173461914,80.91000366210938,79.69999694824219,79.77999877929688,4347600
2018-11-19,60.84736633300781,60.84736633300781,81.48999786376953,80.41000366210938,80.93000030517578,7117500
2018-11-20,60.22309875488281,60.22309875488281,81.13999938964844,80.05999755859375,80.5,5295700
2018-11-21,60.2757568359375,60.2757568359375,80.80999755859375,79.7300033569336,80.05999755859375,4139600
2018-11-23,60.155426025390625,60.155426025390625,80.3499984741211,79.51000213623047,79.87999725341797,2815500
2018-11-26,60.26824188232422,60.26824188232422,80.4800033569336,79.76000213623047,80.2699966430664,4422200
2018-11-27,60.523948669433594,60.523948669433594,80.4800033569336,79.73999786376953,80.05999755859375,5183600
2018-11-28,61.06548309326172,61.06548309326172,81.26000213623047,80.1500015258789,80.5,8681300
2018-11-29,61.08052444458008,61.08052444458008,81.61000061035156,80.66000366210938,81.13999938964844,5681000
2018-11-30,61.65969467163086,61.65969467163086,82.05000305175781,81.12999725341797,81.41000366210938,6641000
2018-12-03,61.990604400634766,61.990604400634766,82.55999755859375,81.55999755859375,82.4800033569336,7407000
2018-12-04,61.073001861572266,61.073001861572266,82.62999725341797,80.98999786376953,82.3499984741211,9346700
2018-12-06,62.58477020263672,62.58477020263672,83.30999755859375,80.0199966430664,80.75,15059500
2018-12-07,61.76496887207031,61.76496887207031,83.08999633789062,81.80999755859375,82.94000244140625,9987800
2018-12-10,61.366329193115234,61.366329193115234,82.23999786376953,80.58000183105469,82.16999816894531,5804300
2018-12-11,61.39640808105469,61.39640808105469,82.38999938964844,81.62999725341797,82.05999755859375,5108800
2018-12-12,60.4487419128418,60.4487419128418,82.25,80.26000213623047,82.12000274658203,6943900
2018-12-13,60.798095703125,60.798095703125,80.5,79.44999694824219,79.5199966430664,6131600
2018-12-14,60.6230354309082,60.6230354309082,80.01000213623047,79.23999786376953,79.58000183105469,10390400
2018-12-17,58.33966827392578,58.33966827392578,79.98999786376953,76.47000122070312,79.73999786376953,20329300
2018-12-18,58.94095993041992,58.94095993041992,77.95999908447266,77.06999969482422,77.48999786376953,9575700
2018-12-19,58.29400634765625,58.29400634765625,78.0,76.27999877929688,77.45999908447266,10760000
2018-12-20,57.41874313354492,57.41874313354492,76.72000122070312,74.88999938964844,76.48999786376953,13284100
2018-12-21,56.61955642700195,56.61955642700195,77.0199966430664,74.31999969482422,75.61000061035156,16609300
2018-12-24,54.602577209472656,54.602577209472656,74.33000183105469,71.68000030517578,74.08000183105469,9335800
2018-12-26,56.42926025390625,56.42926025390625,74.13999938964844,71.08000183105469,71.88999938964844,16977000
2018-12-27,56.421653747558594,56.421653747558594,74.20999908447266,72.0199966430664,73.58999633789062,12102300
2018-12-28,56.60432434082031,56.60432434082031,75.18000030517578,73.80000305175781,74.91000366210938,12729300
2018-12-31,56.756561279296875,56.756561279296875,74.72000122070312,73.30000305175781,74.30999755859375,15750600
2019-01-02,55.523536682128906,55.523536682128906,73.69999694824219,72.52999877929688,73.55999755859375,12880400
2019-01-03,55.91169738769531,55.91169738769531,74.56999969482422,72.70999908447266,72.7699966430664,12264300
2019-01-04,56.56627655029297,56.56627655029297,75.0199966430664,73.30000305175781,73.73999786376953,9389000
2019-01-07,57.12189483642578,57.12189483642578,75.61000061035156,74.4000015258789,74.5999984741211,9227900
2019-01-08,58.30161666870117,58.30161666870117,76.79000091552734,75.33000183105469,75.52999877929688,10761000
2019-01-09,58.2179069519043,58.2179069519043,76.87000274658203,75.76000213623047,76.77999877929688,6434200
2019-01-10,59.00944900512695,59.00944900512695,77.75,76.08000183105469,76.25,8671800
2019-01-11,59.176902770996094,59.176902770996094,77.83000183105469,77.0999984741211,77.45999908447266,5141900
2019-01-14,58.979007720947266,58.979007720947266,77.94000244140625,77.18000030517578,77.5,4934500
2019-01-15,59.5422477722168,59.5422477722168,78.41999816894531,77.56999969482422,77.5999984741211,5377200
2019-01-16,59.960845947265625,59.960845947265625,79.05999755859375,78.0999984741211,78.20999908447266,6164000
2019-01-17,60.25008010864258,60.25008010864258,79.19999694824219,78.47000122070312,78.62999725341797,4327000
2019-01-18,60.4555778503418,60.4555778503418,79.5,78.81999969482422,79.48999786376953,6397100
2019-01-22,60.272926330566406,60.272926330566406,79.54000091552734,78.58000183105469,79.26000213623047,6062600
2019-01-23,60.28052520751953,60.28052520751953,79.4000015258789,78.68000030517578,79.33000183105469,3972000
2019-01-24,60.48603820800781,60.48603820800781,79.6500015258789,78.69000244140625,78.97000122070312,4142500
2019-01-25,61.23952865600586,61.23952865600586,80.5199966430664,79.58999633789062,79.73999786376953,5713400
2019-01-28,61.840816497802734,61.840816497802734,81.33000183105469,80.05999755859375,80.30999755859375,5471200
2019-01-29,62.32794189453125,62.32794189453125,81.93000030517578,80.97000122070312,81.12999725341797,4832200
2019-01-30,62.830299377441406,62.830299377441406,82.8499984741211,81.83000183105469,81.91999816894531,6635900
2019-01-31,63.48482894897461,63.48482894897461,83.47000122070312,81.77999877929688,82.44999694824219,13041700
2019-02-01,63.0814323425293,63.0814323425293,83.75,81.72000122070312,83.48999786376953,16142500
2019-02-04,63.55333709716797,63.55333709716797,83.5,82.19999694824219,82.86000061035156,13612800
2019-02-05,63.918663024902344,63.918663024902344,84.02999877929688,83.05999755859375,83.58000183105469,10279100
2019-02-06,63.500038146972656,63.500038146972656,83.88999938964844,83.16000366210938,83.66999816894531,8419900
2019-02-07,64.02520751953125,64.02520751953125,84.22000122070312,82.91000366210938,83.18000030517578,8823200
2019-02-08,64.02520751953125,64.02520751953125,84.44999694824219,83.6500015258789,83.80000305175781,6853900
2019-02-11,64.20028686523438,64.20028686523438,84.51000213623047,83.95999908447266,84.25,4999200
2019-02-12,63.79686737060547,63.79686737060547,84.55000305175781,83.51000213623047,84.55000305175781,8588900
2019-02-13,64.12418365478516,64.12418365478516,84.33000183105469,83.5199966430664,83.83000183105469,5697000
2019-02-14,64.32967376708984,64.32967376708984,84.83999633789062,83.98999786376953,84.37999725341797,6928100
2019-02-15,64.76350402832031,64.76350402832031,85.0999984741211,84.54000091552734,84.73999786376953,4998600
2019-02-19,64.74828338623047,64.74828338623047,85.2699966430664,84.75,84.91000366210938,5981200
2019-02-20,64.34489440917969,64.34489440917969,85.01000213623047,83.9800033569336,85.01000213623047,7918900
2019-02-21,64.40579223632812,64.40579223632812,84.69999694824219,83.77999877929688,84.05999755859375,4756900
2019-02-22,64.78636932373047,64.78636932373047,85.44999694824219,84.5199966430664,84.79000091552734,4490300
2019-02-25,64.2763900756836,64.2763900756836,85.36000061035156,84.37000274658203,85.29000091552734,4956800
2019-02-26,64.07847595214844,64.07847595214844,84.79000091552734,84.05000305175781,84.56999969482422,4777100
2019-02-27,63.75883483886719,63.75883483886719,84.12999725341797,83.1500015258789,83.91000366210938,8116400
2019-02-28,63.9262809753418,63.9262809753418,84.91999816894531,83.5199966430664,83.83000183105469,6547100
2019-03-01,63.72840118408203,63.72840118408203,84.23999786376953,82.81999969482422,83.94000244140625,10635700
2019-03-04,64.01760864257812,64.01760864257812,84.19999694824219,83.18000030517578,84.12000274658203,7103600
2019-03-05,64.19267272949219,64.19267272949219,84.70999908447266,83.9000015258789,84.06999969482422,9077500
2019-03-06,63.895835876464844,63.895835876464844,84.5999984741211,83.8499984741211,84.41999816894531,5370800
2019-03-07,63.75883483886719,63.75883483886719,84.55000305175781,83.55000305175781,84.16000366210938,8328500
2019-03-08,63.82735824584961,63.82735824584961,84.16000366210938,83.48999786376953,83.62999725341797,9264800
2019-03-11,64.76350402832031,64.76350402832031,85.1500015258789,84.01000213623047,84.1500015258789,4679300
2019-03-12,65.06036376953125,65.06036376953125,85.69000244140625,85.11000061035156,85.19999694824219,6072500
2019-03-13,65.38003540039062,65.38003540039062,86.12999725341797,85.58000183105469,85.58000183105469,4282900
2019-03-14,65.47896575927734,65.47896575927734,86.05000305175781,85.62000274658203,85.95999908447266,4303200
2019-03-15,65.2734603881836,65.2734603881836,86.19000244140625,85.61000061035156,86.12000274658203,4742200
2019-03-18,64.94619750976562,64.94619750976562,86.02999877929688,84.91999816894531,85.80000305175781,4125300
2019-03-19,64.74828338623047,64.74828338623047,85.51000213623047,84.80999755859375,85.37999725341797,6169200
2019-03-20,64.94619750976562,64.94619750976562,85.86000061035156,84.44000244140625,85.05000305175781,6499300
2019-03-21,66.10308074951172,66.10308074951172,86.88999938964844,85.19999694824219,85.20999908447266,6948200
2019-03-22,65.62357330322266,65.62357330322266,87.41999816894531,86.19999694824219,86.93000030517578,8769700
2019-03-25,65.70729064941406,65.70729064941406,86.61000061035156,85.75,86.25,6324300
2019-03-26,66.2324447631836,66.2324447631836,87.05999755859375,86.43000030517578,86.5199966430664,8576400
2019-03-27,66.04219055175781,66.04219055175781,87.29000091552734,86.22000122070312,87.13999938964844,7252600
2019-03-28,66.68301391601562,66.68301391601562,87.02999877929688,86.0999984741211,86.3499984741211,5600000
2019-03-29,66.62171173095703,66.62171173095703,87.16000366210938,86.56999969482422,87.06999969482422,13743500
2019-04-01,66.58341217041016,66.58341217041016,87.02999877929688,85.91000366210938,87.0,8528500
2019-04-02,67.05096435546875,67.05096435546875,87.55000305175781,86.22000122070312,86.9800033569336,10358100
2019-04-03,66.97432708740234,66.97432708740234,87.73999786376953,86.77999877929688,87.47000122070312,5004200
2019-04-04,66.86700439453125,66.86700439453125,87.5,86.80000305175781,87.43000030517578,4249100
2019-04-05,67.33460235595703,67.33460235595703,87.88999938964844,87.0999984741211,87.23999786376953,4827100
2019-04-08,66.95897674560547,66.95897674560547,87.83000183105469,87.06999969482422,87.7699966430664,4575500
2019-04-09,66.60637664794922,66.60637664794922,87.4800033569336,86.73999786376953,87.3499984741211,3507600
2019-04-10,67.21961212158203,67.21961212158203,87.7699966430664,87.0199966430664,87.19999694824219,4264500
2019-04-11,67.17363739013672,67.17363739013672,88.08999633789062,87.27999877929688,87.77999877929688,2925600
2019-04-12,67.49559783935547,67.49559783935547,88.08000183105469,86.97000122070312,87.58999633789062,4148900
2019-04-15,67.150634765625,67.150634765625,88.13999938964844,87.37000274658203,88.0999984741211,3468900
2019-04-16,65.63285827636719,65.63285827636719,87.66000366210938,85.27999877929688,87.62000274658203,7256100
2019-04-17,65.03491973876953,65.03491973876953,86.02999877929688,84.55999755859375,85.91000366210938,6121300
2019-04-18,65.533203125,65.533203125,85.66999816894531,84.58000183105469,85.11000061035156,4827400
2019-04-22,64.8126220703125,64.8126220703125,85.69000244140625,83.77999877929688,85.38999938964844,5012000
2019-04-23,65.67117309570312,65.67117309570312,85.79000091552734,84.5199966430664,84.91999816894531,4692300
2019-04-24,66.15410614013672,66.15410614013672,86.55999755859375,85.66000366210938,85.97000122070312,4853800
2019-04-25,66.0161361694336,66.0161361694336,86.3499984741211,85.47000122070312,86.08000183105469,3732500
2019-04-26,66.53738403320312,66.53738403320312,86.87000274658203,86.12999725341797,86.27999877929688,3109400
2019-04-29,65.88580322265625,65.88580322265625,86.97000122070312,85.8499984741211,86.70999908447266,4280600
2019-04-30,66.51438903808594,66.51438903808594,86.94999694824219,85.4800033569336,86.0199966430664,5541400
2019-05-01,66.56804656982422,66.56804656982422,87.83000183105469,86.72000122070312,86.7699966430664,7675800
2019-05-02,66.63703155517578,66.63703155517578,87.77999877929688,86.66999816894531,86.87999725341797,5675900
2019-05-03,67.20429992675781,67.20429992675781,87.79000091552734,86.93000030517578,87.23999786376953,4678400
2019-05-06,66.9896469116211,66.9896469116211,87.66999816894531,86.87000274658203,87.25,4836000
2019-05-07,65.77848052978516,65.77848052978516,87.27999877929688,85.20999908447266,87.27999877929688,7037100
2019-05-08,65.70948028564453,65.70948028564453,86.58000183105469,85.66999816894531,85.87999725341797,5976800
2019-05-09,65.87814331054688,65.87814331054688,86.11000061035156,84.95999908447266,85.56999969482422,4005000
2019-05-10,66.58341217041016,66.58341217041016,87.08000183105469,85.70999908447266,85.87999725341797,4269000
2019-05-13,66.51438903808594,66.51438903808594,86.9000015258789,86.08000183105469,86.31999969482422,5794100
2019-05-14,66.75968933105469,66.75968933105469,87.37000274658203,86.73999786376953,86.94999694824219,4740500
2019-05-15,67.21195220947266,67.21195220947266,87.88999938964844,86.72000122070312,87.01000213623047,3410600
2019-05-16,67.48025512695312,67.48025512695312,88.41999816894531,87.44999694824219,87.6500015258789,4008500
2019-05-17,67.34992980957031,67.34992980957031,88.06999969482422,87.41000366210938,87.7300033569336,5346600
2019-05-20,66.37638092041016,66.37638092041016,87.69000244140625,86.23999786376953,87.41999816894531,4221100
2019-05-21,66.94365692138672,66.94365692138672,87.55000305175781,86.75,86.87000274658203,2930100
2019-05-22,67.14295959472656,67.14295959472656,87.6500015258789,87.16000366210938,87.41999816894531,2825100
2019-05-23,67.29627227783203,67.29627227783203,87.87000274658203,87.08999633789062,87.37999725341797,3304500
2019-05-24,67.50325012207031,67.50325012207031,88.47000122070312,87.98999786376953,88.0199966430664,3121800
2019-05-28,66.8363265991211,66.8363265991211,88.58999633789062,87.13999938964844,88.33000183105469,4614500
2019-05-29,65.9471435546875,65.9471435546875,87.20999908447266,85.70999908447266,87.05999755859375,8170000
2019-05-30,66.22309875488281,66.22309875488281,86.77999877929688,86.02999877929688,86.12000274658203,3984100
2019-05-31,66.60637664794922,66.60637664794922,87.37000274658203,85.88999938964844,86.16000366210938,5369200
2019-06-03,66.76734924316406,66.76734924316406,87.38999938964844,86.4800033569336,87.19999694824219,6347800
2019-06-04,66.46839141845703,66.46839141845703,87.25,85.94999694824219,87.25,6993200
2019-06-05,67.8558578491211,67.8558578491211,88.62000274658203,86.98999786376953,87.20999908447266,6775400
2019-06-06,67.9861831665039,67.9861831665039,88.88999938964844,88.05000305175781,88.80000305175781,4077200
2019-06-07,68.2391586303711,68.2391586303711,89.56999969482422,88.91999816894531,89.12999725341797,3525700
2019-06-10,68.01685333251953,68.01685333251953,89.29000091552734,88.4000015258789,89.19000244140625,2945500
2019-06-11,68.20083618164062,68.20083618164062,89.19000244140625,88.30999755859375,88.98999786376953,3834000
2019-06-12,68.4307861328125,68.4307861328125,89.56999969482422,88.9000015258789,89.04000091552734,2768500
2019-06-13,68.72209930419922,68.72209930419922,89.6500015258789,89.0999984741211,89.3499984741211,2799400
2019-06-14,68.76039123535156,68.76039123535156,90.12000274658203,89.55000305175781,89.5999984741211,2981700
2019-06-17,69.49630737304688,69.49630737304688,90.77999877929688,89.94000244140625,89.94000244140625,3574900
2019-06-18,69.42730712890625,69.42730712890625,91.58999633789062,90.16000366210938,91.33000183105469,4449200
2019-06-19,69.80292510986328,69.80292510986328,91.36000061035156,90.01000213623047,90.41999816894531,3694600
2019-06-20,70.15555572509766,70.15555572509766,91.8499984741211,91.38999938964844,91.55999755859375,4862000
2019-06-21,69.16667938232422,69.16667938232422,91.2699966430664,90.04000091552734,91.0,7941700
2019-06-24,68.92906188964844,68.92906188964844,90.91000366210938,89.6500015258789,90.62999725341797,3773600
2019-06-25,67.90953063964844,67.90953063964844,90.16999816894531,88.58999633789062,89.94000244140625,5381300
2019-06-26,66.55270385742188,66.55270385742188,88.72000122070312,86.61000061035156,88.62999725341797,12897000
2019-06-27,67.40946197509766,67.40946197509766,87.16000366210938,86.37000274658203,86.52999877929688,6924500
2019-06-28,67.64165496826172,67.64165496826172,87.95999908447266,87.13999938964844,87.20999908447266,9638200
2019-07-01,67.61067962646484,67.61067962646484,87.9800033569336,86.33000183105469,87.9800033569336,9746000
2019-07-02,68.78705596923828,68.78705596923828,88.87999725341797,87.44000244140625,87.44000244140625,7633700
2019-07-03,69.60740661621094,69.60740661621094,90.01000213623047,88.94999694824219,89.0199966430664,5418000
2019-07-05,69.35977935791016,69.35977935791016,89.91000366210938,88.22000122070312,89.30999755859375,5375100
2019-07-08,69.60740661621094,69.60740661621094,90.08999633789062,89.38999938964844,89.52999877929688,4509700
2019-07-09,69.83959197998047,69.83959197998047,90.38999938964844,89.51000213623047,89.75,4906800
2019-07-10,70.24207305908203,70.24207305908203,91.0,90.1500015258789,90.62000274658203,6833700
2019-07-11,69.32882690429688,69.32882690429688,90.7699966430664,89.23999786376953,90.7699966430664,4020600
2019-07-12,69.23593139648438,69.23593139648438,89.7699966430664,89.06999969482422,89.6500015258789,2948600
2019-07-15,69.18175506591797,69.18175506591797,89.9800033569336,89.30000305175781,89.58000183105469,3185700
2019-07-16,69.01924133300781,69.01924133300781,89.56999969482422,88.80999755859375,89.2699966430664,3611600
2019-07-17,68.78705596923828,68.78705596923828,89.69000244140625,88.36000061035156,89.41000366210938,6422000
2019-07-18,68.78705596923828,68.78705596923828,89.12000274658203,88.16999816894531,88.6500015258789,7048200
2019-07-19,67.66487121582031,67.66487121582031,89.02999877929688,87.30999755859375,88.97000122070312,5064600
2019-07-22,67.6029281616211,67.6029281616211,87.69000244140625,87.0199966430664,87.52999877929688,3265200
2019-07-23,68.36912536621094,68.36912536621094,88.33999633789062,87.29000091552734,87.55999755859375,4239800
2019-07-24,68.42330169677734,68.42330169677734,88.5,87.9000015258789,88.44999694824219,2946100
2019-07-25,68.0208740234375,68.0208740234375,88.44000244140625,87.58000183105469,88.37999725341797,5629200
2019-07-26,68.3304443359375,68.3304443359375,88.44000244140625,87.62999725341797,88.01000213623047,3111900
2019-07-29,68.51618957519531,68.51618957519531,89.13999938964844,88.37999725341797,88.44000244140625,4898200
2019-07-30,69.06568145751953,69.06568145751953,89.55999755859375,88.44999694824219,88.47000122070312,3818100
2019-07-31,68.79480743408203,68.79480743408203,89.9800033569336,88.37999725341797,89.33999633789062,5979800
2019-08-01,68.79480743408203,68.79480743408203,89.72000122070312,88.3499984741211,89.01000213623047,8371300
2019-08-02,69.1275863647461,69.1275863647461,89.79000091552734,88.66999816894531,88.81999969482422,4794000
2019-08-05,67.76548767089844,67.76548767089844,89.1500015258789,86.44999694824219,89.0999984741211,6840000
2019-08-06,68.51618957519531,68.51618957519531,89.0199966430664,87.54000091552734,87.76000213623047,7789000
2019-08-07,69.18175506591797,69.18175506591797,89.98999786376953,87.36000061035156,88.19999694824219,8674600
2019-08-08,70.39683532714844,70.39683532714844,90.95999908447266,88.9800033569336,89.58999633789062,5766700
2019-08-09,70.31170654296875,70.31170654296875,91.1500015258789,90.0,90.80000305175781,3304800
2019-08-12,70.12596130371094,70.12596130371094,90.9800033569336,90.13999938964844,90.73999786376953,2944000
2019-08-13,70.22657012939453,70.22657012939453,91.0199966430664,90.01000213623047,90.55999755859375,4540200
2019-08-14,69.15853118896484,69.15853118896484,90.4800033569336,89.1500015258789,90.33999633789062,4645100
2019-08-15,69.84735870361328,69.84735870361328,90.44000244140625,89.38999938964844,89.48999786376953,4582900
2019-08-16,70.56710052490234,70.56710052490234,91.3499984741211,90.25,90.45999908447266,3951100
2019-08-19,71.07788848876953,71.07788848876953,92.05000305175781,91.16999816894531,91.56999969482422,3255600
2019-08-20,70.57484436035156,70.57484436035156,92.20999908447266,91.12000274658203,92.13999938964844,2556300
2019-08-21,70.86894989013672,70.86894989013672,91.76000213623047,91.08000183105469,91.44000244140625,2739400
2019-08-22,71.19397735595703,71.19397735595703,92.05999755859375,91.05000305175781,91.55999755859375,2587300
2019-08-23,70.19561767578125,70.19561767578125,92.55000305175781,90.4000015258789,91.91000366210938,5776500
2019-08-26,70.73736572265625,70.73736572265625,91.4800033569336,90.7699966430664,91.19999694824219,2736200
2019-08-27,70.53614807128906,70.53614807128906,92.12999725341797,91.06999969482422,91.9000015258789,3252300
2019-08-28,70.76831817626953,70.76831817626953,91.58000183105469,90.91000366210938,91.12999725341797,3498600
2019-08-29,71.31782531738281,71.31782531738281,92.25,91.63999938964844,91.8499984741211,2688000
2019-08-30,71.37200164794922,71.37200164794922,92.51000213623047,91.80999755859375,92.41000366210938,5678300
2019-09-03,72.08401489257812,72.08401489257812,93.23999786376953,92.0,92.19999694824219,5927900
2019-09-04,72.68770599365234,72.68770599365234,94.06999969482422,93.44000244140625,93.5999984741211,4757100
2019-09-05,72.16138458251953,72.16138458251953,94.01000213623047,93.06999969482422,94.01000213623047,6036600
2019-09-06,72.32392120361328,72.32392120361328,93.79000091552734,93.22000122070312,93.51000213623047,2986400
2019-09-09,71.97565460205078,71.97565460205078,93.45999908447266,92.75,93.44999694824219,3772100
2019-09-10,71.23269653320312,71.23269653320312,92.68000030517578,91.23999786376953,92.66000366210938,5379400
2019-09-11,71.31007385253906,71.31007385253906,92.29000091552734,91.41999816894531,91.91999816894531,3972200
2019-09-12,71.68930053710938,71.68930053710938,93.16999816894531,92.08999633789062,92.8499984741211,3486100
2019-09-13,70.923095703125,70.923095703125,92.98999786376953,91.36000061035156,92.5199966430664,6109300
2019-09-16,71.5422592163086,71.5422592163086,92.58999633789062,91.48999786376953,91.80000305175781,4688300
2019-09-17,72.31619262695312,72.31619262695312,93.4800033569336,92.61000061035156,92.8499984741211,3674800
2019-09-18,72.06853485107422,72.06853485107422,93.97000122070312,92.33999633789062,93.97000122070312,5655000
2019-09-19,72.32392120361328,72.32392120361328,93.8499984741211,93.22000122070312,93.31999969482422,2892800
2019-09-20,72.32392120361328,72.32392120361328,93.94000244140625,93.18000030517578,93.66000366210938,6900400
2019-09-23,72.44001770019531,72.44001770019531,94.0,93.2300033569336,93.26000213623047,3515200
2019-09-24,72.27932739257812,72.27932739257812,93.33000183105469,92.33999633789062,93.11000061035156,3705600
2019-09-25,72.41973114013672,72.41973114013672,93.05000305175781,92.41000366210938,92.6500015258789,7088700
2019-09-26,73.02822875976562,73.02822875976562,93.83000183105469,93.0,93.11000061035156,2984700
2019-09-27,72.62256622314453,72.62256622314453,93.91000366210938,92.44000244140625,93.80999755859375,4090300
2019-09-30,72.74736785888672,72.74736785888672,93.72000122070312,93.11000061035156,93.19000244140625,3189800
2019-10-01,72.06085968017578,72.06085968017578,93.4800033569336,92.22000122070312,93.19999694824219,5226300
2019-10-02,71.75659942626953,71.75659942626953,92.44999694824219,91.38999938964844,92.37999725341797,3384300
2019-10-03,72.45093536376953,72.45093536376953,93.12000274658203,91.75,91.93000030517578,6634500
2019-10-04,72.8878173828125,72.8878173828125,93.47000122070312,92.9800033569336,93.05000305175781,2189400
2019-10-07,72.73178100585938,72.73178100585938,93.69000244140625,92.8499984741211,93.0,3667600
2019-10-08,72.34951782226562,72.34951782226562,93.5,92.29000091552734,93.12000274658203,3108100
2019-10-09,72.48993682861328,72.48993682861328,93.66999816894531,92.80000305175781,93.66999816894531,4166000
2019-10-10,72.6069564819336,72.6069564819336,93.25,92.55000305175781,92.87999725341797,3719700
2019-10-11,72.57576751708984,72.57576751708984,93.77999877929688,92.9800033569336,93.41000366210938,3376300
2019-10-14,72.6069564819336,72.6069564819336,93.29000091552734,92.72000122070312,93.13999938964844,1877600
2019-10-15,72.70057678222656,72.70057678222656,93.29000091552734,92.55999755859375,93.1500015258789,3218500
2019-10-16,72.70838165283203,72.70838165283203,93.22000122070312,92.62000274658203,93.13999938964844,3413900
2019-10-17,73.18424987792969,73.18424987792969,93.95999908447266,93.25,93.38999938964844,3223100
2019-10-18,73.74595642089844,73.74595642089844,94.66999816894531,93.69000244140625,93.7300033569336,2492100
2019-10-21,74.30765533447266,74.30765533447266,95.29000091552734,94.41000366210938,94.6500015258789,2591900
2019-10-22,74.0892333984375,74.0892333984375,95.48999786376953,94.79000091552734,95.45999908447266,2644200
2019-10-23,74.25303649902344,74.25303649902344,95.2699966430664,94.43000030517578,95.11000061035156,3020200
2019-10-24,74.0658187866211,74.0658187866211,95.37000274658203,94.70999908447266,95.37000274658203,3148800
2019-10-25,73.43388366699219,73.43388366699219,94.98999786376953,93.94999694824219,94.87999725341797,4184600
2019-10-28,72.98921966552734,72.98921966552734,94.12999725341797,93.44999694824219,94.12999725341797,4897400
2019-10-29,73.43388366699219,73.43388366699219,94.38999938964844,93.5999984741211,93.72000122070312,5512200
2019-10-30,73.69915771484375,73.69915771484375,94.52999877929688,93.47000122070312,94.0199966430664,3861400
2019-10-31,73.56652069091797,73.56652069091797,94.76000213623047,93.94999694824219,94.66999816894531,4723500
2019-11-01,73.55091857910156,73.55091857910156,94.79000091552734,93.44999694824219,94.41000366210938,6520400
2019-11-04,73.03606414794922,73.03606414794922,94.27999877929688,93.41999816894531,94.25,3878100
2019-11-05,71.79562377929688,71.79562377929688,93.3499984741211,91.66999816894531,93.3499984741211,9141700
2019-11-06,71.95165252685547,71.95165252685547,92.66999816894531,92.0199966430664,92.22000122070312,4500400
2019-11-07,71.23392486572266,71.23392486572266,92.08000183105469,90.9800033569336,91.9800033569336,4945300
2019-11-08,71.06229400634766,71.06229400634766,91.69999694824219,90.91000366210938,91.20999908447266,7330200
2019-11-11,71.21832275390625,71.21832275390625,91.58000183105469,91.0,91.0999984741211,3525200
2019-11-12,70.68003845214844,70.68003845214844,91.87999725341797,90.5199966430664,91.31999969482422,5701600
2019-11-13,71.32754516601562,71.32754516601562,91.58999633789062,90.6500015258789,90.69999694824219,4316000
2019-11-14,71.88143920898438,71.88143920898438,92.16000366210938,91.5,91.5999984741211,5136200
2019-11-15,72.27152252197266,72.27152252197266,92.66999816894531,92.05000305175781,92.29000091552734,2785200
2019-11-18,72.62256622314453,72.62256622314453,93.5,92.70999908447266,92.7699966430664,3251900
2019-11-19,72.74736785888672,72.74736785888672,93.5199966430664,93.0,93.33999633789062,4065100
2019-11-20,72.70838165283203,72.70838165283203,93.4800033569336,92.79000091552734,93.31999969482422,5698800
2019-11-21,71.68640899658203,71.68640899658203,93.01000213623047,91.86000061035156,92.94999694824219,5002900
2019-11-22,71.42118072509766,71.42118072509766,92.12999725341797,91.05000305175781,92.05999755859375,5112000
2019-11-25,71.64738464355469,71.64738464355469,92.37000274658203,91.73999786376953,91.73999786376953,5183500
2019-11-26,72.59915924072266,72.59915924072266,93.11000061035156,91.94999694824219,92.04000091552734,4858500
2019-11-27,72.94242858886719,72.94242858886719,93.55000305175781,92.77999877929688,93.05999755859375,4121600
2019-11-29,72.6069564819336,72.6069564819336,93.8499984741211,93.02999877929688,93.5,3531100
2019-12-02,71.50696563720703,71.50696563720703,93.0199966430664,91.61000061035156,92.69999694824219,9430800
2019-12-03,71.96724700927734,71.96724700927734,92.37000274658203,91.54000091552734,91.62000274658203,4762900
2019-12-04,72.26371002197266,72.26371002197266,92.97000122070312,91.97000122070312,92.06999969482422,4129800
2019-12-05,72.30272674560547,72.30272674560547,92.72000122070312,92.16000366210938,92.61000061035156,4846800
2019-12-06,72.45093536376953,72.45093536376953,93.37000274658203,92.6500015258789,92.6500015258789,4486000
2019-12-09,72.59136199951172,72.59136199951172,93.22000122070312,92.61000061035156,93.0,3961000
2019-12-10,72.17008972167969,72.17008972167969,93.27999877929688,92.30000305175781,93.08000183105469,5227100
2019-12-11,71.436767578125,71.436767578125,92.61000061035156,91.29000091552734,92.58000183105469,5112100
2019-12-12,70.46939849853516,70.46939849853516,91.91000366210938,90.19999694824219,91.58000183105469,7923900
2019-12-13,70.48500061035156,70.48500061035156,90.80000305175781,89.68000030517578,90.37000274658203,6814200
2019-12-16,70.99209594726562,70.99209594726562,91.19999694824219,89.9800033569336,90.61000061035156,5185200
2019-12-17,70.3211898803711,70.3211898803711,91.31999969482422,89.98999786376953,91.27999877929688,9649900
2019-12-18,71.17829132080078,71.17829132080078,90.5199966430664,89.22000122070312,89.22000122070312,6340700
2019-12-19,71.80909729003906,71.80909729003906,91.12000274658203,90.12999725341797,90.2300033569336,6117400
2019-12-20,72.20333862304688,72.20333862304688,91.97000122070312,91.25,91.31999969482422,9514600
2019-12-23,71.84062957763672,71.84062957763672,92.05000305175781,91.0199966430664,92.05000305175781,5369100
2019-12-24,72.02985382080078,72.02985382080078,91.51000213623047,91.0,91.33000183105469,1962000
2019-12-26,72.34525299072266,72.34525299072266,91.7699966430664,91.29000091552734,91.41999816894531,2243900
2019-12-27,72.5739517211914,72.5739517211914,92.18000030517578,91.69999694824219,91.95999908447266,4195900
2019-12-30,72.64490509033203,72.64490509033203,92.20999908447266,91.62000274658203,91.88999938964844,3466500
2019-12-31,73.16532897949219,73.16532897949219,92.83000183105469,92.0,92.08999633789062,4649500
2020-01-02,72.30583953857422,72.30583953857422,93.23999786376953,91.0999984741211,93.19000244140625,5106600
2020-01-03,72.75530242919922,72.75530242919922,92.45999908447266,91.02999877929688,91.23999786376953,5015500
2020-01-06,72.8420181274414,72.8420181274414,92.70999908447266,91.87000274658203,92.16999816894531,4889000
2020-01-07,72.02985382080078,72.02985382080078,92.18000030517578,90.8499984741211,92.18000030517578,6529100
2020-01-08,72.25064849853516,72.25064849853516,91.80999755859375,91.05999755859375,91.38999938964844,6766100
2020-01-09,72.21121215820312,72.21121215820312,91.87000274658203,91.36000061035156,91.61000061035156,4213800
2020-01-10,72.76316833496094,72.76316833496094,92.38999938964844,91.52999877929688,91.77999877929688,5838800
2020-01-13,73.63841247558594,73.63841247558594,93.4000015258789,92.33999633789062,92.37000274658203,5552600
2020-01-14,73.36243438720703,73.36243438720703,93.3499984741211,92.5199966430664,93.30000305175781,4120700
2020-01-15,74.02478790283203,74.02478790283203,94.08000183105469,93.2699966430664,93.30999755859375,4471500
2020-01-16,74.61615753173828,74.61615753173828,94.62999725341797,93.87000274658203,94.02999877929688,4426700
2020-01-17,74.68711853027344,74.68711853027344,95.02999877929688,94.5199966430664,94.58000183105469,3581300
2020-01-21,75.39678192138672,75.39678192138672,95.69000244140625,94.58999633789062,94.83999633789062,4217400
2020-01-22,74.89213562011719,74.89213562011719,96.1500015258789,94.81999969482422,95.8499984741211,5024300
2020-01-23,75.52293395996094,75.52293395996094,95.81999969482422,94.69000244140625,95.08999633789062,4825000
2020-01-24,75.26273345947266,75.26273345947266,96.04000091552734,95.16000366210938,95.9000015258789,3518100
2020-01-27,74.90000915527344,74.90000915527344,95.30999755859375,94.7300033569336,94.95999908447266,3047000
2020-01-28,75.19964599609375,75.19964599609375,95.66999816894531,94.97000122070312,95.1500015258789,3006100
2020-01-29,74.92367553710938,74.92367553710938,95.77999877929688,94.93000030517578,95.66000366210938,3785500
2020-01-30,74.97886657714844,74.97886657714844,95.29000091552734,94.5999984741211,94.7699966430664,4142400
2020-01-31,74.064208984375,74.064208984375,95.0999984741211,93.66999816894531,95.0,6370900
2020-02-03,74.30863952636719,74.30863952636719,94.94999694824219,93.8499984741211,93.87999725341797,7508200
2020-02-04,75.07349395751953,75.07349395751953,95.5999984741211,94.31999969482422,94.58000183105469,4422900
2020-02-05,75.12079620361328,75.12079620361328,95.62999725341797,95.05000305175781,95.38999938964844,4413700
2020-02-06,75.37311553955078,75.37311553955078,95.87000274658203,95.41000366210938,95.55000305175781,3327500
2020-02-07,75.35733032226562,75.35733032226562,95.83000183105469,95.31999969482422,95.72000122070312,3176200
2020-02-10,76.20105743408203,76.20105743408203,96.66000366210938,95.83999633789062,95.94999694824219,4457000
2020-02-11,76.77666473388672,76.77666473388672,97.95999908447266,96.97000122070312,96.97000122070312,5362200
2020-02-12,77.23400115966797,77.23400115966797,98.25,97.12999725341797,97.52999877929688,6298700
2020-02-13,77.69920349121094,77.69920349121094,98.7300033569336,97.75,97.93000030517578,3683500
2020-02-14,78.50348663330078,78.50348663330078,99.58000183105469,98.63999938964844,98.7699966430664,3004800
2020-02-18,78.41676330566406,78.41676330566406,99.69000244140625,98.87999725341797,99.62000274658203,4186800
2020-02-19,77.36015319824219,77.36015319824219,99.5,98.0999984741211,99.5,4415200
2020-02-20,78.28270721435547,78.28270721435547,99.33000183105469,97.87000274658203,98.16000366210938,5556500
2020-02-21,78.5113754272461,78.5113754272461,99.72000122070312,99.02999877929688,99.2699966430664,3670800
2020-02-24,77.43901062011719,77.43901062011719,99.12999725341797,97.75,98.38999938964844,5214600
2020-02-25,75.34159851074219,75.34159851074219,98.62000274658203,95.29000091552734,98.44000244140625,7378900
2020-02-26,74.5294189453125,74.5294189453125,96.45999908447266,94.47000122070312,95.73999786376953,9407200
2020-02-27,70.563232421875,70.563232421875,93.30000305175781,89.48999786376953,93.0999984741211,11869100
2020-02-28,68.86007690429688,68.86007690429688,88.19999694824219,84.66000366210938,87.5,22471800
2020-03-02,71.80119323730469,71.80119323730469,91.06999969482422,87.16000366210938,87.6500015258789,14250500
2020-03-03,71.63560485839844,71.63560485839844,93.30999755859375,90.0999984741211,91.18000030517578,14654200
2020-03-04,74.34017944335938,74.34017944335938,94.4000015258789,92.12999725341797,92.26000213623047,10638200
2020-03-05,72.74739837646484,72.74739837646484,93.44000244140625,91.1500015258789,92.72000122070312,9803600
2020-03-06,71.49368286132812,71.49368286132812,91.01000213623047,87.79000091552734,90.23999786376953,10302700
2020-03-09,65.9820327758789,65.9820327758789,86.52999877929688,83.55999755859375,86.0,14017500
2020-03-10,68.76970672607422,68.76970672607422,86.62000274658203,81.83000183105469,85.05000305175781,11782100
2020-03-11,64.63745880126953,64.63745880126953,84.6500015258789,80.52999877929688,84.6500015258789,16447000
2020-03-12,58.08949661254883,58.08949661254883,78.52999877929688,72.5999984741211,75.9000015258789,16761500
2020-03-13,63.1594123840332,63.1594123840332,79.56999969482422,73.0199966430664,77.33000183105469,10968600
2020-03-16,51.962684631347656,51.962684631347656,74.3499984741211,65.23999786376953,71.87999725341797,11396500
2020-03-17,54.96648025512695,54.96648025512695,70.5,64.44000244140625,66.62999725341797,9100900
2020-03-18,49.737640380859375,49.737640380859375,67.44000244140625,60.5,65.04000091552734,15714500
2020-03-19,49.91246795654297,49.91246795654297,64.25,60.0,61.709999084472656,13090000
2020-03-20,47.425193786621094,47.425193786621094,65.19999694824219,59.349998474121094,63.54999923706055,18838000
2020-03-23,45.2239875793457,45.2239875793457,59.5,55.58000183105469,59.38999938964844,15558600
2020-03-24,49.292625427246094,49.292625427246094,62.2599983215332,58.779998779296875,59.61000061035156,14401600
2020-03-25,51.9467887878418,51.9467887878418,68.7699966430664,61.83000183105469,62.290000915527344,15209300
2020-03-26,55.610164642333984,55.610164642333984,70.25,65.58000183105469,65.9800033569336,14486100
2020-03-27,55.66579818725586,55.66579818725586,71.83000183105469,67.4000015258789,67.79000091552734,11521700
2020-03-30,56.881595611572266,56.881595611572266,71.83000183105469,68.44000244140625,70.76000213623047,12754300
2020-03-31,55.50687026977539,55.50687026977539,71.22000122070312,67.94999694824219,71.05999755859375,16815900
2020-04-01,51.859378814697266,51.859378814697266,66.80000305175781,63.88999938964844,66.51000213623047,12174800
2020-04-02,52.034202575683594,52.034202575683594,66.83999633789062,64.16999816894531,64.31999969482422,10916700
2020-04-03,51.27928161621094,51.27928161621094,65.87999725341797,63.27000045776367,64.98999786376953,8986700
2020-04-06,55.07773971557617,55.07773971557617,69.68000030517578,66.80999755859375,66.80999755859375,8382200
2020-04-07,55.586326599121094,55.586326599121094,73.3499984741211,69.91999816894531,71.98999786376953,7675100
2020-04-08,59.37684631347656,59.37684631347656,75.16000366210938,70.0999984741211,71.0,9628300
2020-04-09,62.70646286010742,62.70646286010742,79.98999786376953,75.9800033569336,75.9800033569336,13840900
2020-04-13,60.06818771362305,60.06818771362305,78.61000061035156,75.06999969482422,78.41000366210938,10139000
2020-04-14,61.75286865234375,61.75286865234375,78.52999877929688,77.08999633789062,77.08999633789062,9400800
2020-04-15,59.30531692504883,59.30531692504883,76.16999816894531,73.83000183105469,75.30999755859375,8568200
2020-04-16,58.629852294921875,58.629852294921875,75.20999908447266,73.27999877929688,74.7699966430664,6252800
2020-04-17,60.481407165527344,60.481407165527344,76.51000213623047,75.06999969482422,75.91999816894531,8593100
2020-04-20,58.23253631591797,58.23253631591797,74.95999908447266,73.26000213623047,74.54000091552734,6631000
2020-04-21,57.17564392089844,57.17564392089844,72.55000305175781,70.98999786376953,71.36000061035156,8620400
2020-04-22,58.04975509643555,58.04975509643555,73.66000366210938,72.44999694824219,73.05999755859375,6484200
2020-04-23,57.56502914428711,57.56502914428711,73.88999938964844,72.19000244140625,73.2699966430664,7648200
2020-04-24,57.811363220214844,57.811363220214844,73.12000274658203,71.87000274658203,72.97000122070312,6419000
2020-04-27,59.790061950683594,59.790061950683594,75.51000213623047,73.25,73.41000366210938,7669500
2020-04-28,60.282745361328125,60.282745361328125,77.80000305175781,75.80000305175781,76.68000030517578,8177900
2020-04-29,61.18866729736328,61.18866729736328,78.05000305175781,76.68000030517578,77.5,7307000
2020-04-30,60.481407165527344,60.481407165527344,76.36000061035156,74.80999755859375,75.87000274658203,8606000
2020-05-01,58.43914794921875,58.43914794921875,74.37000274658203,72.76000213623047,74.08000183105469,6013600
2020-05-04,58.1530647277832,58.1530647277832,73.23999786376953,71.56999969482422,72.66000366210938,7288000
2020-05-05,58.43914794921875,58.43914794921875,74.66000366210938,73.43000030517578,73.9000015258789,7520300
2020-05-06,57.390201568603516,57.390201568603516,74.1500015258789,72.19999694824219,73.79000091552734,6266800
2020-05-07,58.20869064331055,58.20869064331055,74.30000305175781,72.8499984741211,72.9000015258789,6727300
2020-05-08,59.591392517089844,59.591392517089844,75.23999786376953,74.06999969482422,74.22000122070312,6625600
2020-05-11,58.7252197265625,58.7252197265625,75.08000183105469,73.5,74.12999725341797,6874900
2020-05-12,56.05516815185547,56.05516815185547,74.22000122070312,70.4800033569336,74.22000122070312,11764700
2020-05-13,54.69630813598633,54.69630813598633,70.36000061035156,68.51000213623047,70.02999877929688,8358600
2020-05-14,54.887027740478516,54.887027740478516,69.06999969482422,66.2699966430664,67.87000274658203,8609800
2020-05-15,54.672454833984375,54.672454833984375,68.83999633789062,67.58000183105469,68.62999725341797,11916700
2020-05-18,57.906734466552734,57.906734466552734,73.43000030517578,71.01000213623047,71.01000213623047,8617200
2020-05-19,57.12794876098633,57.12794876098633,72.94999694824219,71.88999938964844,72.58999633789062,5804700
2020-05-20,57.63655471801758,57.63655471801758,72.83999633789062,72.01000213623047,72.79000091552734,5133700
2020-05-21,57.68421936035156,57.68421936035156,73.08999633789062,71.9000015258789,72.20999908447266,5385100
2020-05-22,58.46298599243164,58.46298599243164,73.62999725341797,72.27999877929688,72.58999633789062,4737900
2020-05-26,60.648284912109375,60.648284912109375,76.72000122070312,75.55000305175781,75.76000213623047,6001000
2020-05-27,61.856163024902344,61.856163024902344,78.2699966430664,75.97000122070312,78.0,5880500
2020-05-28,62.15019989013672,62.15019989013672,78.81999969482422,77.58000183105469,78.69000244140625,5642800
2020-05-29,61.530357360839844,61.530357360839844,78.13999938964844,76.88999938964844,77.58000183105469,8989500
2020-06-01,62.95281219482422,62.95281219482422,79.79000091552734,77.2699966430664,77.36000061035156,11218300
2020-06-02,63.461368560791016,63.461368560791016,80.0999984741211,79.02999877929688,79.80999755859375,7162100
2020-06-03,65.49571228027344,65.49571228027344,82.7699966430664,80.66999816894531,80.69000244140625,7485600
2020-06-04,64.84407806396484,64.84407806396484,82.12000274658203,80.86000061035156,82.0199966430664,5503500
2020-06-05,67.29959106445312,67.29959106445312,86.06999969482422,84.30000305175781,84.48999786376953,6158800
2020-06-08,68.9683837890625,68.9683837890625,86.80000305175781,85.66999816894531,85.81999969482422,7130500
2020-06-09,67.8240737915039,67.8240737915039,85.9000015258789,84.30000305175781,85.20999908447266,7168900
2020-06-10,66.0996322631836,66.0996322631836,85.11000061035156,82.52999877929688,85.11000061035156,6433900
2020-06-11,61.856163024902344,61.856163024902344,80.62999725341797,77.7300033569336,79.56999969482422,8611900
2020-06-12,64.07324981689453,64.07324981689453,80.91999816894531,78.44000244140625,80.55000305175781,8871700
2020-06-15,64.97915649414062,64.97915649414062,82.19000244140625,77.9800033569336,78.1500015258789,6138600
2020-06-16,66.25857543945312,66.25857543945312,84.83999633789062,82.0199966430664,84.61000061035156,5811700
2020-06-17,65.29703521728516,65.29703521728516,83.94999694824219,82.16000366210938,83.87000274658203,5041500
2020-06-18,64.58184051513672,64.58184051513672,81.72000122070312,80.81999969482422,81.19000244140625,5005900
2020-06-19,63.64415740966797,63.64415740966797,82.44999694824219,79.68000030517578,82.44999694824219,10402000
2020-06-22,63.58058166503906,63.58058166503906,80.2300033569336,78.68000030517578,79.94000244140625,3995500
2020-06-23,63.3183479309082,63.3183479309082,80.93000030517578,79.44000244140625,80.80000305175781,3958100
2020-06-24,61.51446533203125,61.51446533203125,78.87999725341797,75.66000366210938,78.68000030517578,7034900
2020-06-25,62.30012893676758,62.30012893676758,77.70999908447266,76.02999877929688,76.16999816894531,6626000
2020-06-26,61.10437774658203,61.10437774658203,77.6500015258789,76.05000305175781,77.36000061035156,7277100
2020-06-29,62.28409194946289,62.28409194946289,77.66999816894531,75.83999633789062,76.87999725341797,4687100
2020-06-30,63.02241897583008,63.02241897583008,78.91000366210938,77.37999725341797,77.87000274658203,5212200
2020-07-01,64.47499084472656,64.47499084472656,80.66000366210938,78.5999984741211,78.80000305175781,5023700
2020-07-02,64.29041290283203,64.29041290283203,81.9000015258789,79.75,81.66999816894531,4588100
2020-07-06,64.2583236694336,64.2583236694336,81.72000122070312,79.94000244140625,81.5999984741211,6174300
2020-07-07,62.982295989990234,62.982295989990234,79.48999786376953,78.37999725341797,79.12999725341797,3389200
2020-07-08,62.89402389526367,62.89402389526367,78.87999725341797,77.66000366210938,78.58999633789062,3848100
2020-07-09,62.50078201293945,62.50078201293945,78.30000305175781,76.6500015258789,78.2300033569336,3455900
2020-07-10,62.693389892578125,62.693389892578125,78.51000213623047,77.55999755859375,77.72000122070312,3809900
2020-07-13,61.9470329284668,61.9470329284668,78.8499984741211,77.0,78.4000015258789,6071800
2020-07-14,62.46866989135742,62.46866989135742,78.06999969482422,76.94000244140625,77.16000366210938,3473900
2020-07-15,63.07858657836914,63.07858657836914,79.38999938964844,78.05000305175781,79.1500015258789,3547200
2020-07-16,62.3242301940918,62.3242301940918,78.44999694824219,77.36000061035156,78.16999816894531,3605400
2020-07-17,63.134761810302734,63.134761810302734,79.0,77.47000122070312,77.91999816894531,3720500
2020-07-20,62.38040542602539,62.38040542602539,79.0,77.45999908447266,78.5999984741211,4364100
2020-07-21,62.53288269042969,62.53288269042969,78.73999786376953,77.70999908447266,78.37999725341797,3007200
2020-07-22,63.4879035949707,63.4879035949707,79.19000244140625,77.36000061035156,77.55999755859375,2682400
2020-07-23,63.22305679321289,63.22305679321289,79.41000366210938,77.80999755859375,78.94999694824219,4630900
2020-07-24,62.757572174072266,62.757572174072266,79.0,78.06999969482422,78.58999633789062,2702200
2020-07-27,63.35144805908203,63.35144805908203,79.02999877929688,77.2300033569336,78.16000366210938,4111800
2020-07-28,64.61141967773438,64.61141967773438,80.9000015258789,78.73999786376953,78.91000366210938,6613300
2020-07-29,65.86336517333984,65.86336517333984,82.06999969482422,80.81999969482422,80.95999908447266,5429600
2020-07-30,65.43803405761719,65.43803405761719,81.61000061035156,80.47000122070312,81.0,6602700
2020-07-31,65.31763458251953,65.31763458251953,81.5,80.12000274658203,81.44999694824219,9312300
2020-08-03,64.45092010498047,64.45092010498047,81.41999816894531,79.87999725341797,81.41999816894531,5629700
2020-08-04,65.41395568847656,65.41395568847656,81.70999908447266,80.12999725341797,80.16999816894531,4078000
2020-08-05,65.08492279052734,65.08492279052734,82.12000274658203,80.69999694824219,81.80000305175781,3374500
2020-08-06,65.1892318725586,65.1892318725586,81.45999908447266,80.70999908447266,80.79000091552734,3646500
2020-08-07,66.12018585205078,66.12018585205078,82.43000030517578,80.80000305175781,80.93000030517578,4447800
2020-08-10,66.22449493408203,66.22449493408203,83.0199966430664,82.16000366210938,82.63999938964844,3410000
2020-08-11,65.26949310302734,65.26949310302734,83.47000122070312,81.0199966430664,83.33000183105469,5193800
2020-08-12,65.92755889892578,65.92755889892578,82.27999877929688,81.63999938964844,81.95999908447266,2245300
2020-08-13,65.11702728271484,65.11702728271484,82.56999969482422,80.93000030517578,81.87999725341797,3585400
2020-08-14,65.12503814697266,65.12503814697266,81.91000366210938,80.83999633789062,80.93000030517578,3399300
2020-08-17,65.65470123291016,65.65470123291016,81.8499984741211,80.83000183105469,81.19999694824219,2749900
2020-08-18,65.34172058105469,65.34172058105469,81.91000366210938,80.91999816894531,81.80999755859375,3635300
2020-08-19,64.19409942626953,64.19409942626953,81.66999816894531,79.83999633789062,81.61000061035156,4376200
2020-08-20,64.80402374267578,64.80402374267578,81.2699966430664,79.37999725341797,79.5999984741211,2949900
2020-08-21,64.90835571289062,64.90835571289062,81.2300033569336,79.88999938964844,80.73999786376953,3380700
2020-08-24,65.32568359375,65.32568359375,81.43000030517578,79.91999816894531,81.0,2553700
2020-08-25,65.49422454833984,65.49422454833984,81.80000305175781,80.83000183105469,81.61000061035156,3123500
2020-08-26,64.89229583740234,64.89229583740234,81.43000030517578,80.37000274658203,81.43000030517578,3139800
2020-08-27,65.84733581542969,65.84733581542969,82.30999755859375,81.01000213623047,81.02999877929688,4006700
2020-08-28,66.28067016601562,66.28067016601562,82.58999633789062,81.33999633789062,82.18000030517578,4548700
2020-08-31,65.60655975341797,65.60655975341797,82.5,81.44000244140625,82.4800033569336,4835100
2020-09-01,65.65470123291016,65.65470123291016,81.87999725341797,80.87999725341797,81.47000122070312,3498500
2020-09-02,66.87454986572266,66.87454986572266,83.45999908447266,81.23999786376953,81.9000015258789,3136500
2020-09-03,66.07200622558594,66.07200622558594,84.04000091552734,81.69999694824219,83.30999755859375,5716500
2020-09-04,65.72693634033203,65.72693634033203,83.0999984741211,80.52999877929688,82.56999969482422,4956900
2020-09-08,64.92440795898438,64.92440795898438,81.58999633789062,80.31999969482422,81.54000091552734,3774000
2020-09-09,65.56643676757812,65.56643676757812,82.73999786376953,81.23999786376953,81.31999969482422,3158300
2020-09-10,64.7638931274414,64.7638931274414,81.9000015258789,80.62000274658203,81.79000091552734,4308700
2020-09-11,64.40275573730469,64.40275573730469,80.9800033569336,79.51000213623047,80.88999938964844,4255400
2020-09-14,65.97571563720703,65.97571563720703,82.45999908447266,80.68000030517578,80.77999877929688,3732000
2020-09-15,66.77021789550781,66.77021789550781,83.9800033569336,82.5,82.55999755859375,3017500
2020-09-16,67.12332916259766,67.12332916259766,84.48999786376953,83.29000091552734,83.69999694824219,3722400
2020-09-17,65.81520080566406,65.81520080566406,83.3499984741211,81.4800033569336,82.77999877929688,5981400
2020-09-18,64.3305435180664,64.3305435180664,81.9800033569336,80.0199966430664,81.9800033569336,5024200
2020-09-21,62.396461486816406,62.396461486816406,79.16999816894531,77.31999969482422,79.16000366210938,5297300
2020-09-22,63.14278030395508,63.14278030395508,79.31999969482422,77.83000183105469,77.98999786376953,4486400
2020-09-23,61.240806579589844,61.240806579589844,78.7300033569336,76.20999908447266,78.7300033569336,7876400
2020-09-24,61.56984329223633,61.56984329223633,77.80999755859375,75.94999694824219,76.31999969482422,6813300
2020-09-25,62.83955764770508,62.83955764770508,77.76000213623047,75.72000122070312,75.95999908447266,3503300
2020-09-28,64.12548065185547,64.12548065185547,79.66999816894531,78.69999694824219,78.79000091552734,3470900
2020-09-29,63.66452407836914,63.66452407836914,79.33000183105469,78.08000183105469,79.27999877929688,3662900
2020-09-30,63.858612060546875,63.858612060546875,79.87999725341797,78.1500015258789,79.12000274658203,4507100
2020-10-01,65.13640594482422,65.13640594482422,80.61000061035156,78.93000030517578,79.27999877929688,6406300
2020-10-02,66.26057434082031,66.26057434082031,82.19000244140625,79.16999816894531,79.45999908447266,3346700
2020-10-05,66.64067840576172,66.64067840576172,82.66000366210938,80.83000183105469,82.2300033569336,2654800
2020-10-06,66.2039566040039,66.2039566040039,83.06999969482422,81.54000091552734,82.61000061035156,5830300
2020-10-07,66.301025390625,66.301025390625,82.4000015258789,81.5999984741211,82.37000274658203,2362400
2020-10-08,67.40899658203125,67.40899658203125,83.58000183105469,82.27999877929688,82.41999816894531,2269000
2020-10-09,67.1421127319336,67.1421127319336,83.87999725341797,82.7300033569336,83.86000061035156,6556200
2020-10-12,67.45751190185547,67.45751190185547,83.63999938964844,82.55000305175781,83.12000274658203,5655800
2020-10-13,66.301025390625,66.301025390625,83.12000274658203,81.5,83.06999969482422,4406300
2020-10-14,65.49224853515625,65.49224853515625,82.0999984741211,80.86000061035156,81.9000015258789,4651400
2020-10-15,65.83194732666016,65.83194732666016,82.05999755859375,80.33000183105469,80.3499984741211,2915400
2020-10-16,65.36288452148438,65.36288452148438,81.43000030517578,80.66999816894531,81.41000366210938,2925400
2020-10-19,64.34382629394531,64.34382629394531,81.19999694824219,79.44000244140625,81.02999877929688,9873000
2020-10-20,64.80484008789062,64.80484008789062,80.73999786376953,79.93000030517578,80.08999633789062,4038600
2020-10-21,64.61073303222656,64.61073303222656,80.2699966430664,79.51000213623047,79.91000366210938,2685900
2020-10-22,64.60264587402344,64.60264587402344,80.22000122070312,79.52999877929688,79.87999725341797,3828900
2020-10-23,64.99083709716797,64.99083709716797,80.66999816894531,79.69000244140625,80.18000030517578,2588700
2020-10-26,64.060791015625,64.060791015625,79.86000061035156,78.51000213623047,79.73999786376953,2691200
2020-10-27,63.033695220947266,63.033695220947266,79.7300033569336,77.94000244140625,79.30000305175781,2264100
2020-10-28,61.52939987182617,61.52939987182617,77.43000030517578,75.79000091552734,76.68000030517578,4422000
2020-10-29,62.35432434082031,62.35432434082031,77.68000030517578,75.45999908447266,76.19999694824219,4645500
2020-10-30,61.94186782836914,61.94186782836914,77.22000122070312,75.68000030517578,76.66000366210938,3978900
2020-11-02,63.42188262939453,63.42188262939453,78.45999908447266,76.87999725341797,77.4000015258789,4254500
2020-11-03,64.64308166503906,64.64308166503906,80.4000015258789,78.91999816894531,79.19999694824219,4214600
2020-11-04,64.75629425048828,64.75629425048828,81.29000091552734,79.44000244140625,80.5,2867500
2020-11-05,65.06361389160156,65.06361389160156,81.20999908447266,80.12000274658203,80.69000244140625,3984900
2020-11-06,64.61882781982422,64.61882781982422,81.11000061035156,79.5999984741211,80.69000244140625,3696600
2020-11-09,66.90758514404297,66.90758514404297,88.29000091552734,82.55999755859375,84.52999877929688,8999300
2020-11-10,67.88616180419922,67.88616180419922,84.0199966430664,82.38999938964844,82.8499984741211,6146100
2020-11-11,68.14495086669922,68.14495086669922,84.6500015258789,83.44000244140625,84.27999877929688,3416100
2020-11-12,67.2553482055664,67.2553482055664,84.2300033569336,82.58999633789062,83.87999725341797,3939500
2020-11-13,69.05074310302734,69.05074310302734,85.56999969482422,83.66000366210938,83.66000366210938,3443000
2020-11-16,69.8271255493164,69.8271255493164,87.44000244140625,85.31999969482422,87.16999816894531,2978300
2020-11-17,69.891845703125,69.891845703125,86.76000213623047,85.11000061035156,85.69999694824219,3856900
2020-11-18,68.53314971923828,68.53314971923828,87.08000183105469,84.68000030517578,86.58999633789062,9655500
2020-11-19,68.800048828125,68.800048828125,85.16999816894531,83.7300033569336,84.62000274658203,4225400
2020-11-20,68.42800903320312,68.42800903320312,85.1500015258789,84.2300033569336,85.02999877929688,3136400
2020-11-23,68.55741882324219,68.55741882324219,85.7699966430664,84.62999725341797,85.19000244140625,4520000
2020-11-24,68.92133331298828,68.92133331298828,86.41000366210938,85.12000274658203,85.70999908447266,4805500
2020-11-25,68.96178436279297,68.96178436279297,85.41000366210938,83.02999877929688,85.29000091552734,5792800
2020-11-27,68.65445709228516,68.65445709228516,85.55000305175781,84.54000091552734,85.5199966430664,2063900
2020-11-30,67.93467712402344,67.93467712402344,84.8499984741211,83.7300033569336,84.77999877929688,6413600
2020-12-01,68.8081283569336,68.8081283569336,85.43000030517578,84.69999694824219,84.95999908447266,6489100
2020-12-02,68.26627349853516,68.26627349853516,85.38999938964844,84.33999633789062,84.88999938964844,3738500
2020-12-03,68.8404769897461,68.8404769897461,85.55000305175781,84.47000122070312,84.5999984741211,3386300
2020-12-04,69.891845703125,69.891845703125,86.44000244140625,85.48999786376953,85.48999786376953,3053200
2020-12-07,69.2852783203125,69.2852783203125,86.48999786376953,85.3499984741211,86.20999908447266,2620500
2020-12-08,69.04267883300781,69.04267883300781,85.81999969482422,85.25,85.29000091552734,2648100
2020-12-09,68.61402130126953,68.61402130126953,85.6500015258789,84.27999877929688,85.55000305175781,5024000
2020-12-10,68.31477355957031,68.31477355957031,85.0199966430664,84.16000366210938,84.37999725341797,3737900
2020-12-11,68.2500991821289,68.2500991821289,84.56999969482422,83.56999969482422,84.05999755859375,4044400
2020-12-14,67.95085906982422,67.95085906982422,85.68000030517578,83.95999908447266,85.08000183105469,3735200
2020-12-15,69.34191131591797,69.34191131591797,85.76000213623047,83.8499984741211,84.5,2867700
2020-12-16,69.42276763916016,69.42276763916016,86.45999908447266,85.41000366210938,85.98999786376953,3419900
2020-12-17,70.09403991699219,70.09403991699219,86.75,85.91999816894531,86.26000213623047,3341400
2020-12-18,68.68681335449219,68.68681335449219,86.7699966430664,84.4000015258789,86.76000213623047,3988500
2020-12-21,68.29861450195312,68.29861450195312,84.51000213623047,83.3499984741211,83.69999694824219,4993600
2020-12-22,68.7757797241211,68.7757797241211,85.12000274658203,84.11000061035156,84.5,2828900
2020-12-23,68.33094787597656,68.33094787597656,85.93000030517578,84.41999816894531,85.37000274658203,3659000
2020-12-24,68.92920684814453,68.92920684814453,83.9000015258789,83.2300033569336,83.4800033569336,1563600
2020-12-28,69.34008026123047,69.34008026123047,84.51000213623047,83.80000305175781,84.29000091552734,5655100
2020-12-29,68.74842071533203,68.74842071533203,85.13999938964844,83.56999969482422,84.69000244140625,3880100
2020-12-30,69.12642669677734,69.12642669677734,84.77999877929688,83.70999908447266,83.87000274658203,3995900
2020-12-31,69.79204559326172,69.79204559326172,85.05000305175781,83.4000015258789,84.08999633789062,4827300
2021-01-04,67.52399444580078,67.52399444580078,85.27999877929688,82.06999969482422,85.19999694824219,5311500
2021-01-05,67.62260437011719,67.62260437011719,82.87000274658203,82.12999725341797,82.16999816894531,4932600
2021-01-06,67.73766326904297,67.73766326904297,82.97000122070312,81.7300033569336,82.26000213623047,6520100
2021-01-07,67.6061782836914,67.6061782836914,82.54000091552734,81.75,82.5,4068400
2021-01-08,68.2635726928711,68.2635726928711,83.36000061035156,82.38999938964844,82.52999877929688,4931600
2021-01-11,67.3596420288086,67.3596420288086,83.0199966430664,81.68000030517578,82.52999877929688,6565100
2021-01-12,67.51579284667969,67.51579284667969,82.2300033569336,81.2300033569336,81.86000061035156,7857300
2021-01-13,68.33753967285156,68.33753967285156,83.33000183105469,82.20999908447266,82.22000122070312,9024900
2021-01-14,68.7402114868164,68.7402114868164,84.22000122070312,83.12999725341797,83.44000244140625,5866400
2021-01-15,69.52909851074219,69.52909851074219,84.87000274658203,83.18000030517578,83.45999908447266,3939700
2021-01-19,69.33186340332031,69.33186340332031,85.18000030517578,83.98999786376953,85.13999938964844,5521200
2021-01-20,70.6549072265625,70.6549072265625,86.37000274658203,84.12999725341797,84.44000244140625,5198300
2021-01-21,70.3179702758789,70.3179702758789,85.73999786376953,84.83000183105469,85.7300033569336,4213200
2021-01-22,70.48233032226562,70.48233032226562,85.91000366210938,84.91999816894531,85.12999725341797,5272700
2021-01-25,71.01646423339844,71.01646423339844,87.08000183105469,85.26000213623047,85.73999786376953,7819700
2021-01-26,71.51776123046875,71.51776123046875,87.30999755859375,86.45999908447266,86.61000061035156,4706300
2021-01-27,70.25225830078125,70.25225830078125,87.18000030517578,85.06999969482422,86.37999725341797,5907600
2021-01-28,70.6302261352539,70.6302261352539,86.91000366210938,85.2300033569336,85.51000213623047,6237000
2021-01-29,69.81670379638672,69.81670379638672,86.33000183105469,84.51000213623047,85.47000122070312,7349800
2021-02-01,71.41093444824219,71.41093444824219,86.95999908447266,84.41999816894531,85.4800033569336,6149000
2021-02-02,71.8382339477539,71.8382339477539,87.73999786376953,86.68000030517578,87.45999908447266,3849800
2021-02-03,71.65743255615234,71.65743255615234,87.4800033569336,86.0,87.47000122070312,5148700
2021-02-04,72.15052032470703,72.15052032470703,88.29000091552734,87.0999984741211,87.22000122070312,4118200
2021-02-05,72.40524291992188,72.40524291992188,88.27999877929688,87.80999755859375,88.16999816894531,2583900
2021-02-08,72.79969787597656,72.79969787597656,88.58999633789062,87.79000091552734,88.43000030517578,3212700
2021-02-09,73.05442810058594,73.05442810058594,89.12999725341797,88.38999938964844,88.75,2518800
2021-02-10,73.44888305664062,73.44888305664062,90.0999984741211,88.98999786376953,89.36000061035156,3421400
2021-02-11,73.60502624511719,73.60502624511719,90.08999633789062,89.05000305175781,89.54000091552734,3717000
2021-02-12,73.62144470214844,73.62144470214844,89.68000030517578,88.91000366210938,89.33999633789062,2297400
2021-02-16,73.05442810058594,73.05442810058594,89.97000122070312,88.41000366210938,89.91999816894531,2774500
2021-02-17,72.96403503417969,72.96403503417969,88.93000030517578,88.25,88.69999694824219,2939000
2021-02-18,72.65177154541016,72.65177154541016,88.79000091552734,88.26000213623047,88.47000122070312,3254600
2021-02-19,73.07088470458984,73.07088470458984,89.44999694824219,88.48999786376953,88.7300033569336,4170700
2021-02-22,73.67900085449219,73.67900085449219,90.05000305175781,88.51000213623047,88.69999694824219,3493000
2021-02-23,74.13916778564453,74.13916778564453,90.47000122070312,89.6500015258789,89.87999725341797,4378300
2021-02-24,74.7061767578125,74.7061767578125,91.19000244140625,90.01000213623047,90.2300033569336,3551200
2021-02-25,73.27629852294922,73.27629852294922,91.44999694824219,88.55999755859375,90.80000305175781,7548800
2021-02-26,72.20803833007812,72.20803833007812,89.5199966430664,87.7699966430664,89.51000213623047,6519800
2021-03-01,72.52851104736328,72.52851104736328,89.66999816894531,88.16000366210938,88.87000274658203,4834000
2021-03-02,71.83002471923828,71.83002471923828,88.29000091552734,86.83000183105469,88.29000091552734,4715600
2021-03-03,71.41915130615234,71.41915130615234,87.7300033569336,86.7300033569336,87.37000274658203,6231400
2021-03-04,70.60558319091797,70.60558319091797,87.55000305175781,84.87999725341797,87.08000183105469,6869500
2021-03-05,71.37805938720703,71.37805938720703,87.16000366210938,84.44999694824219,86.58000183105469,7166100
2021-03-08,71.99437713623047,71.99437713623047,88.52999877929688,86.58999633789062,87.2300033569336,4823000
2021-03-09,72.47099304199219,72.47099304199219,88.87000274658203,88.06999969482422,88.12999725341797,3873600
2021-03-10,73.19412994384766,73.19412994384766,89.62999725341797,88.1500015258789,88.41999816894531,3429700
2021-03-11,74.04877471923828,74.04877471923828,90.62999725341797,89.1500015258789,89.69999694824219,3830000
2021-03-12,75.28961944580078,75.28961944580078,91.66000366210938,90.02999877929688,90.06999969482422,3262800
2021-03-15,76.40724182128906,76.40724182128906,93.19999694824219,91.36000061035156,91.83000183105469,6026400
2021-03-16,76.09495544433594,76.09495544433594,93.19999694824219,92.19999694824219,92.98999786376953,3122500
2021-03-17,76.16069793701172,76.16069793701172,92.72000122070312,91.56999969482422,92.43000030517578,3663100
2021-03-18,75.38822937011719,75.38822937011719,92.4000015258789,91.43000030517578,92.30999755859375,3496000
2021-03-19,74.36105346679688,74.36105346679688,92.12000274658203,90.41000366210938,91.87999725341797,4429400
2021-03-22,74.886962890625,74.886962890625,91.3499984741211,90.19999694824219,90.5,2677000
2021-03-23,74.7801284790039,74.7801284790039,91.70999908447266,90.48999786376953,91.0999984741211,2966400
2021-03-24,74.36105346679688,74.36105346679688,91.77999877929688,90.48999786376953,91.05000305175781,4144500
2021-03-25,75.1181640625,75.1181640625,91.08999633789062,88.83000183105469,89.83000183105469,4218800
2021-03-26,76.73823547363281,76.73823547363281,92.88999938964844,91.16000366210938,91.31999969482422,3864600
2021-03-29,76.29190063476562,76.29190063476562,92.94000244140625,91.48999786376953,92.63999938964844,5116600
2021-03-30,76.39106750488281,76.39106750488281,92.68000030517578,92.04000091552734,92.16000366210938,5822100
2021-03-31,75.92821502685547,75.92821502685547,92.87999725341797,91.48999786376953,92.41999816894531,4430400
2021-04-01,77.30855560302734,77.30855560302734,93.58000183105469,92.0,92.33999633789062,5461200
2021-04-05,77.60611724853516,77.60611724853516,94.16000366210938,92.9800033569336,94.16000366210938,4239900
2021-04-06,77.80450439453125,77.80450439453125,94.13999938964844,93.48999786376953,93.94999694824219,5111600
2021-04-07,77.86235809326172,77.86235809326172,94.5,93.37999725341797,94.1500015258789,3038500
2021-04-08,77.57306671142578,77.57306671142578,94.58000183105469,93.76000213623047,94.2300033569336,5034300
2021-04-09,77.48214721679688,77.48214721679688,94.12000274658203,93.5199966430664,94.0,5371000
2021-04-12,77.93675994873047,77.93675994873047,94.29000091552734,93.13999938964844,93.93000030517578,2828200
2021-04-13,78.32524108886719,78.32524108886719,94.87999725341797,94.02999877929688,94.1500015258789,3975300
2021-04-14,77.91194152832031,77.91194152832031,95.33999633789062,94.12999725341797,94.8499984741211,4569100
2021-04-15,79.27579498291016,79.27579498291016,95.91000366210938,94.63999938964844,94.83999633789062,6497000
2021-04-16,79.44937133789062,79.44937133789062,96.4000015258789,95.80000305175781,96.26000213623047,3754200
2021-04-19,79.60640716552734,79.60640716552734,96.30999755859375,95.51000213623047,96.16999816894531,2882900
2021-04-20,80.25940704345703,80.25940704345703,97.27999877929688,96.12000274658203,96.16000366210938,4968700
2021-04-21,80.78839111328125,80.78839111328125,97.91000366210938,96.87000274658203,97.22000122070312,4407000
2021-04-22,80.3503189086914,80.3503189086914,98.12999725341797,96.98999786376953,97.7300033569336,3207200
2021-04-23,80.82144165039062,80.82144165039062,97.9800033569336,97.13999938964844,97.43000030517578,5225600
2021-04-26,81.06116485595703,81.06116485595703,98.6500015258789,97.83999633789062,98.0999984741211,5404600
2021-04-27,81.05289459228516,81.05289459228516,98.4000015258789,97.80999755859375,98.36000061035156,3091100
2021-04-28,80.87931823730469,80.87931823730469,98.44000244140625,97.80000305175781,98.30999755859375,3509200
2021-04-29,81.57363891601562,81.57363891601562,99.12999725341797,98.02999877929688,98.5,3319100
2021-04-30,81.89601135253906,81.89601135253906,99.30000305175781,98.20999908447266,98.38999938964844,4371300
2021-05-03,81.73893737792969,81.73893737792969,99.55999755859375,98.66999816894531,99.55999755859375,6844100
2021-05-04,81.20995330810547,81.20995330810547,99.2300033569336,97.69000244140625,98.43000030517578,6449000
2021-05-05,79.86265563964844,79.86265563964844,98.08000183105469,96.2300033569336,98.08000183105469,4580300
2021-05-06,80.30897521972656,80.30897521972656,97.23999786376953,96.26000213623047,96.69000244140625,5649700
2021-05-07,81.36700439453125,81.36700439453125,98.5,97.06999969482422,97.2300033569336,5884900
2021-05-10,81.34221649169922,81.34221649169922,99.56999969482422,98.4000015258789,98.80000305175781,3436700
2021-05-11,80.31725311279297,80.31725311279297,97.56999969482422,96.36000061035156,97.56999969482422,4036900
2021-05-12,78.28389739990234,78.28389739990234,97.12999725341797,94.63999938964844,96.94000244140625,4601200
2021-05-13,79.30059814453125,79.30059814453125,96.62000274658203,94.94000244140625,95.0,5118900
2021-05-14,80.24285888671875,80.24285888671875,97.41999816894531,96.30999755859375,96.44999694824219,3936600
2021-05-17,80.3255386352539,80.3255386352539,97.38999938964844,96.69000244140625,97.04000091552734,3320200
2021-05-18,80.34207153320312,80.34207153320312,97.83000183105469,96.5999984741211,97.19999694824219,3359800
2021-05-19,80.08582305908203,80.08582305908203,96.88999938964844,95.45999908447266,96.44999694824219,3602500
2021-05-20,80.98677825927734,80.98677825927734,98.29000091552734,96.63999938964844,96.91000366210938,2466500
2021-05-21,80.90412902832031,80.90412902832031,98.41000366210938,97.6500015258789,98.22000122070312,3020000
2021-05-24,81.91252136230469,81.91252136230469,99.47000122070312,98.2300033569336,98.31999969482422,3491500
2021-05-25,81.88774108886719,81.88774108886719,99.5,98.66999816894531,99.27999877929688,4243300
2021-05-26,82.25141143798828,82.25141143798828,100.06999969482422,99.05000305175781,99.25,4518100
2021-05-27,82.06130981445312,82.06130981445312,99.83000183105469,99.16000366210938,99.81999969482422,4362900
2021-05-28,82.5572509765625,82.5572509765625,100.16999816894531,99.55999755859375,99.86000061035156,3409400
2021-06-01,84.04505920410156,84.04505920410156,101.69000244140625,100.01000213623047,100.37000274658203,4385000
2021-06-02,85.02867126464844,85.02867126464844,102.9800033569336,101.61000061035156,102.05999755859375,4446100
2021-06-03,84.71459197998047,84.71459197998047,102.75,102.01000213623047,102.75,4187600
2021-06-04,84.75592041015625,84.75592041015625,103.0,102.08000183105469,103.0,3121200
2021-06-07,85.75606536865234,85.75606536865234,104.19999694824219,102.70999908447266,102.73999786376953,4773100
2021-06-08,86.46690368652344,86.46690368652344,104.88999938964844,103.88999938964844,104.01000213623047,3935800
2021-06-09,86.58260345458984,86.58260345458984,105.20999908447266,104.69999694824219,104.91000366210938,3243000
2021-06-10,87.20254516601562,87.20254516601562,105.7699966430664,104.54000091552734,104.8499984741211,4010100
2021-06-11,86.85538482666016,86.85538482666016,105.62999725341797,104.55999755859375,105.5199966430664,3274100
2021-06-14,87.19427490234375,87.19427490234375,105.48999786376953,104.91000366210938,105.08999633789062,3531700
2021-06-15,86.26026916503906,86.26026916503906,105.48999786376953,104.36000061035156,105.4000015258789,4099600
2021-06-16,85.69820404052734,85.69820404052734,105.05000305175781,103.48999786376953,104.58000183105469,4498600
2021-06-17,85.59074401855469,85.59074401855469,103.69999694824219,102.86000061035156,103.41000366210938,5055100
2021-06-18,84.13599395751953,84.13599395751953,103.47000122070312,101.79000091552734,103.0199966430664,5358000
2021-06-21,85.87178039550781,85.87178039550781,104.20999908447266,101.80000305175781,102.30999755859375,3672900
2021-06-22,85.42543029785156,85.42543029785156,104.01000213623047,103.27999877929688,103.88999938964844,3088200
2021-06-23,85.27664184570312,85.27664184570312,103.75,103.08000183105469,103.3499984741211,3682900
2021-06-24,85.09266662597656,85.09266662597656,102.81999969482422,101.66000366210938,102.81999969482422,3229000
2021-06-25,85.66707611083984,85.66707611083984,103.01000213623047,102.08000183105469,102.25,2739100
2021-06-28,85.4173355102539,85.4173355102539,103.1500015258789,101.69000244140625,103.08999633789062,3940700
2021-06-29,85.18424987792969,85.18424987792969,103.19999694824219,102.26000213623047,102.7699966430664,3777300
2021-06-30,84.73473358154297,84.73473358154297,102.9000015258789,101.68000030517578,102.33999633789062,6640100
2021-07-01,85.10101318359375,85.10101318359375,103.0199966430664,101.51000213623047,102.02999877929688,6491100
2021-07-02,85.35906982421875,85.35906982421875,103.04000091552734,102.16999816894531,102.62999725341797,4451800
2021-07-06,85.98340606689453,85.98340606689453,103.47000122070312,101.79000091552734,102.51000213623047,4478800
2021-07-07,86.2830810546875,86.2830810546875,103.98999786376953,102.80000305175781,103.12999725341797,5085500
2021-07-08,86.04166412353516,86.04166412353516,103.7699966430664,102.51000213623047,102.7300033569336,6426800
2021-07-09,87.45682525634766,87.45682525634766,105.06999969482422,103.62999725341797,103.9000015258789,5780200
2021-07-12,88.2060317993164,88.2060317993164,106.05000305175781,104.77999877929688,105.0,5627600
2021-07-13,86.97400665283203,86.97400665283203,105.77999877929688,104.08000183105469,105.69000244140625,5474100
2021-07-14,87.58170318603516,87.58170318603516,105.5199966430664,104.25,104.48999786376953,3397400
2021-07-15,87.72319793701172,87.72319793701172,105.5,104.91999816894531,105.0,2990100
2021-07-16,87.6649398803711,87.6649398803711,106.19999694824219,105.23999786376953,105.76000213623047,6435400
2021-07-19,86.066650390625,86.066650390625,104.33000183105469,102.58999633789062,104.11000061035156,5097800
2021-07-20,88.09781646728516,88.09781646728516,106.23999786376953,103.80000305175781,103.94999694824219,4999700
2021-07-21,88.0895004272461,88.0895004272461,106.5199966430664,105.66000366210938,106.0199966430664,4329100
2021-07-22,87.3902359008789,87.3902359008789,105.33999633789062,104.44000244140625,105.33000183105469,3932400
2021-07-23,88.11445617675781,88.11445617675781,105.97000122070312,104.9800033569336,105.3499984741211,4128200
2021-07-26,88.15608978271484,88.15608978271484,106.16999816894531,105.12999725341797,105.75,2857700
2021-07-27,88.65554809570312,88.65554809570312,106.66999816894531,105.41000366210938,105.83999633789062,3096100
2021-07-28,88.34754180908203,88.34754180908203,106.80000305175781,105.80000305175781,106.58999633789062,3577300
2021-07-29,88.36420440673828,88.36420440673828,107.18000030517578,106.05000305175781,106.51000213623047,3357700
2021-07-30,88.48075103759766,88.48075103759766,107.72000122070312,106.23999786376953,106.36000061035156,4325800
2021-08-02,88.28926849365234,88.28926849365234,107.66000366210938,105.8499984741211,106.87000274658203,4089800
2021-08-03,88.39750671386719,88.39750671386719,106.41999816894531,105.43000030517578,106.26000213623047,5178600
2021-08-04,88.12278747558594,88.12278747558594,106.58999633789062,105.45999908447266,106.16999816894531,4038300
2021-08-05,89.15501403808594,89.15501403808594,107.12000274658203,106.16999816894531,106.44000244140625,3294800
2021-08-06,88.9968490600586,88.9968490600586,107.6500015258789,106.75,107.26000213623047,2753600
2021-08-09,88.5223617553711,88.5223617553711,106.76000213623047,106.1500015258789,106.72000122070312,2727800
2021-08-10,87.68159484863281,87.68159484863281,106.5,105.19000244140625,106.48999786376953,3771000
2021-08-11,88.19769287109375,88.19769287109375,106.08999633789062,105.27999877929688,105.76000213623047,3256700
2021-08-12,88.38916778564453,88.38916778564453,106.23999786376953,105.69000244140625,106.19000244140625,2891900
2021-08-13,88.87197875976562,88.87197875976562,106.87999725341797,106.05000305175781,106.4000015258789,2601600
2021-08-16,88.7637710571289,88.7637710571289,107.22000122070312,106.37000274658203,106.66000366210938,3166800
2021-08-17,88.67219543457031,88.67219543457031,106.55999755859375,105.5999984741211,106.18000030517578,3004300
2021-08-18,87.86474609375,87.86474609375,106.36000061035156,105.4800033569336,106.30000305175781,3439200
2021-08-19,88.28926849365234,88.28926849365234,106.1500015258789,104.8499984741211,105.0199966430664,4069500
2021-08-20,88.73046875,88.73046875,107.02999877929688,105.22000122070312,105.81999969482422,3238900
2021-08-23,88.56399536132812,88.56399536132812,107.0199966430664,106.08999633789062,106.80000305175781,3230600
2021-08-24,88.17274475097656,88.17274475097656,106.62000274658203,105.45999908447266,106.52999877929688,2867100
2021-08-25,88.11445617675781,88.11445617675781,106.5199966430664,105.43000030517578,105.9000015258789,3329400
2021-08-26,88.14777374267578,88.14777374267578,106.2300033569336,105.45999908447266,105.94999694824219,2889400
2021-08-27,89.07178497314453,89.07178497314453,107.33000183105469,106.16000366210938,106.2699966430664,3059300
2021-08-30,89.96249389648438,89.96249389648438,108.08000183105469,106.77999877929688,107.05000305175781,3600600
2021-08-31,90.38703918457031,90.38703918457031,108.70999908447266,107.54000091552734,107.73999786376953,4210100
2021-09-01,91.83548736572266,91.83548736572266,110.4000015258789,108.80000305175781,108.83999633789062,5683100
2021-09-02,92.31832122802734,92.31832122802734,110.91000366210938,109.6500015258789,110.54000091552734,5207100
2021-09-03,92.33496856689453,92.33496856689453,111.05999755859375,109.69999694824219,110.62999725341797,4460700
2021-09-07,91.29439544677734,91.29439544677734,110.73999786376953,108.81999969482422,110.6500015258789,4929300
2021-09-08,91.75225830078125,91.75225830078125,110.55000305175781,109.12999725341797,109.4000015258789,4265700
2021-09-09,89.88756561279297,89.88756561279297,109.73999786376953,107.94999694824219,109.62000274658203,6221300
2021-09-10,88.57230377197266,88.57230377197266,108.25,106.37999725341797,108.06999969482422,5894700
2021-09-13,89.17166137695312,89.17166137695312,108.01000213623047,106.81999969482422,107.33000183105469,5725300
2021-09-14,89.01349639892578,89.01349639892578,107.7300033569336,106.30999755859375,107.69000244140625,3848200
2021-09-15,89.2965316772461,89.2965316772461,107.73999786376953,106.48999786376953,107.05999755859375,4027400
2021-09-16,89.37145233154297,89.37145233154297,107.87000274658203,106.56999969482422,107.18000030517578,3405200
2021-09-17,88.57230377197266,88.57230377197266,107.66000366210938,106.19000244140625,107.12999725341797,6964300
2021-09-20,88.03121948242188,88.03121948242188,106.36000061035156,104.48999786376953,105.22000122070312,6207000
2021-09-21,88.07284545898438,88.07284545898438,107.05999755859375,105.7699966430664,106.29000091552734,4371800
2021-09-22,88.93025970458984,88.93025970458984,107.4800033569336,106.0999984741211,106.56999969482422,4650400
2021-09-23,88.75545501708984,88.75545501708984,107.51000213623047,106.5199966430664,107.13999938964844,4042800
2021-09-24,87.80643463134766,87.80643463134766,106.0999984741211,104.58999633789062,105.68000030517578,4881000
2021-09-27,86.62540435791016,86.62540435791016,105.58000183105469,103.31999969482422,104.87000274658203,4311000
2021-09-28,86.03907775878906,86.03907775878906,103.29000091552734,102.08999633789062,102.83000183105469,7096500
2021-09-29,86.68402862548828,86.68402862548828,103.98999786376953,103.0999984741211,103.30000305175781,6227000
2021-09-30,85.25171661376953,85.25171661376953,103.94999694824219,101.77999877929688,103.83999633789062,7019300
2021-10-01,86.45789337158203,86.45789337158203,103.93000030517578,101.83999633789062,102.44000244140625,6106100
2021-10-04,86.47463989257812,86.47463989257812,103.69000244140625,102.5999984741211,103.0999984741211,5638600
2021-10-05,85.87992858886719,85.87992858886719,103.4000015258789,102.16999816894531,103.31999969482422,4313800
2021-10-06,86.7007827758789,86.7007827758789,103.63999938964844,101.0,102.11000061035156,5587900
2021-10-07,86.93533325195312,86.93533325195312,105.0199966430664,103.66000366210938,104.06999969482422,4055300
2021-10-08,86.11446380615234,86.11446380615234,103.91000366210938,102.7300033569336,103.77999877929688,5295400
2021-10-11,86.3322525024414,86.3322525024414,103.5199966430664,102.33999633789062,102.83000183105469,2634200
2021-10-12,87.4630126953125,87.4630126953125,104.86000061035156,103.04000091552734,103.31999969482422,3666500
2021-10-13,88.099609375,88.099609375,105.22000122070312,103.62999725341797,104.29000091552734,3371000
2021-10-14,89.17173767089844,89.17173767089844,106.55999755859375,105.5199966430664,105.79000091552734,2721900
2021-10-15,89.1047134399414,89.1047134399414,107.4000015258789,105.91000366210938,107.30999755859375,3065400
2021-10-18,89.33088684082031,89.33088684082031,107.0,105.77999877929688,105.94000244140625,3424100
2021-10-19,89.37275695800781,89.37275695800781,107.31999969482422,106.61000061035156,107.11000061035156,3104500
2021-10-20,90.7799301147461,90.7799301147461,108.37999725341797,106.77999877929688,106.8499984741211,6018900
2021-10-21,90.90557861328125,90.90557861328125,108.58000183105469,108.08000183105469,108.31999969482422,4849600
2021-10-22,91.33275604248047,91.33275604248047,109.41000366210938,108.56999969482422,108.66999816894531,4873000
2021-10-25,91.62592315673828,91.62592315673828,109.66999816894531,108.4000015258789,109.19999694824219,2625200
2021-10-26,91.877197265625,91.877197265625,110.05999755859375,109.3499984741211,109.5999984741211,2940600
2021-10-27,91.09823608398438,91.09823608398438,110.0999984741211,108.75,110.0999984741211,3573000
2021-10-28,92.37138366699219,92.37138366699219,110.30000305175781,108.77999877929688,108.86000061035156,3681000
2021-10-29,91.33275604248047,91.33275604248047,110.2300033569336,108.55000305175781,109.80000305175781,5990500
2021-11-01,91.78507232666016,91.78507232666016,109.80000305175781,107.79000091552734,109.30000305175781,5846500
2021-11-02,92.22062683105469,92.22062683105469,110.5199966430664,109.23999786376953,109.94000244140625,3405900
2021-11-03,92.5305404663086,92.5305404663086,110.7699966430664,109.61000061035156,110.16999816894531,2723200
2021-11-04,91.65105438232422,91.65105438232422,110.91000366210938,108.97000122070312,110.51000213623047,3378800
2021-11-05,92.12010955810547,92.12010955810547,111.2699966430664,109.87999725341797,110.41000366210938,3209300
2021-11-08,92.04473114013672,92.04473114013672,110.58000183105469,109.19000244140625,110.37000274658203,2989800
2021-11-09,92.20387268066406,92.20387268066406,110.31999969482422,109.76000213623047,110.01000213623047,2671500
2021-11-10,91.77667999267578,91.77667999267578,110.44999694824219,109.52999877929688,109.75,4021900
2021-11-11,91.92745208740234,91.92745208740234,109.7699966430664,109.0,109.73999786376953,2395200
2021-11-12,91.8604507446289,91.8604507446289,110.08000183105469,109.36000061035156,110.05000305175781,3194300
2021-11-15,92.50540924072266,92.50540924072266,110.47000122070312,109.44999694824219,109.8499984741211,2713500
2021-11-16,91.8939437866211,91.8939437866211,110.58999633789062,109.45999908447266,110.51000213623047,3043900
2021-11-17,92.17874908447266,92.17874908447266,110.19999694824219,107.97000122070312,109.43000030517578,4667900
2021-11-18,92.19550323486328,92.19550323486328,110.26000213623047,109.58000183105469,110.19999694824219,2812800
2021-11-19,91.65105438232422,91.65105438232422,110.18000030517578,109.01000213623047,110.08000183105469,2928800
2021-11-22,91.19873809814453,91.19873809814453,109.83000183105469,108.69000244140625,109.52999877929688,3352600
2021-11-23,91.93583679199219,91.93583679199219,110.08000183105469,108.69999694824219,109.11000061035156,3867100
2021-11-24,93.04985809326172,93.04985809326172,111.29000091552734,109.43000030517578,109.69000244140625,3227600
2021-11-26,90.4616470336914,90.4616470336914,109.5,107.36000061035156,109.5,3514700
2021-11-29,91.13174438476562,91.13174438476562,109.72000122070312,108.0,108.80000305175781,4825900
2021-11-30,89.40625762939453,89.40625762939453,108.43000030517578,106.6500015258789,108.1500015258789,6335800
2021-12-01,87.93207550048828,87.93207550048828,109.05999755859375,104.94999694824219,107.73999786376953,8641300
2021-12-02,90.57052612304688,90.57052612304688,108.76000213623047,105.26000213623047,105.5,7134400
2021-12-03,90.26898956298828,90.26898956298828,108.76000213623047,106.83999633789062,108.25,7798400
2021-12-06,91.8520736694336,91.8520736694336,110.44999694824219,108.41999816894531,108.41999816894531,7212400
2021-12-07,93.17550659179688,93.17550659179688,111.55999755859375,110.29000091552734,110.55999755859375,5363400
2021-12-08,93.84558868408203,93.84558868408203,112.30999755859375,111.0,111.23999786376953,5542400
2021-12-09,92.4886474609375,92.4886474609375,111.6500015258789,110.38999938964844,111.61000061035156,3724500
2021-12-10,92.77344512939453,92.77344512939453,111.0,110.27999877929688,110.9800033569336,3828200
2021-12-13,93.64456176757812,93.64456176757812,112.29000091552734,110.20999908447266,110.54000091552734,6555000
2021-12-14,92.44678497314453,92.44678497314453,111.70999908447266,109.83999633789062,111.48999786376953,5924500
2021-12-15,93.74506378173828,93.74506378173828,112.11000061035156,110.37000274658203,110.69999694824219,6675800
2021-12-16,93.7115478515625,93.7115478515625,112.91999816894531,111.2699966430664,112.2699966430664,6178900
2021-12-17,93.59429931640625,93.59429931640625,112.97000122070312,111.48999786376953,111.69000244140625,7201700
2021-12-20,92.86558532714844,92.86558532714844,111.19000244140625,109.62000274658203,110.56999969482422,6071100
2021-12-21,93.91259002685547,93.91259002685547,112.63999938964844,111.5,111.7300033569336,4251000
2021-12-22,94.87584686279297,94.87584686279297,113.37999725341797,112.31999969482422,112.44999694824219,4517500
2021-12-23,94.77532958984375,94.77532958984375,113.69999694824219,112.55999755859375,113.55000305175781,6977700
2021-12-27,96.38427734375,96.38427734375,114.0199966430664,112.0199966430664,112.11000061035156,9185100
2021-12-28,96.73937225341797,96.73937225341797,114.54000091552734,113.66999816894531,113.93000030517578,3630400
2021-12-29,97.39037322998047,97.39037322998047,115.44000244140625,114.05000305175781,114.6500015258789,3842900
2021-12-30,97.8131103515625,97.8131103515625,116.16999816894531,115.23999786376953,115.23999786376953,3990400
2021-12-31,98.08367919921875,98.08367919921875,116.70999908447266,115.6500015258789,115.70999908447266,5440300
2022-01-03,97.31429290771484,97.31429290771484,116.23999786376953,113.45999908447266,116.20999908447266,9845000
2022-01-04,97.19593811035156,97.19593811035156,116.08000183105469,114.86000061035156,115.41999816894531,5330700
2022-01-05,94.41431427001953,94.41431427001953,114.80000305175781,111.55000305175781,114.76000213623047,6928300
2022-01-06,94.49886322021484,94.49886322021484,112.22000122070312,110.5999984741211,111.80999755859375,5974500
2022-01-07,93.87320709228516,93.87320709228516,111.8499984741211,110.76000213623047,111.4800033569336,6999300
2022-01-10,93.33209991455078,93.33209991455078,110.5,109.0199966430664,110.3499984741211,6571900
2022-01-11,93.47582244873047,93.47582244873047,110.66999816894531,108.86000061035156,110.2699966430664,5568500
2022-01-12,93.58573150634766,93.58573150634766,111.37000274658203,110.5199966430664,110.56999969482422,4331700
2022-01-13,93.39974212646484,93.39974212646484,111.48999786376953,110.27999877929688,111.0,3921700
2022-01-14,92.55426025390625,92.55426025390625,109.98999786376953,108.16999816894531,109.87999725341797,6465300
2022-01-18,91.58196258544922,91.58196258544922,108.9000015258789,107.5999984741211,108.75,5828700
2022-01-19,90.34756469726562,90.34756469726562,109.36000061035156,106.86000061035156,108.9000015258789,5111000
2022-01-20,89.18926239013672,89.18926239013672,108.30000305175781,105.41999816894531,107.0,6982000
2022-01-21,88.96944427490234,88.96944427490234,106.5999984741211,104.95999908447266,105.52999877929688,8031500
2022-01-24,89.13853454589844,89.13853454589844,105.69999694824219,101.5999984741211,104.16000366210938,15646100
2022-01-25,88.78345489501953,88.78345489501953,105.80999755859375,103.04000091552734,104.27999877929688,9942900
2022-01-26,87.39686584472656,87.39686584472656,106.86000061035156,102.66999816894531,105.62000274658203,9589300
2022-01-27,85.95109558105469,85.95109558105469,104.87000274658203,101.22000122070312,103.98999786376953,7459300
2022-01-28,88.73271179199219,88.73271179199219,104.95999908447266,100.62000274658203,101.80000305175781,6924500
2022-01-31,89.8233642578125,89.8233642578125,106.44000244140625,104.06999969482422,104.56999969482422,7457700
2022-02-01,89.50209045410156,89.50209045410156,106.62999725341797,105.22000122070312,106.1500015258789,9610000
2022-02-02,90.64349365234375,90.64349365234375,107.5199966430664,106.27999877929688,106.41000366210938,4619300
2022-02-03,89.67963409423828,89.67963409423828,107.05999755859375,105.98999786376953,106.52999877929688,5453100
2022-02-04,88.79190826416016,88.79190826416016,106.2699966430664,104.02999877929688,105.37999725341797,6865600
2022-02-07,88.66507720947266,88.66507720947266,105.58999633789062,104.63999938964844,104.94000244140625,5860900
2022-02-08,88.25078582763672,88.25078582763672,105.19000244140625,104.12000274658203,104.80999755859375,6106100
2022-02-09,90.2461166381836,90.2461166381836,106.81999969482422,105.47000122070312,105.47000122070312,5746600
2022-02-10,88.11551666259766,88.11551666259766,106.73999786376953,103.62999725341797,105.27999877929688,6948000
2022-02-11,87.31231689453125,87.31231689453125,105.1500015258789,102.6500015258789,104.75,5679000
2022-02-14,86.51756286621094,86.51756286621094,104.05000305175781,101.88999938964844,103.41000366210938,5350200
2022-02-15,87.29541015625,87.29541015625,103.86000061035156,102.87999725341797,103.22000122070312,3612600
2022-02-16,87.70122528076172,87.70122528076172,103.98999786376953,102.62000274658203,103.36000061035156,4333000
2022-02-17,86.77120971679688,86.77120971679688,103.6500015258789,102.48999786376953,103.33999633789062,4847000
2022-02-18,86.24702453613281,86.24702453613281,103.44999694824219,101.87000274658203,102.37000274658203,4809500
2022-02-22,85.93418884277344,85.93418884277344,102.37000274658203,100.97000122070312,101.62000274658203,6656900
2022-02-23,84.51378631591797,84.51378631591797,102.94000244140625,99.91999816894531,102.5,6201000
2022-02-24,85.93418884277344,85.93418884277344,101.95999908447266,97.70999908447266,98.01000213623047,9479200
2022-02-25,88.00559997558594,88.00559997558594,104.23999786376953,101.58999633789062,102.05000305175781,5870300
2022-02-28,86.69511413574219,86.69511413574219,103.63999938964844,101.45999908447266,103.2300033569336,7296900
2022-03-01,86.23857879638672,86.23857879638672,103.41999816894531,101.44999694824219,102.80000305175781,8896200
2022-03-02,87.8534164428711,87.8534164428711,104.43000030517578,102.22000122070312,102.37000274658203,6946100
2022-03-03,88.57206726074219,88.57206726074219,105.11000061035156,103.41000366210938,104.48999786376953,6517000
2022-03-04,88.97787475585938,88.97787475585938,105.33999633789062,103.58000183105469,103.8499984741211,6438500
2022-03-07,87.21932983398438,87.21932983398438,105.26000213623047,103.11000061035156,105.01000213623047,6506200
2022-03-08,86.79656982421875,86.79656982421875,104.5,102.30999755859375,103.11000061035156,7090600
2022-03-09,88.1324462890625,88.1324462890625,105.27999877929688,104.06999969482422,104.38999938964844,5785900
2022-03-10,88.35224914550781,88.35224914550781,104.75,102.86000061035156,103.13999938964844,4034900
2022-03-11,87.65050506591797,87.65050506591797,105.79000091552734,103.5999984741211,105.30000305175781,5381600
2022-03-14,86.9656753540039,86.9656753540039,104.44000244140625,102.4000015258789,104.26000213623047,4539900
2022-03-15,87.54903411865234,87.54903411865234,104.33000183105469,102.61000061035156,103.77999877929688,5245000
2022-03-16,88.5889663696289,88.5889663696289,105.2699966430664,102.55999755859375,104.30999755859375,6561300
2022-03-17,89.95865631103516,89.95865631103516,106.4000015258789,104.37999725341797,104.4000015258789,3844300
2022-03-18,89.95865631103516,89.95865631103516,106.76000213623047,105.76000213623047,106.33999633789062,5815300
2022-03-21,89.40908813476562,89.40908813476562,106.97000122070312,105.29000091552734,106.4800033569336,4571900
2022-03-22,89.63736724853516,89.63736724853516,106.66999816894531,105.79000091552734,106.38999938964844,4749800
2022-03-23,88.6316909790039,88.6316909790039,105.5,104.12000274658203,105.0,4595400
2022-03-24,89.1927719116211,89.1927719116211,104.94999694824219,103.88999938964844,104.29000091552734,3893400
2022-03-25,90.30641174316406,90.30641174316406,106.2300033569336,105.01000213623047,105.37999725341797,4495100
2022-03-28,91.26701354980469,91.26701354980469,107.36000061035156,106.11000061035156,106.33000183105469,4130800
2022-03-29,93.94483184814453,93.94483184814453,110.69000244140625,108.30999755859375,108.41999816894531,5350500
2022-03-30,93.26476287841797,93.26476287841797,110.26000213623047,109.22000122070312,110.05999755859375,5216200
2022-03-31,92.12562561035156,92.12562561035156,110.48999786376953,108.37000274658203,110.16000366210938,7466900
2022-04-01,93.91934204101562,93.91934204101562,110.5199966430664,108.5199966430664,108.87000274658203,6568700
2022-04-04,93.46028900146484,93.46028900146484,110.76000213623047,108.97000122070312,110.5199966430664,6311800
2022-04-05,93.00122833251953,93.00122833251953,110.98999786376953,109.06999969482422,109.62999725341797,4993700
2022-04-06,94.10636138916016,94.10636138916016,110.80999755859375,108.44000244140625,108.95999908447266,5050800
2022-04-07,93.17125701904297,93.17125701904297,110.1500015258789,108.87999725341797,110.05999755859375,5338200
2022-04-08,93.32426452636719,93.32426452636719,110.26000213623047,108.9800033569336,109.76000213623047,5941000
2022-04-11,92.32113647460938,92.32113647460938,110.08999633789062,108.37000274658203,109.48999786376953,4315700
2022-04-12,92.18512725830078,92.18512725830078,109.43000030517578,108.0199966430664,108.6500015258789,5094800
2022-04-13,92.83971405029297,92.83971405029297,109.37000274658203,108.16000366210938,108.51000213623047,4673100
2022-04-14,92.44017028808594,92.44017028808594,110.12000274658203,108.6500015258789,109.63999938964844,4464700
2022-04-18,92.06611633300781,92.06611633300781,109.12999725341797,107.7699966430664,108.5199966430664,4256900
2022-04-19,94.0723648071289,94.0723648071289,110.95999908447266,108.75,108.86000061035156,7536100
2022-04-20,95.63655090332031,95.63655090332031,112.87000274658203,110.9800033569336,111.05999755859375,5395900
2022-04-21,94.97345733642578,94.97345733642578,113.41000366210938,111.62000274658203,113.06999969482422,4820700
2022-04-22,93.30726623535156,93.30726623535156,111.55000305175781,109.69000244140625,111.44000244140625,4917800
2022-04-25,93.0692367553711,93.0692367553711,109.93000030517578,107.66000366210938,109.41999816894531,6032300
2022-04-26,91.5390625,91.5390625,109.83000183105469,107.61000061035156,109.16000366210938,6217500
2022-04-27,90.93547821044922,90.93547821044922,108.61000061035156,106.87999725341797,107.73999786376953,6007100
2022-04-28,92.61017608642578,92.61017608642578,109.29000091552734,106.36000061035156,107.5,7235300
2022-04-29,88.35966491699219,88.35966491699219,108.41999816894531,103.68000030517578,108.2699966430664,9573900
2022-05-02,86.22590637207031,86.22590637207031,104.54000091552734,99.36000061035156,103.87000274658203,11885700
2022-05-03,87.29703521728516,87.29703521728516,103.30999755859375,101.08999633789062,101.7699966430664,7245400
2022-05-04,88.3001708984375,88.3001708984375,104.08000183105469,100.94000244140625,102.76000213623047,8686700
2022-05-05,85.94538116455078,85.94538116455078,103.9800033569336,100.31999969482422,103.44000244140625,8884000
2022-05-06,84.92526245117188,84.92526245117188,100.69999694824219,98.87000274658203,100.37999725341797,9398500
2022-05-09,81.184814453125,81.184814453125,99.0,95.1500015258789,99.0,8491700
2022-05-10,79.70561981201172,79.70561981201172,97.26000213623047,93.01000213623047,96.58000183105469,12528300
2022-05-11,79.53560638427734,79.53560638427734,95.75,93.36000061035156,93.95999908447266,9095800
2022-05-12,80.15618896484375,80.15618896484375,94.4000015258789,92.87999725341797,93.38999938964844,8312300
2022-05-13,82.27294158935547,82.27294158935547,96.80999755859375,94.5,95.11000061035156,7536700
2022-05-16,81.75436401367188,81.75436401367188,96.98999786376953,95.97000122070312,96.55000305175781,4614200
2022-05-17,82.86800384521484,82.86800384521484,97.51000213623047,96.04000091552734,97.31999969482422,4492000
2022-05-18,80.46221923828125,80.46221923828125,97.33000183105469,94.27999877929688,97.19000244140625,5130300
2022-05-19,80.10517120361328,80.10517120361328,95.36000061035156,93.88999938964844,93.88999938964844,6365100
2022-05-20,80.61522674560547,80.61522674560547,95.33000183105469,93.3499984741211,95.0999984741211,4471300
2022-05-23,81.55035400390625,81.55035400390625,96.19999694824219,94.27999877929688,95.6500015258789,4662400
2022-05-24,82.23892974853516,82.23892974853516,96.91999816894531,94.05999755859375,95.48999786376953,5895300
2022-05-25,82.93600463867188,82.93600463867188,97.81999969482422,96.08000183105469,96.36000061035156,4589300
2022-05-26,83.03802490234375,83.03802490234375,98.63999938964844,97.55000305175781,97.93000030517578,4355200
2022-05-27,85.26528930664062,85.26528930664062,100.31999969482422,98.19000244140625,98.19000244140625,4990000
2022-05-31,84.21967315673828,84.21967315673828,99.7300033569336,98.52999877929688,99.37999725341797,6276900
2022-06-01,83.52257537841797,83.52257537841797,99.51000213623047,96.9800033569336,99.4000015258789,4607100
2022-06-02,84.67021179199219,84.67021179199219,99.6500015258789,96.69000244140625,97.87999725341797,5450800
2022-06-03,83.53958129882812,83.53958129882812,99.3499984741211,98.01000213623047,98.81999969482422,4989900
2022-06-06,83.27606201171875,83.27606201171875,99.29000091552734,97.72000122070312,99.08999633789062,5445300
2022-06-07,84.42369079589844,84.42369079589844,99.36000061035156,97.0999984741211,97.4800033569336,6489200
2022-06-08,82.4769515991211,82.4769515991211,98.91999816894531,96.80999755859375,98.66999816894531,4566100
2022-06-09,80.521728515625,80.521728515625,97.1500015258789,94.72000122070312,96.61000061035156,4358600
2022-06-10,78.73648834228516,78.73648834228516,93.7300033569336,92.55999755859375,93.4800033569336,7260100
2022-06-13,74.80052947998047,74.80052947998047,90.61000061035156,87.61000061035156,90.55999755859375,8559700
2022-06-14,74.23097229003906,74.23097229003906,88.45999908447266,86.62999725341797,88.29000091552734,8707300
2022-06-15,75.99068450927734,75.99068450927734,90.61000061035156,87.91000366210938,88.13999938964844,8851100
2022-06-16,73.99292755126953,73.99292755126953,88.0,86.66000366210938,87.2699966430664,8083300
2022-06-17,74.55399322509766,74.55399322509766,88.8499984741211,86.9000015258789,87.01000213623047,7791800
2022-06-21,75.59112548828125,75.59112548828125,89.87999725341797,88.47000122070312,88.51000213623047,5933100
2022-06-22,76.55175018310547,76.55175018310547,91.19999694824219,87.9800033569336,87.98999786376953,6250200
2022-06-23,78.0061264038086,78.0061264038086,91.44000244140625,89.76000213623047,89.80999755859375,6139300
2022-06-24,79.66582489013672,79.66582489013672,93.23999786376953,91.55999755859375,91.83000183105469,4656500
2022-06-27,79.54605102539062,79.54605102539062,93.98999786376953,92.43000030517578,93.05000305175781,3784200
2022-06-28,78.57931518554688,78.57931518554688,94.23999786376953,91.72000122070312,93.52999877929688,4735900
2022-06-29,78.0916519165039,78.0916519165039,91.45999908447266,90.2699966430664,91.33000183105469,4606700
2022-06-30,77.94624328613281,77.94624328613281,92.2300033569336,89.95999908447266,90.63999938964844,6402600
2022-07-01,79.34928131103516,79.34928131103516,93.01000213623047,90.80000305175781,90.97000122070312,4512500
2022-07-05,79.12684631347656,79.12684631347656,92.5199966430664,90.33000183105469,91.80999755859375,5154400
2022-07-06,78.9814224243164,78.9814224243164,93.55000305175781,92.01000213623047,92.77999877929688,3428900
2022-07-07,79.19529724121094,79.19529724121094,93.38999938964844,92.33000183105469,92.87999725341797,3032400
2022-07-08,78.7761001586914,78.7761001586914,92.7699966430664,91.63999938964844,92.37000274658203,3509800
2022-07-11,78.60498046875,78.60498046875,92.25,91.16999816894531,91.77999877929688,3453200
2022-07-12,78.2969970703125,78.2969970703125,92.44999694824219,90.87000274658203,91.4000015258789,4396100
2022-07-13,77.92056274414062,77.92056274414062,91.75,89.91999816894531,90.48999786376953,5572400
2022-07-14,77.21904754638672,77.21904754638672,90.66000366210938,89.44999694824219,89.56999969482422,4494500
2022-07-15,78.52799224853516,78.52799224853516,92.2300033569336,90.9000015258789,91.7300033569336,5124800
2022-07-18,77.9719009399414,77.9719009399414,92.52999877929688,90.77999877929688,92.43000030517578,3397900
2022-07-19,79.99093627929688,79.99093627929688,93.61000061035156,91.86000061035156,91.95999908447266,3659100
2022-07-20,79.8027114868164,79.8027114868164,94.41999816894531,92.81999969482422,93.33000183105469,4212400
2022-07-21,80.43577575683594,80.43577575683594,94.02999877929688,92.37999725341797,93.47000122070312,5062800
2022-07-22,80.85501098632812,80.85501098632812,95.11000061035156,93.79000091552734,94.58000183105469,3615200
2022-07-25,80.99188995361328,80.99188995361328,95.20999908447266,94.19000244140625,94.61000061035156,3252800
2022-07-26,81.07743835449219,81.07743835449219,95.27999877929688,94.41999816894531,94.66000366210938,3337300
2022-07-27,81.56507873535156,81.56507873535156,95.56999969482422,94.19000244140625,95.0,4160900
2022-07-28,84.20863342285156,84.20863342285156,98.5199966430664,95.95999908447266,95.97000122070312,4100300
2022-07-29,84.66206359863281,84.66206359863281,99.31999969482422,98.02999877929688,98.43000030517578,3301300
2022-08-01,83.97764587402344,83.97764587402344,98.69999694824219,97.69000244140625,98.44999694824219,3572700
2022-08-02,82.89970397949219,82.89970397949219,98.41000366210938,96.83999633789062,98.12999725341797,4731300
2022-08-03,83.16490173339844,83.16490173339844,98.22000122070312,97.16000366210938,97.5,3107000
2022-08-04,83.03657531738281,83.03657531738281,97.48999786376953,96.47000122070312,97.33999633789062,2884200
2022-08-05,83.26756286621094,83.26756286621094,97.37999725341797,96.01000213623047,96.3499984741211,2719300
2022-08-08,84.0118637084961,84.0118637084961,98.9000015258789,97.62999725341797,98.0,4694200
2022-08-09,84.47384643554688,84.47384643554688,98.75,97.9000015258789,98.33000183105469,3403700
2022-08-10,85.75711822509766,85.75711822509766,100.38999938964844,99.47000122070312,99.86000061035156,3165200
2022-08-11,85.55179595947266,85.55179595947266,101.12000274658203,99.72000122070312,100.68000030517578,2151600
2022-08-12,87.0232925415039,87.0232925415039,101.79000091552734,100.56999969482422,100.5999984741211,3423700
2022-08-15,87.37403869628906,87.37403869628906,102.27999877929688,101.33000183105469,101.51000213623047,2135300
2022-08-16,87.14305877685547,87.14305877685547,102.37000274658203,101.48999786376953,101.68000030517578,3680800
2022-08-17,86.6211929321289,86.6211929321289,101.8499984741211,100.63999938964844,100.94000244140625,3683400
2022-08-18,86.04800415039062,86.04800415039062,101.51000213623047,100.11000061035156,101.26000213623047,2263400
2022-08-19,85.1411361694336,85.1411361694336,100.37999725341797,99.16999816894531,99.9800033569336,2788800
2022-08-22,83.28467559814453,83.28467559814453,98.81999969482422,97.25,98.73999786376953,3517500
2022-08-23,82.21527099609375,82.21527099609375,97.30000305175781,95.7300033569336,97.25,5605300
2022-08-24,82.68582153320312,82.68582153320312,97.23999786376953,96.11000061035156,96.19000244140625,2292200
2022-08-25,83.9177474975586,83.9177474975586,98.12000274658203,96.75,96.94999694824219,2129200
2022-08-26,81.80461883544922,81.80461883544922,98.19000244140625,95.58000183105469,98.19000244140625,3187200
2022-08-29,81.06887817382812,81.06887817382812,95.73999786376953,94.58000183105469,95.05000305175781,2833800
2022-08-30,79.9481430053711,79.9481430053711,95.12000274658203,93.18000030517578,95.12000274658203,3643600
2022-08-31,79.57172393798828,79.57172393798828,94.4000015258789,92.80000305175781,93.9800033569336,4100800
2022-09-01,79.71715545654297,79.71715545654297,93.19999694824219,91.51000213623047,92.44999694824219,4746100
2022-09-02,78.60498046875,78.60498046875,94.16999816894531,91.66000366210938,93.98999786376953,3561800
2022-09-06,79.3150634765625,79.3150634765625,93.0999984741211,91.76000213623047,92.2699966430664,4591800
2022-09-07,80.86354064941406,80.86354064941406,94.70999908447266,92.66999816894531,92.70999908447266,3681100
2022-09-08,81.08599090576172,81.08599090576172,95.11000061035156,93.75,94.02999877929688,3408300
2022-09-09,81.96717071533203,81.96717071533203,96.13999938964844,94.68000030517578,95.08000183105469,4129900
2022-09-12,82.76280212402344,82.76280212402344,96.91999816894531,96.06999969482422,96.19000244140625,2737500
2022-09-13,79.5973892211914,79.5973892211914,95.11000061035156,92.73999786376953,94.8499984741211,4824900
2022-09-14,78.69053649902344,78.69053649902344,92.93000030517578,91.33000183105469,92.6500015258789,5301500
2022-09-15,77.23615264892578,77.23615264892578,92.27999877929688,90.18000030517578,92.01000213623047,6727800
2022-09-16,77.24472045898438,77.24472045898438,90.38999938964844,89.0999984741211,89.80999755859375,6807800
2022-09-19,77.13350677490234,77.13350677490234,90.19999694824219,88.87999725341797,89.4800033569336,4467100
2022-09-20,75.25990295410156,75.25990295410156,89.4000015258789,87.5199966430664,89.31999969482422,5850800
2022-09-21,74.07075500488281,74.07075500488281,89.0999984741211,86.55000305175781,88.58000183105469,7128900
2022-09-22,73.12968444824219,73.12968444824219,86.36000061035156,85.18000030517578,86.31999969482422,6743600
2022-09-23,72.15764617919922,72.15764617919922,84.12999725341797,82.5199966430664,83.69999694824219,8982100
2022-09-26,70.13404846191406,70.13404846191406,83.05000305175781,80.25,82.98999786376953,8119600
2022-09-27,69.20008850097656,69.20008850097656,82.3499984741211,79.81999969482422,81.80000305175781,10015000
2022-09-28,70.6356430053711,70.6356430053711,82.01000213623047,79.93000030517578,80.75,9000200
2022-09-29,68.56015014648438,68.56015014648438,80.86000061035156,78.7300033569336,80.86000061035156,8576300
2022-09-30,69.32979583740234,69.32979583740234,80.73999786376953,79.5,79.69999694824219,9023600
2022-10-03,70.56645202636719,70.56645202636719,82.11000061035156,80.04000091552734,81.4000015258789,8718400
2022-10-04,71.99334716796875,71.99334716796875,83.87000274658203,82.43000030517578,82.55000305175781,6439300
2022-10-05,70.58375549316406,70.58375549316406,82.25,80.2699966430664,82.12000274658203,6518400
2022-10-06,68.62068939208984,68.62068939208984,81.72000122070312,79.18000030517578,81.38999938964844,7820800
2022-10-07,66.96896362304688,66.96896362304688,79.04000091552734,76.91999816894531,78.5999984741211,6913700
2022-10-10,66.337646484375,66.337646484375,78.20999908447266,76.58999633789062,77.55000305175781,6549500
2022-10-11,67.01219177246094,67.01219177246094,78.0199966430664,75.76000213623047,76.66000366210938,7189700
2022-10-12,66.31170654296875,66.31170654296875,77.5,76.19999694824219,77.5,6634400
2022-10-13,67.52241516113281,67.52241516113281,78.45999908447266,74.66000366210938,75.1500015258789,8561200
2022-10-14,65.84473419189453,65.84473419189453,79.27999877929688,76.02999877929688,78.68000030517578,7320700
2022-10-17,68.32666015625,68.32666015625,79.30999755859375,77.48999786376953,77.55000305175781,5823800
2022-10-18,69.07035827636719,69.07035827636719,80.98999786376953,79.12999725341797,80.30999755859375,5609200
2022-10-19,67.34944915771484,67.34944915771484,79.3499984741211,77.4000015258789,79.08999633789062,6452100
2022-10-20,67.05541229248047,67.05541229248047,78.79000091552734,77.31999969482422,77.91999816894531,4959700
2022-10-21,67.58293914794922,67.58293914794922,78.19000244140625,76.54000091552734,77.80999755859375,6060100
2022-10-24,67.57430267333984,67.57430267333984,79.11000061035156,77.56999969482422,78.79000091552734,4918000
2022-10-25,70.22917938232422,70.22917938232422,81.36000061035156,78.41000366210938,78.41000366210938,5815800
2022-10-26,70.18595123291016,70.18595123291016,81.91000366210938,80.61000061035156,81.12999725341797,5746800
2022-10-27,70.28971099853516,70.28971099853516,82.22000122070312,81.0199966430664,81.61000061035156,5239600
2022-10-28,71.83767700195312,71.83767700195312,83.27999877929688,80.72000122070312,80.94999694824219,4651400
2022-10-31,71.75984191894531,71.75984191894531,83.43000030517578,82.08000183105469,82.30000305175781,5112200
2022-11-01,71.73390197753906,71.73390197753906,84.12999725341797,82.76000213623047,83.87999725341797,4751100
2022-11-02,69.76219940185547,69.76219940185547,83.41999816894531,80.51000213623047,82.43000030517578,7240200
2022-11-03,69.66707611083984,69.66707611083984,81.16999816894531,79.02999877929688,79.93000030517578,5231600
2022-11-04,70.61833190917969,70.61833190917969,82.20999908447266,80.0999984741211,81.19999694824219,5664800
2022-11-07,70.61833190917969,70.61833190917969,82.55000305175781,81.11000061035156,82.08999633789062,5545800
2022-11-08,70.83453369140625,70.83453369140625,82.77999877929688,81.38999938964844,81.87999725341797,5578400
2022-11-09,70.10810852050781,70.10810852050781,82.62000274658203,80.86000061035156,81.70999908447266,5510300
2022-11-10,75.23628997802734,75.23628997802734,87.16999816894531,83.94999694824219,84.0,8312600
2022-11-11,75.2276382446289,75.2276382446289,87.88999938964844,86.66000366210938,87.02999877929688,5928000
2022-11-14,73.39429473876953,73.39429473876953,86.62000274658203,84.80999755859375,86.51000213623047,6181900
2022-11-15,74.1899185180664,74.1899185180664,86.38999938964844,84.87999725341797,86.0,5283900
2022-11-16,73.51537322998047,73.51537322998047,85.9000015258789,84.80999755859375,85.56999969482422,4258200
2022-11-17,73.01377868652344,73.01377868652344,84.61000061035156,83.5999984741211,83.95999908447266,4463400
2022-11-18,73.93911743164062,73.93911743164062,85.83999633789062,84.63999938964844,85.44000244140625,3854100
2022-11-21,74.32825469970703,74.32825469970703,86.02999877929688,84.94000244140625,85.19999694824219,3505900
2022-11-22,74.73471069335938,74.73471069335938,86.52999877929688,85.76000213623047,86.31999969482422,3514700
2022-11-23,74.79524993896484,74.79524993896484,86.91000366210938,85.79000091552734,86.30999755859375,4423800
2022-11-25,75.27088928222656,75.27088928222656,87.05999755859375,86.56999969482422,86.56999969482422,1524100
2022-11-28,73.25592803955078,73.25592803955078,86.95999908447266,84.51000213623047,86.55000305175781,4032700
2022-11-29,74.46662902832031,74.46662902832031,86.22000122070312,84.51000213623047,84.77999877929688,6035700
2022-11-30,76.17024993896484,76.17024993896484,88.13999938964844,85.2699966430664,85.91000366210938,7077800
2022-12-01,76.00596618652344,76.00596618652344,89.37999725341797,87.16999816894531,88.72000122070312,5038900
2022-12-02,75.78111267089844,75.78111267089844,88.06999969482422,86.48999786376953,86.8499984741211,3953700
2022-12-05,74.39744567871094,74.39744567871094,87.37000274658203,85.83999633789062,87.37000274658203,5983200
2022-12-06,73.69696807861328,73.69696807861328,86.25,84.8499984741211,86.20999908447266,5276900
2022-12-07,73.84398651123047,73.84398651123047,86.29000091552734,84.87999725341797,85.05000305175781,6206700
2022-12-08,74.36286926269531,74.36286926269531,86.7699966430664,85.5,85.66000366210938,3994400
2022-12-09,74.22449493408203,74.22449493408203,86.66000366210938,85.5,85.70999908447266,4572500
2022-12-12,74.79524993896484,74.79524993896484,86.5,85.05999755859375,86.02999877929688,5115900
2022-12-13,76.17890167236328,76.17890167236328,89.47000122070312,87.08000183105469,88.87999725341797,6864400
2022-12-14,75.66001892089844,75.66001892089844,89.11000061035156,87.05000305175781,88.02999877929688,6553300
2022-12-15,74.64823913574219,74.64823913574219,87.12000274658203,85.83999633789062,86.51000213623047,5325500
2022-12-16,72.71977233886719,72.71977233886719,85.41999816894531,83.16000366210938,85.41999816894531,8166400
2022-12-19,71.79442596435547,71.79442596435547,84.0,82.5199966430664,84.0,3776100
2022-12-20,71.61284637451172,71.61284637451172,83.29000091552734,81.86000061035156,82.62999725341797,6614800
2022-12-21,72.2268295288086,72.2268295288086,84.41999816894531,83.25,83.36000061035156,7101700
2022-12-22,71.92339324951172,71.92339324951172,82.05999755859375,80.48999786376953,81.66999816894531,6619400
2022-12-23,72.56360626220703,72.56360626220703,82.7699966430664,81.4000015258789,81.76000213623047,3539500
2022-12-27,72.53728485107422,72.53728485107422,82.97000122070312,81.9800033569336,82.70999908447266,3961900
2022-12-28,71.30071258544922,71.30071258544922,83.2699966430664,81.18000030517578,82.87999725341797,5168000
2022-12-29,72.8617935180664,72.8617935180664,83.26000213623047,81.62999725341797,81.87000274658203,5398400
2022-12-30,72.33558654785156,72.33558654785156,82.8499984741211,81.5,82.4800033569336,4897700
2023-01-03,72.40575408935547,72.40575408935547,83.86000061035156,81.66000366210938,83.16999816894531,5906600
2023-01-04,74.04574584960938,74.04574584960938,85.18000030517578,83.16999816894531,83.25,6860200
2023-01-05,72.05494689941406,72.05494689941406,83.76000213623047,81.95999908447266,83.76000213623047,6839500
2023-01-06,73.99311828613281,73.99311828613281,84.66000366210938,82.19999694824219,82.56999969482422,5962000
2023-01-09,74.0194320678711,74.0194320678711,85.33000183105469,84.04000091552734,84.63999938964844,5699200
2023-01-10,74.18606567382812,74.18606567382812,84.58999633789062,83.47000122070312,84.2699966430664,8040700
2023-01-11,76.84341430664062,76.84341430664062,87.6500015258789,85.22000122070312,85.22000122070312,5663300
2023-01-12,77.81686401367188,77.81686401367188,88.86000061035156,87.12999725341797,88.0,5890600
2023-01-13,77.33452606201172,77.33452606201172,88.52999877929688,87.52999877929688,87.80000305175781,4153800
2023-01-17,77.55377197265625,77.55377197265625,88.88999938964844,88.08000183105469,88.30999755859375,3943900
2023-01-18,76.42245483398438,76.42245483398438,88.9800033569336,86.98999786376953,88.68000030517578,5984200
2023-01-19,76.00148010253906,76.00148010253906,87.62999725341797,86.61000061035156,86.66000366210938,4696800
2023-01-20,76.9048080444336,76.9048080444336,87.72000122070312,85.66999816894531,86.68000030517578,4251100
2023-01-23,77.25558471679688,77.25558471679688,88.58999633789062,87.13999938964844,87.69999694824219,5154100
2023-01-24,77.44853210449219,77.44853210449219,88.68000030517578,87.0,87.8499984741211,3810600
2023-01-25,77.48361206054688,77.48361206054688,88.48999786376953,87.5,87.91000366210938,4953300
2023-01-26,78.35185241699219,78.35185241699219,89.36000061035156,88.37000274658203,88.8499984741211,3939000
2023-01-27,79.2288589477539,79.2288589477539,90.68000030517578,89.13999938964844,89.13999938964844,4972100
2023-01-30,78.22030639648438,78.22030639648438,90.58000183105469,89.1500015258789,89.62000274658203,4737700
2023-01-31,79.86032104492188,79.86032104492188,91.16999816894531,89.13999938964844,89.29000091552734,5449600
2023-02-01,80.35144805908203,80.35144805908203,92.23999786376953,89.5999984741211,90.56999969482422,9787400
2023-02-02,82.17561340332031,82.17561340332031,94.52999877929688,92.41999816894531,92.44999694824219,5218600
2023-02-03,80.63207244873047,80.63207244873047,92.44000244140625,90.80000305175781,92.38999938964844,5353000
2023-02-06,80.04447174072266,80.04447174072266,91.37999725341797,90.33999633789062,90.80000305175781,3787500
2023-02-07,79.86908721923828,79.86908721923828,91.48999786376953,89.87000274658203,90.83999633789062,5912700
2023-02-08,79.4919662475586,79.4919662475586,91.1500015258789,90.31999969482422,90.6500015258789,4886900
2023-02-09,78.62374114990234,78.62374114990234,91.52999877929688,89.41000366210938,91.01000213623047,2905100
2023-02-10,78.89559936523438,78.89559936523438,90.12999725341797,88.76000213623047,89.25,3270300
2023-02-13,79.59721374511719,79.59721374511719,90.9000015258789,90.08000183105469,90.18000030517578,2921900
2023-02-14,78.96576690673828,78.96576690673828,91.16000366210938,89.5,90.47000122070312,4217600
2023-02-15,79.28148651123047,79.28148651123047,90.41999816894531,89.23999786376953,89.48999786376953,3669900
2023-02-16,78.50971984863281,78.50971984863281,90.30999755859375,88.41999816894531,89.12999725341797,4493100
2023-02-17,78.20276641845703,78.20276641845703,89.45999908447266,88.31999969482422,89.20999908447266,4299600
2023-02-21,76.63291931152344,76.63291931152344,88.62000274658203,86.98999786376953,88.61000061035156,4926400
2023-02-22,75.94007873535156,75.94007873535156,87.7699966430664,86.19999694824219,87.5999984741211,4456500
2023-02-23,76.51014709472656,76.51014709472656,87.47000122070312,86.29000091552734,87.12000274658203,6074900
2023-02-24,75.16831970214844,75.16831970214844,86.33000183105469,85.2699966430664,86.26000213623047,5065400
2023-02-27,75.28231811523438,75.28231811523438,87.1500015258789,85.47000122070312,86.54000091552734,5170800
2023-02-28,75.17708587646484,75.17708587646484,86.83999633789062,85.62000274658203,85.80000305175781,7261100
2023-03-01,74.22991943359375,74.22991943359375,85.37000274658203,83.95999908447266,85.12000274658203,7041800
2023-03-02,75.09814453125,75.09814453125,85.76000213623047,83.91999816894531,84.04000091552734,5208800
2023-03-03,76.23826599121094,76.23826599121094,87.12999725341797,86.05999755859375,86.30999755859375,4542100
2023-03-06,75.94007873535156,75.94007873535156,87.41000366210938,86.38999938964844,87.33000183105469,3893700
2023-03-07,74.16853332519531,74.16853332519531,86.61000061035156,84.38999938964844,86.52999877929688,6540600
2023-03-08,75.01923370361328,75.01923370361328,86.04000091552734,84.48999786376953,84.52999877929688,5750400
2023-03-09,73.30029296875,73.30029296875,85.76000213623047,83.4000015258789,85.68000030517578,5974200
2023-03-10,70.87098693847656,70.87098693847656,83.62999725341797,80.37999725341797,83.45999908447266,10351000
2023-03-13,71.80061340332031,71.80061340332031,82.95999908447266,80.08999633789062,80.38999938964844,16288000
2023-03-14,72.49345397949219,72.49345397949219,83.62000274658203,81.7699966430664,83.26000213623047,8706400
2023-03-15,72.44081115722656,72.44081115722656,82.8499984741211,81.30000305175781,81.30999755859375,10284900
2023-03-16,72.28297424316406,72.28297424316406,82.83000183105469,80.94999694824219,81.86000061035156,10324300
2023-03-17,70.64295959472656,70.64295959472656,82.16000366210938,80.47000122070312,82.08000183105469,9103200
2023-03-20,71.4498062133789,71.4498062133789,81.81999969482422,80.44000244140625,81.16000366210938,6300300
2023-03-21,71.13409423828125,71.13409423828125,82.22000122070312,80.4000015258789,82.0,5024500
2023-03-22,68.47676086425781,68.47676086425781,80.66999816894531,78.05999755859375,80.63999938964844,8283600
2023-03-23,68.0470199584961,68.0470199584961,79.48999786376953,77.30999755859375,78.4800033569336,6274400
2023-03-24,69.79204559326172,69.79204559326172,78.80999755859375,76.22000122070312,76.45999908447266,8380000
2023-03-27,69.71231842041016,69.71231842041016,79.55000305175781,78.58000183105469,79.26000213623047,4956700
2023-03-28,69.54401397705078,69.54401397705078,78.86000061035156,77.81999969482422,78.12000274658203,4213800
2023-03-29,71.08531188964844,71.08531188964844,80.3499984741211,79.30000305175781,79.44000244140625,6364000
2023-03-30,72.015380859375,72.015380859375,81.55000305175781,80.9000015258789,81.0199966430664,4838000
2023-03-31,73.55667114257812,73.55667114257812,83.12000274658203,81.63999938964844,81.7699966430664,6148200
2023-04-03,72.97205352783203,72.97205352783203,83.62000274658203,81.95999908447266,82.94000244140625,7582700
2023-04-04,72.87461853027344,72.87461853027344,82.72000122070312,81.72000122070312,82.55000305175781,6243400
2023-04-05,72.48487091064453,72.48487091064453,82.5999984741211,81.70999908447266,82.04000091552734,7024100
2023-04-06,72.98090362548828,72.98090362548828,82.44000244140625,81.47000122070312,82.12000274658203,7008200
2023-04-10,73.31751251220703,73.31751251220703,82.79000091552734,81.52999877929688,82.0,3972100
2023-04-11,73.62754821777344,73.62754821777344,83.80000305175781,82.5999984741211,82.93000030517578,4839400
2023-04-12,73.27323150634766,73.27323150634766,83.9800033569336,82.58000183105469,83.86000061035156,5920500
2023-04-13,73.0517807006836,73.0517807006836,82.83000183105469,81.68000030517578,82.77999877929688,3884400
2023-04-14,71.91796112060547,71.91796112060547,83.01000213623047,80.56999969482422,82.5199966430664,5078300
2023-04-17,73.4149398803711,73.4149398803711,82.9000015258789,81.19000244140625,81.19000244140625,5148900
2023-04-18,73.24665832519531,73.24665832519531,82.9800033569336,82.2699966430664,82.97000122070312,4189600
2023-04-19,73.6806869506836,73.6806869506836,83.37000274658203,81.97000122070312,82.2699966430664,3624200
2023-04-20,72.954345703125,72.954345703125,82.7699966430664,81.93000030517578,82.68000030517578,4604400
2023-04-21,72.96321105957031,72.96321105957031,82.7699966430664,81.68000030517578,82.38999938964844,5136600
2023-04-24,72.6885986328125,72.6885986328125,82.73999786376953,81.41999816894531,82.36000061035156,3673500
2023-04-25,71.97110748291016,71.97110748291016,81.88999938964844,81.16000366210938,81.5999984741211,5127500
2023-04-26,71.2801742553711,71.2801742553711,81.81999969482422,80.29000091552734,81.08999633789062,5128500
2023-04-27,72.89231872558594,72.89231872558594,82.5199966430664,80.61000061035156,80.75,6439300
2023-04-28,73.78700256347656,73.78700256347656,83.70999908447266,82.20999908447266,82.41999816894531,5352800
2023-05-01,73.23779296875,73.23779296875,83.62000274658203,82.55000305175781,83.30999755859375,4817200
2023-05-02,71.9976806640625,71.9976806640625,82.63999938964844,80.66999816894531,82.47000122070312,5442500
2023-05-03,71.7142333984375,71.7142333984375,82.58000183105469,80.88999938964844,81.68000030517578,7538900
2023-05-04,72.30769348144531,72.30769348144531,82.11000061035156,80.43000030517578,80.91999816894531,7231800
2023-05-05,73.51238250732422,73.51238250732422,83.16999816894531,82.08999633789062,82.11000061035156,4560600
2023-05-08,73.08720397949219,73.08720397949219,83.06999969482422,82.16999816894531,82.80999755859375,4896000
2023-05-09,72.77719116210938,72.77719116210938,82.51000213623047,81.25,82.11000061035156,4522000
2023-05-10,73.47696685791016,73.47696685791016,83.2699966430664,82.0999984741211,82.95999908447266,6331600
2023-05-11,72.67089080810547,72.67089080810547,82.4000015258789,81.52999877929688,82.36000061035156,5175400
2023-05-12,72.66202545166016,72.66202545166016,82.29000091552734,81.36000061035156,82.19999694824219,3293800
2023-05-15,72.53800964355469,72.53800964355469,82.37999725341797,81.68000030517578,82.16999816894531,3477400
2023-05-16,70.72211456298828,70.72211456298828,81.80000305175781,79.83000183105469,81.69000244140625,5401000
2023-05-17,71.67878723144531,71.67878723144531,81.05999755859375,79.62000274658203,80.3499984741211,4849000
2023-05-18,71.33331298828125,71.33331298828125,80.94999694824219,79.91000366210938,80.58000183105469,4009000
2023-05-19,71.21817779541016,71.21817779541016,81.30999755859375,80.01000213623047,80.88999938964844,4803400
2023-05-22,71.65221405029297,71.65221405029297,81.37999725341797,80.05000305175781,80.47000122070312,4839100
2023-05-23,70.97900390625,70.97900390625,81.55000305175781,80.02999877929688,80.70999908447266,5460000
2023-05-24,69.4554443359375,69.4554443359375,79.9000015258789,78.31999969482422,79.68000030517578,4910700
2023-05-25,69.44658660888672,69.44658660888672,78.97000122070312,77.80999755859375,78.79000091552734,4810700
2023-05-26,70.24381256103516,70.24381256103516,79.44999694824219,78.18000030517578,78.52999877929688,3230700
2023-05-30,70.50953674316406,70.50953674316406,80.4800033569336,79.37000274658203,79.58000183105469,4449400
2023-05-31,70.86385345458984,70.86385345458984,80.18000030517578,79.11000061035156,79.38999938964844,4673800
2023-06-01,70.87271881103516,70.87271881103516,80.4800033569336,79.1500015258789,79.9000015258789,4016600
2023-06-02,72.60001373291016,72.60001373291016,82.19000244140625,80.73999786376953,80.88999938964844,5114900
2023-06-05,72.0951156616211,72.0951156616211,82.30999755859375,81.23999786376953,81.86000061035156,3936600
2023-06-06,72.7860336303711,72.7860336303711,82.33999633789062,81.19999694824219,81.79000091552734,4728200
2023-06-07,74.12358856201172,74.12358856201172,83.9000015258789,82.1500015258789,82.54000091552734,3825200
2023-06-08,73.66297912597656,73.66297912597656,83.44000244140625,82.26000213623047,83.30000305175781,3097900
2023-06-09,73.23779296875,73.23779296875,83.33999633789062,82.33999633789062,83.19000244140625,3199400
2023-06-12,73.25550842285156,73.25550842285156,82.72000122070312,81.94999694824219,82.62000274658203,4072500
2023-06-13,73.7249755859375,73.7249755859375,83.33000183105469,82.3499984741211,82.5999984741211,3693700
2023-06-14,73.99957275390625,73.99957275390625,84.12999725341797,82.8499984741211,83.56999969482422,5042700
2023-06-15,74.38933563232422,74.38933563232422,84.12000274658203,82.68000030517578,83.2300033569336,4661000
2023-06-16,74.33617401123047,74.33617401123047,84.68000030517578,83.73999786376953,84.16000366210938,4576900
2023-06-20,73.45923614501953,73.45923614501953,83.72000122070312,82.47000122070312,83.62000274658203,3826600
2023-06-21,73.01634216308594,73.01634216308594,82.7300033569336,81.83000183105469,82.47000122070312,4691300
2023-06-22,71.97110748291016,71.97110748291016,82.61000061035156,80.76000213623047,82.54000091552734,5114800
2023-06-23,70.97900390625,70.97900390625,81.44999694824219,80.0999984741211,80.76000213623047,3956400
2023-06-26,72.61773681640625,72.61773681640625,82.0999984741211,80.0199966430664,80.12999725341797,3246800
2023-06-27,73.51238250732422,73.51238250732422,83.22000122070312,81.73999786376953,82.30999755859375,3845900
2023-06-28,73.61868286132812,73.61868286132812,83.27999877929688,82.37000274658203,82.91000366210938,4691000
2023-06-29,74.44103240966797,74.44103240966797,83.12999725341797,81.66000366210938,81.94000244140625,5033400
2023-06-30,74.85309600830078,74.85309600830078,84.01000213623047,82.38999938964844,83.80999755859375,5758500
2023-07-03,75.58765411376953,75.58765411376953,84.75,83.12999725341797,83.43000030517578,3632400
2023-07-05,75.75786590576172,75.75786590576172,85.0999984741211,83.43000030517578,84.19999694824219,5766400
2023-07-06,75.17558288574219,75.17558288574219,84.0199966430664,82.36000061035156,83.45999908447266,5609000
2023-07-07,75.00538635253906,75.00538635253906,84.2699966430664,83.31999969482422,83.5,5865300
2023-07-10,75.32786560058594,75.32786560058594,84.16000366210938,83.23999786376953,83.47000122070312,3855600
2023-07-11,76.40282440185547,76.40282440185547,85.33999633789062,84.12000274658203,84.31999969482422,4038400
2023-07-12,76.81489562988281,76.81489562988281,86.55000305175781,85.66999816894531,86.44000244140625,5361600
2023-07-13,77.3075942993164,77.3075942993164,86.31999969482422,85.26000213623047,85.73999786376953,5067100
2023-07-14,77.15531158447266,77.15531158447266,86.19000244140625,85.58000183105469,85.9800033569336,5618100
2023-07-17,76.65367126464844,76.65367126464844,86.2300033569336,85.41000366210938,85.91000366210938,5610700
2023-07-18,76.2326431274414,76.2326431274414,85.83000183105469,84.37999725341797,85.70999908447266,4605100
2023-07-19,77.09259796142578,77.09259796142578,86.44999694824219,85.58000183105469,85.5999984741211,5363700
2023-07-20,76.84178161621094,76.84178161621094,85.81999969482422,84.70999908447266,85.7300033569336,5667100
2023-07-21,77.20008850097656,77.20008850097656,86.41999816894531,85.80000305175781,86.01000213623047,4767700
2023-07-24,77.83611297607422,77.83611297607422,86.97000122070312,86.1500015258789,86.20999908447266,4990600
2023-07-25,77.28070831298828,77.28070831298828,87.16999816894531,86.18000030517578,86.56999969482422,4968100
2023-07-26,77.63008880615234,77.63008880615234,86.83999633789062,86.08999633789062,86.12999725341797,7377400
2023-07-27,75.94597625732422,75.94597625732422,87.31999969482422,84.70999908447266,87.11000061035156,8010000
2023-07-28,75.88326263427734,75.88326263427734,86.0,84.55000305175781,85.79000091552734,5025800
2023-07-31,76.37596130371094,76.37596130371094,85.73999786376953,84.66999816894531,84.94000244140625,6121600
2023-08-01,76.25054931640625,76.25054931640625,85.41999816894531,84.66999816894531,85.04000091552734,4641600
2023-08-02,75.81160736083984,75.81160736083984,84.81999969482422,84.08999633789062,84.41000366210938,4147000
2023-08-03,74.98746490478516,74.98746490478516,83.83000183105469,82.58999633789062,83.80999755859375,6454100
2023-08-04,74.37832641601562,74.37832641601562,84.2300033569336,82.73999786376953,83.48999786376953,5148300
2023-08-07,75.3099594116211,75.3099594116211,84.11000061035156,83.08999633789062,83.25,3906500
2023-08-08,74.82622528076172,74.82622528076172,83.7300033569336,82.7300033569336,83.4000015258789,3854800
2023-08-09,74.8172607421875,74.8172607421875,83.9800033569336,82.95999908447266,83.26000213623047,2960200
2023-08-10,74.53060913085938,74.53060913085938,84.38999938964844,82.9800033569336,83.69999694824219,4451100
2023-08-11,74.64706420898438,74.64706420898438,83.44999694824219,82.62999725341797,82.88999938964844,3654700
2023-08-14,74.15437316894531,74.15437316894531,83.19000244140625,82.52999877929688,83.19000244140625,3376700
2023-08-15,73.32127380371094,73.32127380371094,82.41000366210938,81.66999816894531,82.12999725341797,3398400
2023-08-16,72.41651916503906,72.41651916503906,81.97000122070312,80.79000091552734,81.91000366210938,3703700
2023-08-17,71.8342514038086,71.8342514038086,81.44000244140625,80.16000366210938,80.91999816894531,4069800
2023-08-18,72.05819702148438,72.05819702148438,80.61000061035156,79.5,79.62000274658203,3307400
2023-08-21,71.39530181884766,71.39530181884766,80.27999877929688,79.04000091552734,80.25,3789800
2023-08-22,71.6013412475586,71.6013412475586,80.25,79.68000030517578,79.9800033569336,3380200
2023-08-23,72.73004150390625,72.73004150390625,81.29000091552734,80.19999694824219,80.19999694824219,3257800
2023-08-24,72.45235443115234,72.45235443115234,82.30999755859375,80.80999755859375,81.41999816894531,4523800
2023-08-25,72.50611114501953,72.50611114501953,81.5,80.58999633789062,80.98999786376953,4252000
2023-08-28,73.18689727783203,73.18689727783203,82.13999938964844,81.2699966430664,81.2699966430664,3448800
2023-08-29,74.0737533569336,74.0737533569336,82.72000122070312,81.37999725341797,81.66999816894531,3515300
2023-08-30,74.34249877929688,74.34249877929688,83.20999908447266,82.62000274658203,82.70999908447266,3042100
2023-08-31,73.79605102539062,73.79605102539062,83.12999725341797,82.37999725341797,83.0,3410200
2023-09-01,73.92146301269531,73.92146301269531,83.16999816894531,82.30000305175781,82.9000015258789,3403900
2023-09-05,73.0615005493164,73.0615005493164,82.44999694824219,81.52999877929688,82.27999877929688,3578000
2023-09-06,72.90921783447266,72.90921783447266,81.72000122070312,80.77999877929688,81.44999694824219,3681300
2023-09-07,73.36607360839844,73.36607360839844,82.26000213623047,81.12999725341797,81.12999725341797,5056100
2023-09-08,73.07942199707031,73.07942199707031,82.18000030517578,81.38999938964844,81.95999908447266,3317400
2023-09-11,73.08837890625,73.08837890625,81.83999633789062,81.18000030517578,81.69000244140625,2813600
2023-09-12,73.05253601074219,73.05253601074219,81.72000122070312,81.01000213623047,81.41999816894531,2959200
2023-09-13,72.2552719116211,72.2552719116211,81.62000274658203,80.45999908447266,81.54000091552734,3989000
2023-09-14,73.56315612792969,73.56315612792969,82.30000305175781,81.12000274658203,81.12000274658203,3926600
2023-09-15,73.28544616699219,73.28544616699219,82.06999969482422,81.48999786376953,81.70999908447266,3784500
2023-09-18,72.63151550292969,72.63151550292969,81.80999755859375,80.87000274658203,81.80999755859375,3117700
2023-09-19,72.30006408691406,72.30006408691406,81.30999755859375,80.4800033569336,80.94000244140625,2742500
2023-09-20,72.36276245117188,72.36276245117188,81.77999877929688,80.7699966430664,81.37000274658203,3827800
2023-09-21,69.8993148803711,69.8993148803711,80.30000305175781,78.0,80.18000030517578,6202200
2023-09-22,69.37078857421875,69.37078857421875,78.48999786376953,77.37999725341797,78.05999755859375,5061200
2023-09-25,69.30809783935547,69.30809783935547,77.44000244140625,76.79000091552734,77.12999725341797,3928200
2023-09-26,68.0450210571289,68.0450210571289,77.06999969482422,75.69000244140625,76.91000366210938,5220800
2023-09-27,67.58815002441406,67.58815002441406,76.6500015258789,75.05000305175781,76.2300033569336,6657600
2023-09-28,68.23668670654297,68.23668670654297,75.75,74.8499984741211,75.0,6659600
2023-09-29,68.43569946289062,68.43569946289062,76.7699966430664,75.22000122070312,76.44000244140625,6630600
2023-10-02,67.17841339111328,67.17841339111328,75.69999694824219,73.80000305175781,75.41000366210938,7564300
2023-10-03,65.86685180664062,65.86685180664062,74.1500015258789,72.58999633789062,73.86000061035156,7121000
2023-10-04,66.67188262939453,66.67188262939453,73.72000122070312,72.33999633789062,73.20999908447266,8748100
2023-10-05,67.04273223876953,67.04273223876953,74.20999908447266,73.23999786376953,73.55000305175781,5306900
2023-10-06,67.22364044189453,67.22364044189453,74.77999877929688,72.75,73.45999908447266,5919900
2023-10-09,67.95629119873047,67.95629119873047,75.41000366210938,73.76000213623047,73.83999633789062,3848200
2023-10-10,68.28192138671875,68.28192138671875,76.1500015258789,74.80000305175781,75.1500015258789,4585700
2023-10-11,69.46683502197266,69.46683502197266,76.8499984741211,75.94999694824219,76.0999984741211,6128600
2023-10-12,68.45378875732422,68.45378875732422,76.6500015258789,75.29000091552734,76.55999755859375,4429000
2023-10-13,68.28192138671875,68.28192138671875,76.26000213623047,75.1500015258789,76.04000091552734,5860800
2023-10-16,69.09598541259766,69.09598541259766,76.5999984741211,75.25,76.0199966430664,4381800
2023-10-17,68.99649047851562,68.99649047851562,77.27999877929688,75.68000030517578,75.68000030517578,5419300
2023-10-18,67.53117370605469,67.53117370605469,75.97000122070312,74.5999984741211,75.70999908447266,4853700
2023-10-19,65.93018341064453,65.93018341064453,74.66000366210938,72.73999786376953,74.01000213623047,8238400
2023-10-20,65.4869613647461,65.4869613647461,73.45999908447266,72.3499984741211,73.0,5874400
2023-10-23,64.84476470947266,64.84476470947266,72.69000244140625,71.48999786376953,71.7300033569336,6906600
2023-10-24,65.67691802978516,65.67691802978516,72.80999755859375,71.95999908447266,71.9800033569336,5755200
2023-10-25,64.26588439941406,64.26588439941406,72.13999938964844,70.94999694824219,71.87000274658203,6254500
2023-10-26,65.49601745605469,65.49601745605469,72.9000015258789,71.36000061035156,71.41000366210938,8144400
2023-10-27,64.44676971435547,64.44676971435547,72.68000030517578,71.01000213623047,72.68000030517578,12043000
2023-10-30,64.85381317138672,64.85381317138672,72.2300033569336,70.61000061035156,71.68000030517578,7041000
2023-10-31,65.95730590820312,65.95730590820312,73.0,71.58000183105469,72.2699966430664,5964700
2023-11-01,66.36434173583984,66.36434173583984,73.44000244140625,72.54000091552734,73.0199966430664,7021600
2023-11-02,68.54421997070312,68.54421997070312,75.98999786376953,74.43000030517578,74.5999984741211,6450300
2023-11-03,70.18141174316406,70.18141174316406,78.61000061035156,77.0199966430664,77.04000091552734,6394100
2023-11-06,69.16835021972656,69.16835021972656,77.4800033569336,76.08000183105469,77.43000030517578,4432100
2023-11-07,68.59849548339844,68.59849548339844,76.52999877929688,75.7300033569336,76.37000274658203,5235300
2023-11-08,68.82462310791016,68.82462310791016,76.37999725341797,75.76000213623047,76.05999755859375,4398300
2023-11-09,67.73921203613281,67.73921203613281,76.4000015258789,74.72000122070312,76.3499984741211,4922800
2023-11-10,68.37236785888672,68.37236785888672,75.75,74.69000244140625,75.2699966430664,3943800
2023-11-13,67.80252838134766,67.80252838134766,75.27999877929688,74.51000213623047,75.02999877929688,3791200
2023-11-14,71.56532287597656,71.56532287597656,79.80999755859375,77.25,77.4000015258789,7493800
2023-11-15,71.77334594726562,71.77334594726562,80.06999969482422,78.9800033569336,79.05000305175781,6033400
2023-11-16,71.61958312988281,71.61958312988281,79.73999786376953,78.93000030517578,79.5,4879800
2023-11-17,71.56532287597656,71.56532287597656,79.87999725341797,78.79000091552734,79.86000061035156,4379000
2023-11-20,72.08992767333984,72.08992767333984,79.69999694824219,78.38999938964844,79.02999877929688,4225000
2023-11-21,71.58341217041016,71.58341217041016,79.44000244140625,78.94000244140625,79.36000061035156,3703600
2023-11-22,71.93616485595703,71.93616485595703,80.08999633789062,79.16999816894531,79.86000061035156,5280200
2023-11-24,72.14420318603516,72.14420318603516,79.81999969482422,78.97000122070312,79.33999633789062,1893600
2023-11-27,72.40653228759766,72.40653228759766,80.48999786376953,79.43000030517578,79.80000305175781,5790800
2023-11-28,72.88590240478516,72.88590240478516,80.6500015258789,79.43000030517578,79.83999633789062,5811300
2023-11-29,73.3924331665039,73.3924331665039,81.93000030517578,81.04000091552734,81.16000366210938,4605400
2023-11-30,73.92610168457031,73.92610168457031,81.77999877929688,80.79000091552734,81.08000183105469,4118600
2023-12-01,75.74417877197266,75.74417877197266,83.75,81.41999816894531,81.66000366210938,7182800
2023-12-04,76.29592895507812,76.29592895507812,84.37000274658203,83.19000244140625,83.37999725341797,6740500
2023-12-05,75.78939056396484,75.78939056396484,84.04000091552734,83.36000061035156,83.9000015258789,6149900
2023-12-06,75.56326293945312,75.56326293945312,84.77999877929688,83.4800033569336,84.20999908447266,4405000
2023-12-07,75.78034973144531,75.78034973144531,84.04000091552734,83.20999908447266,83.58999633789062,6631500
2023-12-08,75.65372467041016,75.65372467041016,83.8499984741211,82.79000091552734,83.48999786376953,3416900
2023-12-11,75.86177062988281,75.86177062988281,84.0199966430664,83.23999786376953,83.36000061035156,3143200
2023-12-12,75.81652069091797,75.81652069091797,84.12999725341797,83.37999725341797,83.86000061035156,3158400
2023-12-13,78.72003936767578,78.72003936767578,87.33000183105469,83.70999908447266,83.94000244140625,5649600
2023-12-14,80.99036407470703,80.99036407470703,90.08999633789062,88.63999938964844,88.6500015258789,6918500
2023-12-15,79.85066986083984,79.85066986083984,89.37999725341797,87.63999938964844,89.33000183105469,7666400
2023-12-18,79.66976928710938,79.66976928710938,88.7699966430664,87.9800033569336,88.69999694824219,6353800
2023-12-19,80.27579498291016,80.27579498291016,89.0,88.41999816894531,88.5,5786900
2023-12-20,79.29891967773438,79.29891967773438,89.45999908447266,87.61000061035156,88.83999633789062,6072600
2023-12-21,80.0021743774414,80.0021743774414,87.58999633789062,86.43000030517578,87.3499984741211,4430000
2023-12-22,80.31348419189453,80.31348419189453,88.41000366210938,87.2699966430664,87.70999908447266,5100300
2023-12-26,80.90868377685547,80.90868377685547,88.5999984741211,87.58999633789062,87.68000030517578,4336600
2023-12-27,81.30241394042969,81.30241394042969,88.9000015258789,88.12999725341797,88.52999877929688,5383600
2023-12-28,81.87928771972656,81.87928771972656,89.41999816894531,88.55999755859375,88.68000030517578,3879100
2023-12-29,80.90868377685547,80.90868377685547,89.16999816894531,88.26000213623047,89.0999984741211,5331500
2024-01-02,81.60458374023438,81.60458374023438,89.26000213623047,87.68000030517578,88.05000305175781,6057900
2024-01-03,79.6541976928711,79.6541976928711,88.41999816894531,86.81999969482422,88.41999816894531,5159600
2024-01-04,79.50770568847656,79.50770568847656,87.41999816894531,86.44999694824219,86.81999969482422,5609900
2024-01-05,79.30624389648438,79.30624389648438,87.37000274658203,85.69999694824219,86.19999694824219,3805800
2024-01-08,80.44168090820312,80.44168090820312,87.94999694824219,86.36000061035156,86.55999755859375,5372100
2024-01-09,79.90143585205078,79.90143585205078,87.61000061035156,86.58000183105469,87.0,3819000
2024-01-10,79.99300384521484,79.99300384521484,87.7699966430664,87.04000091552734,87.44000244140625,3649900
2024-01-11,79.25131225585938,79.25131225585938,87.18000030517578,86.05000305175781,87.18000030517578,5512700
2024-01-12,79.72746276855469,79.72746276855469,87.69999694824219,86.62999725341797,87.41999816894531,3070300
2024-01-16,79.14142608642578,79.14142608642578,86.97000122070312,86.1500015258789,86.58000183105469,5125800
2024-01-17,77.69466400146484,77.69466400146484,86.33000183105469,83.98999786376953,85.25,4898900
2024-01-18,77.2734603881836,77.2734603881836,85.30000305175781,83.77999877929688,84.9800033569336,4537800
2024-01-19,78.19829559326172,78.19829559326172,85.68000030517578,83.94999694824219,84.58999633789062,6188700
2024-01-22,78.665283203125,78.665283203125,86.73999786376953,85.5199966430664,85.69999694824219,4203000
2024-01-23,78.1250228881836,78.1250228881836,86.52999877929688,85.02999877929688,86.23999786376953,4821800
2024-01-24,77.00792694091797,77.00792694091797,86.2699966430664,84.04000091552734,86.19000244140625,3265600
2024-01-25,77.99684143066406,77.99684143066406,85.62000274658203,84.76000213623047,85.11000061035156,4394300
2024-01-26,77.77708435058594,77.77708435058594,85.58999633789062,84.75,85.3499984741211,2783200
2024-01-29,78.28985595703125,78.28985595703125,85.66999816894531,84.69000244140625,84.91999816894531,3591900
2024-01-30,77.55732727050781,77.55732727050781,85.43000030517578,84.54000091552734,85.12999725341797,4580900
2024-01-31,76.81562042236328,76.81562042236328,85.62999725341797,83.7300033569336,84.9800033569336,8892900
2024-02-01,78.20745086669922,78.20745086669922,85.44000244140625,83.33999633789062,83.80000305175781,8950700
2024-02-02,77.2368392944336,77.2368392944336,84.87999725341797,82.94000244140625,84.18000030517578,7935800
2024-02-05,75.61610412597656,75.61610412597656,83.30000305175781,82.33000183105469,83.30000305175781,6269400
2024-02-06,76.63249969482422,76.63249969482422,83.8499984741211,82.41000366210938,82.70999908447266,5482300
2024-02-07,76.5226058959961,76.5226058959961,84.06999969482422,83.0999984741211,83.98999786376953,5074200
2024-02-08,77.14527130126953,77.14527130126953,84.48999786376953,83.33000183105469,83.33000183105469,3697200
2024-02-09,77.26429748535156,77.26429748535156,84.5199966430664,83.43000030517578,84.19999694824219,3478100
2024-02-12,77.28263092041016,77.28263092041016,85.01000213623047,84.22000122070312,84.54000091552734,3949000
2024-02-13,75.6893539428711,75.6893539428711,82.68000030517578,81.54000091552734,82.58000183105469,6203500
2024-02-14,76.28453826904297,76.28453826904297,83.77999877929688,82.62000274658203,83.0199966430664,5264400
2024-02-15,78.06094360351562,78.06094360351562,85.33999633789062,84.0199966430664,84.06999969482422,5164800
2024-02-16,77.25514221191406,77.25514221191406,84.86000061035156,83.6500015258789,84.25,4781000
2024-02-20,77.1177978515625,77.1177978515625,84.55999755859375,83.4800033569336,83.87999725341797,4739900
2024-02-21,77.54816436767578,77.54816436767578,84.80999755859375,84.06999969482422,84.4000015258789,4053000
2024-02-22,77.69466400146484,77.69466400146484,85.27999877929688,84.66999816894531,84.95999908447266,5000600
2024-02-23,77.65805053710938,77.65805053710938,85.30000305175781,84.5999984741211,84.9000015258789,4695600
2024-02-26,76.80646514892578,76.80646514892578,85.04000091552734,83.72000122070312,84.58999633789062,5943300
2024-02-27,76.8980484008789,76.8980484008789,84.72000122070312,83.80000305175781,84.33999633789062,3857800
2024-02-28,77.67636108398438,77.67636108398438,85.3499984741211,83.45999908447266,83.55000305175781,5170700
2024-02-29,78.33564758300781,78.33564758300781,86.0,85.16000366210938,85.51000213623047,6595400
2024-03-01,79.26961517333984,79.26961517333984,86.56999969482422,84.52999877929688,85.41999816894531,6560900
2024-03-04,80.01131439208984,80.01131439208984,87.43000030517578,85.72000122070312,86.33000183105469,5319000
2024-03-05,79.04069519042969,79.04069519042969,87.54000091552734,85.91999816894531,86.91000366210938,4722600
2024-03-06,79.4344482421875,79.4344482421875,87.08000183105469,86.23999786376953,86.87999725341797,4999400
2024-03-07,79.41612243652344,79.41612243652344,87.41999816894531,86.30000305175781,87.20999908447266,3164100
2024-03-08,80.3318099975586,80.3318099975586,88.02999877929688,87.30000305175781,87.5,4546400
2024-03-11,79.94721984863281,79.94721984863281,88.06999969482422,86.94000244140625,87.54000091552734,3467200
2024-03-12,79.77323913574219,79.77323913574219,87.4800033569336,86.37000274658203,87.1500015258789,3309000
2024-03-13,79.37035369873047,79.37035369873047,87.51000213623047,86.4000015258789,86.97000122070312,3418600
2024-03-14,78.17997741699219,78.17997741699219,86.48999786376953,84.6500015258789,86.31999969482422,4155000
2024-03-15,78.0060043334961,78.0060043334961,85.5199966430664,84.54000091552734,84.55999755859375,4214300
2024-03-18,78.0426254272461,78.0426254272461,85.68000030517578,85.06999969482422,85.37999725341797,3030800
2024-03-19,78.01514434814453,78.01514434814453,85.5199966430664,84.69000244140625,85.1500015258789,4165700
2024-03-20,78.5279312133789,78.5279312133789,86.0199966430664,84.31999969482422,84.66999816894531,4605800
2024-03-21,79.09564971923828,79.09564971923828,86.75,85.86000061035156,86.12999725341797,3753200
2024-03-22,78.1001205444336,78.1001205444336,85.87999725341797,84.51000213623047,85.69000244140625,3923200
2024-03-25,77.61991119384766,77.61991119384766,84.95999908447266,84.05000305175781,84.6500015258789,5262400
2024-03-26,77.30590057373047,77.30590057373047,84.37000274658203,83.69000244140625,84.2699966430664,4923000
2024-03-27,79.30065155029297,79.30065155029297,85.9000015258789,84.47000122070312,84.66999816894531,5191400
2024-03-28,79.86400604248047,79.86400604248047,86.7699966430664,86.02999877929688,86.02999877929688,4626900
2024-04-01,78.5249252319336,78.5249252319336,86.73999786376953,84.87000274658203,86.73999786376953,5331200
2024-04-02,77.53679656982422,77.53679656982422,84.44000244140625,83.62999725341797,84.37000274658203,5116000
2024-04-03,77.61991119384766,77.61991119384766,84.1500015258789,83.41000366210938,83.76000213623047,3632700
2024-04-04,77.12120819091797,77.12120819091797,85.13999938964844,83.22000122070312,84.73999786376953,5953600
2024-04-05,77.51831817626953,77.51831817626953,84.13999938964844,83.01000213623047,83.22000122070312,4789000
2024-04-08,78.34944915771484,78.34944915771484,84.91999816894531,84.12000274658203,84.20999908447266,3866900
2024-04-09,79.39302062988281,79.39302062988281,85.97000122070312,84.97000122070312,85.1500015258789,4075600
2024-04-10,76.1053695678711,76.1053695678711,83.70999908447266,81.93000030517578,83.44999694824219,8332800
2024-04-11,76.36394500732422,76.36394500732422,83.16000366210938,81.86000061035156,82.98999786376953,7145900
2024-04-12,75.45892333984375,75.45892333984375,82.37999725341797,81.38999938964844,82.19000244140625,5451200
2024-04-15,74.17525482177734,74.17525482177734,82.33000183105469,79.87000274658203,82.25,5478600
2024-04-16,73.13170623779297,73.13170623779297,80.05000305175781,78.95999908447266,79.95999908447266,6598800
2024-04-17,72.59607696533203,72.59607696533203,79.37999725341797,78.55999755859375,79.02999877929688,5554700
2024-04-18,72.60531616210938,72.60531616210938,79.12000274658203,78.2699966430664,78.93000030517578,4158300
2024-04-19,72.95623779296875,72.95623779296875,79.3499984741211,78.62999725341797,78.66000366210938,4585600
2024-04-22,73.6026840209961,73.6026840209961,79.86000061035156,78.76000213623047,79.30000305175781,3846100
2024-04-23,74.27684020996094,74.27684020996094,80.76000213623047,79.72000122070312,79.8499984741211,5484100
2024-04-24,74.41536712646484,74.41536712646484,80.72000122070312,79.63999938964844,80.12000274658203,4513600
2024-04-25,73.99055480957031,73.99055480957031,80.25,79.2699966430664,79.77999877929688,4082800
2024-04-26,74.02749633789062,74.02749633789062,80.97000122070312,80.0,80.23999786376953,3367700
2024-04-29,74.78475952148438,74.78475952148438,81.2300033569336,80.51000213623047,80.51000213623047,4374000
2024-04-30,73.51956176757812,73.51956176757812,80.79000091552734,79.58000183105469,80.41000366210938,7003900
2024-05-01,73.54727172851562,73.54727172851562,81.12000274658203,79.37000274658203,79.5,7204200
2024-05-02,74.58159637451172,74.58159637451172,80.94000244140625,79.55000305175781,80.38999938964844,4804800
2024-05-03,75.08029174804688,75.08029174804688,82.63999938964844,81.11000061035156,82.16000366210938,4270000
2024-05-06,75.14493560791016,75.14493560791016,82.02999877929688,81.05000305175781,81.88999938964844,3044800
2024-05-07,75.85601806640625,75.85601806640625,82.4000015258789,81.77999877929688,82.01000213623047,3667300
2024-05-08,75.21879577636719,75.21879577636719,81.69000244140625,81.18000030517578,81.69000244140625,4129800
2024-05-09,76.76104736328125,76.76104736328125,83.19000244140625,82.0999984741211,82.0999984741211,5452200
2024-05-10,76.54863739013672,76.54863739013672,83.33999633789062,82.63999938964844,83.25,5649800
2024-05-13,76.7979965209961,76.7979965209961,83.6500015258789,82.7699966430664,83.19999694824219,2848700
2024-05-14,77.38902282714844,77.38902282714844,84.16999816894531,83.36000061035156,83.72000122070312,3099700
2024-05-15,78.46027374267578,78.46027374267578,85.41999816894531,84.76000213623047,85.02999877929688,3544900
2024-05-16,78.40486145019531,78.40486145019531,85.27999877929688,84.7699966430664,85.04000091552734,2577000
2024-05-17,78.39562225341797,78.39562225341797,85.0999984741211,84.58000183105469,85.0,2791700
2024-05-20,77.93389129638672,77.93389129638672,84.97000122070312,84.29000091552734,84.72000122070312,2842800
2024-05-21,77.90618896484375,77.90618896484375,84.5,84.01000213623047,84.19000244140625,2655100
2024-05-22,77.20433044433594,77.20433044433594,84.41000366210938,83.3499984741211,84.06999969482422,3888000
2024-05-23,75.54203033447266,75.54203033447266,83.5999984741211,81.75,83.5999984741211,4061100
2024-05-24,75.5974349975586,75.5974349975586,82.31999969482422,81.75,82.19000244140625,2317800
2024-05-28,75.09876251220703,75.09876251220703,82.58000183105469,81.2300033569336,82.25,3046600
2024-05-29,74.36918640136719,74.36918640136719,80.6500015258789,80.16999816894531,80.5,3203100
2024-05-30,75.45892333984375,75.45892333984375,81.75,80.93000030517578,80.93000030517578,2748800
2024-05-31,76.87185668945312,76.87185668945312,83.30000305175781,81.8499984741211,82.20999908447266,4176900
2024-06-03,76.69640350341797,76.69640350341797,83.69000244140625,82.62000274658203,83.69000244140625,3301600
2024-06-04,77.28743743896484,77.28743743896484,84.04000091552734,82.80999755859375,82.80999755859375,2720700
2024-06-05,77.19508361816406,77.19508361816406,83.86000061035156,83.08999633789062,83.73999786376953,2373300
2024-06-06,77.34284973144531,77.34284973144531,83.7699966430664,82.8499984741211,83.19999694824219,4002100
2024-06-07,76.61328125,76.61328125,83.18000030517578,82.37000274658203,82.43000030517578,3227900
2024-06-10,76.87185668945312,76.87185668945312,83.5199966430664,82.0999984741211,82.69999694824219,2450800
2024-06-11,76.59481811523438,76.59481811523438,83.33000183105469,82.61000061035156,82.8499984741211,3261700
2024-06-12,77.2781982421875,77.2781982421875,85.33999633789062,83.56999969482422,84.69000244140625,4123500
2024-06-13,77.59219360351562,77.59219360351562,84.29000091552734,83.37999725341797,83.87000274658203,2619900
2024-06-14,77.57372283935547,77.57372283935547,84.23999786376953,83.31999969482422,83.7300033569336,2178600
2024-06-17,77.26897430419922,77.26897430419922,84.08999633789062,83.16000366210938,83.51000213623047,2168100
2024-06-18,77.57372283935547,77.57372283935547,84.30999755859375,83.70999908447266,83.88999938964844,3073600
2024-06-20,77.35208129882812,77.35208129882812,84.04000091552734,83.48999786376953,83.73999786376953,2432900
2024-06-21,77.54600524902344,77.54600524902344,84.1500015258789,83.4000015258789,83.91999816894531,2337000
2024-06-24,78.14629364013672,78.14629364013672,85.45999908447266,83.87999725341797,84.01000213623047,2834300
2024-06-25,77.18585968017578,77.18585968017578,84.5199966430664,83.12999725341797,84.4800033569336,2445900
2024-06-26,76.94574737548828,76.94574737548828,83.58000183105469,82.83999633789062,83.0,3287900
2024-06-27,77.69378662109375,77.69378662109375,84.16000366210938,83.26000213623047,83.44999694824219,4244800
2024-06-28,78.31366729736328,78.31366729736328,84.12000274658203,83.12999725341797,83.48999786376953,4090500
2024-07-01,77.57503509521484,77.57503509521484,83.9000015258789,82.47000122070312,83.69000244140625,3274800
2024-07-02,77.93968200683594,77.93968200683594,83.48999786376953,82.87999725341797,83.20999908447266,3141400
2024-07-03,77.86488342285156,77.86488342285156,83.94000244140625,83.2699966430664,83.44999694824219,1571500
2024-07-05,78.0799331665039,78.0799331665039,83.66999816894531,82.9800033569336,83.44000244140625,3217000
2024-07-08,78.3323745727539,78.3323745727539,83.9800033569336,83.4000015258789,83.61000061035156,3239200
2024-07-09,78.31366729736328,78.31366729736328,84.04000091552734,82.94999694824219,83.58000183105469,2123200
2024-07-10,78.89334106445312,78.89334106445312,84.44999694824219,83.56999969482422,84.0999984741211,2482400
2024-07-11,81.156005859375,81.156005859375,87.0999984741211,85.45999908447266,85.45999908447266,4363500
2024-07-12,81.77307891845703,81.77307891845703,88.0199966430664,87.13999938964844,87.5,3562600
2024-07-15,82.32471466064453,82.32471466064453,88.16000366210938,87.37000274658203,87.62000274658203,2928700
2024-07-16,83.3344955444336,83.3344955444336,89.16000366210938,88.1500015258789,88.61000061035156,3029300
2024-07-17,83.90483093261719,83.90483093261719,90.33999633789062,89.0199966430664,89.0199966430664,4757200
2024-07-18,83.16619873046875,83.16619873046875,90.79000091552734,88.7300033569336,89.23999786376953,4464700
2024-07-19,83.0166015625,83.0166015625,89.2300033569336,88.41000366210938,89.08000183105469,2809000
2024-07-22,83.87678527832031,83.87678527832031,89.80000305175781,88.41000366210938,89.05000305175781,3244400
2024-07-23,83.81132507324219,83.81132507324219,90.26000213623047,89.16999816894531,89.56999969482422,2655400
2024-07-24,82.57716369628906,82.57716369628906,90.16999816894531,88.2300033569336,89.58999633789062,3844900
2024-07-25,82.30602264404297,82.30602264404297,89.68000030517578,87.83999633789062,88.6500015258789,4723200
2024-07-26,83.74589538574219,83.74589538574219,89.87999725341797,88.44000244140625,88.68000030517578,3326000
2024-07-29,84.17597198486328,84.17597198486328,90.33000183105469,88.91999816894531,89.70999908447266,3371100
2024-07-30,84.83045196533203,84.83045196533203,90.94000244140625,90.02999877929688,90.37000274658203,2854000
2024-07-31,84.53126525878906,84.53126525878906,91.54000091552734,90.1500015258789,90.88999938964844,5633800
2024-08-01,85.3821029663086,85.3821029663086,91.81999969482422,90.47000122070312,91.45999908447266,6988100
2024-08-02,85.33533477783203,85.33533477783203,92.12999725341797,90.44999694824219,91.0999984741211,5223600
2024-08-05,82.89505004882812,82.89505004882812,91.0199966430664,88.41999816894531,89.4800033569336,6852600
2024-08-06,84.53126525878906,84.53126525878906,91.37000274658203,88.2699966430664,88.63999938964844,7321600
2024-08-07,83.95158386230469,83.95158386230469,91.8499984741211,89.68000030517578,90.80999755859375,4998600
2024-08-08,84.77436065673828,84.77436065673828,90.8499984741211,89.5199966430664,89.80000305175781,5981200
2024-08-09,85.16703796386719,85.16703796386719,91.26000213623047,90.0999984741211,91.0199966430664,4133800
2024-08-12,84.54060363769531,84.54060363769531,90.77999877929688,89.77999877929688,90.7699966430664,2925500
2024-08-13,85.27924346923828,85.27924346923828,91.30999755859375,90.55000305175781,91.05999755859375,3111300
2024-08-14,85.50363159179688,85.50363159179688,91.87999725341797,90.93000030517578,91.37000274658203,2966300
2024-08-15,85.43819427490234,85.43819427490234,91.79000091552734,90.9800033569336,91.58999633789062,4054400
2024-08-16,85.39144134521484,85.39144134521484,91.69999694824219,90.91999816894531,91.37999725341797,2260900
2024-08-19,86.1020278930664,86.1020278930664,92.08999633789062,91.31999969482422,91.33000183105469,2629800
2024-08-20,85.99917602539062,85.99917602539062,92.33999633789062,91.66000366210938,92.19000244140625,4934200
2024-08-21,86.45732116699219,86.45732116699219,92.5199966430664,91.62999725341797,92.08000183105469,2965900
2024-08-22,86.70976257324219,86.70976257324219,92.83000183105469,92.22000122070312,92.5199966430664,3182300
2024-08-23,88.61711120605469,88.61711120605469,94.91000366210938,93.08000183105469,93.13999938964844,8040200
2024-08-26,88.5797119140625,88.5797119140625,95.37000274658203,94.58000183105469,95.16999816894531,2748500
2024-08-27,88.71061706542969,88.71061706542969,94.94999694824219,93.95999908447266,94.04000091552734,1859300
2024-08-28,88.36466217041016,88.36466217041016,95.11000061035156,94.05999755859375,94.86000061035156,2664100
2024-08-29,88.09353637695312,88.09353637695312,94.62000274658203,93.83999633789062,94.45999908447266,3379500
2024-08-30,88.9443588256836,88.9443588256836,95.18000030517578,93.95999908447266,94.6500015258789,3490000
2024-09-03,88.89761352539062,88.89761352539062,95.5,94.48999786376953,94.73999786376953,5160800
2024-09-04,89.15005493164062,89.15005493164062,96.2300033569336,94.8499984741211,95.31999969482422,3041100
2024-09-05,88.8602066040039,88.8602066040039,96.13999938964844,94.87000274658203,95.9800033569336,6269400
2024-09-06,88.77605438232422,88.77605438232422,95.20999908447266,94.19000244140625,95.19000244140625,6965800
2024-09-09,89.76714324951172,89.76714324951172,96.19000244140625,94.80000305175781,94.95999908447266,2906400
2024-09-10,91.06675720214844,91.06675720214844,97.44000244140625,96.02999877929688,96.29000091552734,6001000
2024-09-11,90.88911437988281,90.88911437988281,97.31999969482422,95.41999816894531,96.5199966430664,3872100
2024-09-12,91.27245330810547,91.27245330810547,97.69000244140625,96.5999984741211,97.43000030517578,2713200
2024-09-13,92.22613525390625,92.22613525390625,98.66000366210938,98.01000213623047,98.25,3402700
2024-09-16,92.53466796875,92.53466796875,99.41000366210938,98.6500015258789,99.05000305175781,4144500
2024-09-17,91.8895263671875,91.8895263671875,99.37000274658203,98.04000091552734,99.0999984741211,2990700
2024-09-18,91.77733612060547,91.77733612060547,99.58000183105469,98.0199966430664,98.43000030517578,5097000
2024-09-19,91.79603576660156,91.79603576660156,99.05000305175781,97.54000091552734,99.01000213623047,4450200
2024-09-20,91.431396484375,91.431396484375,98.05999755859375,97.44000244140625,97.62000274658203,3708500
2024-09-23,92.33833312988281,92.33833312988281,98.87000274658203,98.2699966430664,98.45999908447266,3320700
2024-09-24,92.46922302246094,92.46922302246094,99.18000030517578,98.05000305175781,98.37000274658203,3279000
2024-09-25,91.85214233398438,91.85214233398438,99.22000122070312,98.0199966430664,99.0,2466000
2024-09-26,91.01998901367188,91.01998901367188,98.47000122070312,97.08000183105469,98.41000366210938,4776900
2024-09-27,91.13597869873047,91.13597869873047,97.56999969482422,96.62000274658203,97.33999633789062,4932800
2024-09-30,91.85254669189453,91.85254669189453,97.48999786376953,96.2699966430664,96.48999786376953,4207000
2024-10-01,91.258544921875,91.258544921875,97.80000305175781,96.36000061035156,97.62999725341797,4240300
2024-10-02,90.93798065185547,90.93798065185547,96.54000091552734,95.75,95.98999786376953,5161600
2024-10-03,90.10826110839844,90.10826110839844,96.31999969482422,95.2300033569336,96.11000061035156,2664400
2024-10-04,89.67455291748047,89.67455291748047,95.3499984741211,94.23999786376953,95.02999877929688,4602000
2024-10-07,88.88256072998047,88.88256072998047,94.58999633789062,93.83999633789062,94.58999633789062,3420200
2024-10-08,89.06169891357422,89.06169891357422,94.88999938964844,94.08999633789062,94.51000213623047,3773700
2024-10-09,89.15597534179688,89.15597534179688,94.56999969482422,93.91999816894531,94.27999877929688,4120600
2024-10-10,88.36399841308594,88.36399841308594,94.66999816894531,93.43000030517578,94.0199966430664,2664300
2024-10-11,89.36341094970703,89.36341094970703,94.77999877929688,94.0199966430664,94.19999694824219,2654000
2024-10-14,89.90084838867188,89.90084838867188,95.51000213623047,94.27999877929688,94.5,2529100
2024-10-15,90.98512268066406,90.98512268066406,97.31999969482422,95.75,95.80000305175781,2808500
2024-10-16,91.98453521728516,91.98453521728516,97.69000244140625,96.55000305175781,96.7300033569336,3177100
2024-10-17,91.258544921875,91.258544921875,97.29000091552734,96.5,97.18000030517578,2904100
2024-10-18,91.93739318847656,91.93739318847656,97.55000305175781,96.66000366210938,97.02999877929688,2080200
2024-10-21,90.13655090332031,90.13655090332031,97.41999816894531,95.47000122070312,97.02999877929688,4143000
2024-10-22,90.26856231689453,90.26856231689453,96.08999633789062,95.16000366210938,95.30999755859375,2530000
2024-10-23,90.92854309082031,90.92854309082031,96.62000274658203,95.41000366210938,95.51000213623047,2710500
2024-10-24,91.12654876708984,91.12654876708984,97.25,96.4800033569336,96.55999755859375,2632300
2024-10-25,90.26856231689453,90.26856231689453,97.61000061035156,95.70999908447266,97.30999755859375,3834800
2024-10-28,90.5514144897461,90.5514144897461,96.98999786376953,95.91999816894531,96.43000030517578,2296500
2024-10-29,89.90084838867188,89.90084838867188,96.1500015258789,95.04000091552734,95.73999786376953,2819600
2024-10-30,90.29683685302734,90.29683685302734,96.4800033569336,95.30000305175781,95.3499984741211,2930300
2024-10-31,88.76941680908203,88.76941680908203,95.58000183105469,94.08999633789062,95.0,4946300
2024-11-01,87.78884887695312,87.78884887695312,94.91000366210938,93.05999755859375,94.68000030517578,4835200
2024-11-04,88.75055694580078,88.75055694580078,94.45999908447266,93.37999725341797,93.41000366210938,3368200
2024-11-05,89.92913055419922,89.92913055419922,95.43000030517578,93.38999938964844,93.61000061035156,2398100
2024-11-06,88.01514434814453,88.01514434814453,95.62999725341797,92.37000274658203,95.62999725341797,6335400
2024-11-07,89.07113647460938,89.07113647460938,94.75,93.54000091552734,93.80000305175781,4871300
2024-11-08,90.40055084228516,90.40055084228516,96.16000366210938,94.69999694824219,94.83000183105469,4093600
2024-11-11,89.94799041748047,89.94799041748047,96.44000244140625,95.33999633789062,95.80999755859375,2279800
2024-11-12,88.70343017578125,88.70343017578125,95.45999908447266,94.06999969482422,95.05000305175781,4645800
2024-11-13,89.1937026977539,89.1937026977539,95.44999694824219,94.45999908447266,94.86000061035156,2884300
2024-11-14,88.39229583740234,88.39229583740234,94.5999984741211,93.56999969482422,94.5999984741211,3708000
2024-11-15,88.43942260742188,88.43942260742188,93.9800033569336,93.01000213623047,93.41000366210938,2786400
2024-11-18,89.08056640625,89.08056640625,94.4800033569336,93.22000122070312,93.37999725341797,2468100
2024-11-19,89.5142822265625,89.5142822265625,95.16999816894531,93.77999877929688,94.2300033569336,3041600
2024-11-20,89.40113830566406,89.40113830566406,94.94999694824219,94.05000305175781,94.55000305175781,3143000
2024-11-21,90.06111907958984,90.06111907958984,95.80999755859375,94.44999694824219,94.83999633789062,2988600
2024-11-22,90.73997497558594,90.73997497558594,96.41999816894531,95.83000183105469,95.83999633789062,2943700
2024-11-25,92.00341033935547,92.00341033935547,98.05999755859375,96.80000305175781,96.80000305175781,4001200
2024-11-26,92.37110900878906,92.37110900878906,98.06999969482422,97.04000091552734,97.41999816894531,2774500
2024-11-27,92.96510314941406,92.96510314941406,99.19999694824219,98.51000213623047,98.52999877929688,2383100
2024-11-29,92.55025482177734,92.55025482177734,99.08999633789062,98.04000091552734,98.75,1922400
2024-12-02,91.20198059082031,91.20198059082031,97.73999786376953,96.47000122070312,97.66000366210938,3659400
2024-12-03,90.73997497558594,90.73997497558594,97.11000061035156,96.19000244140625,96.81999969482422,1992500
2024-12-04,90.49484252929688,90.49484252929688,96.33999633789062,95.47000122070312,96.33999633789062,2220300
2024-12-05,90.27798461914062,90.27798461914062,95.83999633789062,95.22000122070312,95.58999633789062,2922300
2024-12-06,90.14598083496094,90.14598083496094,96.33000183105469,95.19000244140625,96.01000213623047,1866100
2024-12-09,90.40055084228516,90.40055084228516,96.19999694824219,95.5999984741211,95.73999786376953,2871900
2024-12-10,89.0899887084961,89.0899887084961,95.7699966430664,94.19000244140625,95.76000213623047,2902100
2024-12-11,88.88256072998047,88.88256072998047,94.9800033569336,94.01000213623047,94.52999877929688,4294900
2024-12-12,88.74114227294922,88.74114227294922,95.12999725341797,94.02999877929688,94.02999877929688,2255100
2024-12-13,88.48655700683594,88.48655700683594,94.19000244140625,93.58999633789062,93.98999786376953,2796200
2024-12-16,88.17542266845703,88.17542266845703,94.58000183105469,93.44999694824219,93.80000305175781,3644900
2024-12-17,87.75114440917969,87.75114440917969,93.83000183105469,92.83000183105469,93.13999938964844,3020200
2024-12-18,84.13059997558594,84.13059997558594,93.2699966430664,89.20999908447266,92.83000183105469,5409800
2024-12-19,82.82946014404297,82.82946014404297,90.1500015258789,87.79000091552734,89.47000122070312,5403600
2024-12-20,84.22488403320312,84.22488403320312,90.33999633789062,87.8499984741211,87.8499984741211,7622200
2024-12-23,84.55426025390625,84.55426025390625,88.93000030517578,87.83999633789062,88.18000030517578,4548900
2024-12-24,85.11592864990234,85.11592864990234,89.51000213623047,88.51000213623047,88.55000305175781,2182600
2024-12-26,85.34439849853516,85.34439849853516,89.73999786376953,88.7300033569336,89.16999816894531,2577400
2024-12-27,84.48763275146484,84.48763275146484,89.7699966430664,88.5,89.12000274658203,3816700
2024-12-30,84.06875610351562,84.06875610351562,88.55999755859375,87.44000244140625,88.41999816894531,4402400
2024-12-31,84.80177307128906,84.80177307128906,89.29000091552734,88.27999877929688,88.97000122070312,5045100
2025-01-02,84.04972076416016,84.04972076416016,89.2699966430664,88.01000213623047,89.08999633789062,5296100
2025-01-03,85.15399169921875,85.15399169921875,89.54000091552734,88.22000122070312,88.5,3469900
2025-01-06,84.05923461914062,84.05923461914062,89.72000122070312,88.16000366210938,89.33000183105469,4206500
2025-01-07,83.25957489013672,83.25957489013672,88.98999786376953,87.2300033569336,88.68000030517578,5679000
2025-01-08,83.47853088378906,83.47853088378906,87.76000213623047,86.61000061035156,87.44999694824219,5250300
2025-01-10,81.4413070678711,81.4413070678711,86.5199966430664,85.4800033569336,86.30999755859375,10056500
2025-01-13,82.44088745117188,82.44088745117188,86.68000030517578,85.27999877929688,85.4800033569336,3740200
2025-01-14,83.19293975830078,83.19293975830078,87.58000183105469,86.75,86.97000122070312,3829900
2025-01-15,83.66893005371094,83.66893005371094,89.87000274658203,87.83999633789062,89.79000091552734,3886700
2025-01-16,85.40151977539062,85.40151977539062,89.80000305175781,87.80999755859375,88.08999633789062,4112800
2025-01-17,85.34439849853516,85.34439849853516,90.26000213623047,89.6500015258789,89.97000122070312,3672400
2025-01-21,86.9437255859375,86.9437255859375,91.38999938964844,90.0199966430664,90.0999984741211,3634900
2025-01-22,85.4300765991211,85.4300765991211,91.05999755859375,89.68000030517578,91.05999755859375,2966300
2025-01-23,86.05838012695312,86.05838012695312,90.41999816894531,89.05000305175781,89.88999938964844,2706900
2025-01-24,86.35350036621094,86.35350036621094,91.29000091552734,90.04000091552734,90.08000183105469,3267300
2025-01-27,87.50537872314453,87.50537872314453,91.94999694824219,90.58999633789062,90.69999694824219,4107700
2025-01-28,86.44869232177734,86.44869232177734,91.6500015258789,90.58999633789062,91.6500015258789,2373800
2025-01-29,85.30632019042969,85.30632019042969,91.08000183105469,89.18000030517578,90.83999633789062,2820000
2025-01-30,86.39156341552734,86.39156341552734,91.5199966430664,90.0199966430664,90.68000030517578,3485100
2025-01-31,86.20117950439453,86.20117950439453,91.43000030517578,90.30000305175781,90.51000213623047,2566200
2025-02-03,86.02030181884766,86.02030181884766,90.70999908447266,88.91999816894531,89.75,5187600
2025-02-04,86.08695220947266,86.08695220947266,90.63999938964844,89.5,89.80999755859375,3371500
2025-02-05,87.29594421386719,87.29594421386719,91.9000015258789,90.47000122070312,91.27999877929688,3310400
2025-02-06,87.51490020751953,87.51490020751953,92.20999908447266,91.33999633789062,92.20999908447266,3468600
2025-02-07,87.22929382324219,87.22929382324219,92.16000366210938,91.0999984741211,92.0999984741211,2516200
2025-02-10,87.19123077392578,87.19123077392578,91.83999633789062,90.9000015258789,91.79000091552734,2195400
2025-02-11,87.57201385498047,87.57201385498047,92.02999877929688,91.08999633789062,91.18000030517578,2260000
2025-02-12,86.7628402709961,86.7628402709961,91.43000030517578,90.01000213623047,90.1500015258789,4747200
2025-02-13,87.62914276123047,87.62914276123047,92.20999908447266,90.80999755859375,91.0,3734300
2025-02-14,87.22929382324219,87.22929382324219,92.69000244140625,91.61000061035156,92.27999877929688,2344300
2025-02-18,87.61962127685547,87.61962127685547,92.36000061035156,91.37000274658203,91.48999786376953,2500700
2025-02-19,87.6862564086914,87.6862564086914,92.33999633789062,91.44999694824219,91.63999938964844,2339100
2025-02-20,88.1051254272461,88.1051254272461,92.66000366210938,91.58999633789062,92.04000091552734,2920000
2025-02-21,87.23883056640625,87.23883056640625,92.7699966430664,91.0999984741211,92.72000122070312,2534600
2025-02-24,87.58153533935547,87.58153533935547,92.58000183105469,91.37000274658203,91.7699966430664,3258700
2025-02-25,88.65727233886719,88.65727233886719,93.55000305175781,92.26000213623047,92.26000213623047,4329200
2025-02-26,88.28600311279297,88.28600311279297,93.54000091552734,92.41999816894531,93.33999633789062,2828800
2025-02-27,88.63822937011719,88.63822937011719,93.66000366210938,92.61000061035156,92.76000213623047,2379800
2025-02-28,89.39028930664062,89.39028930664062,93.94000244140625,92.81999969482422,93.52999877929688,4213800
2025-03-03,89.80915069580078,89.80915069580078,94.94999694824219,93.80000305175781,94.04000091552734,4596700
2025-03-04,88.7715072631836,88.7715072631836,94.9000015258789,93.12000274658203,94.33000183105469,4541100
2025-03-05,89.76155090332031,89.76155090332031,94.45999908447266,92.48999786376953,92.68000030517578,2574000
2025-03-06,87.45777893066406,87.45777893066406,93.62000274658203,91.63999938964844,93.33999633789062,4968800
2025-03-07,87.98136138916016,87.98136138916016,92.83999633789062,91.30999755859375,91.9000015258789,4447100
2025-03-10,87.13410949707031,87.13410949707031,93.31999969482422,91.02999877929688,92.31999969482422,3534300
2025-03-11,86.1155014038086,86.1155014038086,92.0,89.91000366210938,91.52999877929688,3918700
2025-03-12,85.84894561767578,85.84894561767578,90.95999908447266,89.76000213623047,90.61000061035156,3303000
2025-03-13,84.15443420410156,84.15443420410156,90.80000305175781,88.29000091552734,90.18000030517578,3881600
2025-03-14,85.83942413330078,85.83942413330078,90.25,88.6500015258789,89.16000366210938,3769100
2025-03-17,87.30546569824219,87.30546569824219,92.0,90.04000091552734,90.04000091552734,2233300
2025-03-18,86.8485107421875,86.8485107421875,92.11000061035156,90.87000274658203,91.56999969482422,1956000
2025-03-19,86.95323181152344,86.95323181152344,92.02999877929688,90.56999969482422,91.23999786376953,1882100
2025-03-20,86.8961181640625,86.8961181640625,91.83999633789062,90.87000274658203,91.30999755859375,2041100
2025-03-21,85.93461608886719,85.93461608886719,90.9000015258789,89.70999908447266,90.75,3395100
2025-03-24,87.25787353515625,87.25787353515625,91.80999755859375,90.51000213623047,90.8499984741211,3719000
2025-03-25,86.27880096435547,86.27880096435547,90.73999786376953,89.16999816894531,90.62000274658203,4210000
2025-03-26,86.61540985107422,86.61540985107422,90.52999877929688,89.7300033569336,89.94000244140625,3094100
2025-03-27,86.39421844482422,86.39421844482422,90.94000244140625,89.61000061035156,90.27999877929688,2993000
2025-03-28,86.27880096435547,86.27880096435547,90.27999877929688,89.12999725341797,90.12000274658203,3602900
2025-03-31,87.07705688476562,87.07705688476562,91.08000183105469,89.7300033569336,89.7300033569336,2964400
2025-04-01,87.11553192138672,87.11553192138672,90.98999786376953,89.4800033569336,90.79000091552734,4276600
2025-04-02,87.64448547363281,87.64448547363281,91.27999877929688,90.02999877929688,90.27999877929688,3427200
2025-04-03,84.65343475341797,84.65343475341797,90.79000091552734,87.95999908447266,89.72000122070312,5784700
2025-04-04,80.97953796386719,80.97953796386719,87.25,84.0999984741211,87.11000061035156,7803800
2025-04-07,78.85407257080078,78.85407257080078,85.31999969482422,80.08999633789062,82.27999877929688,13294200
2025-04-08,76.73822021484375,76.73822021484375,84.1500015258789,78.8499984741211,83.94999694824219,7401100
2025-04-09,81.316162109375,81.316162109375,84.94000244140625,76.91999816894531,78.33000183105469,10990300
2025-04-10,79.4599838256836,79.4599838256836,84.41000366210938,80.5,83.41999816894531,7442500
2025-04-11,80.43135070800781,80.43135070800781,83.80000305175781,81.06999969482422,82.05000305175781,5275900
2025-04-14,82.09518432617188,82.09518432617188,85.87000274658203,84.12999725341797,84.37000274658203,3228000
2025-04-15,82.3452377319336,82.3452377319336,86.18000030517578,85.12999725341797,85.61000061035156,2443200
2025-04-16,82.28752899169922,82.28752899169922,86.6500015258789,84.9800033569336,85.87999725341797,2393000
2025-04-17,83.51856994628906,83.51856994628906,87.48999786376953,85.69999694824219,85.69999694824219,3383500
2025-04-21,81.77780151367188,81.77780151367188,86.20999908447266,83.97000122070312,85.97000122070312,2406100
2025-04-22,83.36469268798828,83.36469268798828,87.04000091552734,85.80000305175781,85.9800033569336,2209800
2025-04-23,83.51856994628906,83.51856994628906,88.58000183105469,86.36000061035156,87.6500015258789,2493100
2025-04-24,83.82633972167969,83.82633972167969,87.7699966430664,86.44999694824219,86.88999938964844,2080800
2025-04-25,83.68206787109375,83.68206787109375,87.3499984741211,86.37999725341797,87.16000366210938,2409500
2025-04-28,84.20142364501953,84.20142364501953,87.7300033569336,86.66999816894531,86.93000030517578,2914900
2025-04-29,84.65343475341797,84.65343475341797,88.44000244140625,87.19999694824219,87.51000213623047,2740300
2025-04-30,84.95158386230469,84.95158386230469,88.63999938964844,86.75,87.5999984741211,3738300
2025-05-01,85.23049926757812,85.23049926757812,89.38999938964844,87.95999908447266,88.63999938964844,3574100
2025-05-02,86.27880096435547,86.27880096435547,90.0199966430664,89.30000305175781,89.72000122070312,2237700
2025-05-05,86.0864486694336,86.0864486694336,90.05000305175781,89.02999877929688,89.55999755859375,2289900
2025-05-06,85.42284393310547,85.42284393310547,89.55000305175781,88.4000015258789,89.0999984741211,2579700
2025-05-07,85.5190200805664,85.5190200805664,89.6500015258789,88.7300033569336,89.0,2220300
2025-05-08,85.18240356445312,85.18240356445312,89.43000030517578,88.23999786376953,89.27999877929688,2652600
2025-05-09,85.7498550415039,85.7498550415039,89.4000015258789,88.37000274658203,88.5,3460200
2025-05-12,86.17301177978516,86.17301177978516,90.37000274658203,89.11000061035156,90.36000061035156,3657300
2025-05-13,85.07660675048828,85.07660675048828,89.69000244140625,88.19999694824219,89.58000183105469,4178600
2025-05-14,84.23988342285156,84.23988342285156,88.1500015258789,87.26000213623047,88.1500015258789,3052500
2025-05-15,85.77869415283203,85.77869415283203,89.20999908447266,87.81999969482422,87.91000366210938,2563000
2025-05-16,86.84624481201172,86.84624481201172,90.33000183105469,89.02999877929688,89.19999694824219,2580300
2025-05-19,86.86547088623047,86.86547088623047,90.43000030517578,89.36000061035156,89.52999877929688,2956400
2025-05-20,86.35574340820312,86.35574340820312,90.18000030517578,89.58000183105469,89.63999938964844,2003300
2025-05-21,84.05715942382812,84.05715942382812,89.48999786376953,87.33000183105469,89.12999725341797,2677200
2025-05-22,83.67244720458984,83.67244720458984,87.45999908447266,86.36000061035156,87.45999908447266,2540100
2025-05-23,83.7590103149414,83.7590103149414,87.3499984741211,86.54000091552734,86.83999633789062,2123000
2025-05-27,85.22087860107422,85.22087860107422,88.81999969482422,87.51000213623047,87.80999755859375,2117700
2025-05-28,85.13430786132812,85.13430786132812,88.66000366210938,87.93000030517578,88.63999938964844,1912800
2025-05-29,85.90371704101562,85.90371704101562,89.68000030517578,88.4000015258789,88.58000183105469,2440300
2025-05-30,85.90371704101562,85.90371704101562,89.55000305175781,88.44999694824219,88.97000122070312,2525900
2025-06-02,86.01913452148438,86.01913452148438,89.47000122070312,87.83000183105469,88.62999725341797,3101600
2025-06-03,85.84601593017578,85.84601593017578,89.4000015258789,88.48999786376953,89.02999877929688,2155700
2025-06-04,86.0864486694336,86.0864486694336,89.80999755859375,88.80999755859375,89.22000122070312,2598200
2025-06-05,86.01913452148438,86.01913452148438,89.91000366210938,88.97000122070312,89.55000305175781,3148400
2025-06-06,86.43268585205078,86.43268585205078,90.27999877929688,89.38999938964844,89.80000305175781,2707200
2025-06-09,86.54808807373047,86.54808807373047,90.52999877929688,89.29000091552734,89.9000015258789,3676100
2025-06-10,87.28864288330078,87.28864288330078,90.81999969482422,90.12000274658203,90.13999938964844,4036000
2025-06-11,86.81737518310547,86.81737518310547,91.29000091552734,89.94000244140625,90.88999938964844,2874600
2025-06-12,87.24055480957031,87.24055480957031,90.80000305175781,90.05999755859375,90.20999908447266,2007200
2025-06-13,86.39421844482422,86.39421844482422,90.55999755859375,89.23999786376953,89.98999786376953,2334100
2025-06-16,86.4615478515625,86.4615478515625,91.0,89.5999984741211,90.18000030517578,2657500
2025-06-17,86.15377807617188,86.15377807617188,90.16999816894531,89.2699966430664,89.88999938964844,1879400
2025-06-18,86.45191955566406,86.45191955566406,90.55999755859375,89.38999938964844,89.81999969482422,2945800
2025-06-20,86.39421844482422,86.39421844482422,90.68000030517578,89.7300033569336,90.20999908447266,2940300
2025-06-23,87.69257354736328,87.69257354736328,91.25,89.87999725341797,90.0,3142100
2025-06-24,87.92340087890625,87.92340087890625,91.7699966430664,90.80999755859375,91.33000183105469,2727300
2025-06-25,85.80754852294922,85.80754852294922,90.91000366210938,89.16999816894531,90.91000366210938,4282500
2025-06-26,85.7279052734375,85.7279052734375,88.54000091552734,87.18000030517578,88.54000091552734,5886100
2025-06-27,85.94157409667969,85.94157409667969,89.41000366210938,88.13999938964844,88.29000091552734,3179200
2025-06-30,86.49515533447266,86.49515533447266,89.0999984741211,87.55000305175781,88.55000305175781,8752300
2025-07-01,87.12643432617188,87.12643432617188,90.38999938964844,88.7699966430664,88.87999725341797,5552800
2025-07-02,87.33039093017578,87.33039093017578,90.04000091552734,89.13999938964844,89.5,3469500
2025-07-03,87.42749786376953,87.42749786376953,90.37000274658203,89.66999816894531,89.9800033569336,2361700
2025-07-07,86.6796875,86.6796875,90.48999786376953,88.7699966430664,89.98999786376953,4467500
2025-07-08,86.55343627929688,86.55343627929688,89.5999984741211,88.76000213623047,88.9800033569336,3631300
2025-07-09,86.62141418457031,86.62141418457031,89.44999694824219,88.80999755859375,89.33000183105469,3837000
2025-07-10,87.165283203125,87.165283203125,90.3499984741211,88.9800033569336,89.2699966430664,5303600
2025-07-11,87.17500305175781,87.17500305175781,89.97000122070312,88.80000305175781,89.11000061035156,3987600
2025-07-14,87.73828887939453,87.73828887939453,90.36000061035156,89.58000183105469,89.7300033569336,3256900
2025-07-15,86.44659423828125,86.44659423828125,90.43000030517578,88.83999633789062,90.33999633789062,4483000
2025-07-16,87.26240539550781,87.26240539550781,90.0,88.9800033569336,89.44999694824219,4126500
2025-07-17,87.165283203125,87.165283203125,90.1500015258789,89.33999633789062,89.77999877929688,3406500
2025-07-18,87.34981536865234,87.34981536865234,90.29000091552734,89.56999969482422,89.94999694824219,2523700
2025-07-21,87.70915985107422,87.70915985107422,90.88999938964844,90.0999984741211,90.55999755859375,3904200
2025-07-22,89.21452331542969,89.21452331542969,91.94999694824219,90.56999969482422,90.58000183105469,2684200
2025-07-23,89.38933563232422,89.38933563232422,92.18000030517578,91.63999938964844,92.0,2981900
2025-07-24,89.07855224609375,89.07855224609375,92.12999725341797,91.66999816894531,91.86000061035156,3236600
2025-07-25,89.08826446533203,89.08826446533203,91.87000274658203,90.80000305175781,91.8499984741211,2960500
2025-07-28,87.66060638427734,87.66060638427734,91.52999877929688,90.19999694824219,91.48999786376953,2551300
2025-07-29,89.06884765625,89.06884765625,91.80999755859375,90.31999969482422,90.7699966430664,3713600
2025-07-30,87.80628204345703,87.80628204345703,91.83000183105469,89.83000183105469,91.66999816894531,4407900
2025-07-31,86.57284545898438,86.57284545898438,90.36000061035156,89.0199966430664,89.9000015258789,4823500
2025-08-01,86.35919189453125,86.35919189453125,90.0999984741211,88.29000091552734,90.02999877929688,5395600
2025-08-04,87.24298095703125,87.24298095703125,90.05999755859375,89.08000183105469,89.11000061035156,3385600
2025-08-05,87.64117431640625,87.64117431640625,90.33999633789062,89.51000213623047,89.9000015258789,3752600
2025-08-06,86.96133422851562,86.96133422851562,90.38999938964844,89.5,90.30000305175781,3604600
2025-08-07,87.21385192871094,87.21385192871094,90.0,89.23999786376953,90.0,3345600
2025-08-08,86.49515533447266,86.49515533447266,89.98999786376953,88.86000061035156,89.94000244140625,3228800
2025-08-11,85.92214965820312,85.92214965820312,89.1500015258789,88.44000244140625,88.70999908447266,2623500
2025-08-12,86.40775299072266,86.40775299072266,88.98999786376953,88.08000183105469,88.73999786376953,3240500
2025-08-13,87.21385192871094,87.21385192871094,89.94000244140625,88.81999969482422,89.16000366210938,3577300
2025-08-14,86.59228515625,86.59228515625,89.37999725341797,88.58999633789062,89.2300033569336,3524500
2025-08-15,87.08758544921875,87.08758544921875,89.91999816894531,89.08999633789062,89.16999816894531,2399500
2025-08-18,86.34947967529297,86.34947967529297,89.81999969482422,88.87999725341797,89.68000030517578,2562500
2025-08-19,87.83541870117188,87.83541870117188,90.4800033569336,89.29000091552734,89.37999725341797,4168400
2025-08-20,88.08792877197266,88.08792877197266,91.43000030517578,90.44000244140625,90.66000366210938,2931900
2025-08-21,87.8257064819336,87.8257064819336,90.76000213623047,90.05999755859375,90.26000213623047,2629800
2025-08-22,89.52530670166016,89.52530670166016,92.62000274658203,90.9000015258789,91.05999755859375,3318700
2025-08-25,89.01056671142578,89.01056671142578,92.33999633789062,91.58999633789062,92.01000213623047,2968600
2025-08-26,88.77748107910156,88.77748107910156,91.91000366210938,91.2300033569336,91.62000274658203,2739800
2025-08-27,89.33106994628906,89.33106994628906,92.2300033569336,91.58000183105469,91.6500015258789,1885400
2025-08-28,89.09796905517578,89.09796905517578,92.05000305175781,91.19999694824219,92.01000213623047,2525000
2025-08-29,89.58358001708984,89.58358001708984,92.2699966430664,91.77999877929688,91.86000061035156,2137100
2025-09-02,88.0976333618164,88.0976333618164,91.51000213623047,90.38999938964844,91.41000366210938,3424400
2025-09-03,88.14620208740234,88.14620208740234,90.9800033569336,90.4000015258789,90.54000091552734,2505500
2025-09-04,88.80662536621094,88.80662536621094,91.5,90.56999969482422,91.04000091552734,3689000
2025-09-05,89.80695343017578,89.80695343017578,92.91999816894531,91.83000183105469,92.06999969482422,3446100
2025-09-08,89.28250122070312,89.28250122070312,91.94999694824219,91.23999786376953,91.54000091552734,2880400
2025-09-09,89.07855224609375,89.07855224609375,91.75,91.33000183105469,91.66999816894531,2533900
2025-09-10,88.93287658691406,88.93287658691406,92.26000213623047,91.41999816894531,91.7300033569336,2242800
2025-09-11,90.55477142333984,90.55477142333984,93.41999816894531,91.75,91.83000183105469,2671400
2025-09-12,90.13716125488281,90.13716125488281,93.33999633789062,92.70999908447266,93.18000030517578,2165500
2025-09-15,89.99148559570312,89.99148559570312,93.23999786376953,92.38999938964844,93.11000061035156,2754600
2025-09-16,89.51558685302734,89.51558685302734,92.80000305175781,91.91000366210938,92.6500015258789,3260300
2025-09-17,89.39905548095703,89.39905548095703,93.58000183105469,91.94999694824219,92.44999694824219,4570600
2025-09-18,89.59329223632812,89.59329223632812,92.6500015258789,91.94000244140625,92.16000366210938,2966000
2025-09-19,89.01056671142578,89.01056671142578,92.48999786376953,91.6500015258789,92.37000274658203,3076000
2025-09-22,89.02999114990234,89.02999114990234,91.87000274658203,91.08999633789062,91.68000030517578,3646000
2025-09-23,89.51558685302734,89.51558685302734,92.38999938964844,91.66999816894531,91.79000091552734,3421200
2025-09-24,88.63512420654297,88.63512420654297,91.26000213623047,90.38999938964844,91.22000122070312,2709200
2025-09-25,88.37039184570312,88.37039184570312,90.75,90.05999755859375,90.38999938964844,4246500
2025-09-26,89.2430191040039,89.2430191040039,91.18000030517578,90.30000305175781,90.5,5430800
2025-09-29,89.2724380493164,89.2724380493164,91.2300033569336,90.6500015258789,91.12000274658203,3155100
2025-09-30,89.63520812988281,89.63520812988281,91.48999786376953,90.79000091552734,91.08000183105469,3002800
2025-10-01,89.77247619628906,89.77247619628906,91.87999725341797,91.25,91.37000274658203,2933500
2025-10-02,89.30184936523438,89.30184936523438,91.36000061035156,90.51000213623047,91.36000061035156,4186000
2025-10-03,89.63520812988281,89.63520812988281,92.16000366210938,91.19999694824219,91.19999694824219,2496500
2025-10-06,88.79199981689453,88.79199981689453,91.5,90.52999877929688,91.4800033569336,4154400
2025-10-07,88.46845245361328,88.46845245361328,90.80999755859375,89.8499984741211,90.62999725341797,4546200
2025-10-08,88.00762939453125,88.00762939453125,90.0999984741211,89.52999877929688,89.81999969482422,3325100
2025-10-09,87.52718353271484,87.52718353271484,89.98999786376953,89.04000091552734,89.93000030517578,3122700
2025-10-10,86.40943908691406,86.40943908691406,89.69000244140625,88.08999633789062,89.5199966430664,3996300
2025-10-13,86.9585189819336,86.9585189819336,88.77999877929688,88.08000183105469,88.20999908447266,2809800
2025-10-14,87.85073852539062,87.85073852539062,89.73999786376953,88.38999938964844,88.56999969482422,3047700
2025-10-15,89.1253662109375,89.1253662109375,91.16000366210938,89.83999633789062,89.91000366210938,3026500
2025-10-16,88.81161499023438,88.81161499023438,91.43000030517578,90.37999725341797,91.06999969482422,3719100
2025-10-17,89.39009857177734,89.39009857177734,91.27999877929688,90.26000213623047,90.54000091552734,2945200
2025-10-20,90.29212951660156,90.29212951660156,92.11000061035156,91.38999938964844,91.5999984741211,2036800
2025-10-21,90.0372085571289,90.0372085571289,92.44999694824219,91.68000030517578,92.0,2829500
2025-10-22,90.41959381103516,90.41959381103516,92.37000274658203,91.69000244140625,92.11000061035156,2490400
2025-10-23,90.36076354980469,90.36076354980469,92.56999969482422,91.38999938964844,92.31999969482422,2687000
2025-10-24,90.62549591064453,90.62549591064453,92.93000030517578,92.43000030517578,92.81999969482422,2619500
2025-10-27,90.88041687011719,90.88041687011719,92.7300033569336,92.08000183105469,92.48999786376953,2921900
2025-10-28,89.09595489501953,89.09595489501953,92.47000122070312,90.80000305175781,92.47000122070312,4635700
2025-10-29,86.80162811279297,86.80162811279297,90.36000061035156,88.2300033569336,90.19999694824219,5649700
2025-10-30,87.21343231201172,87.21343231201172,89.55000305175781,88.19999694824219,88.45999908447266,5183100
2025-10-31,87.4389419555664,87.4389419555664,89.4800033569336,88.16999816894531,88.5,3982700
2025-11-03,87.31148529052734,87.31148529052734,89.1500015258789,87.86000061035156,88.19999694824219,4522900
2025-11-04,87.45854949951172,87.45854949951172,89.33000183105469,88.76000213623047,89.23999786376953,4058700
2025-11-05,87.5369873046875,87.5369873046875,89.56999969482422,88.73999786376953,89.4800033569336,2885900
2025-11-06,87.11538696289062,87.11538696289062,89.55000305175781,88.81999969482422,89.19000244140625,3421600
2025-11-07,88.46845245361328,88.46845245361328,90.25,88.94000244140625,89.04000091552734,5277800
2025-11-10,88.41942596435547,88.41942596435547,90.58000183105469,89.6500015258789,90.0199966430664,3398100
2025-11-11,89.40970611572266,89.40970611572266,91.26000213623047,90.48999786376953,90.51000213623047,3190200
2025-11-12,88.74298095703125,88.74298095703125,91.16999816894531,90.4800033569336,90.75,3652300
2025-11-13,87.65464782714844,87.65464782714844,90.41000366210938,89.26000213623047,90.02999877929688,3734400
2025-11-14,87.84093475341797,87.84093475341797,89.73999786376953,89.0999984741211,89.62999725341797,3662800
2025-11-17,87.11538696289062,87.11538696289062,89.8499984741211,88.5999984741211,89.83000183105469,4071900
2025-11-18,87.46835327148438,87.46835327148438,89.47000122070312,88.56999969482422,88.80999755859375,4281500
2025-11-19,86.78202819824219,86.78202819824219,89.30000305175781,88.22000122070312,89.19999694824219,4029400
2025-11-20,86.41924285888672,86.41924285888672,89.56999969482422,88.11000061035156,89.06999969482422,5316600
2025-11-21,87.82133483886719,87.82133483886719,89.9000015258789,88.37999725341797,88.66000366210938,5770400
2025-11-24,88.056640625,88.056640625,89.94000244140625,89.08999633789062,89.63999938964844,3330800
2025-11-25,88.87044525146484,88.87044525146484,91.04000091552734,90.05000305175781,90.05000305175781,4230300
2025-11-26,89.26263427734375,89.26263427734375,91.56999969482422,90.38999938964844,90.43000030517578,3298000
2025-11-28,89.55677032470703,89.55677032470703,91.5999984741211,90.93000030517578,90.93000030517578,1627100
2025-12-01,88.52726745605469,88.52726745605469,90.80999755859375,90.2300033569336,90.44999694824219,3120800
2025-12-02,88.2135238647461,88.2135238647461,90.63999938964844,89.68000030517578,90.5199966430664,2736900
2025-12-03,88.43902587890625,88.43902587890625,90.41999816894531,89.80999755859375,89.86000061035156,3204000
2025-12-04,88.22332763671875,88.22332763671875,90.58999633789062,89.87000274658203,90.02999877929688,4837500
2025-12-05,88.12527465820312,88.12527465820312,90.3499984741211,89.72000122070312,89.81999969482422,3859800
2025-12-08,87.4487533569336,87.4487533569336,89.91999816894531,89.1500015258789,89.91999816894531,3971700
2025-12-09,87.11538696289062,87.11538696289062,89.9800033569336,88.81999969482422,89.44000244140625,4194000
2025-12-10,87.42913818359375,87.42913818359375,89.80999755859375,89.01000213623047,89.12999725341797,4633300
2025-12-11,87.8115234375,87.8115234375,89.91999816894531,89.26000213623047,89.43000030517578,5207200
2025-12-12,87.70366668701172,87.70366668701172,90.2699966430664,89.2300033569336,89.94999694824219,3855900
2025-12-15,87.97821044921875,87.97821044921875,89.87999725341797,89.0999984741211,89.81999969482422,3914800
2025-12-16,87.33109283447266,87.33109283447266,89.9800033569336,88.93000030517578,89.6500015258789,3717900
2025-12-17,87.65464782714844,87.65464782714844,89.76000213623047,88.9800033569336,88.98999786376953,3715300
2025-12-18,87.1938247680664,87.1938247680664,89.98999786376953,88.83000183105469,89.83999633789062,3818000
2025-12-19,86.86045837402344,86.86045837402344,89.16999816894531,88.55000305175781,88.66999816894531,4162000
2025-12-22,87.30669403076172,87.30669403076172,88.37000274658203,87.4800033569336,87.6500015258789,3593800
2025-12-23,87.24732971191406,87.24732971191406,88.27999877929688,87.87000274658203,88.27999877929688,3955900
2025-12-24,87.82119750976562,87.82119750976562,88.91000366210938,88.20999908447266,88.20999908447266,2730800
2025-12-26,87.92013549804688,87.92013549804688,88.91999816894531,88.45999908447266,88.69999694824219,2065600
2025-12-29,88.09823608398438,88.09823608398438,89.33000183105469,88.79000091552734,89.23999786376953,2604000
2025-12-30,88.27632904052734,88.27632904052734,89.2699966430664,88.91999816894531,89.0999984741211,2813400
2025-12-31,87.55404663085938,87.55404663085938,89.19999694824219,88.44999694824219,89.18000030517578,3301700
2026-01-02,87.58373260498047,87.58373260498047,88.8499984741211,87.83999633789062,88.37000274658203,3524400
2026-01-05,87.7816162109375,87.7816162109375,89.06999969482422,87.87999725341797,88.30000305175781,5501600
2026-01-06,88.42474365234375,88.42474365234375,89.58000183105469,88.27999877929688,88.37999725341797,4889800
2026-01-07,87.5639419555664,87.5639419555664,90.01000213623047,88.4800033569336,89.87000274658203,6668200
2026-01-08,88.34558868408203,88.34558868408203,89.62999725341797,88.01000213623047,88.0999984741211,5165900
2026-01-09,88.52368927001953,88.52368927001953,90.0199966430664,89.30999755859375,89.30999755859375,4126100
2026-01-12,88.64241027832031,88.64241027832031,89.95999908447266,89.31999969482422,89.58000183105469,3342500
2026-01-13,89.13712310791016,89.13712310791016,90.16000366210938,88.80999755859375,89.62000274658203,3085200
2026-01-14,89.90888214111328,89.90888214111328,90.88999938964844,90.01000213623047,90.08999633789062,3535400
2026-01-15,90.53221130371094,90.53221130371094,91.88999938964844,91.0199966430664,91.30000305175781,3845600
2026-01-16,91.64037322998047,91.64037322998047,92.81999969482422,91.20999908447266,91.33999633789062,4819500
2026-01-20,89.93856048583984,89.93856048583984,92.06999969482422,90.83999633789062,91.81999969482422,4648700
2026-01-21,90.29475402832031,90.29475402832031,91.69000244140625,90.52999877929688,91.54000091552734,6140200
2026-01-22,89.4042739868164,89.4042739868164,91.62000274658203,90.30999755859375,91.37000274658203,3922700
2026-01-23,89.58236694335938,89.58236694335938,90.62999725341797,89.87999725341797,90.22000122070312,2838200
2026-01-26,89.46363830566406,89.46363830566406,91.05999755859375,90.31999969482422,90.79000091552734,3004300
2026-01-27,89.43395233154297,89.43395233154297,90.58000183105469,90.04000091552734,90.30999755859375,3217100
2026-01-28,88.51378631591797,88.51378631591797,90.62000274658203,89.23999786376953,90.4800033569336,4520400
2026-01-29,89.75056457519531,89.75056457519531,90.83000183105469,89.41999816894531,89.9800033569336,7283700
2026-01-30,89.8396224975586,89.8396224975586,90.81999969482422,89.66000366210938,90.45999908447266,4617900
2026-02-02,88.90956115722656,88.90956115722656,91.1500015258789,89.81999969482422,90.9000015258789,5280500
2026-02-03,88.71167755126953,88.71167755126953,90.18000030517578,89.06999969482422,89.75,4821700
2026-02-04,89.98802947998047,89.98802947998047,91.31999969482422,89.88999938964844,90.23999786376953,3941100
2026-02-05,89.85940551757812,89.85940551757812,91.33000183105469,90.23999786376953,90.76000213623047,3588500
2026-02-06,91.27428436279297,91.27428436279297,92.37999725341797,91.33000183105469,91.52999877929688,3638600
2026-02-09,91.66015625,91.66015625,92.72000122070312,91.5999984741211,92.16000366210938,3021500
2026-02-10,92.88703918457031,92.88703918457031,94.11000061035156,92.73999786376953,92.76000213623047,4266300
2026-02-11,92.37254333496094,92.37254333496094,94.19999694824219,93.2300033569336,94.06999969482422,4425400
2026-02-12,92.26370239257812,92.26370239257812,95.1500015258789,93.0999984741211,94.47000122070312,7469400
2026-02-13,93.58952331542969,93.58952331542969,94.93000030517578,93.30000305175781,93.58999633789062,3906800
2026-02-17,94.48001098632812,94.48001098632812,95.55999755859375,94.37999725341797,94.94000244140625,3614800
2026-02-18,93.37185668945312,93.37185668945312,95.36000061035156,94.1500015258789,95.22000122070312,4163300
2026-02-19,93.1739730834961,93.1739730834961,94.80999755859375,93.79000091552734,94.26000213623047,2646600
2026-02-20,93.87645721435547,93.87645721435547,94.88999938964844,94.11000061035156,94.29000091552734,2840700
2026-02-23,93.88636016845703,93.88636016845703,95.63999938964844,94.55000305175781,94.75,3646100
2026-02-24,94.12381744384766,94.12381744384766,95.25,94.4800033569336,94.6500015258789,3788500
2026-02-25,93.86656951904297,93.86656951904297,95.31999969482422,94.41999816894531,95.02999877929688,3297000
2026-02-26,94.50968933105469,94.50968933105469,95.68000030517578,94.93000030517578,95.16999816894531,3761600
2026-02-27,94.67790222167969,94.67790222167969,96.2300033569336,95.18000030517578,95.19999694824219,4707900
2026-03-02,94.91535949707031,94.91535949707031,96.19999694824219,94.62000274658203,95.19999694824219,5477700
2026-03-03,94.41075134277344,94.41075134277344,95.75,93.68000030517578,94.38999938964844,4832600
2026-03-04,94.52947998046875,94.52947998046875,95.62999725341797,94.52999877929688,95.16999816894531,3896700
2026-03-05,93.57963562011719,93.57963562011719,94.83999633789062,93.87999725341797,94.56999969482422,4637600
2026-03-06,92.56053161621094,92.56053161621094,93.81999969482422,93.06999969482422,93.77999877929688,4606000
2026-03-09,92.768310546875,92.768310546875,94.08000183105469,91.55000305175781,92.68000030517578,4971400
2026-03-10,92.62979125976562,92.62979125976562,94.45999908447266,93.04000091552734,93.48999786376953,5106500
2026-03-11,91.67005157470703,91.67005157470703,93.2699966430664,92.4000015258789,93.08999633789062,4686600
2026-03-12,91.03681945800781,91.03681945800781,92.69999694824219,91.6500015258789,91.86000061035156,3933900
2026-03-13,91.18523406982422,91.18523406982422,93.30999755859375,92.05000305175781,92.91000366210938,4063300
2026-03-16,91.94709014892578,91.94709014892578,93.66000366210938,92.80999755859375,93.11000061035156,3479300
2026-03-17,92.35274505615234,92.35274505615234,94.04000091552734,93.2699966430664,93.55000305175781,2960900
2026-03-18,90.98735046386719,90.98735046386719,93.04000091552734,91.91000366210938,92.97000122070312,2838600
2026-03-19,90.62125396728516,90.62125396728516,92.08000183105469,91.08000183105469,91.58000183105469,4704900
2026-03-20,87.8113021850586,87.8113021850586,91.63999938964844,88.33000183105469,91.63999938964844,6295400
2026-03-23,88.49400329589844,88.49400329589844,90.62000274658203,89.4000015258789,89.88999938964844,6256500
2026-03-24,87.91000366210938,87.91000366210938,88.77999877929688,87.6500015258789,87.97000122070312,3917100
2026-03-25,87.83999633789062,87.83999633789062,88.56999969482422,87.43000030517578,88.33999633789062,5061200
2026-03-26,87.72000122070312,87.72000122070312,88.5,87.30000305175781,87.66000366210938,6108000
2026-03-27,87.0,87.0,87.98999786376953,86.83999633789062,87.52999877929688,4435200
2026-03-30,87.33000183105469,87.33000183105469,88.5199966430664,87.04000091552734,87.91000366210938,5474800
2026-03-31,88.69999694824219,88.69999694824219,89.43000030517578,87.6500015258789,88.47000122070312,4928400
2026-04-01,89.0199966430664,89.0199966430664,89.36000061035156,88.55000305175781,88.69999694824219,4412000
2026-04-02,90.2300033569336,90.2300033569336,90.33000183105469,88.44000244140625,88.88999938964844,3288900
2026-04-06,90.36000061035156,90.36000061035156,90.62000274658203,89.7300033569336,89.95999908447266,2537600
2026-04-07,90.48999786376953,90.48999786376953,90.80999755859375,89.66000366210938,90.06999969482422,3184800
2026-04-08,92.12000274658203,92.12000274658203,92.22000122070312,91.54000091552734,91.9000015258789,5049600
2026-04-09,92.77999877929688,92.77999877929688,93.56999969482422,91.66999816894531,91.72000122070312,3845600
2026-04-10,92.9800033569336,92.9800033569336,93.27999877929688,92.56999969482422,92.79000091552734,2568500
2026-04-13,93.33000183105469,93.33000183105469,93.37999725341797,92.37000274658203,92.69999694824219,2036000
2026-04-14,94.22000122070312,94.22000122070312,94.31999969482422,93.04000091552734,93.19999694824219,1921100
2026-04-15,94.29000091552734,94.29000091552734,94.33999633789062,93.66999816894531,93.97000122070312,2758800
2026-04-16,95.16000366210938,95.16000366210938,95.22000122070312,94.37999725341797,94.5199966430664,2005200
2026-04-17,96.68000030517578,96.68000030517578,96.80999755859375,95.38999938964844,95.5,2584300
2026-04-20,97.02999877929688,97.02999877929688,97.02999877929688,96.33000183105469,96.5,2246600
2026-04-21,95.30999755859375,95.30999755859375,97.05999755859375,95.16999816894531,96.95999908447266,3236100
2026-04-22,94.5199966430664,94.5199966430664,96.01000213623047,94.12999725341797,95.5999984741211,2708600
2026-04-23,95.48999786376953,95.48999786376953,95.55999755859375,94.51000213623047,94.86000061035156,3437500
2026-04-24,95.30000305175781,95.30000305175781,96.0199966430664,95.22000122070312,95.43000030517578,1994300
2026-04-27,94.77999877929688,94.77999877929688,95.69999694824219,94.69999694824219,94.94999694824219,2521200
2026-04-28,95.6500015258789,95.6500015258789,95.73999786376953,94.4800033569336,95.12000274658203,2867600
2026-04-29,94.9000015258789,94.9000015258789,95.80000305175781,94.51000213623047,95.16999816894531,2903100
2026-04-30,96.33000183105469,96.33000183105469,96.41000366210938,94.55000305175781,94.68000030517578,3730200
2026-05-01,96.05999755859375,96.05999755859375,96.70999908447266,95.80999755859375,96.5999984741211,3248800
2026-05-04,95.45999908447266,95.45999908447266,96.29000091552734,95.08000183105469,95.73999786376953,3595200
2026-05-05,95.76000213623047,95.76000213623047,95.95999908447266,95.02999877929688,95.6500015258789,2536800
2026-05-06,97.08999633789062,97.08999633789062,97.37000274658203,96.36000061035156,96.4000015258789,3238800
2026-05-07,96.38999938964844,96.38999938964844,97.13999938964844,95.97000122070312,96.80999755859375,2739700
2026-05-08,96.62000274658203,96.62000274658203,97.19000244140625,96.58000183105469,96.66999816894531,2186500
2026-05-11,96.69000244140625,96.69000244140625,97.31999969482422,96.38999938964844,96.9000015258789,3868500
2026-05-12,96.69000244140625,96.69000244140625,96.88999938964844,95.97000122070312,96.62000274658203,2325100
2026-05-13,95.88999938964844,95.88999938964844,96.27999877929688,95.44000244140625,96.2300033569336,5047300
2026-05-14,95.31999969482422,95.31999969482422,96.33999633789062,95.25,96.16000366210938,2521700
2026-05-15,93.91000366210938,93.91000366210938,95.12000274658203,93.77999877929688,95.0999984741211,4543700
2026-05-18,95.01000213623047,95.01000213623047,95.19000244140625,94.04000091552734,94.04000091552734,2766100
2026-05-19,95.27999877929688,95.27999877929688,95.52999877929688,94.47000122070312,94.9800033569336,2092700
2026-05-20,96.48999786376953,96.48999786376953,96.5,95.1500015258789,95.2699966430664,2655000
2026-05-21,96.66999816894531,96.66999816894531,96.76000213623047,95.47000122070312,96.04000091552734,2493900
2026-05-22,96.7699966430664,96.7699966430664,97.2300033569336,96.13999938964844,96.94999694824219,3549600
