quantile,threshold_low,threshold_high,count_low,count_high,mean_low,mean_high,median_low,median_high,std_low,std_high,min_low,max_high
0.99,-0.007987500453205338,0.008438315325413661,19,19,-0.014972377558662776,0.015405800100912631,-0.009979309576411133,0.0151751403911482,0.013251846253004922,0.0070718207305483565,-0.06839412855965998,0.03868618604499141
0.999,-0.0201850944784676,0.021703352073174434,2,2,-0.044536906289041556,0.031815833200138144,-0.044536906289041556,0.031815833200138144,0.023857222270618428,0.006870352844853267,-0.06839412855965998,0.03868618604499141
