regime,count,pct_of_total,mean,median,std,annualised_return
downtrend,182,0.11172498465316145,-0.0007583881901817684,-0.0007131899820139176,0.008025861172953638,-0.18080575096900509
uptrend,1447,0.8882750153468385,0.0003248590503510154,0.00029822494609699213,0.002866286643219775,0.08417336900013028
