scenario,annualised_return
all,0.047057719458642344
miss_best,0.01879446706892729
miss_worst,0.07785354697140456
miss_both,0.04875902212233196
