scenario,annualised_return
all_days,0.07785798261832344
miss_best,0.05567724558003739
miss_worst,0.10767299262952745
miss_both,0.08487870639689765
