scenario,annualised_return
all_days,0.04705775636763576
miss_best,0.018794703837829774
miss_worst,0.07785351255182271
miss_both,0.048759195395557065
