scenario,annualised_return
all_days,0.04705778540718564
miss_best,0.01879452845860574
miss_worst,0.07785384063453127
miss_both,0.048759304998160946
