quantile,threshold_low,threshold_high,count_low,count_high,mean_low,mean_high,median_low,median_high,std_low,std_high,min_low,max_high
0.99,-0.04417328672125829,0.04483463289926009,24,24,-0.06152921937094665,0.06732747754683144,-0.056467640134457264,0.060250699521628204,0.01716570680900739,0.026560040761905906,-0.11163196251814567,0.15887623923484484
0.999,-0.07875492915278869,0.08055980203053302,3,3,-0.10001513320803408,0.12728664339151222,-0.1066973089797214,0.13782973453556258,0.013095238107135159,0.03100657268598407,-0.11163196251814567,0.15887623923484484
