scenario,annualised_return
all_days,0.05571976839040804
miss_best,-0.03387467496854879
miss_worst,0.14933559875984614
miss_both,0.051796378327779724
