scenario,annualised_return
all,0.055719768390408264
miss_best,-0.0338746749685489
miss_worst,0.14933559875984637
miss_both,0.051796378327779724
