scenario,annualised_return
all_days,0.05571976080711516
miss_best,-0.03387466332749556
miss_worst,0.14933549853621564
miss_both,0.05179630683813374
